Parent_KLC_No,Parent_Kanji,Parent_Meaning,Parent_Source_Record_ID,Component_Position,Component_ID,Component_Character,Component_Meaning,Component_Type,Component_KLC_No,Sequence_Relation,Component_Map_URL
12,丸,ROUND,KLC_00012,1,KLC_00011,九,NINE,KLC,11,EARLIER_OR_SAME_KLC,https://docs.google.com/spreadsheets/d/13rdpmsI5n0dnsb33u4YHGwI8VrWtCeLDWDELO_hC7Qs
13,円,"CIRCLE, YEN",KLC_00013,1,RAD_00013,冂,wide,RAD,,PRIMITIVE_OR_NONKLC,https://docs.google.com/spreadsheets/d/13rdpmsI5n0dnsb33u4YHGwI8VrWtCeLDWDELO_hC7Qs
13,円,"CIRCLE, YEN",KLC_00013,2,RAD_00008,亠,lid,RAD,,PRIMITIVE_OR_NONKLC,https://docs.google.com/spreadsheets/d/13rdpmsI5n0dnsb33u4YHGwI8VrWtCeLDWDELO_hC7Qs
23,月,"moon, month, *flesh*, *body part*",RAD_00074,1,RAD_00130,肉,meat,RAD,,PRIMITIVE_OR_NONKLC,https://docs.google.com/spreadsheets/d/13rdpmsI5n0dnsb33u4YHGwI8VrWtCeLDWDELO_hC7Qs
24,明,"BRIGHT, CLEAR, CHEERFUL",KLC_00024,1,RAD_00072,日,"sun, day",RAD,,PRIMITIVE_OR_NONKLC,https://docs.google.com/spreadsheets/d/13rdpmsI5n0dnsb33u4YHGwI8VrWtCeLDWDELO_hC7Qs
24,明,"BRIGHT, CLEAR, CHEERFUL",KLC_00024,2,RAD_00074,月,"moon, month, *flesh*, *body part*",RAD,,PRIMITIVE_OR_NONKLC,https://docs.google.com/spreadsheets/d/13rdpmsI5n0dnsb33u4YHGwI8VrWtCeLDWDELO_hC7Qs
25,曜,DAY OF THE WEEK,KLC_00025,1,RAD_00172,隹,small bird,RAD,,PRIMITIVE_OR_NONKLC,https://docs.google.com/spreadsheets/d/13rdpmsI5n0dnsb33u4YHGwI8VrWtCeLDWDELO_hC7Qs
25,曜,DAY OF THE WEEK,KLC_00025,2,RAD_00072,日,"sun, day",RAD,,PRIMITIVE_OR_NONKLC,https://docs.google.com/spreadsheets/d/13rdpmsI5n0dnsb33u4YHGwI8VrWtCeLDWDELO_hC7Qs
29,金,"metal, gold, money",RAD_00167,1,RAD_00009,人,"person, *roof*",RAD,,PRIMITIVE_OR_NONKLC,https://docs.google.com/spreadsheets/d/13rdpmsI5n0dnsb33u4YHGwI8VrWtCeLDWDELO_hC7Qs
31,本,"BOOK, ORIGIN, THIS",KLC_00031,1,RAD_00075,木,tree,RAD,,PRIMITIVE_OR_NONKLC,https://docs.google.com/spreadsheets/d/13rdpmsI5n0dnsb33u4YHGwI8VrWtCeLDWDELO_hC7Qs
32,東,EAST,KLC_00032,1,RAD_00072,日,"sun, day",RAD,,PRIMITIVE_OR_NONKLC,https://docs.google.com/spreadsheets/d/13rdpmsI5n0dnsb33u4YHGwI8VrWtCeLDWDELO_hC7Qs
32,東,EAST,KLC_00032,2,RAD_00075,木,tree,RAD,,PRIMITIVE_OR_NONKLC,https://docs.google.com/spreadsheets/d/13rdpmsI5n0dnsb33u4YHGwI8VrWtCeLDWDELO_hC7Qs
38,出,"EXIT, GO OUT, PUT OUT",KLC_00038,1,RAD_00046,山,mountain,RAD,,PRIMITIVE_OR_NONKLC,https://docs.google.com/spreadsheets/d/13rdpmsI5n0dnsb33u4YHGwI8VrWtCeLDWDELO_hC7Qs
43,正,"CORRECT, RIGHT",KLC_00043,1,RAD_00077,止,stop,RAD,,PRIMITIVE_OR_NONKLC,https://docs.google.com/spreadsheets/d/13rdpmsI5n0dnsb33u4YHGwI8VrWtCeLDWDELO_hC7Qs
45,定,"FIX, DETERMINE",KLC_00045,1,RAD_00040,宀,roof,RAD,,PRIMITIVE_OR_NONKLC,https://docs.google.com/spreadsheets/d/13rdpmsI5n0dnsb33u4YHGwI8VrWtCeLDWDELO_hC7Qs
45,定,"FIX, DETERMINE",KLC_00045,2,RAD_00103,疋,bolt of cloth,RAD,,PRIMITIVE_OR_NONKLC,https://docs.google.com/spreadsheets/d/13rdpmsI5n0dnsb33u4YHGwI8VrWtCeLDWDELO_hC7Qs
48,無,"WITHOUT, NOTHING",KLC_00048,1,RAD_00086,火,fire,RAD,,PRIMITIVE_OR_NONKLC,https://docs.google.com/spreadsheets/d/13rdpmsI5n0dnsb33u4YHGwI8VrWtCeLDWDELO_hC7Qs
48,無,"WITHOUT, NOTHING",KLC_00048,2,KLC_00824,冊,"COUNTER FOR BOOKS, *bookcase*",KLC,824,LATER_KLC_MNEMONIC_REF,https://docs.google.com/spreadsheets/d/13rdpmsI5n0dnsb33u4YHGwI8VrWtCeLDWDELO_hC7Qs
53,話,SPEAK,KLC_00053,1,RAD_00149,言,"speech, word, say",RAD,,PRIMITIVE_OR_NONKLC,https://docs.google.com/spreadsheets/d/13rdpmsI5n0dnsb33u4YHGwI8VrWtCeLDWDELO_hC7Qs
53,話,SPEAK,KLC_00053,2,RAD_00135,舌,tongue,RAD,,PRIMITIVE_OR_NONKLC,https://docs.google.com/spreadsheets/d/13rdpmsI5n0dnsb33u4YHGwI8VrWtCeLDWDELO_hC7Qs
54,活,"ACTIVE, LIVE",KLC_00054,1,RAD_00085,水,"water, *liquid*",RAD,,PRIMITIVE_OR_NONKLC,https://docs.google.com/spreadsheets/d/13rdpmsI5n0dnsb33u4YHGwI8VrWtCeLDWDELO_hC7Qs
54,活,"ACTIVE, LIVE",KLC_00054,2,RAD_00135,舌,tongue,RAD,,PRIMITIVE_OR_NONKLC,https://docs.google.com/spreadsheets/d/13rdpmsI5n0dnsb33u4YHGwI8VrWtCeLDWDELO_hC7Qs
59,取,TAKE,KLC_00059,1,RAD_00029,又,"again, or, *hand*",RAD,,PRIMITIVE_OR_NONKLC,https://docs.google.com/spreadsheets/d/13rdpmsI5n0dnsb33u4YHGwI8VrWtCeLDWDELO_hC7Qs
59,取,TAKE,KLC_00059,2,RAD_00128,耳,"ear, hearing",RAD,,PRIMITIVE_OR_NONKLC,https://docs.google.com/spreadsheets/d/13rdpmsI5n0dnsb33u4YHGwI8VrWtCeLDWDELO_hC7Qs
61,休,REST,KLC_00061,1,RAD_00009,人,"person, *roof*",RAD,,PRIMITIVE_OR_NONKLC,https://docs.google.com/spreadsheets/d/13rdpmsI5n0dnsb33u4YHGwI8VrWtCeLDWDELO_hC7Qs
61,休,REST,KLC_00061,2,RAD_00075,木,tree,RAD,,PRIMITIVE_OR_NONKLC,https://docs.google.com/spreadsheets/d/13rdpmsI5n0dnsb33u4YHGwI8VrWtCeLDWDELO_hC7Qs
62,体,"BODY, FORM",KLC_00062,1,RAD_00009,人,"person, *roof*",RAD,,PRIMITIVE_OR_NONKLC,https://docs.google.com/spreadsheets/d/13rdpmsI5n0dnsb33u4YHGwI8VrWtCeLDWDELO_hC7Qs
62,体,"BODY, FORM",KLC_00062,2,KLC_00031,本,"BOOK, ORIGIN, THIS",KLC,31,EARLIER_OR_SAME_KLC,https://docs.google.com/spreadsheets/d/13rdpmsI5n0dnsb33u4YHGwI8VrWtCeLDWDELO_hC7Qs
63,信,"BELIEVE, MESSAGE",KLC_00063,1,RAD_00009,人,"person, *roof*",RAD,,PRIMITIVE_OR_NONKLC,https://docs.google.com/spreadsheets/d/13rdpmsI5n0dnsb33u4YHGwI8VrWtCeLDWDELO_hC7Qs
63,信,"BELIEVE, MESSAGE",KLC_00063,2,RAD_00149,言,"speech, word, say",RAD,,PRIMITIVE_OR_NONKLC,https://docs.google.com/spreadsheets/d/13rdpmsI5n0dnsb33u4YHGwI8VrWtCeLDWDELO_hC7Qs
64,付,"ATTACH, HAND OVER",KLC_00064,1,RAD_00009,人,"person, *roof*",RAD,,PRIMITIVE_OR_NONKLC,https://docs.google.com/spreadsheets/d/13rdpmsI5n0dnsb33u4YHGwI8VrWtCeLDWDELO_hC7Qs
64,付,"ATTACH, HAND OVER",KLC_00064,2,RAD_00041,寸,"measurement, tenth of shaku, a bit of",RAD,,PRIMITIVE_OR_NONKLC,https://docs.google.com/spreadsheets/d/13rdpmsI5n0dnsb33u4YHGwI8VrWtCeLDWDELO_hC7Qs
65,受,"RECEIVE, ACCEPT",KLC_00065,1,RAD_00087,爪,claw,RAD,,PRIMITIVE_OR_NONKLC,https://docs.google.com/spreadsheets/d/13rdpmsI5n0dnsb33u4YHGwI8VrWtCeLDWDELO_hC7Qs
65,受,"RECEIVE, ACCEPT",KLC_00065,2,RAD_00014,冖,cloth cover,RAD,,PRIMITIVE_OR_NONKLC,https://docs.google.com/spreadsheets/d/13rdpmsI5n0dnsb33u4YHGwI8VrWtCeLDWDELO_hC7Qs
65,受,"RECEIVE, ACCEPT",KLC_00065,3,RAD_00029,又,"again, or, *hand*",RAD,,PRIMITIVE_OR_NONKLC,https://docs.google.com/spreadsheets/d/13rdpmsI5n0dnsb33u4YHGwI8VrWtCeLDWDELO_hC7Qs
66,以,"TO THE … OF, BY MEANS OF",KLC_00066,1,RAD_00009,人,"person, *roof*",RAD,,PRIMITIVE_OR_NONKLC,https://docs.google.com/spreadsheets/d/13rdpmsI5n0dnsb33u4YHGwI8VrWtCeLDWDELO_hC7Qs
68,部,"SECTION, DEPARTMENT",KLC_00068,1,RAD_00163,邑,city [right of kanji],RAD,,PRIMITIVE_OR_NONKLC,https://docs.google.com/spreadsheets/d/13rdpmsI5n0dnsb33u4YHGwI8VrWtCeLDWDELO_hC7Qs
69,倍,"DOUBLE, TIMES",KLC_00069,1,RAD_00009,人,"person, *roof*",RAD,,PRIMITIVE_OR_NONKLC,https://docs.google.com/spreadsheets/d/13rdpmsI5n0dnsb33u4YHGwI8VrWtCeLDWDELO_hC7Qs
69,倍,"DOUBLE, TIMES",KLC_00069,2,RAD_00117,立,stand,RAD,,PRIMITIVE_OR_NONKLC,https://docs.google.com/spreadsheets/d/13rdpmsI5n0dnsb33u4YHGwI8VrWtCeLDWDELO_hC7Qs
69,倍,"DOUBLE, TIMES",KLC_00069,3,RAD_00030,口,"mouth, *opening*",RAD,,PRIMITIVE_OR_NONKLC,https://docs.google.com/spreadsheets/d/13rdpmsI5n0dnsb33u4YHGwI8VrWtCeLDWDELO_hC7Qs
70,成,"BECOME, ACHIEVE",KLC_00070,1,RAD_00018,刀,"knife, sword, *cut*",RAD,,PRIMITIVE_OR_NONKLC,https://docs.google.com/spreadsheets/d/13rdpmsI5n0dnsb33u4YHGwI8VrWtCeLDWDELO_hC7Qs
70,成,"BECOME, ACHIEVE",KLC_00070,2,RAD_00062,戈,"halberd, spear",RAD,,PRIMITIVE_OR_NONKLC,https://docs.google.com/spreadsheets/d/13rdpmsI5n0dnsb33u4YHGwI8VrWtCeLDWDELO_hC7Qs
71,代,"SUBSTITUTE, REPLACE, GENERATION",KLC_00071,1,RAD_00009,人,"person, *roof*",RAD,,PRIMITIVE_OR_NONKLC,https://docs.google.com/spreadsheets/d/13rdpmsI5n0dnsb33u4YHGwI8VrWtCeLDWDELO_hC7Qs
71,代,"SUBSTITUTE, REPLACE, GENERATION",KLC_00071,2,RAD_00056,弋,"shoot, ceremony, arrow",RAD,,PRIMITIVE_OR_NONKLC,https://docs.google.com/spreadsheets/d/13rdpmsI5n0dnsb33u4YHGwI8VrWtCeLDWDELO_hC7Qs
73,玉,"jewel, spherical object",RAD_00096,1,KLC_00072,王,KING,KLC,72,EARLIER_OR_SAME_KLC,https://docs.google.com/spreadsheets/d/13rdpmsI5n0dnsb33u4YHGwI8VrWtCeLDWDELO_hC7Qs
74,宝,TREASURE,KLC_00074,1,RAD_00096,玉,"jewel, spherical object",RAD,,PRIMITIVE_OR_NONKLC,https://docs.google.com/spreadsheets/d/13rdpmsI5n0dnsb33u4YHGwI8VrWtCeLDWDELO_hC7Qs
74,宝,TREASURE,KLC_00074,2,RAD_00040,宀,roof,RAD,,PRIMITIVE_OR_NONKLC,https://docs.google.com/spreadsheets/d/13rdpmsI5n0dnsb33u4YHGwI8VrWtCeLDWDELO_hC7Qs
75,国,COUNTRY,KLC_00075,1,RAD_00096,玉,"jewel, spherical object",RAD,,PRIMITIVE_OR_NONKLC,https://docs.google.com/spreadsheets/d/13rdpmsI5n0dnsb33u4YHGwI8VrWtCeLDWDELO_hC7Qs
75,国,COUNTRY,KLC_00075,2,RAD_00031,囗,"box enclosure, *borders*",RAD,,PRIMITIVE_OR_NONKLC,https://docs.google.com/spreadsheets/d/13rdpmsI5n0dnsb33u4YHGwI8VrWtCeLDWDELO_hC7Qs
76,白,white,RAD_00106,1,RAD_00072,日,"sun, day",RAD,,PRIMITIVE_OR_NONKLC,https://docs.google.com/spreadsheets/d/13rdpmsI5n0dnsb33u4YHGwI8VrWtCeLDWDELO_hC7Qs
77,皇,EMPEROR,KLC_00077,1,KLC_00072,王,KING,KLC,72,EARLIER_OR_SAME_KLC,https://docs.google.com/spreadsheets/d/13rdpmsI5n0dnsb33u4YHGwI8VrWtCeLDWDELO_hC7Qs
77,皇,EMPEROR,KLC_00077,2,RAD_00106,白,white,RAD,,PRIMITIVE_OR_NONKLC,https://docs.google.com/spreadsheets/d/13rdpmsI5n0dnsb33u4YHGwI8VrWtCeLDWDELO_hC7Qs
78,全,WHOLE,KLC_00078,1,KLC_00072,王,KING,KLC,72,EARLIER_OR_SAME_KLC,https://docs.google.com/spreadsheets/d/13rdpmsI5n0dnsb33u4YHGwI8VrWtCeLDWDELO_hC7Qs
78,全,WHOLE,KLC_00078,2,RAD_00009,人,"person, *roof*",RAD,,PRIMITIVE_OR_NONKLC,https://docs.google.com/spreadsheets/d/13rdpmsI5n0dnsb33u4YHGwI8VrWtCeLDWDELO_hC7Qs
79,書,"WRITE, BOOK",KLC_00079,1,RAD_00129,聿,brush,RAD,,PRIMITIVE_OR_NONKLC,https://docs.google.com/spreadsheets/d/13rdpmsI5n0dnsb33u4YHGwI8VrWtCeLDWDELO_hC7Qs
79,書,"WRITE, BOOK",KLC_00079,2,RAD_00073,曰,say,RAD,,PRIMITIVE_OR_NONKLC,https://docs.google.com/spreadsheets/d/13rdpmsI5n0dnsb33u4YHGwI8VrWtCeLDWDELO_hC7Qs
80,事,"AFFAIR, ABSTRACT THING",KLC_00080,1,KLC_00254,古,"OLD, *tombstone*",KLC,254,LATER_KLC_MNEMONIC_REF,https://docs.google.com/spreadsheets/d/13rdpmsI5n0dnsb33u4YHGwI8VrWtCeLDWDELO_hC7Qs
80,事,"AFFAIR, ABSTRACT THING",KLC_00080,2,RAD_00129,聿,brush,RAD,,PRIMITIVE_OR_NONKLC,https://docs.google.com/spreadsheets/d/13rdpmsI5n0dnsb33u4YHGwI8VrWtCeLDWDELO_hC7Qs
83,見,see,RAD_00147,1,RAD_00109,目,eye,RAD,,PRIMITIVE_OR_NONKLC,https://docs.google.com/spreadsheets/d/13rdpmsI5n0dnsb33u4YHGwI8VrWtCeLDWDELO_hC7Qs
83,見,see,RAD_00147,2,RAD_00010,儿,"son, legs",RAD,,PRIMITIVE_OR_NONKLC,https://docs.google.com/spreadsheets/d/13rdpmsI5n0dnsb33u4YHGwI8VrWtCeLDWDELO_hC7Qs
86,切,CUT,KLC_00086,1,RAD_00009,人,"person, *roof*",RAD,,PRIMITIVE_OR_NONKLC,https://docs.google.com/spreadsheets/d/13rdpmsI5n0dnsb33u4YHGwI8VrWtCeLDWDELO_hC7Qs
86,切,CUT,KLC_00086,2,RAD_00018,刀,"knife, sword, *cut*",RAD,,PRIMITIVE_OR_NONKLC,https://docs.google.com/spreadsheets/d/13rdpmsI5n0dnsb33u4YHGwI8VrWtCeLDWDELO_hC7Qs
87,刃,BLADE,KLC_00087,1,RAD_00018,刀,"knife, sword, *cut*",RAD,,PRIMITIVE_OR_NONKLC,https://docs.google.com/spreadsheets/d/13rdpmsI5n0dnsb33u4YHGwI8VrWtCeLDWDELO_hC7Qs
88,分,"DIVIDE, PART, MINUTE",KLC_00088,1,RAD_00018,刀,"knife, sword, *cut*",RAD,,PRIMITIVE_OR_NONKLC,https://docs.google.com/spreadsheets/d/13rdpmsI5n0dnsb33u4YHGwI8VrWtCeLDWDELO_hC7Qs
88,分,"DIVIDE, PART, MINUTE",KLC_00088,2,RAD_00012,八,"eight, split",RAD,,PRIMITIVE_OR_NONKLC,https://docs.google.com/spreadsheets/d/13rdpmsI5n0dnsb33u4YHGwI8VrWtCeLDWDELO_hC7Qs
89,公,PUBLIC,KLC_00089,1,RAD_00028,厶,"private, *self*",RAD,,PRIMITIVE_OR_NONKLC,https://docs.google.com/spreadsheets/d/13rdpmsI5n0dnsb33u4YHGwI8VrWtCeLDWDELO_hC7Qs
90,別,"SEPARATE, ANOTHER",KLC_00090,1,RAD_00018,刀,"knife, sword, *cut*",RAD,,PRIMITIVE_OR_NONKLC,https://docs.google.com/spreadsheets/d/13rdpmsI5n0dnsb33u4YHGwI8VrWtCeLDWDELO_hC7Qs
92,男,MAN,KLC_00092,1,RAD_00019,力,"power, strength",RAD,,PRIMITIVE_OR_NONKLC,https://docs.google.com/spreadsheets/d/13rdpmsI5n0dnsb33u4YHGwI8VrWtCeLDWDELO_hC7Qs
92,男,MAN,KLC_00092,2,RAD_00102,田,"rice field, *head*",RAD,,PRIMITIVE_OR_NONKLC,https://docs.google.com/spreadsheets/d/13rdpmsI5n0dnsb33u4YHGwI8VrWtCeLDWDELO_hC7Qs
95,好,"LIKE, FAVORABLE",KLC_00095,1,RAD_00038,女,woman,RAD,,PRIMITIVE_OR_NONKLC,https://docs.google.com/spreadsheets/d/13rdpmsI5n0dnsb33u4YHGwI8VrWtCeLDWDELO_hC7Qs
95,好,"LIKE, FAVORABLE",KLC_00095,2,RAD_00039,子,child,RAD,,PRIMITIVE_OR_NONKLC,https://docs.google.com/spreadsheets/d/13rdpmsI5n0dnsb33u4YHGwI8VrWtCeLDWDELO_hC7Qs
96,安,"PEACEFUL, INEXPENSIVE",KLC_00096,1,RAD_00038,女,woman,RAD,,PRIMITIVE_OR_NONKLC,https://docs.google.com/spreadsheets/d/13rdpmsI5n0dnsb33u4YHGwI8VrWtCeLDWDELO_hC7Qs
96,安,"PEACEFUL, INEXPENSIVE",KLC_00096,2,RAD_00040,宀,roof,RAD,,PRIMITIVE_OR_NONKLC,https://docs.google.com/spreadsheets/d/13rdpmsI5n0dnsb33u4YHGwI8VrWtCeLDWDELO_hC7Qs
97,案,"PROPOSAL, PLAN",KLC_00097,1,KLC_00096,安,"PEACEFUL, INEXPENSIVE",KLC,96,EARLIER_OR_SAME_KLC,https://docs.google.com/spreadsheets/d/13rdpmsI5n0dnsb33u4YHGwI8VrWtCeLDWDELO_hC7Qs
97,案,"PROPOSAL, PLAN",KLC_00097,2,RAD_00075,木,tree,RAD,,PRIMITIVE_OR_NONKLC,https://docs.google.com/spreadsheets/d/13rdpmsI5n0dnsb33u4YHGwI8VrWtCeLDWDELO_hC7Qs
98,字,"CHARACTER, LETTER",KLC_00098,1,RAD_00039,子,child,RAD,,PRIMITIVE_OR_NONKLC,https://docs.google.com/spreadsheets/d/13rdpmsI5n0dnsb33u4YHGwI8VrWtCeLDWDELO_hC7Qs
98,字,"CHARACTER, LETTER",KLC_00098,2,RAD_00040,宀,roof,RAD,,PRIMITIVE_OR_NONKLC,https://docs.google.com/spreadsheets/d/13rdpmsI5n0dnsb33u4YHGwI8VrWtCeLDWDELO_hC7Qs
99,学,"STUDY, LEARNING",KLC_00099,1,RAD_00042,小,small,RAD,,PRIMITIVE_OR_NONKLC,https://docs.google.com/spreadsheets/d/13rdpmsI5n0dnsb33u4YHGwI8VrWtCeLDWDELO_hC7Qs
99,学,"STUDY, LEARNING",KLC_00099,2,RAD_00039,子,child,RAD,,PRIMITIVE_OR_NONKLC,https://docs.google.com/spreadsheets/d/13rdpmsI5n0dnsb33u4YHGwI8VrWtCeLDWDELO_hC7Qs
102,交,"MIXING, CROSS, ASSOCIATION",KLC_00102,1,RAD_00088,父,father,RAD,,PRIMITIVE_OR_NONKLC,https://docs.google.com/spreadsheets/d/13rdpmsI5n0dnsb33u4YHGwI8VrWtCeLDWDELO_hC7Qs
102,交,"MIXING, CROSS, ASSOCIATION",KLC_00102,2,RAD_00008,亠,lid,RAD,,PRIMITIVE_OR_NONKLC,https://docs.google.com/spreadsheets/d/13rdpmsI5n0dnsb33u4YHGwI8VrWtCeLDWDELO_hC7Qs
103,校,"SCHOOL, PROOFREAD",KLC_00103,1,RAD_00075,木,tree,RAD,,PRIMITIVE_OR_NONKLC,https://docs.google.com/spreadsheets/d/13rdpmsI5n0dnsb33u4YHGwI8VrWtCeLDWDELO_hC7Qs
103,校,"SCHOOL, PROOFREAD",KLC_00103,2,KLC_00102,交,"MIXING, CROSS, ASSOCIATION",KLC,102,EARLIER_OR_SAME_KLC,https://docs.google.com/spreadsheets/d/13rdpmsI5n0dnsb33u4YHGwI8VrWtCeLDWDELO_hC7Qs
105,毎,"EVERY, EACH",KLC_00105,1,RAD_00009,人,"person, *roof*",RAD,,PRIMITIVE_OR_NONKLC,https://docs.google.com/spreadsheets/d/13rdpmsI5n0dnsb33u4YHGwI8VrWtCeLDWDELO_hC7Qs
105,毎,"EVERY, EACH",KLC_00105,2,RAD_00080,母,"mother, do not",RAD,,PRIMITIVE_OR_NONKLC,https://docs.google.com/spreadsheets/d/13rdpmsI5n0dnsb33u4YHGwI8VrWtCeLDWDELO_hC7Qs
106,海,SEA,KLC_00106,1,KLC_00105,毎,"EVERY, EACH",KLC,105,EARLIER_OR_SAME_KLC,https://docs.google.com/spreadsheets/d/13rdpmsI5n0dnsb33u4YHGwI8VrWtCeLDWDELO_hC7Qs
106,海,SEA,KLC_00106,2,RAD_00085,水,"water, *liquid*",RAD,,PRIMITIVE_OR_NONKLC,https://docs.google.com/spreadsheets/d/13rdpmsI5n0dnsb33u4YHGwI8VrWtCeLDWDELO_hC7Qs
107,者,"PERSON, SOMEBODY",KLC_00107,1,RAD_00125,老,"old, buried",RAD,,PRIMITIVE_OR_NONKLC,https://docs.google.com/spreadsheets/d/13rdpmsI5n0dnsb33u4YHGwI8VrWtCeLDWDELO_hC7Qs
107,者,"PERSON, SOMEBODY",KLC_00107,2,RAD_00072,日,"sun, day",RAD,,PRIMITIVE_OR_NONKLC,https://docs.google.com/spreadsheets/d/13rdpmsI5n0dnsb33u4YHGwI8VrWtCeLDWDELO_hC7Qs
109,式,"CEREMONY, FORM",KLC_00109,1,RAD_00048,工,"construction, craft, work",RAD,,PRIMITIVE_OR_NONKLC,https://docs.google.com/spreadsheets/d/13rdpmsI5n0dnsb33u4YHGwI8VrWtCeLDWDELO_hC7Qs
109,式,"CEREMONY, FORM",KLC_00109,2,RAD_00056,弋,"shoot, ceremony, arrow",RAD,,PRIMITIVE_OR_NONKLC,https://docs.google.com/spreadsheets/d/13rdpmsI5n0dnsb33u4YHGwI8VrWtCeLDWDELO_hC7Qs
110,弐,TWO [in legal documents],KLC_00110,1,RAD_00007,二,two,RAD,,PRIMITIVE_OR_NONKLC,https://docs.google.com/spreadsheets/d/13rdpmsI5n0dnsb33u4YHGwI8VrWtCeLDWDELO_hC7Qs
110,弐,TWO [in legal documents],KLC_00110,2,RAD_00056,弋,"shoot, ceremony, arrow",RAD,,PRIMITIVE_OR_NONKLC,https://docs.google.com/spreadsheets/d/13rdpmsI5n0dnsb33u4YHGwI8VrWtCeLDWDELO_hC7Qs
111,武,"MILITARY, WARRIOR",KLC_00111,1,RAD_00077,止,stop,RAD,,PRIMITIVE_OR_NONKLC,https://docs.google.com/spreadsheets/d/13rdpmsI5n0dnsb33u4YHGwI8VrWtCeLDWDELO_hC7Qs
111,武,"MILITARY, WARRIOR",KLC_00111,2,RAD_00056,弋,"shoot, ceremony, arrow",RAD,,PRIMITIVE_OR_NONKLC,https://docs.google.com/spreadsheets/d/13rdpmsI5n0dnsb33u4YHGwI8VrWtCeLDWDELO_hC7Qs
113,前,"BEFORE, AHEAD",KLC_00113,1,RAD_00018,刀,"knife, sword, *cut*",RAD,,PRIMITIVE_OR_NONKLC,https://docs.google.com/spreadsheets/d/13rdpmsI5n0dnsb33u4YHGwI8VrWtCeLDWDELO_hC7Qs
113,前,"BEFORE, AHEAD",KLC_00113,2,RAD_00074,月,"moon, month, *flesh*, *body part*",RAD,,PRIMITIVE_OR_NONKLC,https://docs.google.com/spreadsheets/d/13rdpmsI5n0dnsb33u4YHGwI8VrWtCeLDWDELO_hC7Qs
114,後,"AFTER, BEHIND",KLC_00114,1,RAD_00034,夂,"winter, go, *rooftop*, *crossed legs*",RAD,,PRIMITIVE_OR_NONKLC,https://docs.google.com/spreadsheets/d/13rdpmsI5n0dnsb33u4YHGwI8VrWtCeLDWDELO_hC7Qs
114,後,"AFTER, BEHIND",KLC_00114,2,RAD_00052,幺,"short thread, *child*",RAD,,PRIMITIVE_OR_NONKLC,https://docs.google.com/spreadsheets/d/13rdpmsI5n0dnsb33u4YHGwI8VrWtCeLDWDELO_hC7Qs
114,後,"AFTER, BEHIND",KLC_00114,3,RAD_00060,彳,"linger, stop, go",RAD,,PRIMITIVE_OR_NONKLC,https://docs.google.com/spreadsheets/d/13rdpmsI5n0dnsb33u4YHGwI8VrWtCeLDWDELO_hC7Qs
115,午,"NOON, SIGN OF THE HORSE",KLC_00115,1,RAD_00051,干,dry,RAD,,PRIMITIVE_OR_NONKLC,https://docs.google.com/spreadsheets/d/13rdpmsI5n0dnsb33u4YHGwI8VrWtCeLDWDELO_hC7Qs
116,牛,"cow, cattle",RAD_00093,1,KLC_00115,午,"NOON, SIGN OF THE HORSE",KLC,115,EARLIER_OR_SAME_KLC,https://docs.google.com/spreadsheets/d/13rdpmsI5n0dnsb33u4YHGwI8VrWtCeLDWDELO_hC7Qs
117,年,YEAR,KLC_00117,1,KLC_00115,午,"NOON, SIGN OF THE HORSE",KLC,115,EARLIER_OR_SAME_KLC,https://docs.google.com/spreadsheets/d/13rdpmsI5n0dnsb33u4YHGwI8VrWtCeLDWDELO_hC7Qs
118,件,"MATTER, CASE",KLC_00118,1,RAD_00009,人,"person, *roof*",RAD,,PRIMITIVE_OR_NONKLC,https://docs.google.com/spreadsheets/d/13rdpmsI5n0dnsb33u4YHGwI8VrWtCeLDWDELO_hC7Qs
118,件,"MATTER, CASE",KLC_00118,2,RAD_00093,牛,"cow, cattle",RAD,,PRIMITIVE_OR_NONKLC,https://docs.google.com/spreadsheets/d/13rdpmsI5n0dnsb33u4YHGwI8VrWtCeLDWDELO_hC7Qs
119,条,"ARTICLE, CLAUSE",KLC_00119,1,RAD_00075,木,tree,RAD,,PRIMITIVE_OR_NONKLC,https://docs.google.com/spreadsheets/d/13rdpmsI5n0dnsb33u4YHGwI8VrWtCeLDWDELO_hC7Qs
119,条,"ARTICLE, CLAUSE",KLC_00119,2,RAD_00034,夂,"winter, go, *rooftop*, *crossed legs*",RAD,,PRIMITIVE_OR_NONKLC,https://docs.google.com/spreadsheets/d/13rdpmsI5n0dnsb33u4YHGwI8VrWtCeLDWDELO_hC7Qs
120,化,"CHANGE INTO, CONVERT",KLC_00120,1,RAD_00009,人,"person, *roof*",RAD,,PRIMITIVE_OR_NONKLC,https://docs.google.com/spreadsheets/d/13rdpmsI5n0dnsb33u4YHGwI8VrWtCeLDWDELO_hC7Qs
120,化,"CHANGE INTO, CONVERT",KLC_00120,2,RAD_00021,匕,"spoon, *seated person*",RAD,,PRIMITIVE_OR_NONKLC,https://docs.google.com/spreadsheets/d/13rdpmsI5n0dnsb33u4YHGwI8VrWtCeLDWDELO_hC7Qs
121,花,FLOWER,KLC_00121,1,RAD_00140,艸,"grass, vegetation",RAD,,PRIMITIVE_OR_NONKLC,https://docs.google.com/spreadsheets/d/13rdpmsI5n0dnsb33u4YHGwI8VrWtCeLDWDELO_hC7Qs
121,花,FLOWER,KLC_00121,2,KLC_00120,化,"CHANGE INTO, CONVERT",KLC,120,EARLIER_OR_SAME_KLC,https://docs.google.com/spreadsheets/d/13rdpmsI5n0dnsb33u4YHGwI8VrWtCeLDWDELO_hC7Qs
122,北,NORTH,KLC_00122,1,RAD_00021,匕,"spoon, *seated person*",RAD,,PRIMITIVE_OR_NONKLC,https://docs.google.com/spreadsheets/d/13rdpmsI5n0dnsb33u4YHGwI8VrWtCeLDWDELO_hC7Qs
123,比,"compare, contrast",RAD_00081,1,RAD_00021,匕,"spoon, *seated person*",RAD,,PRIMITIVE_OR_NONKLC,https://docs.google.com/spreadsheets/d/13rdpmsI5n0dnsb33u4YHGwI8VrWtCeLDWDELO_hC7Qs
124,背,"BACK, STATURE",KLC_00124,1,KLC_00122,北,NORTH,KLC,122,EARLIER_OR_SAME_KLC,https://docs.google.com/spreadsheets/d/13rdpmsI5n0dnsb33u4YHGwI8VrWtCeLDWDELO_hC7Qs
124,背,"BACK, STATURE",KLC_00124,2,RAD_00074,月,"moon, month, *flesh*, *body part*",RAD,,PRIMITIVE_OR_NONKLC,https://docs.google.com/spreadsheets/d/13rdpmsI5n0dnsb33u4YHGwI8VrWtCeLDWDELO_hC7Qs
126,気,"GAS, SPIRIT",KLC_00126,1,RAD_00084,气,"steam, breath",RAD,,PRIMITIVE_OR_NONKLC,https://docs.google.com/spreadsheets/d/13rdpmsI5n0dnsb33u4YHGwI8VrWtCeLDWDELO_hC7Qs
126,気,"GAS, SPIRIT",KLC_00126,2,SUP_00001,㐅,"killing, x marks the spot",SUP,,PRIMITIVE_OR_NONKLC,https://docs.google.com/spreadsheets/d/13rdpmsI5n0dnsb33u4YHGwI8VrWtCeLDWDELO_hC7Qs
127,汽,STEAM,KLC_00127,1,RAD_00085,水,"water, *liquid*",RAD,,PRIMITIVE_OR_NONKLC,https://docs.google.com/spreadsheets/d/13rdpmsI5n0dnsb33u4YHGwI8VrWtCeLDWDELO_hC7Qs
127,汽,STEAM,KLC_00127,2,RAD_00084,气,"steam, breath",RAD,,PRIMITIVE_OR_NONKLC,https://docs.google.com/spreadsheets/d/13rdpmsI5n0dnsb33u4YHGwI8VrWtCeLDWDELO_hC7Qs
128,性,"NATURE, SEX, INNATE QUALITY",KLC_00128,1,RAD_00061,心,"heart, mind, spirit",RAD,,PRIMITIVE_OR_NONKLC,https://docs.google.com/spreadsheets/d/13rdpmsI5n0dnsb33u4YHGwI8VrWtCeLDWDELO_hC7Qs
128,性,"NATURE, SEX, INNATE QUALITY",KLC_00128,2,RAD_00100,生,"life, student, *growing plant*",RAD,,PRIMITIVE_OR_NONKLC,https://docs.google.com/spreadsheets/d/13rdpmsI5n0dnsb33u4YHGwI8VrWtCeLDWDELO_hC7Qs
129,畑,CULTIVATED FIELD,KLC_00129,1,RAD_00102,田,"rice field, *head*",RAD,,PRIMITIVE_OR_NONKLC,https://docs.google.com/spreadsheets/d/13rdpmsI5n0dnsb33u4YHGwI8VrWtCeLDWDELO_hC7Qs
129,畑,CULTIVATED FIELD,KLC_00129,2,RAD_00086,火,fire,RAD,,PRIMITIVE_OR_NONKLC,https://docs.google.com/spreadsheets/d/13rdpmsI5n0dnsb33u4YHGwI8VrWtCeLDWDELO_hC7Qs
130,青,"blue, green",RAD_00174,1,RAD_00100,生,"life, student, *growing plant*",RAD,,PRIMITIVE_OR_NONKLC,https://docs.google.com/spreadsheets/d/13rdpmsI5n0dnsb33u4YHGwI8VrWtCeLDWDELO_hC7Qs
130,青,"blue, green",RAD_00174,2,RAD_00074,月,"moon, month, *flesh*, *body part*",RAD,,PRIMITIVE_OR_NONKLC,https://docs.google.com/spreadsheets/d/13rdpmsI5n0dnsb33u4YHGwI8VrWtCeLDWDELO_hC7Qs
131,麦,WHEAT,KLC_00131,1,RAD_00100,生,"life, student, *growing plant*",RAD,,PRIMITIVE_OR_NONKLC,https://docs.google.com/spreadsheets/d/13rdpmsI5n0dnsb33u4YHGwI8VrWtCeLDWDELO_hC7Qs
131,麦,WHEAT,KLC_00131,2,RAD_00034,夂,"winter, go, *rooftop*, *crossed legs*",RAD,,PRIMITIVE_OR_NONKLC,https://docs.google.com/spreadsheets/d/13rdpmsI5n0dnsb33u4YHGwI8VrWtCeLDWDELO_hC7Qs
132,素,"ELEMENT, PLAIN",KLC_00132,1,RAD_00100,生,"life, student, *growing plant*",RAD,,PRIMITIVE_OR_NONKLC,https://docs.google.com/spreadsheets/d/13rdpmsI5n0dnsb33u4YHGwI8VrWtCeLDWDELO_hC7Qs
132,素,"ELEMENT, PLAIN",KLC_00132,2,RAD_00120,糸,"thread, silk",RAD,,PRIMITIVE_OR_NONKLC,https://docs.google.com/spreadsheets/d/13rdpmsI5n0dnsb33u4YHGwI8VrWtCeLDWDELO_hC7Qs
133,毒,POISON,KLC_00133,1,RAD_00080,母,"mother, do not",RAD,,PRIMITIVE_OR_NONKLC,https://docs.google.com/spreadsheets/d/13rdpmsI5n0dnsb33u4YHGwI8VrWtCeLDWDELO_hC7Qs
133,毒,POISON,KLC_00133,2,RAD_00100,生,"life, student, *growing plant*",RAD,,PRIMITIVE_OR_NONKLC,https://docs.google.com/spreadsheets/d/13rdpmsI5n0dnsb33u4YHGwI8VrWtCeLDWDELO_hC7Qs
135,洗,WASH,KLC_00135,1,RAD_00085,水,"water, *liquid*",RAD,,PRIMITIVE_OR_NONKLC,https://docs.google.com/spreadsheets/d/13rdpmsI5n0dnsb33u4YHGwI8VrWtCeLDWDELO_hC7Qs
135,洗,WASH,KLC_00135,2,KLC_00134,先,"AHEAD OF, PREVIOUS",KLC,134,EARLIER_OR_SAME_KLC,https://docs.google.com/spreadsheets/d/13rdpmsI5n0dnsb33u4YHGwI8VrWtCeLDWDELO_hC7Qs
138,去,"GONE, LEAVE, PAST",KLC_00138,1,RAD_00028,厶,"private, *self*",RAD,,PRIMITIVE_OR_NONKLC,https://docs.google.com/spreadsheets/d/13rdpmsI5n0dnsb33u4YHGwI8VrWtCeLDWDELO_hC7Qs
138,去,"GONE, LEAVE, PAST",KLC_00138,2,RAD_00032,土,"soil, earth",RAD,,PRIMITIVE_OR_NONKLC,https://docs.google.com/spreadsheets/d/13rdpmsI5n0dnsb33u4YHGwI8VrWtCeLDWDELO_hC7Qs
139,法,"LAW, METHOD",KLC_00139,1,RAD_00085,水,"water, *liquid*",RAD,,PRIMITIVE_OR_NONKLC,https://docs.google.com/spreadsheets/d/13rdpmsI5n0dnsb33u4YHGwI8VrWtCeLDWDELO_hC7Qs
139,法,"LAW, METHOD",KLC_00139,2,KLC_00138,去,"GONE, LEAVE, PAST",KLC,138,EARLIER_OR_SAME_KLC,https://docs.google.com/spreadsheets/d/13rdpmsI5n0dnsb33u4YHGwI8VrWtCeLDWDELO_hC7Qs
140,走,run,RAD_00156,1,RAD_00157,足,"foot, suffice",RAD,,PRIMITIVE_OR_NONKLC,https://docs.google.com/spreadsheets/d/13rdpmsI5n0dnsb33u4YHGwI8VrWtCeLDWDELO_hC7Qs
140,走,run,RAD_00156,2,RAD_00032,土,"soil, earth",RAD,,PRIMITIVE_OR_NONKLC,https://docs.google.com/spreadsheets/d/13rdpmsI5n0dnsb33u4YHGwI8VrWtCeLDWDELO_hC7Qs
141,当,"THE PRESENT, HIT THE MARK",KLC_00141,1,SUP_00024,ヨ,"nails, pierce",SUP,,PRIMITIVE_OR_NONKLC,https://docs.google.com/spreadsheets/d/13rdpmsI5n0dnsb33u4YHGwI8VrWtCeLDWDELO_hC7Qs
142,思,"THINK, WISH",KLC_00142,1,RAD_00102,田,"rice field, *head*",RAD,,PRIMITIVE_OR_NONKLC,https://docs.google.com/spreadsheets/d/13rdpmsI5n0dnsb33u4YHGwI8VrWtCeLDWDELO_hC7Qs
142,思,"THINK, WISH",KLC_00142,2,RAD_00061,心,"heart, mind, spirit",RAD,,PRIMITIVE_OR_NONKLC,https://docs.google.com/spreadsheets/d/13rdpmsI5n0dnsb33u4YHGwI8VrWtCeLDWDELO_hC7Qs
143,早,"EARLY, QUICK",KLC_00143,1,RAD_00072,日,"sun, day",RAD,,PRIMITIVE_OR_NONKLC,https://docs.google.com/spreadsheets/d/13rdpmsI5n0dnsb33u4YHGwI8VrWtCeLDWDELO_hC7Qs
143,早,"EARLY, QUICK",KLC_00143,2,RAD_00024,十,"ten, complete, *cross*, *needle*, *plant*",RAD,,PRIMITIVE_OR_NONKLC,https://docs.google.com/spreadsheets/d/13rdpmsI5n0dnsb33u4YHGwI8VrWtCeLDWDELO_hC7Qs
144,草,GRASS,KLC_00144,1,RAD_00140,艸,"grass, vegetation",RAD,,PRIMITIVE_OR_NONKLC,https://docs.google.com/spreadsheets/d/13rdpmsI5n0dnsb33u4YHGwI8VrWtCeLDWDELO_hC7Qs
144,草,GRASS,KLC_00144,2,KLC_00143,早,"EARLY, QUICK",KLC,143,EARLIER_OR_SAME_KLC,https://docs.google.com/spreadsheets/d/13rdpmsI5n0dnsb33u4YHGwI8VrWtCeLDWDELO_hC7Qs
145,朝,"MORNING, DYNASTY",KLC_00145,1,RAD_00072,日,"sun, day",RAD,,PRIMITIVE_OR_NONKLC,https://docs.google.com/spreadsheets/d/13rdpmsI5n0dnsb33u4YHGwI8VrWtCeLDWDELO_hC7Qs
145,朝,"MORNING, DYNASTY",KLC_00145,2,RAD_00024,十,"ten, complete, *cross*, *needle*, *plant*",RAD,,PRIMITIVE_OR_NONKLC,https://docs.google.com/spreadsheets/d/13rdpmsI5n0dnsb33u4YHGwI8VrWtCeLDWDELO_hC7Qs
145,朝,"MORNING, DYNASTY",KLC_00145,3,RAD_00074,月,"moon, month, *flesh*, *body part*",RAD,,PRIMITIVE_OR_NONKLC,https://docs.google.com/spreadsheets/d/13rdpmsI5n0dnsb33u4YHGwI8VrWtCeLDWDELO_hC7Qs
146,潮,MORNING TIDE,KLC_00146,1,RAD_00085,水,"water, *liquid*",RAD,,PRIMITIVE_OR_NONKLC,https://docs.google.com/spreadsheets/d/13rdpmsI5n0dnsb33u4YHGwI8VrWtCeLDWDELO_hC7Qs
146,潮,MORNING TIDE,KLC_00146,2,KLC_00145,朝,"MORNING, DYNASTY",KLC,145,EARLIER_OR_SAME_KLC,https://docs.google.com/spreadsheets/d/13rdpmsI5n0dnsb33u4YHGwI8VrWtCeLDWDELO_hC7Qs
147,形,SHAPE,KLC_00147,1,SUP_00002,开,torii gate,SUP,,PRIMITIVE_OR_NONKLC,https://docs.google.com/spreadsheets/d/13rdpmsI5n0dnsb33u4YHGwI8VrWtCeLDWDELO_hC7Qs
148,発,"DEPART, EMIT, OPEN UP",KLC_00148,1,RAD_00105,癶,"footsteps, tent",RAD,,PRIMITIVE_OR_NONKLC,https://docs.google.com/spreadsheets/d/13rdpmsI5n0dnsb33u4YHGwI8VrWtCeLDWDELO_hC7Qs
148,発,"DEPART, EMIT, OPEN UP",KLC_00148,2,SUP_00002,开,torii gate,SUP,,PRIMITIVE_OR_NONKLC,https://docs.google.com/spreadsheets/d/13rdpmsI5n0dnsb33u4YHGwI8VrWtCeLDWDELO_hC7Qs
149,廃,"ABANDON, WASTE",KLC_00149,1,KLC_00148,発,"DEPART, EMIT, OPEN UP",KLC,148,EARLIER_OR_SAME_KLC,https://docs.google.com/spreadsheets/d/13rdpmsI5n0dnsb33u4YHGwI8VrWtCeLDWDELO_hC7Qs
149,廃,"ABANDON, WASTE",KLC_00149,2,RAD_00053,广,"dotted cliff, *shelter*",RAD,,PRIMITIVE_OR_NONKLC,https://docs.google.com/spreadsheets/d/13rdpmsI5n0dnsb33u4YHGwI8VrWtCeLDWDELO_hC7Qs
150,音,sound,RAD_00180,1,RAD_00117,立,stand,RAD,,PRIMITIVE_OR_NONKLC,https://docs.google.com/spreadsheets/d/13rdpmsI5n0dnsb33u4YHGwI8VrWtCeLDWDELO_hC7Qs
150,音,sound,RAD_00180,2,RAD_00072,日,"sun, day",RAD,,PRIMITIVE_OR_NONKLC,https://docs.google.com/spreadsheets/d/13rdpmsI5n0dnsb33u4YHGwI8VrWtCeLDWDELO_hC7Qs
151,意,"IDEA, OPINION, THOUGHT",KLC_00151,1,RAD_00180,音,sound,RAD,,PRIMITIVE_OR_NONKLC,https://docs.google.com/spreadsheets/d/13rdpmsI5n0dnsb33u4YHGwI8VrWtCeLDWDELO_hC7Qs
151,意,"IDEA, OPINION, THOUGHT",KLC_00151,2,RAD_00061,心,"heart, mind, spirit",RAD,,PRIMITIVE_OR_NONKLC,https://docs.google.com/spreadsheets/d/13rdpmsI5n0dnsb33u4YHGwI8VrWtCeLDWDELO_hC7Qs
152,作,"MAKE, WORK",KLC_00152,1,RAD_00009,人,"person, *roof*",RAD,,PRIMITIVE_OR_NONKLC,https://docs.google.com/spreadsheets/d/13rdpmsI5n0dnsb33u4YHGwI8VrWtCeLDWDELO_hC7Qs
152,作,"MAKE, WORK",KLC_00152,2,SUP_00003,乍,saw,SUP,,PRIMITIVE_OR_NONKLC,https://docs.google.com/spreadsheets/d/13rdpmsI5n0dnsb33u4YHGwI8VrWtCeLDWDELO_hC7Qs
153,昨,"YESTERDAY, LAST",KLC_00153,1,SUP_00003,乍,saw,SUP,,PRIMITIVE_OR_NONKLC,https://docs.google.com/spreadsheets/d/13rdpmsI5n0dnsb33u4YHGwI8VrWtCeLDWDELO_hC7Qs
153,昨,"YESTERDAY, LAST",KLC_00153,2,RAD_00072,日,"sun, day",RAD,,PRIMITIVE_OR_NONKLC,https://docs.google.com/spreadsheets/d/13rdpmsI5n0dnsb33u4YHGwI8VrWtCeLDWDELO_hC7Qs
155,電,ELECTRICITY,KLC_00155,1,RAD_00173,雨,rain,RAD,,PRIMITIVE_OR_NONKLC,https://docs.google.com/spreadsheets/d/13rdpmsI5n0dnsb33u4YHGwI8VrWtCeLDWDELO_hC7Qs
155,電,ELECTRICITY,KLC_00155,2,RAD_00102,田,"rice field, *head*",RAD,,PRIMITIVE_OR_NONKLC,https://docs.google.com/spreadsheets/d/13rdpmsI5n0dnsb33u4YHGwI8VrWtCeLDWDELO_hC7Qs
156,頁,"leaf, page, *head*",RAD_00181,1,RAD_00185,首,"head, neck, leader",RAD,,PRIMITIVE_OR_NONKLC,https://docs.google.com/spreadsheets/d/13rdpmsI5n0dnsb33u4YHGwI8VrWtCeLDWDELO_hC7Qs
158,道,"WAY, ROAD",KLC_00158,1,RAD_00162,辵,"walk, *transport*",RAD,,PRIMITIVE_OR_NONKLC,https://docs.google.com/spreadsheets/d/13rdpmsI5n0dnsb33u4YHGwI8VrWtCeLDWDELO_hC7Qs
158,道,"WAY, ROAD",KLC_00158,2,RAD_00185,首,"head, neck, leader",RAD,,PRIMITIVE_OR_NONKLC,https://docs.google.com/spreadsheets/d/13rdpmsI5n0dnsb33u4YHGwI8VrWtCeLDWDELO_hC7Qs
159,通,"PASS THROUGH, COMMUNICATE",KLC_00159,1,RAD_00162,辵,"walk, *transport*",RAD,,PRIMITIVE_OR_NONKLC,https://docs.google.com/spreadsheets/d/13rdpmsI5n0dnsb33u4YHGwI8VrWtCeLDWDELO_hC7Qs
159,通,"PASS THROUGH, COMMUNICATE",KLC_00159,2,SUP_00016,甬,move forward,SUP,,PRIMITIVE_OR_NONKLC,https://docs.google.com/spreadsheets/d/13rdpmsI5n0dnsb33u4YHGwI8VrWtCeLDWDELO_hC7Qs
160,乳,"MILK, BREAST",KLC_00160,1,RAD_00087,爪,claw,RAD,,PRIMITIVE_OR_NONKLC,https://docs.google.com/spreadsheets/d/13rdpmsI5n0dnsb33u4YHGwI8VrWtCeLDWDELO_hC7Qs
160,乳,"MILK, BREAST",KLC_00160,2,RAD_00039,子,child,RAD,,PRIMITIVE_OR_NONKLC,https://docs.google.com/spreadsheets/d/13rdpmsI5n0dnsb33u4YHGwI8VrWtCeLDWDELO_hC7Qs
162,頭,"HEAD, TOP",KLC_00162,1,RAD_00151,豆,"bean, pea, small thing",RAD,,PRIMITIVE_OR_NONKLC,https://docs.google.com/spreadsheets/d/13rdpmsI5n0dnsb33u4YHGwI8VrWtCeLDWDELO_hC7Qs
162,頭,"HEAD, TOP",KLC_00162,2,RAD_00181,頁,"leaf, page, *head*",RAD,,PRIMITIVE_OR_NONKLC,https://docs.google.com/spreadsheets/d/13rdpmsI5n0dnsb33u4YHGwI8VrWtCeLDWDELO_hC7Qs
164,矛,spear,RAD_00110,1,KLC_00163,予,"BEFOREHAND, IN ADVANCE",KLC,163,EARLIER_OR_SAME_KLC,https://docs.google.com/spreadsheets/d/13rdpmsI5n0dnsb33u4YHGwI8VrWtCeLDWDELO_hC7Qs
165,預,DEPOSIT,KLC_00165,1,KLC_00163,予,"BEFOREHAND, IN ADVANCE",KLC,163,EARLIER_OR_SAME_KLC,https://docs.google.com/spreadsheets/d/13rdpmsI5n0dnsb33u4YHGwI8VrWtCeLDWDELO_hC7Qs
165,預,DEPOSIT,KLC_00165,2,RAD_00181,頁,"leaf, page, *head*",RAD,,PRIMITIVE_OR_NONKLC,https://docs.google.com/spreadsheets/d/13rdpmsI5n0dnsb33u4YHGwI8VrWtCeLDWDELO_hC7Qs
166,句,"PHRASE, HAIKU",KLC_00166,1,RAD_00020,勹,"wrap, *elephant*",RAD,,PRIMITIVE_OR_NONKLC,https://docs.google.com/spreadsheets/d/13rdpmsI5n0dnsb33u4YHGwI8VrWtCeLDWDELO_hC7Qs
166,句,"PHRASE, HAIKU",KLC_00166,2,RAD_00030,口,"mouth, *opening*",RAD,,PRIMITIVE_OR_NONKLC,https://docs.google.com/spreadsheets/d/13rdpmsI5n0dnsb33u4YHGwI8VrWtCeLDWDELO_hC7Qs
167,旬,TEN-DAY PERIOD,KLC_00167,1,RAD_00020,勹,"wrap, *elephant*",RAD,,PRIMITIVE_OR_NONKLC,https://docs.google.com/spreadsheets/d/13rdpmsI5n0dnsb33u4YHGwI8VrWtCeLDWDELO_hC7Qs
167,旬,TEN-DAY PERIOD,KLC_00167,2,RAD_00072,日,"sun, day",RAD,,PRIMITIVE_OR_NONKLC,https://docs.google.com/spreadsheets/d/13rdpmsI5n0dnsb33u4YHGwI8VrWtCeLDWDELO_hC7Qs
168,勺,SHAKU [area],KLC_00168,1,RAD_00020,勹,"wrap, *elephant*",RAD,,PRIMITIVE_OR_NONKLC,https://docs.google.com/spreadsheets/d/13rdpmsI5n0dnsb33u4YHGwI8VrWtCeLDWDELO_hC7Qs
169,的,"TARGET, ADJECTIVAL SUFFIX",KLC_00169,1,RAD_00106,白,white,RAD,,PRIMITIVE_OR_NONKLC,https://docs.google.com/spreadsheets/d/13rdpmsI5n0dnsb33u4YHGwI8VrWtCeLDWDELO_hC7Qs
169,的,"TARGET, ADJECTIVAL SUFFIX",KLC_00169,2,KLC_00168,勺,SHAKU [area],KLC,168,EARLIER_OR_SAME_KLC,https://docs.google.com/spreadsheets/d/13rdpmsI5n0dnsb33u4YHGwI8VrWtCeLDWDELO_hC7Qs
170,約,"PROMISE, SHORTEN, APPROXIMATELY",KLC_00170,1,RAD_00120,糸,"thread, silk",RAD,,PRIMITIVE_OR_NONKLC,https://docs.google.com/spreadsheets/d/13rdpmsI5n0dnsb33u4YHGwI8VrWtCeLDWDELO_hC7Qs
171,勿,"NOT, DO NOT",KLC_00171,1,RAD_00020,勹,"wrap, *elephant*",RAD,,PRIMITIVE_OR_NONKLC,https://docs.google.com/spreadsheets/d/13rdpmsI5n0dnsb33u4YHGwI8VrWtCeLDWDELO_hC7Qs
172,物,THING [usually physical],KLC_00172,1,KLC_00171,勿,"NOT, DO NOT",KLC,171,EARLIER_OR_SAME_KLC,https://docs.google.com/spreadsheets/d/13rdpmsI5n0dnsb33u4YHGwI8VrWtCeLDWDELO_hC7Qs
172,物,THING [usually physical],KLC_00172,2,RAD_00093,牛,"cow, cattle",RAD,,PRIMITIVE_OR_NONKLC,https://docs.google.com/spreadsheets/d/13rdpmsI5n0dnsb33u4YHGwI8VrWtCeLDWDELO_hC7Qs
173,方,"direction, person, square",RAD_00070,1,KLC_00018,万,TEN THOUSAND,KLC,18,EARLIER_OR_SAME_KLC,https://docs.google.com/spreadsheets/d/13rdpmsI5n0dnsb33u4YHGwI8VrWtCeLDWDELO_hC7Qs
174,防,DEFEND AGAINST,KLC_00174,1,RAD_00170,阜,hill [left of kanji],RAD,,PRIMITIVE_OR_NONKLC,https://docs.google.com/spreadsheets/d/13rdpmsI5n0dnsb33u4YHGwI8VrWtCeLDWDELO_hC7Qs
174,防,DEFEND AGAINST,KLC_00174,2,RAD_00070,方,"direction, person, square",RAD,,PRIMITIVE_OR_NONKLC,https://docs.google.com/spreadsheets/d/13rdpmsI5n0dnsb33u4YHGwI8VrWtCeLDWDELO_hC7Qs
177,両,BOTH,KLC_00177,1,RAD_00046,山,mountain,RAD,,PRIMITIVE_OR_NONKLC,https://docs.google.com/spreadsheets/d/13rdpmsI5n0dnsb33u4YHGwI8VrWtCeLDWDELO_hC7Qs
178,岡,HILL,KLC_00178,1,RAD_00013,冂,wide,RAD,,PRIMITIVE_OR_NONKLC,https://docs.google.com/spreadsheets/d/13rdpmsI5n0dnsb33u4YHGwI8VrWtCeLDWDELO_hC7Qs
178,岡,HILL,KLC_00178,2,RAD_00046,山,mountain,RAD,,PRIMITIVE_OR_NONKLC,https://docs.google.com/spreadsheets/d/13rdpmsI5n0dnsb33u4YHGwI8VrWtCeLDWDELO_hC7Qs
179,満,FULL,KLC_00179,1,KLC_00177,両,BOTH,KLC,177,EARLIER_OR_SAME_KLC,https://docs.google.com/spreadsheets/d/13rdpmsI5n0dnsb33u4YHGwI8VrWtCeLDWDELO_hC7Qs
179,満,FULL,KLC_00179,2,RAD_00085,水,"water, *liquid*",RAD,,PRIMITIVE_OR_NONKLC,https://docs.google.com/spreadsheets/d/13rdpmsI5n0dnsb33u4YHGwI8VrWtCeLDWDELO_hC7Qs
179,満,FULL,KLC_00179,3,RAD_00140,艸,"grass, vegetation",RAD,,PRIMITIVE_OR_NONKLC,https://docs.google.com/spreadsheets/d/13rdpmsI5n0dnsb33u4YHGwI8VrWtCeLDWDELO_hC7Qs
180,顔,FACE,KLC_00180,1,RAD_00181,頁,"leaf, page, *head*",RAD,,PRIMITIVE_OR_NONKLC,https://docs.google.com/spreadsheets/d/13rdpmsI5n0dnsb33u4YHGwI8VrWtCeLDWDELO_hC7Qs
180,顔,FACE,KLC_00180,2,RAD_00059,彡,"hair, fur, *chisel*",RAD,,PRIMITIVE_OR_NONKLC,https://docs.google.com/spreadsheets/d/13rdpmsI5n0dnsb33u4YHGwI8VrWtCeLDWDELO_hC7Qs
181,産,"GIVE BIRTH, PRODUCE",KLC_00181,1,RAD_00100,生,"life, student, *growing plant*",RAD,,PRIMITIVE_OR_NONKLC,https://docs.google.com/spreadsheets/d/13rdpmsI5n0dnsb33u4YHGwI8VrWtCeLDWDELO_hC7Qs
183,向,"TURN TOWARD, OTHER SIDE",KLC_00183,1,KLC_00182,同,SAME,KLC,182,EARLIER_OR_SAME_KLC,https://docs.google.com/spreadsheets/d/13rdpmsI5n0dnsb33u4YHGwI8VrWtCeLDWDELO_hC7Qs
184,尚,"STILL MORE, VALUE HIGHLY",KLC_00184,1,KLC_00183,向,"TURN TOWARD, OTHER SIDE",KLC,183,EARLIER_OR_SAME_KLC,https://docs.google.com/spreadsheets/d/13rdpmsI5n0dnsb33u4YHGwI8VrWtCeLDWDELO_hC7Qs
186,圧,"PRESSURE, OVERWHELM",KLC_00186,1,RAD_00027,厂,cliff,RAD,,PRIMITIVE_OR_NONKLC,https://docs.google.com/spreadsheets/d/13rdpmsI5n0dnsb33u4YHGwI8VrWtCeLDWDELO_hC7Qs
186,圧,"PRESSURE, OVERWHELM",KLC_00186,2,RAD_00032,土,"soil, earth",RAD,,PRIMITIVE_OR_NONKLC,https://docs.google.com/spreadsheets/d/13rdpmsI5n0dnsb33u4YHGwI8VrWtCeLDWDELO_hC7Qs
187,地,"GROUND, PLACE",KLC_00187,1,RAD_00032,土,"soil, earth",RAD,,PRIMITIVE_OR_NONKLC,https://docs.google.com/spreadsheets/d/13rdpmsI5n0dnsb33u4YHGwI8VrWtCeLDWDELO_hC7Qs
187,地,"GROUND, PLACE",KLC_00187,2,OTR_00004,也,TO BE,OTR,,PRIMITIVE_OR_NONKLC,https://docs.google.com/spreadsheets/d/13rdpmsI5n0dnsb33u4YHGwI8VrWtCeLDWDELO_hC7Qs
188,池,POND,KLC_00188,1,RAD_00085,水,"water, *liquid*",RAD,,PRIMITIVE_OR_NONKLC,https://docs.google.com/spreadsheets/d/13rdpmsI5n0dnsb33u4YHGwI8VrWtCeLDWDELO_hC7Qs
188,池,POND,KLC_00188,2,OTR_00004,也,TO BE,OTR,,PRIMITIVE_OR_NONKLC,https://docs.google.com/spreadsheets/d/13rdpmsI5n0dnsb33u4YHGwI8VrWtCeLDWDELO_hC7Qs
189,他,OTHER,KLC_00189,1,RAD_00009,人,"person, *roof*",RAD,,PRIMITIVE_OR_NONKLC,https://docs.google.com/spreadsheets/d/13rdpmsI5n0dnsb33u4YHGwI8VrWtCeLDWDELO_hC7Qs
189,他,OTHER,KLC_00189,2,OTR_00004,也,TO BE,OTR,,PRIMITIVE_OR_NONKLC,https://docs.google.com/spreadsheets/d/13rdpmsI5n0dnsb33u4YHGwI8VrWtCeLDWDELO_hC7Qs
190,集,"GATHER, COLLECT",KLC_00190,1,RAD_00172,隹,small bird,RAD,,PRIMITIVE_OR_NONKLC,https://docs.google.com/spreadsheets/d/13rdpmsI5n0dnsb33u4YHGwI8VrWtCeLDWDELO_hC7Qs
190,集,"GATHER, COLLECT",KLC_00190,2,RAD_00075,木,tree,RAD,,PRIMITIVE_OR_NONKLC,https://docs.google.com/spreadsheets/d/13rdpmsI5n0dnsb33u4YHGwI8VrWtCeLDWDELO_hC7Qs
191,進,ADVANCE,KLC_00191,1,RAD_00172,隹,small bird,RAD,,PRIMITIVE_OR_NONKLC,https://docs.google.com/spreadsheets/d/13rdpmsI5n0dnsb33u4YHGwI8VrWtCeLDWDELO_hC7Qs
191,進,ADVANCE,KLC_00191,2,RAD_00162,辵,"walk, *transport*",RAD,,PRIMITIVE_OR_NONKLC,https://docs.google.com/spreadsheets/d/13rdpmsI5n0dnsb33u4YHGwI8VrWtCeLDWDELO_hC7Qs
192,込,MOVE INWARD,KLC_00192,1,RAD_00162,辵,"walk, *transport*",RAD,,PRIMITIVE_OR_NONKLC,https://docs.google.com/spreadsheets/d/13rdpmsI5n0dnsb33u4YHGwI8VrWtCeLDWDELO_hC7Qs
192,込,MOVE INWARD,KLC_00192,2,RAD_00011,入,"enter, put in",RAD,,PRIMITIVE_OR_NONKLC,https://docs.google.com/spreadsheets/d/13rdpmsI5n0dnsb33u4YHGwI8VrWtCeLDWDELO_hC7Qs
194,近,"NEAR, RECENT",KLC_00194,1,RAD_00162,辵,"walk, *transport*",RAD,,PRIMITIVE_OR_NONKLC,https://docs.google.com/spreadsheets/d/13rdpmsI5n0dnsb33u4YHGwI8VrWtCeLDWDELO_hC7Qs
194,近,"NEAR, RECENT",KLC_00194,2,RAD_00069,斤,"axe, kin [600 grams]",RAD,,PRIMITIVE_OR_NONKLC,https://docs.google.com/spreadsheets/d/13rdpmsI5n0dnsb33u4YHGwI8VrWtCeLDWDELO_hC7Qs
195,辺,"VICINITY, AREA",KLC_00195,1,RAD_00162,辵,"walk, *transport*",RAD,,PRIMITIVE_OR_NONKLC,https://docs.google.com/spreadsheets/d/13rdpmsI5n0dnsb33u4YHGwI8VrWtCeLDWDELO_hC7Qs
195,辺,"VICINITY, AREA",KLC_00195,2,RAD_00018,刀,"knife, sword, *cut*",RAD,,PRIMITIVE_OR_NONKLC,https://docs.google.com/spreadsheets/d/13rdpmsI5n0dnsb33u4YHGwI8VrWtCeLDWDELO_hC7Qs
196,最,MOST,KLC_00196,1,KLC_00059,取,TAKE,KLC,59,EARLIER_OR_SAME_KLC,https://docs.google.com/spreadsheets/d/13rdpmsI5n0dnsb33u4YHGwI8VrWtCeLDWDELO_hC7Qs
196,最,MOST,KLC_00196,2,RAD_00072,日,"sun, day",RAD,,PRIMITIVE_OR_NONKLC,https://docs.google.com/spreadsheets/d/13rdpmsI5n0dnsb33u4YHGwI8VrWtCeLDWDELO_hC7Qs
198,血,blood,RAD_00143,1,RAD_00108,皿,"plate, dish",RAD,,PRIMITIVE_OR_NONKLC,https://docs.google.com/spreadsheets/d/13rdpmsI5n0dnsb33u4YHGwI8VrWtCeLDWDELO_hC7Qs
199,温,WARM [to touch],KLC_00199,1,RAD_00085,水,"water, *liquid*",RAD,,PRIMITIVE_OR_NONKLC,https://docs.google.com/spreadsheets/d/13rdpmsI5n0dnsb33u4YHGwI8VrWtCeLDWDELO_hC7Qs
199,温,WARM [to touch],KLC_00199,2,RAD_00108,皿,"plate, dish",RAD,,PRIMITIVE_OR_NONKLC,https://docs.google.com/spreadsheets/d/13rdpmsI5n0dnsb33u4YHGwI8VrWtCeLDWDELO_hC7Qs
199,温,WARM [to touch],KLC_00199,3,RAD_00072,日,"sun, day",RAD,,PRIMITIVE_OR_NONKLC,https://docs.google.com/spreadsheets/d/13rdpmsI5n0dnsb33u4YHGwI8VrWtCeLDWDELO_hC7Qs
200,湿,"MOIST, HUMIDITY",KLC_00200,1,KLC_00199,温,WARM [to touch],KLC,199,EARLIER_OR_SAME_KLC,https://docs.google.com/spreadsheets/d/13rdpmsI5n0dnsb33u4YHGwI8VrWtCeLDWDELO_hC7Qs
202,瓜,melon,RAD_00097,1,RAD_00087,爪,claw,RAD,,PRIMITIVE_OR_NONKLC,https://docs.google.com/spreadsheets/d/13rdpmsI5n0dnsb33u4YHGwI8VrWtCeLDWDELO_hC7Qs
205,市,"CITY, MARKET",KLC_00205,1,RAD_00050,巾,"cloth, towel, scarf",RAD,,PRIMITIVE_OR_NONKLC,https://docs.google.com/spreadsheets/d/13rdpmsI5n0dnsb33u4YHGwI8VrWtCeLDWDELO_hC7Qs
205,市,"CITY, MARKET",KLC_00205,2,RAD_00008,亠,lid,RAD,,PRIMITIVE_OR_NONKLC,https://docs.google.com/spreadsheets/d/13rdpmsI5n0dnsb33u4YHGwI8VrWtCeLDWDELO_hC7Qs
206,吊,"HANG, SUSPEND",KLC_00206,1,RAD_00050,巾,"cloth, towel, scarf",RAD,,PRIMITIVE_OR_NONKLC,https://docs.google.com/spreadsheets/d/13rdpmsI5n0dnsb33u4YHGwI8VrWtCeLDWDELO_hC7Qs
207,泉,SPRING [fountain],KLC_00207,1,RAD_00106,白,white,RAD,,PRIMITIVE_OR_NONKLC,https://docs.google.com/spreadsheets/d/13rdpmsI5n0dnsb33u4YHGwI8VrWtCeLDWDELO_hC7Qs
207,泉,SPRING [fountain],KLC_00207,2,RAD_00085,水,"water, *liquid*",RAD,,PRIMITIVE_OR_NONKLC,https://docs.google.com/spreadsheets/d/13rdpmsI5n0dnsb33u4YHGwI8VrWtCeLDWDELO_hC7Qs
208,原,"PLAIN [field], ORIGINAL",KLC_00208,1,RAD_00042,小,small,RAD,,PRIMITIVE_OR_NONKLC,https://docs.google.com/spreadsheets/d/13rdpmsI5n0dnsb33u4YHGwI8VrWtCeLDWDELO_hC7Qs
208,原,"PLAIN [field], ORIGINAL",KLC_00208,2,RAD_00106,白,white,RAD,,PRIMITIVE_OR_NONKLC,https://docs.google.com/spreadsheets/d/13rdpmsI5n0dnsb33u4YHGwI8VrWtCeLDWDELO_hC7Qs
208,原,"PLAIN [field], ORIGINAL",KLC_00208,3,RAD_00027,厂,cliff,RAD,,PRIMITIVE_OR_NONKLC,https://docs.google.com/spreadsheets/d/13rdpmsI5n0dnsb33u4YHGwI8VrWtCeLDWDELO_hC7Qs
209,源,SOURCE [origin],KLC_00209,1,RAD_00085,水,"water, *liquid*",RAD,,PRIMITIVE_OR_NONKLC,https://docs.google.com/spreadsheets/d/13rdpmsI5n0dnsb33u4YHGwI8VrWtCeLDWDELO_hC7Qs
209,源,SOURCE [origin],KLC_00209,2,KLC_00208,原,"PLAIN [field], ORIGINAL",KLC,208,EARLIER_OR_SAME_KLC,https://docs.google.com/spreadsheets/d/13rdpmsI5n0dnsb33u4YHGwI8VrWtCeLDWDELO_hC7Qs
210,線,LINE,KLC_00210,1,RAD_00120,糸,"thread, silk",RAD,,PRIMITIVE_OR_NONKLC,https://docs.google.com/spreadsheets/d/13rdpmsI5n0dnsb33u4YHGwI8VrWtCeLDWDELO_hC7Qs
210,線,LINE,KLC_00210,2,KLC_00207,泉,SPRING [fountain],KLC,207,EARLIER_OR_SAME_KLC,https://docs.google.com/spreadsheets/d/13rdpmsI5n0dnsb33u4YHGwI8VrWtCeLDWDELO_hC7Qs
211,綿,COTTON,KLC_00211,1,RAD_00120,糸,"thread, silk",RAD,,PRIMITIVE_OR_NONKLC,https://docs.google.com/spreadsheets/d/13rdpmsI5n0dnsb33u4YHGwI8VrWtCeLDWDELO_hC7Qs
211,綿,COTTON,KLC_00211,2,RAD_00106,白,white,RAD,,PRIMITIVE_OR_NONKLC,https://docs.google.com/spreadsheets/d/13rdpmsI5n0dnsb33u4YHGwI8VrWtCeLDWDELO_hC7Qs
211,綿,COTTON,KLC_00211,3,RAD_00050,巾,"cloth, towel, scarf",RAD,,PRIMITIVE_OR_NONKLC,https://docs.google.com/spreadsheets/d/13rdpmsI5n0dnsb33u4YHGwI8VrWtCeLDWDELO_hC7Qs
212,絹,SILK,KLC_00212,1,RAD_00120,糸,"thread, silk",RAD,,PRIMITIVE_OR_NONKLC,https://docs.google.com/spreadsheets/d/13rdpmsI5n0dnsb33u4YHGwI8VrWtCeLDWDELO_hC7Qs
212,絹,SILK,KLC_00212,2,RAD_00030,口,"mouth, *opening*",RAD,,PRIMITIVE_OR_NONKLC,https://docs.google.com/spreadsheets/d/13rdpmsI5n0dnsb33u4YHGwI8VrWtCeLDWDELO_hC7Qs
213,錦,BROCADE,KLC_00213,1,RAD_00167,金,"metal, gold, money",RAD,,PRIMITIVE_OR_NONKLC,https://docs.google.com/spreadsheets/d/13rdpmsI5n0dnsb33u4YHGwI8VrWtCeLDWDELO_hC7Qs
213,錦,BROCADE,KLC_00213,2,RAD_00106,白,white,RAD,,PRIMITIVE_OR_NONKLC,https://docs.google.com/spreadsheets/d/13rdpmsI5n0dnsb33u4YHGwI8VrWtCeLDWDELO_hC7Qs
213,錦,BROCADE,KLC_00213,3,RAD_00050,巾,"cloth, towel, scarf",RAD,,PRIMITIVE_OR_NONKLC,https://docs.google.com/spreadsheets/d/13rdpmsI5n0dnsb33u4YHGwI8VrWtCeLDWDELO_hC7Qs
214,願,"WISH, ASK A FAVOR",KLC_00214,1,KLC_00208,原,"PLAIN [field], ORIGINAL",KLC,208,EARLIER_OR_SAME_KLC,https://docs.google.com/spreadsheets/d/13rdpmsI5n0dnsb33u4YHGwI8VrWtCeLDWDELO_hC7Qs
214,願,"WISH, ASK A FAVOR",KLC_00214,2,RAD_00181,頁,"leaf, page, *head*",RAD,,PRIMITIVE_OR_NONKLC,https://docs.google.com/spreadsheets/d/13rdpmsI5n0dnsb33u4YHGwI8VrWtCeLDWDELO_hC7Qs
215,内,INSIDE,KLC_00215,1,RAD_00009,人,"person, *roof*",RAD,,PRIMITIVE_OR_NONKLC,https://docs.google.com/spreadsheets/d/13rdpmsI5n0dnsb33u4YHGwI8VrWtCeLDWDELO_hC7Qs
215,内,INSIDE,KLC_00215,2,RAD_00013,冂,wide,RAD,,PRIMITIVE_OR_NONKLC,https://docs.google.com/spreadsheets/d/13rdpmsI5n0dnsb33u4YHGwI8VrWtCeLDWDELO_hC7Qs
217,猪,WILD BOAR,KLC_00217,1,RAD_00094,犬,"dog, small animal",RAD,,PRIMITIVE_OR_NONKLC,https://docs.google.com/spreadsheets/d/13rdpmsI5n0dnsb33u4YHGwI8VrWtCeLDWDELO_hC7Qs
217,猪,WILD BOAR,KLC_00217,2,KLC_00107,者,"PERSON, SOMEBODY",KLC,107,EARLIER_OR_SAME_KLC,https://docs.google.com/spreadsheets/d/13rdpmsI5n0dnsb33u4YHGwI8VrWtCeLDWDELO_hC7Qs
218,豚,PIG,KLC_00218,1,RAD_00074,月,"moon, month, *flesh*, *body part*",RAD,,PRIMITIVE_OR_NONKLC,https://docs.google.com/spreadsheets/d/13rdpmsI5n0dnsb33u4YHGwI8VrWtCeLDWDELO_hC7Qs
218,豚,PIG,KLC_00218,2,RAD_00152,豕,pig,RAD,,PRIMITIVE_OR_NONKLC,https://docs.google.com/spreadsheets/d/13rdpmsI5n0dnsb33u4YHGwI8VrWtCeLDWDELO_hC7Qs
219,家,"HOUSE, FAMILY",KLC_00219,1,RAD_00152,豕,pig,RAD,,PRIMITIVE_OR_NONKLC,https://docs.google.com/spreadsheets/d/13rdpmsI5n0dnsb33u4YHGwI8VrWtCeLDWDELO_hC7Qs
219,家,"HOUSE, FAMILY",KLC_00219,2,RAD_00040,宀,roof,RAD,,PRIMITIVE_OR_NONKLC,https://docs.google.com/spreadsheets/d/13rdpmsI5n0dnsb33u4YHGwI8VrWtCeLDWDELO_hC7Qs
221,我,SELF,KLC_00221,1,RAD_00062,戈,"halberd, spear",RAD,,PRIMITIVE_OR_NONKLC,https://docs.google.com/spreadsheets/d/13rdpmsI5n0dnsb33u4YHGwI8VrWtCeLDWDELO_hC7Qs
221,我,SELF,KLC_00221,2,RAD_00064,手,"hand, performer of action",RAD,,PRIMITIVE_OR_NONKLC,https://docs.google.com/spreadsheets/d/13rdpmsI5n0dnsb33u4YHGwI8VrWtCeLDWDELO_hC7Qs
222,語,"WORD, LANGUAGE, TELL",KLC_00222,1,KLC_00220,吾,EGO,KLC,220,EARLIER_OR_SAME_KLC,https://docs.google.com/spreadsheets/d/13rdpmsI5n0dnsb33u4YHGwI8VrWtCeLDWDELO_hC7Qs
222,語,"WORD, LANGUAGE, TELL",KLC_00222,2,RAD_00149,言,"speech, word, say",RAD,,PRIMITIVE_OR_NONKLC,https://docs.google.com/spreadsheets/d/13rdpmsI5n0dnsb33u4YHGwI8VrWtCeLDWDELO_hC7Qs
223,伝,TRANSMIT,KLC_00223,1,SUP_00005,云,cloud,SUP,,PRIMITIVE_OR_NONKLC,https://docs.google.com/spreadsheets/d/13rdpmsI5n0dnsb33u4YHGwI8VrWtCeLDWDELO_hC7Qs
224,転,"TURN, ROLL OVER",KLC_00224,1,RAD_00159,車,"car, cart",RAD,,PRIMITIVE_OR_NONKLC,https://docs.google.com/spreadsheets/d/13rdpmsI5n0dnsb33u4YHGwI8VrWtCeLDWDELO_hC7Qs
224,転,"TURN, ROLL OVER",KLC_00224,2,SUP_00005,云,cloud,SUP,,PRIMITIVE_OR_NONKLC,https://docs.google.com/spreadsheets/d/13rdpmsI5n0dnsb33u4YHGwI8VrWtCeLDWDELO_hC7Qs
225,芸,"ART, CRAFT",KLC_00225,1,RAD_00140,艸,"grass, vegetation",RAD,,PRIMITIVE_OR_NONKLC,https://docs.google.com/spreadsheets/d/13rdpmsI5n0dnsb33u4YHGwI8VrWtCeLDWDELO_hC7Qs
225,芸,"ART, CRAFT",KLC_00225,2,SUP_00005,云,cloud,SUP,,PRIMITIVE_OR_NONKLC,https://docs.google.com/spreadsheets/d/13rdpmsI5n0dnsb33u4YHGwI8VrWtCeLDWDELO_hC7Qs
226,会,"MEET, SOCIETY",KLC_00226,1,SUP_00005,云,cloud,SUP,,PRIMITIVE_OR_NONKLC,https://docs.google.com/spreadsheets/d/13rdpmsI5n0dnsb33u4YHGwI8VrWtCeLDWDELO_hC7Qs
226,会,"MEET, SOCIETY",KLC_00226,2,RAD_00009,人,"person, *roof*",RAD,,PRIMITIVE_OR_NONKLC,https://docs.google.com/spreadsheets/d/13rdpmsI5n0dnsb33u4YHGwI8VrWtCeLDWDELO_hC7Qs
229,令,COMMAND,KLC_00229,1,KLC_00228,今,"PRESENT, NOW, THIS",KLC,228,EARLIER_OR_SAME_KLC,https://docs.google.com/spreadsheets/d/13rdpmsI5n0dnsb33u4YHGwI8VrWtCeLDWDELO_hC7Qs
230,念,"THOUGHTS, MIND",KLC_00230,1,KLC_00228,今,"PRESENT, NOW, THIS",KLC,228,EARLIER_OR_SAME_KLC,https://docs.google.com/spreadsheets/d/13rdpmsI5n0dnsb33u4YHGwI8VrWtCeLDWDELO_hC7Qs
230,念,"THOUGHTS, MIND",KLC_00230,2,RAD_00061,心,"heart, mind, spirit",RAD,,PRIMITIVE_OR_NONKLC,https://docs.google.com/spreadsheets/d/13rdpmsI5n0dnsb33u4YHGwI8VrWtCeLDWDELO_hC7Qs
232,命,"ORDER, LIFE, FATE",KLC_00232,1,RAD_00030,口,"mouth, *opening*",RAD,,PRIMITIVE_OR_NONKLC,https://docs.google.com/spreadsheets/d/13rdpmsI5n0dnsb33u4YHGwI8VrWtCeLDWDELO_hC7Qs
232,命,"ORDER, LIFE, FATE",KLC_00232,2,RAD_00026,卩,seal [device],RAD,,PRIMITIVE_OR_NONKLC,https://docs.google.com/spreadsheets/d/13rdpmsI5n0dnsb33u4YHGwI8VrWtCeLDWDELO_hC7Qs
235,粒,GRAIN,KLC_00235,1,RAD_00117,立,stand,RAD,,PRIMITIVE_OR_NONKLC,https://docs.google.com/spreadsheets/d/13rdpmsI5n0dnsb33u4YHGwI8VrWtCeLDWDELO_hC7Qs
235,粒,GRAIN,KLC_00235,2,RAD_00119,米,rice,RAD,,PRIMITIVE_OR_NONKLC,https://docs.google.com/spreadsheets/d/13rdpmsI5n0dnsb33u4YHGwI8VrWtCeLDWDELO_hC7Qs
236,和,"HARMONIOUS, PEACE, JAPAN",KLC_00236,1,RAD_00115,禾,grain,RAD,,PRIMITIVE_OR_NONKLC,https://docs.google.com/spreadsheets/d/13rdpmsI5n0dnsb33u4YHGwI8VrWtCeLDWDELO_hC7Qs
236,和,"HARMONIOUS, PEACE, JAPAN",KLC_00236,2,RAD_00030,口,"mouth, *opening*",RAD,,PRIMITIVE_OR_NONKLC,https://docs.google.com/spreadsheets/d/13rdpmsI5n0dnsb33u4YHGwI8VrWtCeLDWDELO_hC7Qs
237,私,"PRIVATE, I",KLC_00237,1,RAD_00115,禾,grain,RAD,,PRIMITIVE_OR_NONKLC,https://docs.google.com/spreadsheets/d/13rdpmsI5n0dnsb33u4YHGwI8VrWtCeLDWDELO_hC7Qs
237,私,"PRIVATE, I",KLC_00237,2,RAD_00028,厶,"private, *self*",RAD,,PRIMITIVE_OR_NONKLC,https://docs.google.com/spreadsheets/d/13rdpmsI5n0dnsb33u4YHGwI8VrWtCeLDWDELO_hC7Qs
238,広,WIDE,KLC_00238,1,RAD_00028,厶,"private, *self*",RAD,,PRIMITIVE_OR_NONKLC,https://docs.google.com/spreadsheets/d/13rdpmsI5n0dnsb33u4YHGwI8VrWtCeLDWDELO_hC7Qs
238,広,WIDE,KLC_00238,2,RAD_00053,广,"dotted cliff, *shelter*",RAD,,PRIMITIVE_OR_NONKLC,https://docs.google.com/spreadsheets/d/13rdpmsI5n0dnsb33u4YHGwI8VrWtCeLDWDELO_hC7Qs
239,細,"SLENDER, MINUTE",KLC_00239,1,RAD_00120,糸,"thread, silk",RAD,,PRIMITIVE_OR_NONKLC,https://docs.google.com/spreadsheets/d/13rdpmsI5n0dnsb33u4YHGwI8VrWtCeLDWDELO_hC7Qs
239,細,"SLENDER, MINUTE",KLC_00239,2,RAD_00102,田,"rice field, *head*",RAD,,PRIMITIVE_OR_NONKLC,https://docs.google.com/spreadsheets/d/13rdpmsI5n0dnsb33u4YHGwI8VrWtCeLDWDELO_hC7Qs
240,林,FOREST,KLC_00240,1,RAD_00075,木,tree,RAD,,PRIMITIVE_OR_NONKLC,https://docs.google.com/spreadsheets/d/13rdpmsI5n0dnsb33u4YHGwI8VrWtCeLDWDELO_hC7Qs
241,森,THICK WOODS,KLC_00241,1,RAD_00075,木,tree,RAD,,PRIMITIVE_OR_NONKLC,https://docs.google.com/spreadsheets/d/13rdpmsI5n0dnsb33u4YHGwI8VrWtCeLDWDELO_hC7Qs
242,松,PINE,KLC_00242,1,RAD_00075,木,tree,RAD,,PRIMITIVE_OR_NONKLC,https://docs.google.com/spreadsheets/d/13rdpmsI5n0dnsb33u4YHGwI8VrWtCeLDWDELO_hC7Qs
242,松,PINE,KLC_00242,2,KLC_00089,公,PUBLIC,KLC,89,EARLIER_OR_SAME_KLC,https://docs.google.com/spreadsheets/d/13rdpmsI5n0dnsb33u4YHGwI8VrWtCeLDWDELO_hC7Qs
244,都,"CAPITAL, METROPOLIS [of Tokyo]",KLC_00244,1,KLC_00107,者,"PERSON, SOMEBODY",KLC,107,EARLIER_OR_SAME_KLC,https://docs.google.com/spreadsheets/d/13rdpmsI5n0dnsb33u4YHGwI8VrWtCeLDWDELO_hC7Qs
244,都,"CAPITAL, METROPOLIS [of Tokyo]",KLC_00244,2,RAD_00163,邑,city [right of kanji],RAD,,PRIMITIVE_OR_NONKLC,https://docs.google.com/spreadsheets/d/13rdpmsI5n0dnsb33u4YHGwI8VrWtCeLDWDELO_hC7Qs
246,政,POLITICAL ADMINISTRATION,KLC_00246,1,RAD_00066,攴,"hit, strike, *action*",RAD,,PRIMITIVE_OR_NONKLC,https://docs.google.com/spreadsheets/d/13rdpmsI5n0dnsb33u4YHGwI8VrWtCeLDWDELO_hC7Qs
246,政,POLITICAL ADMINISTRATION,KLC_00246,2,KLC_00043,正,"CORRECT, RIGHT",KLC,43,EARLIER_OR_SAME_KLC,https://docs.google.com/spreadsheets/d/13rdpmsI5n0dnsb33u4YHGwI8VrWtCeLDWDELO_hC7Qs
247,府,GOVERNMENT OFFICE,KLC_00247,1,RAD_00053,广,"dotted cliff, *shelter*",RAD,,PRIMITIVE_OR_NONKLC,https://docs.google.com/spreadsheets/d/13rdpmsI5n0dnsb33u4YHGwI8VrWtCeLDWDELO_hC7Qs
247,府,GOVERNMENT OFFICE,KLC_00247,2,KLC_00064,付,"ATTACH, HAND OVER",KLC,64,EARLIER_OR_SAME_KLC,https://docs.google.com/spreadsheets/d/13rdpmsI5n0dnsb33u4YHGwI8VrWtCeLDWDELO_hC7Qs
249,所,"PLACE, PARTICLE OF NOMINALIZATION",KLC_00249,1,RAD_00069,斤,"axe, kin [600 grams]",RAD,,PRIMITIVE_OR_NONKLC,https://docs.google.com/spreadsheets/d/13rdpmsI5n0dnsb33u4YHGwI8VrWtCeLDWDELO_hC7Qs
249,所,"PLACE, PARTICLE OF NOMINALIZATION",KLC_00249,2,RAD_00063,戸,door,RAD,,PRIMITIVE_OR_NONKLC,https://docs.google.com/spreadsheets/d/13rdpmsI5n0dnsb33u4YHGwI8VrWtCeLDWDELO_hC7Qs
250,至,"arrive, utmost",RAD_00133,1,RAD_00032,土,"soil, earth",RAD,,PRIMITIVE_OR_NONKLC,https://docs.google.com/spreadsheets/d/13rdpmsI5n0dnsb33u4YHGwI8VrWtCeLDWDELO_hC7Qs
251,致,"BRING ABOUT, DO HUMBLY",KLC_00251,1,RAD_00066,攴,"hit, strike, *action*",RAD,,PRIMITIVE_OR_NONKLC,https://docs.google.com/spreadsheets/d/13rdpmsI5n0dnsb33u4YHGwI8VrWtCeLDWDELO_hC7Qs
251,致,"BRING ABOUT, DO HUMBLY",KLC_00251,2,RAD_00133,至,"arrive, utmost",RAD,,PRIMITIVE_OR_NONKLC,https://docs.google.com/spreadsheets/d/13rdpmsI5n0dnsb33u4YHGwI8VrWtCeLDWDELO_hC7Qs
252,屋,"HOUSE, SMALL SHOP",KLC_00252,1,RAD_00133,至,"arrive, utmost",RAD,,PRIMITIVE_OR_NONKLC,https://docs.google.com/spreadsheets/d/13rdpmsI5n0dnsb33u4YHGwI8VrWtCeLDWDELO_hC7Qs
252,屋,"HOUSE, SMALL SHOP",KLC_00252,2,RAD_00063,戸,door,RAD,,PRIMITIVE_OR_NONKLC,https://docs.google.com/spreadsheets/d/13rdpmsI5n0dnsb33u4YHGwI8VrWtCeLDWDELO_hC7Qs
253,室,ROOM,KLC_00253,1,RAD_00133,至,"arrive, utmost",RAD,,PRIMITIVE_OR_NONKLC,https://docs.google.com/spreadsheets/d/13rdpmsI5n0dnsb33u4YHGwI8VrWtCeLDWDELO_hC7Qs
253,室,ROOM,KLC_00253,2,RAD_00040,宀,roof,RAD,,PRIMITIVE_OR_NONKLC,https://docs.google.com/spreadsheets/d/13rdpmsI5n0dnsb33u4YHGwI8VrWtCeLDWDELO_hC7Qs
255,居,"BE PRESENT, RESIDE",KLC_00255,1,RAD_00044,尸,"corpse, *flag*",RAD,,PRIMITIVE_OR_NONKLC,https://docs.google.com/spreadsheets/d/13rdpmsI5n0dnsb33u4YHGwI8VrWtCeLDWDELO_hC7Qs
255,居,"BE PRESENT, RESIDE",KLC_00255,2,KLC_00254,古,"OLD, *tombstone*",KLC,254,EARLIER_OR_SAME_KLC,https://docs.google.com/spreadsheets/d/13rdpmsI5n0dnsb33u4YHGwI8VrWtCeLDWDELO_hC7Qs
256,局,"BUREAU, LIMITED PART, SITUATION",KLC_00256,1,RAD_00063,戸,door,RAD,,PRIMITIVE_OR_NONKLC,https://docs.google.com/spreadsheets/d/13rdpmsI5n0dnsb33u4YHGwI8VrWtCeLDWDELO_hC7Qs
257,故,"OLD, INCIDENT, REASON",KLC_00257,1,KLC_00254,古,"OLD, *tombstone*",KLC,254,EARLIER_OR_SAME_KLC,https://docs.google.com/spreadsheets/d/13rdpmsI5n0dnsb33u4YHGwI8VrWtCeLDWDELO_hC7Qs
257,故,"OLD, INCIDENT, REASON",KLC_00257,2,RAD_00066,攴,"hit, strike, *action*",RAD,,PRIMITIVE_OR_NONKLC,https://docs.google.com/spreadsheets/d/13rdpmsI5n0dnsb33u4YHGwI8VrWtCeLDWDELO_hC7Qs
258,胡,"NATIVES OF ANCIENT CHINA, FOREIGN",KLC_00258,1,KLC_00254,古,"OLD, *tombstone*",KLC,254,EARLIER_OR_SAME_KLC,https://docs.google.com/spreadsheets/d/13rdpmsI5n0dnsb33u4YHGwI8VrWtCeLDWDELO_hC7Qs
258,胡,"NATIVES OF ANCIENT CHINA, FOREIGN",KLC_00258,2,RAD_00074,月,"moon, month, *flesh*, *body part*",RAD,,PRIMITIVE_OR_NONKLC,https://docs.google.com/spreadsheets/d/13rdpmsI5n0dnsb33u4YHGwI8VrWtCeLDWDELO_hC7Qs
259,湖,LAKE,KLC_00259,1,RAD_00085,水,"water, *liquid*",RAD,,PRIMITIVE_OR_NONKLC,https://docs.google.com/spreadsheets/d/13rdpmsI5n0dnsb33u4YHGwI8VrWtCeLDWDELO_hC7Qs
259,湖,LAKE,KLC_00259,2,KLC_00258,胡,"NATIVES OF ANCIENT CHINA, FOREIGN",KLC,258,EARLIER_OR_SAME_KLC,https://docs.google.com/spreadsheets/d/13rdpmsI5n0dnsb33u4YHGwI8VrWtCeLDWDELO_hC7Qs
260,固,"SOLID, FIRM",KLC_00260,1,KLC_00254,古,"OLD, *tombstone*",KLC,254,EARLIER_OR_SAME_KLC,https://docs.google.com/spreadsheets/d/13rdpmsI5n0dnsb33u4YHGwI8VrWtCeLDWDELO_hC7Qs
261,箇,COUNTER FOR ITEMS,KLC_00261,1,RAD_00118,竹,"bamboo, counting",RAD,,PRIMITIVE_OR_NONKLC,https://docs.google.com/spreadsheets/d/13rdpmsI5n0dnsb33u4YHGwI8VrWtCeLDWDELO_hC7Qs
261,箇,COUNTER FOR ITEMS,KLC_00261,2,KLC_00254,古,"OLD, *tombstone*",KLC,254,EARLIER_OR_SAME_KLC,https://docs.google.com/spreadsheets/d/13rdpmsI5n0dnsb33u4YHGwI8VrWtCeLDWDELO_hC7Qs
262,個,"GENERAL COUNTER, INDIVIDUAL",KLC_00262,1,RAD_00009,人,"person, *roof*",RAD,,PRIMITIVE_OR_NONKLC,https://docs.google.com/spreadsheets/d/13rdpmsI5n0dnsb33u4YHGwI8VrWtCeLDWDELO_hC7Qs
262,個,"GENERAL COUNTER, INDIVIDUAL",KLC_00262,2,KLC_00254,古,"OLD, *tombstone*",KLC,254,EARLIER_OR_SAME_KLC,https://docs.google.com/spreadsheets/d/13rdpmsI5n0dnsb33u4YHGwI8VrWtCeLDWDELO_hC7Qs
264,組,"ORGANIZE, ASSEMBLE",KLC_00264,1,KLC_00263,且,"AS WELL AS, MOREOVER, *ladder*",KLC,263,EARLIER_OR_SAME_KLC,https://docs.google.com/spreadsheets/d/13rdpmsI5n0dnsb33u4YHGwI8VrWtCeLDWDELO_hC7Qs
264,組,"ORGANIZE, ASSEMBLE",KLC_00264,2,RAD_00120,糸,"thread, silk",RAD,,PRIMITIVE_OR_NONKLC,https://docs.google.com/spreadsheets/d/13rdpmsI5n0dnsb33u4YHGwI8VrWtCeLDWDELO_hC7Qs
265,夕,"evening, *moon*",RAD_00036,1,RAD_00074,月,"moon, month, *flesh*, *body part*",RAD,,PRIMITIVE_OR_NONKLC,https://docs.google.com/spreadsheets/d/13rdpmsI5n0dnsb33u4YHGwI8VrWtCeLDWDELO_hC7Qs
266,外,"OUTSIDE, COME OFF",KLC_00266,1,RAD_00036,夕,"evening, *moon*",RAD,,PRIMITIVE_OR_NONKLC,https://docs.google.com/spreadsheets/d/13rdpmsI5n0dnsb33u4YHGwI8VrWtCeLDWDELO_hC7Qs
267,多,MANY,KLC_00267,1,RAD_00036,夕,"evening, *moon*",RAD,,PRIMITIVE_OR_NONKLC,https://docs.google.com/spreadsheets/d/13rdpmsI5n0dnsb33u4YHGwI8VrWtCeLDWDELO_hC7Qs
268,汐,[EVENING] TIDE,KLC_00268,1,RAD_00085,水,"water, *liquid*",RAD,,PRIMITIVE_OR_NONKLC,https://docs.google.com/spreadsheets/d/13rdpmsI5n0dnsb33u4YHGwI8VrWtCeLDWDELO_hC7Qs
268,汐,[EVENING] TIDE,KLC_00268,2,RAD_00036,夕,"evening, *moon*",RAD,,PRIMITIVE_OR_NONKLC,https://docs.google.com/spreadsheets/d/13rdpmsI5n0dnsb33u4YHGwI8VrWtCeLDWDELO_hC7Qs
269,名,"NAME, FAME",KLC_00269,1,RAD_00036,夕,"evening, *moon*",RAD,,PRIMITIVE_OR_NONKLC,https://docs.google.com/spreadsheets/d/13rdpmsI5n0dnsb33u4YHGwI8VrWtCeLDWDELO_hC7Qs
269,名,"NAME, FAME",KLC_00269,2,RAD_00030,口,"mouth, *opening*",RAD,,PRIMITIVE_OR_NONKLC,https://docs.google.com/spreadsheets/d/13rdpmsI5n0dnsb33u4YHGwI8VrWtCeLDWDELO_hC7Qs
270,天,"HEAVEN, WEATHER",KLC_00270,1,RAD_00037,大,"big, university",RAD,,PRIMITIVE_OR_NONKLC,https://docs.google.com/spreadsheets/d/13rdpmsI5n0dnsb33u4YHGwI8VrWtCeLDWDELO_hC7Qs
271,未,NOT YET,KLC_00271,1,RAD_00075,木,tree,RAD,,PRIMITIVE_OR_NONKLC,https://docs.google.com/spreadsheets/d/13rdpmsI5n0dnsb33u4YHGwI8VrWtCeLDWDELO_hC7Qs
272,末,"LAST PART, END",KLC_00272,1,KLC_00271,未,NOT YET,KLC,271,EARLIER_OR_SAME_KLC,https://docs.google.com/spreadsheets/d/13rdpmsI5n0dnsb33u4YHGwI8VrWtCeLDWDELO_hC7Qs
273,味,TASTE,KLC_00273,1,KLC_00271,未,NOT YET,KLC,271,EARLIER_OR_SAME_KLC,https://docs.google.com/spreadsheets/d/13rdpmsI5n0dnsb33u4YHGwI8VrWtCeLDWDELO_hC7Qs
273,味,TASTE,KLC_00273,2,RAD_00030,口,"mouth, *opening*",RAD,,PRIMITIVE_OR_NONKLC,https://docs.google.com/spreadsheets/d/13rdpmsI5n0dnsb33u4YHGwI8VrWtCeLDWDELO_hC7Qs
274,来,COME,KLC_00274,1,KLC_00271,未,NOT YET,KLC,271,EARLIER_OR_SAME_KLC,https://docs.google.com/spreadsheets/d/13rdpmsI5n0dnsb33u4YHGwI8VrWtCeLDWDELO_hC7Qs
275,新,NEW,KLC_00275,1,RAD_00117,立,stand,RAD,,PRIMITIVE_OR_NONKLC,https://docs.google.com/spreadsheets/d/13rdpmsI5n0dnsb33u4YHGwI8VrWtCeLDWDELO_hC7Qs
275,新,NEW,KLC_00275,2,RAD_00075,木,tree,RAD,,PRIMITIVE_OR_NONKLC,https://docs.google.com/spreadsheets/d/13rdpmsI5n0dnsb33u4YHGwI8VrWtCeLDWDELO_hC7Qs
275,新,NEW,KLC_00275,3,RAD_00069,斤,"axe, kin [600 grams]",RAD,,PRIMITIVE_OR_NONKLC,https://docs.google.com/spreadsheets/d/13rdpmsI5n0dnsb33u4YHGwI8VrWtCeLDWDELO_hC7Qs
276,親,"PARENT, INTIMATE",KLC_00276,1,RAD_00117,立,stand,RAD,,PRIMITIVE_OR_NONKLC,https://docs.google.com/spreadsheets/d/13rdpmsI5n0dnsb33u4YHGwI8VrWtCeLDWDELO_hC7Qs
276,親,"PARENT, INTIMATE",KLC_00276,2,RAD_00075,木,tree,RAD,,PRIMITIVE_OR_NONKLC,https://docs.google.com/spreadsheets/d/13rdpmsI5n0dnsb33u4YHGwI8VrWtCeLDWDELO_hC7Qs
276,親,"PARENT, INTIMATE",KLC_00276,3,RAD_00147,見,see,RAD,,PRIMITIVE_OR_NONKLC,https://docs.google.com/spreadsheets/d/13rdpmsI5n0dnsb33u4YHGwI8VrWtCeLDWDELO_hC7Qs
278,次,"NEXT, SECONDARY",KLC_00278,1,RAD_00076,欠,"lack, *open mouth*",RAD,,PRIMITIVE_OR_NONKLC,https://docs.google.com/spreadsheets/d/13rdpmsI5n0dnsb33u4YHGwI8VrWtCeLDWDELO_hC7Qs
279,席,SEAT,KLC_00279,1,RAD_00050,巾,"cloth, towel, scarf",RAD,,PRIMITIVE_OR_NONKLC,https://docs.google.com/spreadsheets/d/13rdpmsI5n0dnsb33u4YHGwI8VrWtCeLDWDELO_hC7Qs
279,席,SEAT,KLC_00279,2,SUP_00006,廿,stove,SUP,,PRIMITIVE_OR_NONKLC,https://docs.google.com/spreadsheets/d/13rdpmsI5n0dnsb33u4YHGwI8VrWtCeLDWDELO_hC7Qs
279,席,SEAT,KLC_00279,3,RAD_00053,广,"dotted cliff, *shelter*",RAD,,PRIMITIVE_OR_NONKLC,https://docs.google.com/spreadsheets/d/13rdpmsI5n0dnsb33u4YHGwI8VrWtCeLDWDELO_hC7Qs
280,度,"DEGREE, TIME [first, second...]",KLC_00280,1,SUP_00006,廿,stove,SUP,,PRIMITIVE_OR_NONKLC,https://docs.google.com/spreadsheets/d/13rdpmsI5n0dnsb33u4YHGwI8VrWtCeLDWDELO_hC7Qs
280,度,"DEGREE, TIME [first, second...]",KLC_00280,2,RAD_00029,又,"again, or, *hand*",RAD,,PRIMITIVE_OR_NONKLC,https://docs.google.com/spreadsheets/d/13rdpmsI5n0dnsb33u4YHGwI8VrWtCeLDWDELO_hC7Qs
281,渡,"CROSS, FORD",KLC_00281,1,RAD_00085,水,"water, *liquid*",RAD,,PRIMITIVE_OR_NONKLC,https://docs.google.com/spreadsheets/d/13rdpmsI5n0dnsb33u4YHGwI8VrWtCeLDWDELO_hC7Qs
281,渡,"CROSS, FORD",KLC_00281,2,KLC_00280,度,"DEGREE, TIME [first, second...]",KLC,280,EARLIER_OR_SAME_KLC,https://docs.google.com/spreadsheets/d/13rdpmsI5n0dnsb33u4YHGwI8VrWtCeLDWDELO_hC7Qs
282,限,LIMIT [bounds],KLC_00282,1,RAD_00170,阜,hill [left of kanji],RAD,,PRIMITIVE_OR_NONKLC,https://docs.google.com/spreadsheets/d/13rdpmsI5n0dnsb33u4YHGwI8VrWtCeLDWDELO_hC7Qs
282,限,LIMIT [bounds],KLC_00282,2,RAD_00138,艮,stopping,RAD,,PRIMITIVE_OR_NONKLC,https://docs.google.com/spreadsheets/d/13rdpmsI5n0dnsb33u4YHGwI8VrWtCeLDWDELO_hC7Qs
283,銀,SILVER,KLC_00283,1,RAD_00138,艮,stopping,RAD,,PRIMITIVE_OR_NONKLC,https://docs.google.com/spreadsheets/d/13rdpmsI5n0dnsb33u4YHGwI8VrWtCeLDWDELO_hC7Qs
283,銀,SILVER,KLC_00283,2,RAD_00167,金,"metal, gold, money",RAD,,PRIMITIVE_OR_NONKLC,https://docs.google.com/spreadsheets/d/13rdpmsI5n0dnsb33u4YHGwI8VrWtCeLDWDELO_hC7Qs
284,根,ROOT,KLC_00284,1,RAD_00075,木,tree,RAD,,PRIMITIVE_OR_NONKLC,https://docs.google.com/spreadsheets/d/13rdpmsI5n0dnsb33u4YHGwI8VrWtCeLDWDELO_hC7Qs
284,根,ROOT,KLC_00284,2,RAD_00138,艮,stopping,RAD,,PRIMITIVE_OR_NONKLC,https://docs.google.com/spreadsheets/d/13rdpmsI5n0dnsb33u4YHGwI8VrWtCeLDWDELO_hC7Qs
285,良,GOOD,KLC_00285,1,RAD_00138,艮,stopping,RAD,,PRIMITIVE_OR_NONKLC,https://docs.google.com/spreadsheets/d/13rdpmsI5n0dnsb33u4YHGwI8VrWtCeLDWDELO_hC7Qs
286,郎,"YOUNG MAN, MALE NAME SUFFIX",KLC_00286,1,KLC_00285,良,GOOD,KLC,285,EARLIER_OR_SAME_KLC,https://docs.google.com/spreadsheets/d/13rdpmsI5n0dnsb33u4YHGwI8VrWtCeLDWDELO_hC7Qs
286,郎,"YOUNG MAN, MALE NAME SUFFIX",KLC_00286,2,RAD_00163,邑,city [right of kanji],RAD,,PRIMITIVE_OR_NONKLC,https://docs.google.com/spreadsheets/d/13rdpmsI5n0dnsb33u4YHGwI8VrWtCeLDWDELO_hC7Qs
287,廊,CORRIDOR,KLC_00287,1,KLC_00286,郎,"YOUNG MAN, MALE NAME SUFFIX",KLC,286,EARLIER_OR_SAME_KLC,https://docs.google.com/spreadsheets/d/13rdpmsI5n0dnsb33u4YHGwI8VrWtCeLDWDELO_hC7Qs
287,廊,CORRIDOR,KLC_00287,2,RAD_00053,广,"dotted cliff, *shelter*",RAD,,PRIMITIVE_OR_NONKLC,https://docs.google.com/spreadsheets/d/13rdpmsI5n0dnsb33u4YHGwI8VrWtCeLDWDELO_hC7Qs
288,食,eat,RAD_00184,1,KLC_00285,良,GOOD,KLC,285,EARLIER_OR_SAME_KLC,https://docs.google.com/spreadsheets/d/13rdpmsI5n0dnsb33u4YHGwI8VrWtCeLDWDELO_hC7Qs
288,食,eat,RAD_00184,2,RAD_00009,人,"person, *roof*",RAD,,PRIMITIVE_OR_NONKLC,https://docs.google.com/spreadsheets/d/13rdpmsI5n0dnsb33u4YHGwI8VrWtCeLDWDELO_hC7Qs
289,飲,DRINK,KLC_00289,1,RAD_00076,欠,"lack, *open mouth*",RAD,,PRIMITIVE_OR_NONKLC,https://docs.google.com/spreadsheets/d/13rdpmsI5n0dnsb33u4YHGwI8VrWtCeLDWDELO_hC7Qs
289,飲,DRINK,KLC_00289,2,RAD_00184,食,eat,RAD,,PRIMITIVE_OR_NONKLC,https://docs.google.com/spreadsheets/d/13rdpmsI5n0dnsb33u4YHGwI8VrWtCeLDWDELO_hC7Qs
290,官,"GOVERNMENT, GOVERNMENT OFFICIAL",KLC_00290,1,RAD_00040,宀,roof,RAD,,PRIMITIVE_OR_NONKLC,https://docs.google.com/spreadsheets/d/13rdpmsI5n0dnsb33u4YHGwI8VrWtCeLDWDELO_hC7Qs
291,館,PUBLIC BUILDING,KLC_00291,1,RAD_00184,食,eat,RAD,,PRIMITIVE_OR_NONKLC,https://docs.google.com/spreadsheets/d/13rdpmsI5n0dnsb33u4YHGwI8VrWtCeLDWDELO_hC7Qs
291,館,PUBLIC BUILDING,KLC_00291,2,KLC_00290,官,"GOVERNMENT, GOVERNMENT OFFICIAL",KLC,290,EARLIER_OR_SAME_KLC,https://docs.google.com/spreadsheets/d/13rdpmsI5n0dnsb33u4YHGwI8VrWtCeLDWDELO_hC7Qs
292,宿,LODGE,KLC_00292,1,KLC_00016,百,HUNDRED,KLC,16,EARLIER_OR_SAME_KLC,https://docs.google.com/spreadsheets/d/13rdpmsI5n0dnsb33u4YHGwI8VrWtCeLDWDELO_hC7Qs
292,宿,LODGE,KLC_00292,2,RAD_00009,人,"person, *roof*",RAD,,PRIMITIVE_OR_NONKLC,https://docs.google.com/spreadsheets/d/13rdpmsI5n0dnsb33u4YHGwI8VrWtCeLDWDELO_hC7Qs
292,宿,LODGE,KLC_00292,3,RAD_00040,宀,roof,RAD,,PRIMITIVE_OR_NONKLC,https://docs.google.com/spreadsheets/d/13rdpmsI5n0dnsb33u4YHGwI8VrWtCeLDWDELO_hC7Qs
293,犬,"dog, small animal",RAD_00094,1,KLC_00294,太,"FAT, THICK",KLC,294,LATER_KLC_MNEMONIC_REF,https://docs.google.com/spreadsheets/d/13rdpmsI5n0dnsb33u4YHGwI8VrWtCeLDWDELO_hC7Qs
294,太,"FAT, THICK",KLC_00294,1,RAD_00094,犬,"dog, small animal",RAD,,PRIMITIVE_OR_NONKLC,https://docs.google.com/spreadsheets/d/13rdpmsI5n0dnsb33u4YHGwI8VrWtCeLDWDELO_hC7Qs
295,器,"VESSEL, CONTAINER, INSTRUMENT",KLC_00295,1,RAD_00037,大,"big, university",RAD,,PRIMITIVE_OR_NONKLC,https://docs.google.com/spreadsheets/d/13rdpmsI5n0dnsb33u4YHGwI8VrWtCeLDWDELO_hC7Qs
299,番,"NUMERICAL ORDER, WATCH [over]",KLC_00299,1,RAD_00102,田,"rice field, *head*",RAD,,PRIMITIVE_OR_NONKLC,https://docs.google.com/spreadsheets/d/13rdpmsI5n0dnsb33u4YHGwI8VrWtCeLDWDELO_hC7Qs
302,楽,"PLEASURE, COMFORTABLE, MUSIC",KLC_00302,1,RAD_00075,木,tree,RAD,,PRIMITIVE_OR_NONKLC,https://docs.google.com/spreadsheets/d/13rdpmsI5n0dnsb33u4YHGwI8VrWtCeLDWDELO_hC7Qs
303,薬,"MEDICINE, DRUG",KLC_00303,1,RAD_00140,艸,"grass, vegetation",RAD,,PRIMITIVE_OR_NONKLC,https://docs.google.com/spreadsheets/d/13rdpmsI5n0dnsb33u4YHGwI8VrWtCeLDWDELO_hC7Qs
303,薬,"MEDICINE, DRUG",KLC_00303,2,KLC_00302,楽,"PLEASURE, COMFORTABLE, MUSIC",KLC,302,EARLIER_OR_SAME_KLC,https://docs.google.com/spreadsheets/d/13rdpmsI5n0dnsb33u4YHGwI8VrWtCeLDWDELO_hC7Qs
304,周,"PERIPHERY, CIRCUMFERENCE",KLC_00304,1,RAD_00032,土,"soil, earth",RAD,,PRIMITIVE_OR_NONKLC,https://docs.google.com/spreadsheets/d/13rdpmsI5n0dnsb33u4YHGwI8VrWtCeLDWDELO_hC7Qs
304,周,"PERIPHERY, CIRCUMFERENCE",KLC_00304,2,RAD_00030,口,"mouth, *opening*",RAD,,PRIMITIVE_OR_NONKLC,https://docs.google.com/spreadsheets/d/13rdpmsI5n0dnsb33u4YHGwI8VrWtCeLDWDELO_hC7Qs
305,週,WEEK,KLC_00305,1,RAD_00162,辵,"walk, *transport*",RAD,,PRIMITIVE_OR_NONKLC,https://docs.google.com/spreadsheets/d/13rdpmsI5n0dnsb33u4YHGwI8VrWtCeLDWDELO_hC7Qs
305,週,WEEK,KLC_00305,2,KLC_00304,周,"PERIPHERY, CIRCUMFERENCE",KLC,304,EARLIER_OR_SAME_KLC,https://docs.google.com/spreadsheets/d/13rdpmsI5n0dnsb33u4YHGwI8VrWtCeLDWDELO_hC7Qs
306,調,"TONE, INVESTIGATE, PREPARE",KLC_00306,1,KLC_00304,周,"PERIPHERY, CIRCUMFERENCE",KLC,304,EARLIER_OR_SAME_KLC,https://docs.google.com/spreadsheets/d/13rdpmsI5n0dnsb33u4YHGwI8VrWtCeLDWDELO_hC7Qs
306,調,"TONE, INVESTIGATE, PREPARE",KLC_00306,2,RAD_00149,言,"speech, word, say",RAD,,PRIMITIVE_OR_NONKLC,https://docs.google.com/spreadsheets/d/13rdpmsI5n0dnsb33u4YHGwI8VrWtCeLDWDELO_hC7Qs
307,束,"TIE UP, BUNDLE",KLC_00307,1,RAD_00075,木,tree,RAD,,PRIMITIVE_OR_NONKLC,https://docs.google.com/spreadsheets/d/13rdpmsI5n0dnsb33u4YHGwI8VrWtCeLDWDELO_hC7Qs
308,整,PUT IN ORDER,KLC_00308,1,RAD_00066,攴,"hit, strike, *action*",RAD,,PRIMITIVE_OR_NONKLC,https://docs.google.com/spreadsheets/d/13rdpmsI5n0dnsb33u4YHGwI8VrWtCeLDWDELO_hC7Qs
308,整,PUT IN ORDER,KLC_00308,2,KLC_00307,束,"TIE UP, BUNDLE",KLC,307,EARLIER_OR_SAME_KLC,https://docs.google.com/spreadsheets/d/13rdpmsI5n0dnsb33u4YHGwI8VrWtCeLDWDELO_hC7Qs
308,整,PUT IN ORDER,KLC_00308,3,KLC_00043,正,"CORRECT, RIGHT",KLC,43,EARLIER_OR_SAME_KLC,https://docs.google.com/spreadsheets/d/13rdpmsI5n0dnsb33u4YHGwI8VrWtCeLDWDELO_hC7Qs
309,数,"NUMBER, QUANTITY",KLC_00309,1,RAD_00038,女,woman,RAD,,PRIMITIVE_OR_NONKLC,https://docs.google.com/spreadsheets/d/13rdpmsI5n0dnsb33u4YHGwI8VrWtCeLDWDELO_hC7Qs
309,数,"NUMBER, QUANTITY",KLC_00309,2,RAD_00066,攴,"hit, strike, *action*",RAD,,PRIMITIVE_OR_NONKLC,https://docs.google.com/spreadsheets/d/13rdpmsI5n0dnsb33u4YHGwI8VrWtCeLDWDELO_hC7Qs
309,数,"NUMBER, QUANTITY",KLC_00309,3,RAD_00119,米,rice,RAD,,PRIMITIVE_OR_NONKLC,https://docs.google.com/spreadsheets/d/13rdpmsI5n0dnsb33u4YHGwI8VrWtCeLDWDELO_hC7Qs
310,類,KIND [type],KLC_00310,1,RAD_00181,頁,"leaf, page, *head*",RAD,,PRIMITIVE_OR_NONKLC,https://docs.google.com/spreadsheets/d/13rdpmsI5n0dnsb33u4YHGwI8VrWtCeLDWDELO_hC7Qs
310,類,KIND [type],KLC_00310,2,RAD_00119,米,rice,RAD,,PRIMITIVE_OR_NONKLC,https://docs.google.com/spreadsheets/d/13rdpmsI5n0dnsb33u4YHGwI8VrWtCeLDWDELO_hC7Qs
310,類,KIND [type],KLC_00310,3,RAD_00037,大,"big, university",RAD,,PRIMITIVE_OR_NONKLC,https://docs.google.com/spreadsheets/d/13rdpmsI5n0dnsb33u4YHGwI8VrWtCeLDWDELO_hC7Qs
312,禁,PROHIBIT,KLC_00312,1,RAD_00113,示,"spirit, sign, show",RAD,,PRIMITIVE_OR_NONKLC,https://docs.google.com/spreadsheets/d/13rdpmsI5n0dnsb33u4YHGwI8VrWtCeLDWDELO_hC7Qs
312,禁,PROHIBIT,KLC_00312,2,KLC_00240,林,FOREST,KLC,240,EARLIER_OR_SAME_KLC,https://docs.google.com/spreadsheets/d/13rdpmsI5n0dnsb33u4YHGwI8VrWtCeLDWDELO_hC7Qs
313,礼,"ETIQUETTE, RITE",KLC_00313,1,RAD_00006,亅,"hook, barb",RAD,,PRIMITIVE_OR_NONKLC,https://docs.google.com/spreadsheets/d/13rdpmsI5n0dnsb33u4YHGwI8VrWtCeLDWDELO_hC7Qs
313,礼,"ETIQUETTE, RITE",KLC_00313,2,RAD_00113,示,"spirit, sign, show",RAD,,PRIMITIVE_OR_NONKLC,https://docs.google.com/spreadsheets/d/13rdpmsI5n0dnsb33u4YHGwI8VrWtCeLDWDELO_hC7Qs
314,社,"COMPANY, SHINTŌ SHRINE",KLC_00314,1,RAD_00113,示,"spirit, sign, show",RAD,,PRIMITIVE_OR_NONKLC,https://docs.google.com/spreadsheets/d/13rdpmsI5n0dnsb33u4YHGwI8VrWtCeLDWDELO_hC7Qs
314,社,"COMPANY, SHINTŌ SHRINE",KLC_00314,2,RAD_00032,土,"soil, earth",RAD,,PRIMITIVE_OR_NONKLC,https://docs.google.com/spreadsheets/d/13rdpmsI5n0dnsb33u4YHGwI8VrWtCeLDWDELO_hC7Qs
316,神,"GOD, SOUL",KLC_00316,1,RAD_00113,示,"spirit, sign, show",RAD,,PRIMITIVE_OR_NONKLC,https://docs.google.com/spreadsheets/d/13rdpmsI5n0dnsb33u4YHGwI8VrWtCeLDWDELO_hC7Qs
316,神,"GOD, SOUL",KLC_00316,2,KLC_00315,申,"REPORT, SPEAK HUMBLY, SIGN OF THE MONKEY",KLC,315,EARLIER_OR_SAME_KLC,https://docs.google.com/spreadsheets/d/13rdpmsI5n0dnsb33u4YHGwI8VrWtCeLDWDELO_hC7Qs
317,員,"MEMBER, PERSONNEL",KLC_00317,1,RAD_00030,口,"mouth, *opening*",RAD,,PRIMITIVE_OR_NONKLC,https://docs.google.com/spreadsheets/d/13rdpmsI5n0dnsb33u4YHGwI8VrWtCeLDWDELO_hC7Qs
317,員,"MEMBER, PERSONNEL",KLC_00317,2,RAD_00154,貝,"shellfish, money, wealth",RAD,,PRIMITIVE_OR_NONKLC,https://docs.google.com/spreadsheets/d/13rdpmsI5n0dnsb33u4YHGwI8VrWtCeLDWDELO_hC7Qs
318,質,"QUALITY, MATTER, PAWN",KLC_00318,1,RAD_00069,斤,"axe, kin [600 grams]",RAD,,PRIMITIVE_OR_NONKLC,https://docs.google.com/spreadsheets/d/13rdpmsI5n0dnsb33u4YHGwI8VrWtCeLDWDELO_hC7Qs
318,質,"QUALITY, MATTER, PAWN",KLC_00318,2,RAD_00154,貝,"shellfish, money, wealth",RAD,,PRIMITIVE_OR_NONKLC,https://docs.google.com/spreadsheets/d/13rdpmsI5n0dnsb33u4YHGwI8VrWtCeLDWDELO_hC7Qs
319,党,PARTY [faction],KLC_00319,1,SUP_00007,龸,crown,SUP,,PRIMITIVE_OR_NONKLC,https://docs.google.com/spreadsheets/d/13rdpmsI5n0dnsb33u4YHGwI8VrWtCeLDWDELO_hC7Qs
319,党,PARTY [faction],KLC_00319,2,KLC_01193,兄,OLDER BROTHER,KLC,1193,LATER_KLC_MNEMONIC_REF,https://docs.google.com/spreadsheets/d/13rdpmsI5n0dnsb33u4YHGwI8VrWtCeLDWDELO_hC7Qs
320,堂,HALL [public building],KLC_00320,1,SUP_00007,龸,crown,SUP,,PRIMITIVE_OR_NONKLC,https://docs.google.com/spreadsheets/d/13rdpmsI5n0dnsb33u4YHGwI8VrWtCeLDWDELO_hC7Qs
320,堂,HALL [public building],KLC_00320,2,RAD_00030,口,"mouth, *opening*",RAD,,PRIMITIVE_OR_NONKLC,https://docs.google.com/spreadsheets/d/13rdpmsI5n0dnsb33u4YHGwI8VrWtCeLDWDELO_hC7Qs
320,堂,HALL [public building],KLC_00320,3,RAD_00032,土,"soil, earth",RAD,,PRIMITIVE_OR_NONKLC,https://docs.google.com/spreadsheets/d/13rdpmsI5n0dnsb33u4YHGwI8VrWtCeLDWDELO_hC7Qs
321,常,"NORMAL, REGULAR",KLC_00321,1,KLC_00320,堂,HALL [public building],KLC,320,EARLIER_OR_SAME_KLC,https://docs.google.com/spreadsheets/d/13rdpmsI5n0dnsb33u4YHGwI8VrWtCeLDWDELO_hC7Qs
321,常,"NORMAL, REGULAR",KLC_00321,2,RAD_00050,巾,"cloth, towel, scarf",RAD,,PRIMITIVE_OR_NONKLC,https://docs.google.com/spreadsheets/d/13rdpmsI5n0dnsb33u4YHGwI8VrWtCeLDWDELO_hC7Qs
322,賞,PRIZE [praise],KLC_00322,1,SUP_00007,龸,crown,SUP,,PRIMITIVE_OR_NONKLC,https://docs.google.com/spreadsheets/d/13rdpmsI5n0dnsb33u4YHGwI8VrWtCeLDWDELO_hC7Qs
322,賞,PRIZE [praise],KLC_00322,2,KLC_00317,員,"MEMBER, PERSONNEL",KLC,317,EARLIER_OR_SAME_KLC,https://docs.google.com/spreadsheets/d/13rdpmsI5n0dnsb33u4YHGwI8VrWtCeLDWDELO_hC7Qs
323,償,RECOMPENSE,KLC_00323,1,KLC_00322,賞,PRIZE [praise],KLC,322,EARLIER_OR_SAME_KLC,https://docs.google.com/spreadsheets/d/13rdpmsI5n0dnsb33u4YHGwI8VrWtCeLDWDELO_hC7Qs
323,償,RECOMPENSE,KLC_00323,2,RAD_00009,人,"person, *roof*",RAD,,PRIMITIVE_OR_NONKLC,https://docs.google.com/spreadsheets/d/13rdpmsI5n0dnsb33u4YHGwI8VrWtCeLDWDELO_hC7Qs
324,掌,"PALM OF ONE'S HAND, TAKE CHARGE OF",KLC_00324,1,RAD_00064,手,"hand, performer of action",RAD,,PRIMITIVE_OR_NONKLC,https://docs.google.com/spreadsheets/d/13rdpmsI5n0dnsb33u4YHGwI8VrWtCeLDWDELO_hC7Qs
326,悟,"AWAKE TO, COMPREHEND",KLC_00326,1,KLC_00220,吾,EGO,KLC,220,EARLIER_OR_SAME_KLC,https://docs.google.com/spreadsheets/d/13rdpmsI5n0dnsb33u4YHGwI8VrWtCeLDWDELO_hC7Qs
326,悟,"AWAKE TO, COMPREHEND",KLC_00326,2,RAD_00061,心,"heart, mind, spirit",RAD,,PRIMITIVE_OR_NONKLC,https://docs.google.com/spreadsheets/d/13rdpmsI5n0dnsb33u4YHGwI8VrWtCeLDWDELO_hC7Qs
327,感,"SENSE, FEEL",KLC_00327,1,SUP_00017,戊,scythe,SUP,,PRIMITIVE_OR_NONKLC,https://docs.google.com/spreadsheets/d/13rdpmsI5n0dnsb33u4YHGwI8VrWtCeLDWDELO_hC7Qs
327,感,"SENSE, FEEL",KLC_00327,2,RAD_00030,口,"mouth, *opening*",RAD,,PRIMITIVE_OR_NONKLC,https://docs.google.com/spreadsheets/d/13rdpmsI5n0dnsb33u4YHGwI8VrWtCeLDWDELO_hC7Qs
327,感,"SENSE, FEEL",KLC_00327,3,RAD_00061,心,"heart, mind, spirit",RAD,,PRIMITIVE_OR_NONKLC,https://docs.google.com/spreadsheets/d/13rdpmsI5n0dnsb33u4YHGwI8VrWtCeLDWDELO_hC7Qs
329,映,"REFLECT, PROJECT",KLC_00329,1,KLC_00328,央,CENTER,KLC,328,EARLIER_OR_SAME_KLC,https://docs.google.com/spreadsheets/d/13rdpmsI5n0dnsb33u4YHGwI8VrWtCeLDWDELO_hC7Qs
329,映,"REFLECT, PROJECT",KLC_00329,2,RAD_00072,日,"sun, day",RAD,,PRIMITIVE_OR_NONKLC,https://docs.google.com/spreadsheets/d/13rdpmsI5n0dnsb33u4YHGwI8VrWtCeLDWDELO_hC7Qs
330,決,"DECIDE, RESOLVE",KLC_00330,1,KLC_00328,央,CENTER,KLC,328,EARLIER_OR_SAME_KLC,https://docs.google.com/spreadsheets/d/13rdpmsI5n0dnsb33u4YHGwI8VrWtCeLDWDELO_hC7Qs
330,決,"DECIDE, RESOLVE",KLC_00330,2,RAD_00085,水,"water, *liquid*",RAD,,PRIMITIVE_OR_NONKLC,https://docs.google.com/spreadsheets/d/13rdpmsI5n0dnsb33u4YHGwI8VrWtCeLDWDELO_hC7Qs
331,快,PLEASANT,KLC_00331,1,KLC_00328,央,CENTER,KLC,328,EARLIER_OR_SAME_KLC,https://docs.google.com/spreadsheets/d/13rdpmsI5n0dnsb33u4YHGwI8VrWtCeLDWDELO_hC7Qs
331,快,PLEASANT,KLC_00331,2,RAD_00061,心,"heart, mind, spirit",RAD,,PRIMITIVE_OR_NONKLC,https://docs.google.com/spreadsheets/d/13rdpmsI5n0dnsb33u4YHGwI8VrWtCeLDWDELO_hC7Qs
332,英,"DISTINGUISHED, ENGLAND",KLC_00332,1,RAD_00140,艸,"grass, vegetation",RAD,,PRIMITIVE_OR_NONKLC,https://docs.google.com/spreadsheets/d/13rdpmsI5n0dnsb33u4YHGwI8VrWtCeLDWDELO_hC7Qs
332,英,"DISTINGUISHED, ENGLAND",KLC_00332,2,KLC_00328,央,CENTER,KLC,328,EARLIER_OR_SAME_KLC,https://docs.google.com/spreadsheets/d/13rdpmsI5n0dnsb33u4YHGwI8VrWtCeLDWDELO_hC7Qs
334,平,"FLAT, CALM",KLC_00334,1,RAD_00051,干,dry,RAD,,PRIMITIVE_OR_NONKLC,https://docs.google.com/spreadsheets/d/13rdpmsI5n0dnsb33u4YHGwI8VrWtCeLDWDELO_hC7Qs
338,尽,"EXHAUST, USE UP",KLC_00338,1,RAD_00015,冫,ice,RAD,,PRIMITIVE_OR_NONKLC,https://docs.google.com/spreadsheets/d/13rdpmsI5n0dnsb33u4YHGwI8VrWtCeLDWDELO_hC7Qs
339,駅,STATION,KLC_00339,1,RAD_00187,馬,horse,RAD,,PRIMITIVE_OR_NONKLC,https://docs.google.com/spreadsheets/d/13rdpmsI5n0dnsb33u4YHGwI8VrWtCeLDWDELO_hC7Qs
341,島,ISLAND,KLC_00341,1,RAD_00046,山,mountain,RAD,,PRIMITIVE_OR_NONKLC,https://docs.google.com/spreadsheets/d/13rdpmsI5n0dnsb33u4YHGwI8VrWtCeLDWDELO_hC7Qs
341,島,ISLAND,KLC_00341,2,RAD_00196,鳥,bird,RAD,,PRIMITIVE_OR_NONKLC,https://docs.google.com/spreadsheets/d/13rdpmsI5n0dnsb33u4YHGwI8VrWtCeLDWDELO_hC7Qs
344,触,"TOUCH, CONTACT",KLC_00344,1,RAD_00142,虫,"insect, worm",RAD,,PRIMITIVE_OR_NONKLC,https://docs.google.com/spreadsheets/d/13rdpmsI5n0dnsb33u4YHGwI8VrWtCeLDWDELO_hC7Qs
344,触,"TOUCH, CONTACT",KLC_00344,2,RAD_00148,角,"angle, horn",RAD,,PRIMITIVE_OR_NONKLC,https://docs.google.com/spreadsheets/d/13rdpmsI5n0dnsb33u4YHGwI8VrWtCeLDWDELO_hC7Qs
345,解,"TAKE APART, DISSOLVE, CLARIFY",KLC_00345,1,RAD_00093,牛,"cow, cattle",RAD,,PRIMITIVE_OR_NONKLC,https://docs.google.com/spreadsheets/d/13rdpmsI5n0dnsb33u4YHGwI8VrWtCeLDWDELO_hC7Qs
345,解,"TAKE APART, DISSOLVE, CLARIFY",KLC_00345,2,RAD_00018,刀,"knife, sword, *cut*",RAD,,PRIMITIVE_OR_NONKLC,https://docs.google.com/spreadsheets/d/13rdpmsI5n0dnsb33u4YHGwI8VrWtCeLDWDELO_hC7Qs
345,解,"TAKE APART, DISSOLVE, CLARIFY",KLC_00345,3,RAD_00148,角,"angle, horn",RAD,,PRIMITIVE_OR_NONKLC,https://docs.google.com/spreadsheets/d/13rdpmsI5n0dnsb33u4YHGwI8VrWtCeLDWDELO_hC7Qs
346,独,ALONE [by oneself],KLC_00346,1,RAD_00094,犬,"dog, small animal",RAD,,PRIMITIVE_OR_NONKLC,https://docs.google.com/spreadsheets/d/13rdpmsI5n0dnsb33u4YHGwI8VrWtCeLDWDELO_hC7Qs
346,独,ALONE [by oneself],KLC_00346,2,RAD_00142,虫,"insect, worm",RAD,,PRIMITIVE_OR_NONKLC,https://docs.google.com/spreadsheets/d/13rdpmsI5n0dnsb33u4YHGwI8VrWtCeLDWDELO_hC7Qs
351,商,"TRADE, COMMERCE",KLC_00351,1,RAD_00117,立,stand,RAD,,PRIMITIVE_OR_NONKLC,https://docs.google.com/spreadsheets/d/13rdpmsI5n0dnsb33u4YHGwI8VrWtCeLDWDELO_hC7Qs
351,商,"TRADE, COMMERCE",KLC_00351,2,KLC_00006,四,FOUR,KLC,6,EARLIER_OR_SAME_KLC,https://docs.google.com/spreadsheets/d/13rdpmsI5n0dnsb33u4YHGwI8VrWtCeLDWDELO_hC7Qs
352,買,BUY,KLC_00352,1,RAD_00122,网,"net, *law*",RAD,,PRIMITIVE_OR_NONKLC,https://docs.google.com/spreadsheets/d/13rdpmsI5n0dnsb33u4YHGwI8VrWtCeLDWDELO_hC7Qs
352,買,BUY,KLC_00352,2,RAD_00154,貝,"shellfish, money, wealth",RAD,,PRIMITIVE_OR_NONKLC,https://docs.google.com/spreadsheets/d/13rdpmsI5n0dnsb33u4YHGwI8VrWtCeLDWDELO_hC7Qs
353,売,SELL,KLC_00353,1,RAD_00033,士,"scholar, military man",RAD,,PRIMITIVE_OR_NONKLC,https://docs.google.com/spreadsheets/d/13rdpmsI5n0dnsb33u4YHGwI8VrWtCeLDWDELO_hC7Qs
354,続,CONTINUE,KLC_00354,1,KLC_00353,売,SELL,KLC,353,EARLIER_OR_SAME_KLC,https://docs.google.com/spreadsheets/d/13rdpmsI5n0dnsb33u4YHGwI8VrWtCeLDWDELO_hC7Qs
354,続,CONTINUE,KLC_00354,2,RAD_00120,糸,"thread, silk",RAD,,PRIMITIVE_OR_NONKLC,https://docs.google.com/spreadsheets/d/13rdpmsI5n0dnsb33u4YHGwI8VrWtCeLDWDELO_hC7Qs
355,読,READ,KLC_00355,1,RAD_00149,言,"speech, word, say",RAD,,PRIMITIVE_OR_NONKLC,https://docs.google.com/spreadsheets/d/13rdpmsI5n0dnsb33u4YHGwI8VrWtCeLDWDELO_hC7Qs
355,読,READ,KLC_00355,2,KLC_00353,売,SELL,KLC,353,EARLIER_OR_SAME_KLC,https://docs.google.com/spreadsheets/d/13rdpmsI5n0dnsb33u4YHGwI8VrWtCeLDWDELO_hC7Qs
356,共,"JOINT, TOGETHER",KLC_00356,1,RAD_00033,士,"scholar, military man",RAD,,PRIMITIVE_OR_NONKLC,https://docs.google.com/spreadsheets/d/13rdpmsI5n0dnsb33u4YHGwI8VrWtCeLDWDELO_hC7Qs
357,供,"OFFER, SUBMIT",KLC_00357,1,KLC_00356,共,"JOINT, TOGETHER",KLC,356,EARLIER_OR_SAME_KLC,https://docs.google.com/spreadsheets/d/13rdpmsI5n0dnsb33u4YHGwI8VrWtCeLDWDELO_hC7Qs
357,供,"OFFER, SUBMIT",KLC_00357,2,RAD_00009,人,"person, *roof*",RAD,,PRIMITIVE_OR_NONKLC,https://docs.google.com/spreadsheets/d/13rdpmsI5n0dnsb33u4YHGwI8VrWtCeLDWDELO_hC7Qs
358,洪,FLOOD,KLC_00358,1,RAD_00085,水,"water, *liquid*",RAD,,PRIMITIVE_OR_NONKLC,https://docs.google.com/spreadsheets/d/13rdpmsI5n0dnsb33u4YHGwI8VrWtCeLDWDELO_hC7Qs
358,洪,FLOOD,KLC_00358,2,KLC_00356,共,"JOINT, TOGETHER",KLC,356,EARLIER_OR_SAME_KLC,https://docs.google.com/spreadsheets/d/13rdpmsI5n0dnsb33u4YHGwI8VrWtCeLDWDELO_hC7Qs
359,昔,"ANCIENT, FORMER TIMES",KLC_00359,1,RAD_00072,日,"sun, day",RAD,,PRIMITIVE_OR_NONKLC,https://docs.google.com/spreadsheets/d/13rdpmsI5n0dnsb33u4YHGwI8VrWtCeLDWDELO_hC7Qs
359,昔,"ANCIENT, FORMER TIMES",KLC_00359,2,KLC_00356,共,"JOINT, TOGETHER",KLC,356,EARLIER_OR_SAME_KLC,https://docs.google.com/spreadsheets/d/13rdpmsI5n0dnsb33u4YHGwI8VrWtCeLDWDELO_hC7Qs
360,冬,WINTER,KLC_00360,1,RAD_00034,夂,"winter, go, *rooftop*, *crossed legs*",RAD,,PRIMITIVE_OR_NONKLC,https://docs.google.com/spreadsheets/d/13rdpmsI5n0dnsb33u4YHGwI8VrWtCeLDWDELO_hC7Qs
361,寒,COLD,KLC_00361,1,KLC_00356,共,"JOINT, TOGETHER",KLC,356,EARLIER_OR_SAME_KLC,https://docs.google.com/spreadsheets/d/13rdpmsI5n0dnsb33u4YHGwI8VrWtCeLDWDELO_hC7Qs
361,寒,COLD,KLC_00361,2,RAD_00040,宀,roof,RAD,,PRIMITIVE_OR_NONKLC,https://docs.google.com/spreadsheets/d/13rdpmsI5n0dnsb33u4YHGwI8VrWtCeLDWDELO_hC7Qs
362,春,SPRING,KLC_00362,1,RAD_00009,人,"person, *roof*",RAD,,PRIMITIVE_OR_NONKLC,https://docs.google.com/spreadsheets/d/13rdpmsI5n0dnsb33u4YHGwI8VrWtCeLDWDELO_hC7Qs
362,春,SPRING,KLC_00362,2,RAD_00072,日,"sun, day",RAD,,PRIMITIVE_OR_NONKLC,https://docs.google.com/spreadsheets/d/13rdpmsI5n0dnsb33u4YHGwI8VrWtCeLDWDELO_hC7Qs
363,夏,SUMMER,KLC_00363,1,RAD_00181,頁,"leaf, page, *head*",RAD,,PRIMITIVE_OR_NONKLC,https://docs.google.com/spreadsheets/d/13rdpmsI5n0dnsb33u4YHGwI8VrWtCeLDWDELO_hC7Qs
363,夏,SUMMER,KLC_00363,2,RAD_00034,夂,"winter, go, *rooftop*, *crossed legs*",RAD,,PRIMITIVE_OR_NONKLC,https://docs.google.com/spreadsheets/d/13rdpmsI5n0dnsb33u4YHGwI8VrWtCeLDWDELO_hC7Qs
364,秋,AUTUMN,KLC_00364,1,RAD_00115,禾,grain,RAD,,PRIMITIVE_OR_NONKLC,https://docs.google.com/spreadsheets/d/13rdpmsI5n0dnsb33u4YHGwI8VrWtCeLDWDELO_hC7Qs
364,秋,AUTUMN,KLC_00364,2,RAD_00086,火,fire,RAD,,PRIMITIVE_OR_NONKLC,https://docs.google.com/spreadsheets/d/13rdpmsI5n0dnsb33u4YHGwI8VrWtCeLDWDELO_hC7Qs
365,主,"MAIN, LORD, MASTER",KLC_00365,1,KLC_00072,王,KING,KLC,72,EARLIER_OR_SAME_KLC,https://docs.google.com/spreadsheets/d/13rdpmsI5n0dnsb33u4YHGwI8VrWtCeLDWDELO_hC7Qs
366,住,LIVE,KLC_00366,1,RAD_00009,人,"person, *roof*",RAD,,PRIMITIVE_OR_NONKLC,https://docs.google.com/spreadsheets/d/13rdpmsI5n0dnsb33u4YHGwI8VrWtCeLDWDELO_hC7Qs
366,住,LIVE,KLC_00366,2,KLC_00365,主,"MAIN, LORD, MASTER",KLC,365,EARLIER_OR_SAME_KLC,https://docs.google.com/spreadsheets/d/13rdpmsI5n0dnsb33u4YHGwI8VrWtCeLDWDELO_hC7Qs
367,駐,STATIONED,KLC_00367,1,RAD_00187,馬,horse,RAD,,PRIMITIVE_OR_NONKLC,https://docs.google.com/spreadsheets/d/13rdpmsI5n0dnsb33u4YHGwI8VrWtCeLDWDELO_hC7Qs
367,駐,STATIONED,KLC_00367,2,KLC_00365,主,"MAIN, LORD, MASTER",KLC,365,EARLIER_OR_SAME_KLC,https://docs.google.com/spreadsheets/d/13rdpmsI5n0dnsb33u4YHGwI8VrWtCeLDWDELO_hC7Qs
368,注,"POUR, ATTENTION",KLC_00368,1,RAD_00085,水,"water, *liquid*",RAD,,PRIMITIVE_OR_NONKLC,https://docs.google.com/spreadsheets/d/13rdpmsI5n0dnsb33u4YHGwI8VrWtCeLDWDELO_hC7Qs
368,注,"POUR, ATTENTION",KLC_00368,2,KLC_00365,主,"MAIN, LORD, MASTER",KLC,365,EARLIER_OR_SAME_KLC,https://docs.google.com/spreadsheets/d/13rdpmsI5n0dnsb33u4YHGwI8VrWtCeLDWDELO_hC7Qs
369,志,AMBITION,KLC_00369,1,RAD_00061,心,"heart, mind, spirit",RAD,,PRIMITIVE_OR_NONKLC,https://docs.google.com/spreadsheets/d/13rdpmsI5n0dnsb33u4YHGwI8VrWtCeLDWDELO_hC7Qs
369,志,AMBITION,KLC_00369,2,RAD_00033,士,"scholar, military man",RAD,,PRIMITIVE_OR_NONKLC,https://docs.google.com/spreadsheets/d/13rdpmsI5n0dnsb33u4YHGwI8VrWtCeLDWDELO_hC7Qs
370,誌,MAGAZINE,KLC_00370,1,KLC_00369,志,AMBITION,KLC,369,EARLIER_OR_SAME_KLC,https://docs.google.com/spreadsheets/d/13rdpmsI5n0dnsb33u4YHGwI8VrWtCeLDWDELO_hC7Qs
370,誌,MAGAZINE,KLC_00370,2,RAD_00149,言,"speech, word, say",RAD,,PRIMITIVE_OR_NONKLC,https://docs.google.com/spreadsheets/d/13rdpmsI5n0dnsb33u4YHGwI8VrWtCeLDWDELO_hC7Qs
371,仕,"SERVE, DO",KLC_00371,1,RAD_00009,人,"person, *roof*",RAD,,PRIMITIVE_OR_NONKLC,https://docs.google.com/spreadsheets/d/13rdpmsI5n0dnsb33u4YHGwI8VrWtCeLDWDELO_hC7Qs
371,仕,"SERVE, DO",KLC_00371,2,RAD_00033,士,"scholar, military man",RAD,,PRIMITIVE_OR_NONKLC,https://docs.google.com/spreadsheets/d/13rdpmsI5n0dnsb33u4YHGwI8VrWtCeLDWDELO_hC7Qs
372,任,"OFFICE, ENTRUST, DUTY",KLC_00372,1,RAD_00009,人,"person, *roof*",RAD,,PRIMITIVE_OR_NONKLC,https://docs.google.com/spreadsheets/d/13rdpmsI5n0dnsb33u4YHGwI8VrWtCeLDWDELO_hC7Qs
372,任,"OFFICE, ENTRUST, DUTY",KLC_00372,2,KLC_00072,王,KING,KLC,72,EARLIER_OR_SAME_KLC,https://docs.google.com/spreadsheets/d/13rdpmsI5n0dnsb33u4YHGwI8VrWtCeLDWDELO_hC7Qs
373,支,"branch, support",RAD_00065,1,RAD_00029,又,"again, or, *hand*",RAD,,PRIMITIVE_OR_NONKLC,https://docs.google.com/spreadsheets/d/13rdpmsI5n0dnsb33u4YHGwI8VrWtCeLDWDELO_hC7Qs
374,反,"COUNTER, ANTI",KLC_00374,1,RAD_00029,又,"again, or, *hand*",RAD,,PRIMITIVE_OR_NONKLC,https://docs.google.com/spreadsheets/d/13rdpmsI5n0dnsb33u4YHGwI8VrWtCeLDWDELO_hC7Qs
374,反,"COUNTER, ANTI",KLC_00374,2,RAD_00027,厂,cliff,RAD,,PRIMITIVE_OR_NONKLC,https://docs.google.com/spreadsheets/d/13rdpmsI5n0dnsb33u4YHGwI8VrWtCeLDWDELO_hC7Qs
375,坂,SLOPE [hill],KLC_00375,1,RAD_00032,土,"soil, earth",RAD,,PRIMITIVE_OR_NONKLC,https://docs.google.com/spreadsheets/d/13rdpmsI5n0dnsb33u4YHGwI8VrWtCeLDWDELO_hC7Qs
375,坂,SLOPE [hill],KLC_00375,2,KLC_00374,反,"COUNTER, ANTI",KLC,374,EARLIER_OR_SAME_KLC,https://docs.google.com/spreadsheets/d/13rdpmsI5n0dnsb33u4YHGwI8VrWtCeLDWDELO_hC7Qs
376,阪,"ŌSAKA, SLOPE",KLC_00376,1,RAD_00170,阜,hill [left of kanji],RAD,,PRIMITIVE_OR_NONKLC,https://docs.google.com/spreadsheets/d/13rdpmsI5n0dnsb33u4YHGwI8VrWtCeLDWDELO_hC7Qs
376,阪,"ŌSAKA, SLOPE",KLC_00376,2,KLC_00374,反,"COUNTER, ANTI",KLC,374,EARLIER_OR_SAME_KLC,https://docs.google.com/spreadsheets/d/13rdpmsI5n0dnsb33u4YHGwI8VrWtCeLDWDELO_hC7Qs
377,飯,"COOKED RICE, MEAL",KLC_00377,1,RAD_00184,食,eat,RAD,,PRIMITIVE_OR_NONKLC,https://docs.google.com/spreadsheets/d/13rdpmsI5n0dnsb33u4YHGwI8VrWtCeLDWDELO_hC7Qs
377,飯,"COOKED RICE, MEAL",KLC_00377,2,KLC_00374,反,"COUNTER, ANTI",KLC,374,EARLIER_OR_SAME_KLC,https://docs.google.com/spreadsheets/d/13rdpmsI5n0dnsb33u4YHGwI8VrWtCeLDWDELO_hC7Qs
378,返,"RETURN, SEND BACK",KLC_00378,1,RAD_00162,辵,"walk, *transport*",RAD,,PRIMITIVE_OR_NONKLC,https://docs.google.com/spreadsheets/d/13rdpmsI5n0dnsb33u4YHGwI8VrWtCeLDWDELO_hC7Qs
378,返,"RETURN, SEND BACK",KLC_00378,2,KLC_00374,反,"COUNTER, ANTI",KLC,374,EARLIER_OR_SAME_KLC,https://docs.google.com/spreadsheets/d/13rdpmsI5n0dnsb33u4YHGwI8VrWtCeLDWDELO_hC7Qs
379,雑,"MISCELLANEOUS, MIXED",KLC_00379,1,KLC_00011,九,NINE,KLC,11,EARLIER_OR_SAME_KLC,https://docs.google.com/spreadsheets/d/13rdpmsI5n0dnsb33u4YHGwI8VrWtCeLDWDELO_hC7Qs
379,雑,"MISCELLANEOUS, MIXED",KLC_00379,2,RAD_00172,隹,small bird,RAD,,PRIMITIVE_OR_NONKLC,https://docs.google.com/spreadsheets/d/13rdpmsI5n0dnsb33u4YHGwI8VrWtCeLDWDELO_hC7Qs
379,雑,"MISCELLANEOUS, MIXED",KLC_00379,3,RAD_00075,木,tree,RAD,,PRIMITIVE_OR_NONKLC,https://docs.google.com/spreadsheets/d/13rdpmsI5n0dnsb33u4YHGwI8VrWtCeLDWDELO_hC7Qs
380,乱,"DISORDERED, EXCESSIVE",KLC_00380,1,RAD_00135,舌,tongue,RAD,,PRIMITIVE_OR_NONKLC,https://docs.google.com/spreadsheets/d/13rdpmsI5n0dnsb33u4YHGwI8VrWtCeLDWDELO_hC7Qs
380,乱,"DISORDERED, EXCESSIVE",KLC_00380,2,RAD_00006,亅,"hook, barb",RAD,,PRIMITIVE_OR_NONKLC,https://docs.google.com/spreadsheets/d/13rdpmsI5n0dnsb33u4YHGwI8VrWtCeLDWDELO_hC7Qs
382,寺,BUDDHIST TEMPLE,KLC_00382,1,RAD_00041,寸,"measurement, tenth of shaku, a bit of",RAD,,PRIMITIVE_OR_NONKLC,https://docs.google.com/spreadsheets/d/13rdpmsI5n0dnsb33u4YHGwI8VrWtCeLDWDELO_hC7Qs
382,寺,BUDDHIST TEMPLE,KLC_00382,2,RAD_00032,土,"soil, earth",RAD,,PRIMITIVE_OR_NONKLC,https://docs.google.com/spreadsheets/d/13rdpmsI5n0dnsb33u4YHGwI8VrWtCeLDWDELO_hC7Qs
383,時,TIME,KLC_00383,1,RAD_00072,日,"sun, day",RAD,,PRIMITIVE_OR_NONKLC,https://docs.google.com/spreadsheets/d/13rdpmsI5n0dnsb33u4YHGwI8VrWtCeLDWDELO_hC7Qs
383,時,TIME,KLC_00383,2,KLC_00382,寺,BUDDHIST TEMPLE,KLC,382,EARLIER_OR_SAME_KLC,https://docs.google.com/spreadsheets/d/13rdpmsI5n0dnsb33u4YHGwI8VrWtCeLDWDELO_hC7Qs
384,持,"HOLD, KEEP",KLC_00384,1,KLC_00382,寺,BUDDHIST TEMPLE,KLC,382,EARLIER_OR_SAME_KLC,https://docs.google.com/spreadsheets/d/13rdpmsI5n0dnsb33u4YHGwI8VrWtCeLDWDELO_hC7Qs
384,持,"HOLD, KEEP",KLC_00384,2,RAD_00064,手,"hand, performer of action",RAD,,PRIMITIVE_OR_NONKLC,https://docs.google.com/spreadsheets/d/13rdpmsI5n0dnsb33u4YHGwI8VrWtCeLDWDELO_hC7Qs
385,特,"SPECIAL, PARTICULAR",KLC_00385,1,RAD_00093,牛,"cow, cattle",RAD,,PRIMITIVE_OR_NONKLC,https://docs.google.com/spreadsheets/d/13rdpmsI5n0dnsb33u4YHGwI8VrWtCeLDWDELO_hC7Qs
385,特,"SPECIAL, PARTICULAR",KLC_00385,2,KLC_00382,寺,BUDDHIST TEMPLE,KLC,382,EARLIER_OR_SAME_KLC,https://docs.google.com/spreadsheets/d/13rdpmsI5n0dnsb33u4YHGwI8VrWtCeLDWDELO_hC7Qs
386,待,WAIT,KLC_00386,1,RAD_00060,彳,"linger, stop, go",RAD,,PRIMITIVE_OR_NONKLC,https://docs.google.com/spreadsheets/d/13rdpmsI5n0dnsb33u4YHGwI8VrWtCeLDWDELO_hC7Qs
386,待,WAIT,KLC_00386,2,KLC_00382,寺,BUDDHIST TEMPLE,KLC,382,EARLIER_OR_SAME_KLC,https://docs.google.com/spreadsheets/d/13rdpmsI5n0dnsb33u4YHGwI8VrWtCeLDWDELO_hC7Qs
387,得,"ACQUIRE, GAIN",KLC_00387,1,RAD_00060,彳,"linger, stop, go",RAD,,PRIMITIVE_OR_NONKLC,https://docs.google.com/spreadsheets/d/13rdpmsI5n0dnsb33u4YHGwI8VrWtCeLDWDELO_hC7Qs
387,得,"ACQUIRE, GAIN",KLC_00387,2,RAD_00041,寸,"measurement, tenth of shaku, a bit of",RAD,,PRIMITIVE_OR_NONKLC,https://docs.google.com/spreadsheets/d/13rdpmsI5n0dnsb33u4YHGwI8VrWtCeLDWDELO_hC7Qs
387,得,"ACQUIRE, GAIN",KLC_00387,3,RAD_00072,日,"sun, day",RAD,,PRIMITIVE_OR_NONKLC,https://docs.google.com/spreadsheets/d/13rdpmsI5n0dnsb33u4YHGwI8VrWtCeLDWDELO_hC7Qs
388,侍,"ATTEND UPON, SAMURAI",KLC_00388,1,RAD_00009,人,"person, *roof*",RAD,,PRIMITIVE_OR_NONKLC,https://docs.google.com/spreadsheets/d/13rdpmsI5n0dnsb33u4YHGwI8VrWtCeLDWDELO_hC7Qs
388,侍,"ATTEND UPON, SAMURAI",KLC_00388,2,KLC_00382,寺,BUDDHIST TEMPLE,KLC,382,EARLIER_OR_SAME_KLC,https://docs.google.com/spreadsheets/d/13rdpmsI5n0dnsb33u4YHGwI8VrWtCeLDWDELO_hC7Qs
389,詩,POETRY,KLC_00389,1,RAD_00149,言,"speech, word, say",RAD,,PRIMITIVE_OR_NONKLC,https://docs.google.com/spreadsheets/d/13rdpmsI5n0dnsb33u4YHGwI8VrWtCeLDWDELO_hC7Qs
389,詩,POETRY,KLC_00389,2,KLC_00382,寺,BUDDHIST TEMPLE,KLC,382,EARLIER_OR_SAME_KLC,https://docs.google.com/spreadsheets/d/13rdpmsI5n0dnsb33u4YHGwI8VrWtCeLDWDELO_hC7Qs
390,即,"IMMEDIATE, NAMELY",KLC_00390,1,RAD_00026,卩,seal [device],RAD,,PRIMITIVE_OR_NONKLC,https://docs.google.com/spreadsheets/d/13rdpmsI5n0dnsb33u4YHGwI8VrWtCeLDWDELO_hC7Qs
390,即,"IMMEDIATE, NAMELY",KLC_00390,2,RAD_00138,艮,stopping,RAD,,PRIMITIVE_OR_NONKLC,https://docs.google.com/spreadsheets/d/13rdpmsI5n0dnsb33u4YHGwI8VrWtCeLDWDELO_hC7Qs
391,節,"JOINT, INTERVAL, SEASON",KLC_00391,1,RAD_00118,竹,"bamboo, counting",RAD,,PRIMITIVE_OR_NONKLC,https://docs.google.com/spreadsheets/d/13rdpmsI5n0dnsb33u4YHGwI8VrWtCeLDWDELO_hC7Qs
391,節,"JOINT, INTERVAL, SEASON",KLC_00391,2,KLC_00390,即,"IMMEDIATE, NAMELY",KLC,390,EARLIER_OR_SAME_KLC,https://docs.google.com/spreadsheets/d/13rdpmsI5n0dnsb33u4YHGwI8VrWtCeLDWDELO_hC7Qs
392,筋,"MUSCLE, THREADLIKE STRUCTURE",KLC_00392,1,RAD_00118,竹,"bamboo, counting",RAD,,PRIMITIVE_OR_NONKLC,https://docs.google.com/spreadsheets/d/13rdpmsI5n0dnsb33u4YHGwI8VrWtCeLDWDELO_hC7Qs
392,筋,"MUSCLE, THREADLIKE STRUCTURE",KLC_00392,2,RAD_00074,月,"moon, month, *flesh*, *body part*",RAD,,PRIMITIVE_OR_NONKLC,https://docs.google.com/spreadsheets/d/13rdpmsI5n0dnsb33u4YHGwI8VrWtCeLDWDELO_hC7Qs
392,筋,"MUSCLE, THREADLIKE STRUCTURE",KLC_00392,3,RAD_00019,力,"power, strength",RAD,,PRIMITIVE_OR_NONKLC,https://docs.google.com/spreadsheets/d/13rdpmsI5n0dnsb33u4YHGwI8VrWtCeLDWDELO_hC7Qs
393,等,"EQUAL, CLASS",KLC_00393,1,RAD_00118,竹,"bamboo, counting",RAD,,PRIMITIVE_OR_NONKLC,https://docs.google.com/spreadsheets/d/13rdpmsI5n0dnsb33u4YHGwI8VrWtCeLDWDELO_hC7Qs
393,等,"EQUAL, CLASS",KLC_00393,2,KLC_00382,寺,BUDDHIST TEMPLE,KLC,382,EARLIER_OR_SAME_KLC,https://docs.google.com/spreadsheets/d/13rdpmsI5n0dnsb33u4YHGwI8VrWtCeLDWDELO_hC7Qs
394,均,EQUAL,KLC_00394,1,RAD_00032,土,"soil, earth",RAD,,PRIMITIVE_OR_NONKLC,https://docs.google.com/spreadsheets/d/13rdpmsI5n0dnsb33u4YHGwI8VrWtCeLDWDELO_hC7Qs
395,季,SEASON,KLC_00395,1,RAD_00039,子,child,RAD,,PRIMITIVE_OR_NONKLC,https://docs.google.com/spreadsheets/d/13rdpmsI5n0dnsb33u4YHGwI8VrWtCeLDWDELO_hC7Qs
395,季,SEASON,KLC_00395,2,RAD_00115,禾,grain,RAD,,PRIMITIVE_OR_NONKLC,https://docs.google.com/spreadsheets/d/13rdpmsI5n0dnsb33u4YHGwI8VrWtCeLDWDELO_hC7Qs
396,委,"COMMIT, LEAVE TO",KLC_00396,1,RAD_00115,禾,grain,RAD,,PRIMITIVE_OR_NONKLC,https://docs.google.com/spreadsheets/d/13rdpmsI5n0dnsb33u4YHGwI8VrWtCeLDWDELO_hC7Qs
396,委,"COMMIT, LEAVE TO",KLC_00396,2,RAD_00038,女,woman,RAD,,PRIMITIVE_OR_NONKLC,https://docs.google.com/spreadsheets/d/13rdpmsI5n0dnsb33u4YHGwI8VrWtCeLDWDELO_hC7Qs
398,空,"SKY, AIR, EMPTY",KLC_00398,1,RAD_00048,工,"construction, craft, work",RAD,,PRIMITIVE_OR_NONKLC,https://docs.google.com/spreadsheets/d/13rdpmsI5n0dnsb33u4YHGwI8VrWtCeLDWDELO_hC7Qs
398,空,"SKY, AIR, EMPTY",KLC_00398,2,RAD_00116,穴,"cave, hole",RAD,,PRIMITIVE_OR_NONKLC,https://docs.google.com/spreadsheets/d/13rdpmsI5n0dnsb33u4YHGwI8VrWtCeLDWDELO_hC7Qs
399,友,FRIEND,KLC_00399,1,SUP_00008,𠂇,hand,SUP,,PRIMITIVE_OR_NONKLC,https://docs.google.com/spreadsheets/d/13rdpmsI5n0dnsb33u4YHGwI8VrWtCeLDWDELO_hC7Qs
399,友,FRIEND,KLC_00399,2,RAD_00029,又,"again, or, *hand*",RAD,,PRIMITIVE_OR_NONKLC,https://docs.google.com/spreadsheets/d/13rdpmsI5n0dnsb33u4YHGwI8VrWtCeLDWDELO_hC7Qs
400,有,"HAVE, EXIST",KLC_00400,1,RAD_00074,月,"moon, month, *flesh*, *body part*",RAD,,PRIMITIVE_OR_NONKLC,https://docs.google.com/spreadsheets/d/13rdpmsI5n0dnsb33u4YHGwI8VrWtCeLDWDELO_hC7Qs
400,有,"HAVE, EXIST",KLC_00400,2,RAD_00029,又,"again, or, *hand*",RAD,,PRIMITIVE_OR_NONKLC,https://docs.google.com/spreadsheets/d/13rdpmsI5n0dnsb33u4YHGwI8VrWtCeLDWDELO_hC7Qs
401,左,LEFT,KLC_00401,1,RAD_00048,工,"construction, craft, work",RAD,,PRIMITIVE_OR_NONKLC,https://docs.google.com/spreadsheets/d/13rdpmsI5n0dnsb33u4YHGwI8VrWtCeLDWDELO_hC7Qs
402,右,RIGHT,KLC_00402,1,RAD_00030,口,"mouth, *opening*",RAD,,PRIMITIVE_OR_NONKLC,https://docs.google.com/spreadsheets/d/13rdpmsI5n0dnsb33u4YHGwI8VrWtCeLDWDELO_hC7Qs
403,石,"stone, rock",RAD_00112,1,RAD_00027,厂,cliff,RAD,,PRIMITIVE_OR_NONKLC,https://docs.google.com/spreadsheets/d/13rdpmsI5n0dnsb33u4YHGwI8VrWtCeLDWDELO_hC7Qs
404,若,YOUNG,KLC_00404,1,KLC_00402,右,RIGHT,KLC,402,EARLIER_OR_SAME_KLC,https://docs.google.com/spreadsheets/d/13rdpmsI5n0dnsb33u4YHGwI8VrWtCeLDWDELO_hC7Qs
404,若,YOUNG,KLC_00404,2,RAD_00140,艸,"grass, vegetation",RAD,,PRIMITIVE_OR_NONKLC,https://docs.google.com/spreadsheets/d/13rdpmsI5n0dnsb33u4YHGwI8VrWtCeLDWDELO_hC7Qs
405,苦,"SUFFERING, BITTER",KLC_00405,1,KLC_00254,古,"OLD, *tombstone*",KLC,254,EARLIER_OR_SAME_KLC,https://docs.google.com/spreadsheets/d/13rdpmsI5n0dnsb33u4YHGwI8VrWtCeLDWDELO_hC7Qs
405,苦,"SUFFERING, BITTER",KLC_00405,2,RAD_00140,艸,"grass, vegetation",RAD,,PRIMITIVE_OR_NONKLC,https://docs.google.com/spreadsheets/d/13rdpmsI5n0dnsb33u4YHGwI8VrWtCeLDWDELO_hC7Qs
406,在,"BE, RESIDE",KLC_00406,1,RAD_00032,土,"soil, earth",RAD,,PRIMITIVE_OR_NONKLC,https://docs.google.com/spreadsheets/d/13rdpmsI5n0dnsb33u4YHGwI8VrWtCeLDWDELO_hC7Qs
407,存,EXIST,KLC_00407,1,RAD_00039,子,child,RAD,,PRIMITIVE_OR_NONKLC,https://docs.google.com/spreadsheets/d/13rdpmsI5n0dnsb33u4YHGwI8VrWtCeLDWDELO_hC7Qs
409,刊,PUBLISH,KLC_00409,1,RAD_00051,干,dry,RAD,,PRIMITIVE_OR_NONKLC,https://docs.google.com/spreadsheets/d/13rdpmsI5n0dnsb33u4YHGwI8VrWtCeLDWDELO_hC7Qs
409,刊,PUBLISH,KLC_00409,2,RAD_00018,刀,"knife, sword, *cut*",RAD,,PRIMITIVE_OR_NONKLC,https://docs.google.com/spreadsheets/d/13rdpmsI5n0dnsb33u4YHGwI8VrWtCeLDWDELO_hC7Qs
410,汗,SWEAT,KLC_00410,1,RAD_00051,干,dry,RAD,,PRIMITIVE_OR_NONKLC,https://docs.google.com/spreadsheets/d/13rdpmsI5n0dnsb33u4YHGwI8VrWtCeLDWDELO_hC7Qs
410,汗,SWEAT,KLC_00410,2,RAD_00085,水,"water, *liquid*",RAD,,PRIMITIVE_OR_NONKLC,https://docs.google.com/spreadsheets/d/13rdpmsI5n0dnsb33u4YHGwI8VrWtCeLDWDELO_hC7Qs
411,竿,POLE,KLC_00411,1,RAD_00118,竹,"bamboo, counting",RAD,,PRIMITIVE_OR_NONKLC,https://docs.google.com/spreadsheets/d/13rdpmsI5n0dnsb33u4YHGwI8VrWtCeLDWDELO_hC7Qs
411,竿,POLE,KLC_00411,2,RAD_00051,干,dry,RAD,,PRIMITIVE_OR_NONKLC,https://docs.google.com/spreadsheets/d/13rdpmsI5n0dnsb33u4YHGwI8VrWtCeLDWDELO_hC7Qs
412,利,"ADVANTAGE, PROFIT",KLC_00412,1,RAD_00018,刀,"knife, sword, *cut*",RAD,,PRIMITIVE_OR_NONKLC,https://docs.google.com/spreadsheets/d/13rdpmsI5n0dnsb33u4YHGwI8VrWtCeLDWDELO_hC7Qs
412,利,"ADVANTAGE, PROFIT",KLC_00412,2,RAD_00115,禾,grain,RAD,,PRIMITIVE_OR_NONKLC,https://docs.google.com/spreadsheets/d/13rdpmsI5n0dnsb33u4YHGwI8VrWtCeLDWDELO_hC7Qs
413,害,HARM,KLC_00413,1,RAD_00030,口,"mouth, *opening*",RAD,,PRIMITIVE_OR_NONKLC,https://docs.google.com/spreadsheets/d/13rdpmsI5n0dnsb33u4YHGwI8VrWtCeLDWDELO_hC7Qs
413,害,HARM,KLC_00413,2,RAD_00100,生,"life, student, *growing plant*",RAD,,PRIMITIVE_OR_NONKLC,https://docs.google.com/spreadsheets/d/13rdpmsI5n0dnsb33u4YHGwI8VrWtCeLDWDELO_hC7Qs
414,益,BENEFIT,KLC_00414,1,RAD_00108,皿,"plate, dish",RAD,,PRIMITIVE_OR_NONKLC,https://docs.google.com/spreadsheets/d/13rdpmsI5n0dnsb33u4YHGwI8VrWtCeLDWDELO_hC7Qs
415,溢,SPILL OVER,KLC_00415,1,RAD_00108,皿,"plate, dish",RAD,,PRIMITIVE_OR_NONKLC,https://docs.google.com/spreadsheets/d/13rdpmsI5n0dnsb33u4YHGwI8VrWtCeLDWDELO_hC7Qs
415,溢,SPILL OVER,KLC_00415,2,RAD_00085,水,"water, *liquid*",RAD,,PRIMITIVE_OR_NONKLC,https://docs.google.com/spreadsheets/d/13rdpmsI5n0dnsb33u4YHGwI8VrWtCeLDWDELO_hC7Qs
416,割,"DIVIDE, CUT",KLC_00416,1,KLC_00413,害,HARM,KLC,413,EARLIER_OR_SAME_KLC,https://docs.google.com/spreadsheets/d/13rdpmsI5n0dnsb33u4YHGwI8VrWtCeLDWDELO_hC7Qs
416,割,"DIVIDE, CUT",KLC_00416,2,RAD_00018,刀,"knife, sword, *cut*",RAD,,PRIMITIVE_OR_NONKLC,https://docs.google.com/spreadsheets/d/13rdpmsI5n0dnsb33u4YHGwI8VrWtCeLDWDELO_hC7Qs
417,憲,CONSTITUTION [code of laws],KLC_00417,1,RAD_00100,生,"life, student, *growing plant*",RAD,,PRIMITIVE_OR_NONKLC,https://docs.google.com/spreadsheets/d/13rdpmsI5n0dnsb33u4YHGwI8VrWtCeLDWDELO_hC7Qs
417,憲,CONSTITUTION [code of laws],KLC_00417,2,RAD_00122,网,"net, *law*",RAD,,PRIMITIVE_OR_NONKLC,https://docs.google.com/spreadsheets/d/13rdpmsI5n0dnsb33u4YHGwI8VrWtCeLDWDELO_hC7Qs
417,憲,CONSTITUTION [code of laws],KLC_00417,3,RAD_00061,心,"heart, mind, spirit",RAD,,PRIMITIVE_OR_NONKLC,https://docs.google.com/spreadsheets/d/13rdpmsI5n0dnsb33u4YHGwI8VrWtCeLDWDELO_hC7Qs
419,翌,THE FOLLOWING [next],KLC_00419,1,RAD_00117,立,stand,RAD,,PRIMITIVE_OR_NONKLC,https://docs.google.com/spreadsheets/d/13rdpmsI5n0dnsb33u4YHGwI8VrWtCeLDWDELO_hC7Qs
419,翌,THE FOLLOWING [next],KLC_00419,2,RAD_00124,羽,"feather, wing",RAD,,PRIMITIVE_OR_NONKLC,https://docs.google.com/spreadsheets/d/13rdpmsI5n0dnsb33u4YHGwI8VrWtCeLDWDELO_hC7Qs
420,習,"LEARN, CUSTOM",KLC_00420,1,RAD_00106,白,white,RAD,,PRIMITIVE_OR_NONKLC,https://docs.google.com/spreadsheets/d/13rdpmsI5n0dnsb33u4YHGwI8VrWtCeLDWDELO_hC7Qs
420,習,"LEARN, CUSTOM",KLC_00420,2,RAD_00124,羽,"feather, wing",RAD,,PRIMITIVE_OR_NONKLC,https://docs.google.com/spreadsheets/d/13rdpmsI5n0dnsb33u4YHGwI8VrWtCeLDWDELO_hC7Qs
422,引,"DRAW, REDUCE, PULL",KLC_00422,1,RAD_00057,弓,bow,RAD,,PRIMITIVE_OR_NONKLC,https://docs.google.com/spreadsheets/d/13rdpmsI5n0dnsb33u4YHGwI8VrWtCeLDWDELO_hC7Qs
423,強,STRONG,KLC_00423,1,RAD_00057,弓,bow,RAD,,PRIMITIVE_OR_NONKLC,https://docs.google.com/spreadsheets/d/13rdpmsI5n0dnsb33u4YHGwI8VrWtCeLDWDELO_hC7Qs
423,強,STRONG,KLC_00423,2,RAD_00142,虫,"insect, worm",RAD,,PRIMITIVE_OR_NONKLC,https://docs.google.com/spreadsheets/d/13rdpmsI5n0dnsb33u4YHGwI8VrWtCeLDWDELO_hC7Qs
424,弱,WEAK,KLC_00424,1,RAD_00124,羽,"feather, wing",RAD,,PRIMITIVE_OR_NONKLC,https://docs.google.com/spreadsheets/d/13rdpmsI5n0dnsb33u4YHGwI8VrWtCeLDWDELO_hC7Qs
425,風,"wind, manner",RAD_00182,1,RAD_00142,虫,"insect, worm",RAD,,PRIMITIVE_OR_NONKLC,https://docs.google.com/spreadsheets/d/13rdpmsI5n0dnsb33u4YHGwI8VrWtCeLDWDELO_hC7Qs
427,記,WRITE DOWN,KLC_00427,1,RAD_00149,言,"speech, word, say",RAD,,PRIMITIVE_OR_NONKLC,https://docs.google.com/spreadsheets/d/13rdpmsI5n0dnsb33u4YHGwI8VrWtCeLDWDELO_hC7Qs
427,記,WRITE DOWN,KLC_00427,2,RAD_00049,己,"oneself, *roll*",RAD,,PRIMITIVE_OR_NONKLC,https://docs.google.com/spreadsheets/d/13rdpmsI5n0dnsb33u4YHGwI8VrWtCeLDWDELO_hC7Qs
428,紀,"ERA, DISCIPLINE",KLC_00428,1,RAD_00120,糸,"thread, silk",RAD,,PRIMITIVE_OR_NONKLC,https://docs.google.com/spreadsheets/d/13rdpmsI5n0dnsb33u4YHGwI8VrWtCeLDWDELO_hC7Qs
428,紀,"ERA, DISCIPLINE",KLC_00428,2,RAD_00049,己,"oneself, *roll*",RAD,,PRIMITIVE_OR_NONKLC,https://docs.google.com/spreadsheets/d/13rdpmsI5n0dnsb33u4YHGwI8VrWtCeLDWDELO_hC7Qs
429,改,REFORM,KLC_00429,1,RAD_00066,攴,"hit, strike, *action*",RAD,,PRIMITIVE_OR_NONKLC,https://docs.google.com/spreadsheets/d/13rdpmsI5n0dnsb33u4YHGwI8VrWtCeLDWDELO_hC7Qs
429,改,REFORM,KLC_00429,2,RAD_00049,己,"oneself, *roll*",RAD,,PRIMITIVE_OR_NONKLC,https://docs.google.com/spreadsheets/d/13rdpmsI5n0dnsb33u4YHGwI8VrWtCeLDWDELO_hC7Qs
430,起,"RISE, OCCUR, WAKE UP",KLC_00430,1,RAD_00049,己,"oneself, *roll*",RAD,,PRIMITIVE_OR_NONKLC,https://docs.google.com/spreadsheets/d/13rdpmsI5n0dnsb33u4YHGwI8VrWtCeLDWDELO_hC7Qs
430,起,"RISE, OCCUR, WAKE UP",KLC_00430,2,RAD_00156,走,run,RAD,,PRIMITIVE_OR_NONKLC,https://docs.google.com/spreadsheets/d/13rdpmsI5n0dnsb33u4YHGwI8VrWtCeLDWDELO_hC7Qs
431,姓,SURNAME,KLC_00431,1,RAD_00038,女,woman,RAD,,PRIMITIVE_OR_NONKLC,https://docs.google.com/spreadsheets/d/13rdpmsI5n0dnsb33u4YHGwI8VrWtCeLDWDELO_hC7Qs
431,姓,SURNAME,KLC_00431,2,RAD_00100,生,"life, student, *growing plant*",RAD,,PRIMITIVE_OR_NONKLC,https://docs.google.com/spreadsheets/d/13rdpmsI5n0dnsb33u4YHGwI8VrWtCeLDWDELO_hC7Qs
433,油,OIL,KLC_00433,1,RAD_00085,水,"water, *liquid*",RAD,,PRIMITIVE_OR_NONKLC,https://docs.google.com/spreadsheets/d/13rdpmsI5n0dnsb33u4YHGwI8VrWtCeLDWDELO_hC7Qs
433,油,OIL,KLC_00433,2,RAD_00102,田,"rice field, *head*",RAD,,PRIMITIVE_OR_NONKLC,https://docs.google.com/spreadsheets/d/13rdpmsI5n0dnsb33u4YHGwI8VrWtCeLDWDELO_hC7Qs
435,囲,ENCLOSE,KLC_00435,1,KLC_00434,井,WELL,KLC,434,EARLIER_OR_SAME_KLC,https://docs.google.com/spreadsheets/d/13rdpmsI5n0dnsb33u4YHGwI8VrWtCeLDWDELO_hC7Qs
438,寧,"COURTEOUS, PEACEFUL",KLC_00438,1,KLC_00437,丁,"TOWN SUBSECTION, ROAD, MISCELLANEOUS COUNTER",KLC,437,EARLIER_OR_SAME_KLC,https://docs.google.com/spreadsheets/d/13rdpmsI5n0dnsb33u4YHGwI8VrWtCeLDWDELO_hC7Qs
438,寧,"COURTEOUS, PEACEFUL",KLC_00438,2,RAD_00061,心,"heart, mind, spirit",RAD,,PRIMITIVE_OR_NONKLC,https://docs.google.com/spreadsheets/d/13rdpmsI5n0dnsb33u4YHGwI8VrWtCeLDWDELO_hC7Qs
438,寧,"COURTEOUS, PEACEFUL",KLC_00438,3,RAD_00040,宀,roof,RAD,,PRIMITIVE_OR_NONKLC,https://docs.google.com/spreadsheets/d/13rdpmsI5n0dnsb33u4YHGwI8VrWtCeLDWDELO_hC7Qs
438,寧,"COURTEOUS, PEACEFUL",KLC_00438,4,RAD_00122,网,"net, *law*",RAD,,PRIMITIVE_OR_NONKLC,https://docs.google.com/spreadsheets/d/13rdpmsI5n0dnsb33u4YHGwI8VrWtCeLDWDELO_hC7Qs
439,町,TOWN,KLC_00439,1,KLC_00437,丁,"TOWN SUBSECTION, ROAD, MISCELLANEOUS COUNTER",KLC,437,EARLIER_OR_SAME_KLC,https://docs.google.com/spreadsheets/d/13rdpmsI5n0dnsb33u4YHGwI8VrWtCeLDWDELO_hC7Qs
439,町,TOWN,KLC_00439,2,RAD_00102,田,"rice field, *head*",RAD,,PRIMITIVE_OR_NONKLC,https://docs.google.com/spreadsheets/d/13rdpmsI5n0dnsb33u4YHGwI8VrWtCeLDWDELO_hC7Qs
440,灯,LAMP,KLC_00440,1,RAD_00086,火,fire,RAD,,PRIMITIVE_OR_NONKLC,https://docs.google.com/spreadsheets/d/13rdpmsI5n0dnsb33u4YHGwI8VrWtCeLDWDELO_hC7Qs
440,灯,LAMP,KLC_00440,2,KLC_00437,丁,"TOWN SUBSECTION, ROAD, MISCELLANEOUS COUNTER",KLC,437,EARLIER_OR_SAME_KLC,https://docs.google.com/spreadsheets/d/13rdpmsI5n0dnsb33u4YHGwI8VrWtCeLDWDELO_hC7Qs
441,庁,GOVERNMENT AGENCY,KLC_00441,1,RAD_00053,广,"dotted cliff, *shelter*",RAD,,PRIMITIVE_OR_NONKLC,https://docs.google.com/spreadsheets/d/13rdpmsI5n0dnsb33u4YHGwI8VrWtCeLDWDELO_hC7Qs
441,庁,GOVERNMENT AGENCY,KLC_00441,2,KLC_00437,丁,"TOWN SUBSECTION, ROAD, MISCELLANEOUS COUNTER",KLC,437,EARLIER_OR_SAME_KLC,https://docs.google.com/spreadsheets/d/13rdpmsI5n0dnsb33u4YHGwI8VrWtCeLDWDELO_hC7Qs
442,貯,"STORE UP, SAVE",KLC_00442,1,RAD_00154,貝,"shellfish, money, wealth",RAD,,PRIMITIVE_OR_NONKLC,https://docs.google.com/spreadsheets/d/13rdpmsI5n0dnsb33u4YHGwI8VrWtCeLDWDELO_hC7Qs
442,貯,"STORE UP, SAVE",KLC_00442,2,KLC_00437,丁,"TOWN SUBSECTION, ROAD, MISCELLANEOUS COUNTER",KLC,437,EARLIER_OR_SAME_KLC,https://docs.google.com/spreadsheets/d/13rdpmsI5n0dnsb33u4YHGwI8VrWtCeLDWDELO_hC7Qs
442,貯,"STORE UP, SAVE",KLC_00442,3,RAD_00040,宀,roof,RAD,,PRIMITIVE_OR_NONKLC,https://docs.google.com/spreadsheets/d/13rdpmsI5n0dnsb33u4YHGwI8VrWtCeLDWDELO_hC7Qs
443,易,"EASY, FORTUNE TELLING",KLC_00443,1,RAD_00072,日,"sun, day",RAD,,PRIMITIVE_OR_NONKLC,https://docs.google.com/spreadsheets/d/13rdpmsI5n0dnsb33u4YHGwI8VrWtCeLDWDELO_hC7Qs
443,易,"EASY, FORTUNE TELLING",KLC_00443,2,KLC_00171,勿,"NOT, DO NOT",KLC,171,EARLIER_OR_SAME_KLC,https://docs.google.com/spreadsheets/d/13rdpmsI5n0dnsb33u4YHGwI8VrWtCeLDWDELO_hC7Qs
444,賜,BESTOW,KLC_00444,1,KLC_00443,易,"EASY, FORTUNE TELLING",KLC,443,EARLIER_OR_SAME_KLC,https://docs.google.com/spreadsheets/d/13rdpmsI5n0dnsb33u4YHGwI8VrWtCeLDWDELO_hC7Qs
444,賜,BESTOW,KLC_00444,2,RAD_00154,貝,"shellfish, money, wealth",RAD,,PRIMITIVE_OR_NONKLC,https://docs.google.com/spreadsheets/d/13rdpmsI5n0dnsb33u4YHGwI8VrWtCeLDWDELO_hC7Qs
445,場,PLACE,KLC_00445,1,RAD_00032,土,"soil, earth",RAD,,PRIMITIVE_OR_NONKLC,https://docs.google.com/spreadsheets/d/13rdpmsI5n0dnsb33u4YHGwI8VrWtCeLDWDELO_hC7Qs
445,場,PLACE,KLC_00445,2,SUP_00009,昜,difficult,SUP,,PRIMITIVE_OR_NONKLC,https://docs.google.com/spreadsheets/d/13rdpmsI5n0dnsb33u4YHGwI8VrWtCeLDWDELO_hC7Qs
446,湯,HOT WATER,KLC_00446,1,SUP_00009,昜,difficult,SUP,,PRIMITIVE_OR_NONKLC,https://docs.google.com/spreadsheets/d/13rdpmsI5n0dnsb33u4YHGwI8VrWtCeLDWDELO_hC7Qs
446,湯,HOT WATER,KLC_00446,2,RAD_00085,水,"water, *liquid*",RAD,,PRIMITIVE_OR_NONKLC,https://docs.google.com/spreadsheets/d/13rdpmsI5n0dnsb33u4YHGwI8VrWtCeLDWDELO_hC7Qs
448,間,"SPACE IN BETWEEN, INTERVAL",KLC_00448,1,RAD_00072,日,"sun, day",RAD,,PRIMITIVE_OR_NONKLC,https://docs.google.com/spreadsheets/d/13rdpmsI5n0dnsb33u4YHGwI8VrWtCeLDWDELO_hC7Qs
448,間,"SPACE IN BETWEEN, INTERVAL",KLC_00448,2,RAD_00169,門,gate,RAD,,PRIMITIVE_OR_NONKLC,https://docs.google.com/spreadsheets/d/13rdpmsI5n0dnsb33u4YHGwI8VrWtCeLDWDELO_hC7Qs
449,閉,CLOSE,KLC_00449,1,RAD_00169,門,gate,RAD,,PRIMITIVE_OR_NONKLC,https://docs.google.com/spreadsheets/d/13rdpmsI5n0dnsb33u4YHGwI8VrWtCeLDWDELO_hC7Qs
450,開,OPEN,KLC_00450,1,RAD_00169,門,gate,RAD,,PRIMITIVE_OR_NONKLC,https://docs.google.com/spreadsheets/d/13rdpmsI5n0dnsb33u4YHGwI8VrWtCeLDWDELO_hC7Qs
451,関,"CONNECTION, BARRIER",KLC_00451,1,SUP_00010,关,angel,SUP,,PRIMITIVE_OR_NONKLC,https://docs.google.com/spreadsheets/d/13rdpmsI5n0dnsb33u4YHGwI8VrWtCeLDWDELO_hC7Qs
451,関,"CONNECTION, BARRIER",KLC_00451,2,RAD_00169,門,gate,RAD,,PRIMITIVE_OR_NONKLC,https://docs.google.com/spreadsheets/d/13rdpmsI5n0dnsb33u4YHGwI8VrWtCeLDWDELO_hC7Qs
452,問,QUESTION,KLC_00452,1,RAD_00169,門,gate,RAD,,PRIMITIVE_OR_NONKLC,https://docs.google.com/spreadsheets/d/13rdpmsI5n0dnsb33u4YHGwI8VrWtCeLDWDELO_hC7Qs
452,問,QUESTION,KLC_00452,2,RAD_00030,口,"mouth, *opening*",RAD,,PRIMITIVE_OR_NONKLC,https://docs.google.com/spreadsheets/d/13rdpmsI5n0dnsb33u4YHGwI8VrWtCeLDWDELO_hC7Qs
453,聞,"HEAR, ASK",KLC_00453,1,RAD_00169,門,gate,RAD,,PRIMITIVE_OR_NONKLC,https://docs.google.com/spreadsheets/d/13rdpmsI5n0dnsb33u4YHGwI8VrWtCeLDWDELO_hC7Qs
453,聞,"HEAR, ASK",KLC_00453,2,RAD_00128,耳,"ear, hearing",RAD,,PRIMITIVE_OR_NONKLC,https://docs.google.com/spreadsheets/d/13rdpmsI5n0dnsb33u4YHGwI8VrWtCeLDWDELO_hC7Qs
454,訪,VISIT,KLC_00454,1,RAD_00149,言,"speech, word, say",RAD,,PRIMITIVE_OR_NONKLC,https://docs.google.com/spreadsheets/d/13rdpmsI5n0dnsb33u4YHGwI8VrWtCeLDWDELO_hC7Qs
454,訪,VISIT,KLC_00454,2,RAD_00070,方,"direction, person, square",RAD,,PRIMITIVE_OR_NONKLC,https://docs.google.com/spreadsheets/d/13rdpmsI5n0dnsb33u4YHGwI8VrWtCeLDWDELO_hC7Qs
455,送,"SEND, TRANSMIT",KLC_00455,1,SUP_00010,关,angel,SUP,,PRIMITIVE_OR_NONKLC,https://docs.google.com/spreadsheets/d/13rdpmsI5n0dnsb33u4YHGwI8VrWtCeLDWDELO_hC7Qs
455,送,"SEND, TRANSMIT",KLC_00455,2,RAD_00162,辵,"walk, *transport*",RAD,,PRIMITIVE_OR_NONKLC,https://docs.google.com/spreadsheets/d/13rdpmsI5n0dnsb33u4YHGwI8VrWtCeLDWDELO_hC7Qs
456,券,"TICKET, CERTIFICATE",KLC_00456,1,RAD_00018,刀,"knife, sword, *cut*",RAD,,PRIMITIVE_OR_NONKLC,https://docs.google.com/spreadsheets/d/13rdpmsI5n0dnsb33u4YHGwI8VrWtCeLDWDELO_hC7Qs
456,券,"TICKET, CERTIFICATE",KLC_00456,2,SUP_00011,龹,chinese tally stick,SUP,,PRIMITIVE_OR_NONKLC,https://docs.google.com/spreadsheets/d/13rdpmsI5n0dnsb33u4YHGwI8VrWtCeLDWDELO_hC7Qs
458,巻,"ROLL UP, VOLUME",KLC_00458,1,SUP_00011,龹,chinese tally stick,SUP,,PRIMITIVE_OR_NONKLC,https://docs.google.com/spreadsheets/d/13rdpmsI5n0dnsb33u4YHGwI8VrWtCeLDWDELO_hC7Qs
458,巻,"ROLL UP, VOLUME",KLC_00458,2,RAD_00049,己,"oneself, *roll*",RAD,,PRIMITIVE_OR_NONKLC,https://docs.google.com/spreadsheets/d/13rdpmsI5n0dnsb33u4YHGwI8VrWtCeLDWDELO_hC7Qs
459,圏,SPHERE,KLC_00459,1,KLC_00458,巻,"ROLL UP, VOLUME",KLC,458,EARLIER_OR_SAME_KLC,https://docs.google.com/spreadsheets/d/13rdpmsI5n0dnsb33u4YHGwI8VrWtCeLDWDELO_hC7Qs
460,勝,"WIN, EXCEL",KLC_00460,1,RAD_00074,月,"moon, month, *flesh*, *body part*",RAD,,PRIMITIVE_OR_NONKLC,https://docs.google.com/spreadsheets/d/13rdpmsI5n0dnsb33u4YHGwI8VrWtCeLDWDELO_hC7Qs
460,勝,"WIN, EXCEL",KLC_00460,2,KLC_00456,券,"TICKET, CERTIFICATE",KLC,456,EARLIER_OR_SAME_KLC,https://docs.google.com/spreadsheets/d/13rdpmsI5n0dnsb33u4YHGwI8VrWtCeLDWDELO_hC7Qs
461,戦,"WAR, BATTLE",KLC_00461,1,RAD_00062,戈,"halberd, spear",RAD,,PRIMITIVE_OR_NONKLC,https://docs.google.com/spreadsheets/d/13rdpmsI5n0dnsb33u4YHGwI8VrWtCeLDWDELO_hC7Qs
462,単,"SINGLE, SIMPLE",KLC_00462,1,KLC_00461,戦,"WAR, BATTLE",KLC,461,EARLIER_OR_SAME_KLC,https://docs.google.com/spreadsheets/d/13rdpmsI5n0dnsb33u4YHGwI8VrWtCeLDWDELO_hC7Qs
463,簡,SIMPLE,KLC_00463,1,RAD_00169,門,gate,RAD,,PRIMITIVE_OR_NONKLC,https://docs.google.com/spreadsheets/d/13rdpmsI5n0dnsb33u4YHGwI8VrWtCeLDWDELO_hC7Qs
463,簡,SIMPLE,KLC_00463,2,RAD_00118,竹,"bamboo, counting",RAD,,PRIMITIVE_OR_NONKLC,https://docs.google.com/spreadsheets/d/13rdpmsI5n0dnsb33u4YHGwI8VrWtCeLDWDELO_hC7Qs
463,簡,SIMPLE,KLC_00463,3,RAD_00072,日,"sun, day",RAD,,PRIMITIVE_OR_NONKLC,https://docs.google.com/spreadsheets/d/13rdpmsI5n0dnsb33u4YHGwI8VrWtCeLDWDELO_hC7Qs
464,過,"PASS BY, EXCEED",KLC_00464,1,RAD_00162,辵,"walk, *transport*",RAD,,PRIMITIVE_OR_NONKLC,https://docs.google.com/spreadsheets/d/13rdpmsI5n0dnsb33u4YHGwI8VrWtCeLDWDELO_hC7Qs
465,骨,bone,RAD_00188,1,RAD_00014,冖,cloth cover,RAD,,PRIMITIVE_OR_NONKLC,https://docs.google.com/spreadsheets/d/13rdpmsI5n0dnsb33u4YHGwI8VrWtCeLDWDELO_hC7Qs
465,骨,bone,RAD_00188,2,RAD_00074,月,"moon, month, *flesh*, *body part*",RAD,,PRIMITIVE_OR_NONKLC,https://docs.google.com/spreadsheets/d/13rdpmsI5n0dnsb33u4YHGwI8VrWtCeLDWDELO_hC7Qs
466,昼,"DAYTIME, MIDDAY",KLC_00466,1,KLC_00337,尺,"SHAKU [length], MEASURE",KLC,337,EARLIER_OR_SAME_KLC,https://docs.google.com/spreadsheets/d/13rdpmsI5n0dnsb33u4YHGwI8VrWtCeLDWDELO_hC7Qs
466,昼,"DAYTIME, MIDDAY",KLC_00466,2,KLC_01392,旦,DAWN,KLC,1392,LATER_KLC_MNEMONIC_REF,https://docs.google.com/spreadsheets/d/13rdpmsI5n0dnsb33u4YHGwI8VrWtCeLDWDELO_hC7Qs
467,夜,NIGHT,KLC_00467,1,RAD_00009,人,"person, *roof*",RAD,,PRIMITIVE_OR_NONKLC,https://docs.google.com/spreadsheets/d/13rdpmsI5n0dnsb33u4YHGwI8VrWtCeLDWDELO_hC7Qs
467,夜,NIGHT,KLC_00467,2,RAD_00040,宀,roof,RAD,,PRIMITIVE_OR_NONKLC,https://docs.google.com/spreadsheets/d/13rdpmsI5n0dnsb33u4YHGwI8VrWtCeLDWDELO_hC7Qs
467,夜,NIGHT,KLC_00467,3,RAD_00036,夕,"evening, *moon*",RAD,,PRIMITIVE_OR_NONKLC,https://docs.google.com/spreadsheets/d/13rdpmsI5n0dnsb33u4YHGwI8VrWtCeLDWDELO_hC7Qs
468,液,LIQUID,KLC_00468,1,RAD_00085,水,"water, *liquid*",RAD,,PRIMITIVE_OR_NONKLC,https://docs.google.com/spreadsheets/d/13rdpmsI5n0dnsb33u4YHGwI8VrWtCeLDWDELO_hC7Qs
468,液,LIQUID,KLC_00468,2,KLC_00467,夜,NIGHT,KLC,467,EARLIER_OR_SAME_KLC,https://docs.google.com/spreadsheets/d/13rdpmsI5n0dnsb33u4YHGwI8VrWtCeLDWDELO_hC7Qs
469,戒,"CAUTION, WARN",KLC_00469,1,RAD_00062,戈,"halberd, spear",RAD,,PRIMITIVE_OR_NONKLC,https://docs.google.com/spreadsheets/d/13rdpmsI5n0dnsb33u4YHGwI8VrWtCeLDWDELO_hC7Qs
470,幾,"HOW MANY, SOME",KLC_00470,1,RAD_00009,人,"person, *roof*",RAD,,PRIMITIVE_OR_NONKLC,https://docs.google.com/spreadsheets/d/13rdpmsI5n0dnsb33u4YHGwI8VrWtCeLDWDELO_hC7Qs
470,幾,"HOW MANY, SOME",KLC_00470,2,RAD_00120,糸,"thread, silk",RAD,,PRIMITIVE_OR_NONKLC,https://docs.google.com/spreadsheets/d/13rdpmsI5n0dnsb33u4YHGwI8VrWtCeLDWDELO_hC7Qs
471,畿,CAPITAL REGION,KLC_00471,1,KLC_00470,幾,"HOW MANY, SOME",KLC,470,EARLIER_OR_SAME_KLC,https://docs.google.com/spreadsheets/d/13rdpmsI5n0dnsb33u4YHGwI8VrWtCeLDWDELO_hC7Qs
471,畿,CAPITAL REGION,KLC_00471,2,RAD_00102,田,"rice field, *head*",RAD,,PRIMITIVE_OR_NONKLC,https://docs.google.com/spreadsheets/d/13rdpmsI5n0dnsb33u4YHGwI8VrWtCeLDWDELO_hC7Qs
472,磯,ROCKY BEACH,KLC_00472,1,KLC_00470,幾,"HOW MANY, SOME",KLC,470,EARLIER_OR_SAME_KLC,https://docs.google.com/spreadsheets/d/13rdpmsI5n0dnsb33u4YHGwI8VrWtCeLDWDELO_hC7Qs
472,磯,ROCKY BEACH,KLC_00472,2,RAD_00112,石,"stone, rock",RAD,,PRIMITIVE_OR_NONKLC,https://docs.google.com/spreadsheets/d/13rdpmsI5n0dnsb33u4YHGwI8VrWtCeLDWDELO_hC7Qs
473,機,"MACHINE, OPPORTUNITY",KLC_00473,1,KLC_00470,幾,"HOW MANY, SOME",KLC,470,EARLIER_OR_SAME_KLC,https://docs.google.com/spreadsheets/d/13rdpmsI5n0dnsb33u4YHGwI8VrWtCeLDWDELO_hC7Qs
473,機,"MACHINE, OPPORTUNITY",KLC_00473,2,RAD_00075,木,tree,RAD,,PRIMITIVE_OR_NONKLC,https://docs.google.com/spreadsheets/d/13rdpmsI5n0dnsb33u4YHGwI8VrWtCeLDWDELO_hC7Qs
474,械,CONTRAPTION,KLC_00474,1,KLC_00469,戒,"CAUTION, WARN",KLC,469,EARLIER_OR_SAME_KLC,https://docs.google.com/spreadsheets/d/13rdpmsI5n0dnsb33u4YHGwI8VrWtCeLDWDELO_hC7Qs
474,械,CONTRAPTION,KLC_00474,2,RAD_00075,木,tree,RAD,,PRIMITIVE_OR_NONKLC,https://docs.google.com/spreadsheets/d/13rdpmsI5n0dnsb33u4YHGwI8VrWtCeLDWDELO_hC7Qs
477,民,"PEOPLE, RACE",KLC_00477,1,RAD_00083,氏,"family, clan",RAD,,PRIMITIVE_OR_NONKLC,https://docs.google.com/spreadsheets/d/13rdpmsI5n0dnsb33u4YHGwI8VrWtCeLDWDELO_hC7Qs
478,紙,PAPER,KLC_00478,1,RAD_00083,氏,"family, clan",RAD,,PRIMITIVE_OR_NONKLC,https://docs.google.com/spreadsheets/d/13rdpmsI5n0dnsb33u4YHGwI8VrWtCeLDWDELO_hC7Qs
478,紙,PAPER,KLC_00478,2,RAD_00120,糸,"thread, silk",RAD,,PRIMITIVE_OR_NONKLC,https://docs.google.com/spreadsheets/d/13rdpmsI5n0dnsb33u4YHGwI8VrWtCeLDWDELO_hC7Qs
479,低,LOW,KLC_00479,1,RAD_00009,人,"person, *roof*",RAD,,PRIMITIVE_OR_NONKLC,https://docs.google.com/spreadsheets/d/13rdpmsI5n0dnsb33u4YHGwI8VrWtCeLDWDELO_hC7Qs
479,低,LOW,KLC_00479,2,SUP_00012,氐,"foundation, base",SUP,,PRIMITIVE_OR_NONKLC,https://docs.google.com/spreadsheets/d/13rdpmsI5n0dnsb33u4YHGwI8VrWtCeLDWDELO_hC7Qs
480,抵,RESIST,KLC_00480,1,RAD_00064,手,"hand, performer of action",RAD,,PRIMITIVE_OR_NONKLC,https://docs.google.com/spreadsheets/d/13rdpmsI5n0dnsb33u4YHGwI8VrWtCeLDWDELO_hC7Qs
480,抵,RESIST,KLC_00480,2,SUP_00012,氐,"foundation, base",SUP,,PRIMITIVE_OR_NONKLC,https://docs.google.com/spreadsheets/d/13rdpmsI5n0dnsb33u4YHGwI8VrWtCeLDWDELO_hC7Qs
481,邸,"RESIDENCE, MANSION",KLC_00481,1,SUP_00012,氐,"foundation, base",SUP,,PRIMITIVE_OR_NONKLC,https://docs.google.com/spreadsheets/d/13rdpmsI5n0dnsb33u4YHGwI8VrWtCeLDWDELO_hC7Qs
481,邸,"RESIDENCE, MANSION",KLC_00481,2,RAD_00163,邑,city [right of kanji],RAD,,PRIMITIVE_OR_NONKLC,https://docs.google.com/spreadsheets/d/13rdpmsI5n0dnsb33u4YHGwI8VrWtCeLDWDELO_hC7Qs
482,底,BOTTOM,KLC_00482,1,SUP_00012,氐,"foundation, base",SUP,,PRIMITIVE_OR_NONKLC,https://docs.google.com/spreadsheets/d/13rdpmsI5n0dnsb33u4YHGwI8VrWtCeLDWDELO_hC7Qs
482,底,BOTTOM,KLC_00482,2,RAD_00053,广,"dotted cliff, *shelter*",RAD,,PRIMITIVE_OR_NONKLC,https://docs.google.com/spreadsheets/d/13rdpmsI5n0dnsb33u4YHGwI8VrWtCeLDWDELO_hC7Qs
485,基,"BASE, FOUNDATION",KLC_00485,1,KLC_01757,其,"THAT, *binding*",KLC,1757,LATER_KLC_MNEMONIC_REF,https://docs.google.com/spreadsheets/d/13rdpmsI5n0dnsb33u4YHGwI8VrWtCeLDWDELO_hC7Qs
485,基,"BASE, FOUNDATION",KLC_00485,2,RAD_00032,土,"soil, earth",RAD,,PRIMITIVE_OR_NONKLC,https://docs.google.com/spreadsheets/d/13rdpmsI5n0dnsb33u4YHGwI8VrWtCeLDWDELO_hC7Qs
486,期,"TERM, EXPECT, PERIOD",KLC_00486,1,KLC_01757,其,"THAT, *binding*",KLC,1757,LATER_KLC_MNEMONIC_REF,https://docs.google.com/spreadsheets/d/13rdpmsI5n0dnsb33u4YHGwI8VrWtCeLDWDELO_hC7Qs
486,期,"TERM, EXPECT, PERIOD",KLC_00486,2,RAD_00074,月,"moon, month, *flesh*, *body part*",RAD,,PRIMITIVE_OR_NONKLC,https://docs.google.com/spreadsheets/d/13rdpmsI5n0dnsb33u4YHGwI8VrWtCeLDWDELO_hC7Qs
488,尾,TAIL,KLC_00488,1,RAD_00082,毛,"fur, hair",RAD,,PRIMITIVE_OR_NONKLC,https://docs.google.com/spreadsheets/d/13rdpmsI5n0dnsb33u4YHGwI8VrWtCeLDWDELO_hC7Qs
489,育,RAISE [bring up],KLC_00489,1,RAD_00074,月,"moon, month, *flesh*, *body part*",RAD,,PRIMITIVE_OR_NONKLC,https://docs.google.com/spreadsheets/d/13rdpmsI5n0dnsb33u4YHGwI8VrWtCeLDWDELO_hC7Qs
491,洋,"OCEAN, WESTERN [foreign]",KLC_00491,1,RAD_00123,羊,sheep,RAD,,PRIMITIVE_OR_NONKLC,https://docs.google.com/spreadsheets/d/13rdpmsI5n0dnsb33u4YHGwI8VrWtCeLDWDELO_hC7Qs
491,洋,"OCEAN, WESTERN [foreign]",KLC_00491,2,RAD_00085,水,"water, *liquid*",RAD,,PRIMITIVE_OR_NONKLC,https://docs.google.com/spreadsheets/d/13rdpmsI5n0dnsb33u4YHGwI8VrWtCeLDWDELO_hC7Qs
493,鮮,"FRESH, VIVID",KLC_00493,1,RAD_00195,魚,fish,RAD,,PRIMITIVE_OR_NONKLC,https://docs.google.com/spreadsheets/d/13rdpmsI5n0dnsb33u4YHGwI8VrWtCeLDWDELO_hC7Qs
493,鮮,"FRESH, VIVID",KLC_00493,2,RAD_00123,羊,sheep,RAD,,PRIMITIVE_OR_NONKLC,https://docs.google.com/spreadsheets/d/13rdpmsI5n0dnsb33u4YHGwI8VrWtCeLDWDELO_hC7Qs
494,蘇,REVIVE,KLC_00494,1,RAD_00140,艸,"grass, vegetation",RAD,,PRIMITIVE_OR_NONKLC,https://docs.google.com/spreadsheets/d/13rdpmsI5n0dnsb33u4YHGwI8VrWtCeLDWDELO_hC7Qs
494,蘇,REVIVE,KLC_00494,2,RAD_00115,禾,grain,RAD,,PRIMITIVE_OR_NONKLC,https://docs.google.com/spreadsheets/d/13rdpmsI5n0dnsb33u4YHGwI8VrWtCeLDWDELO_hC7Qs
494,蘇,REVIVE,KLC_00494,3,RAD_00195,魚,fish,RAD,,PRIMITIVE_OR_NONKLC,https://docs.google.com/spreadsheets/d/13rdpmsI5n0dnsb33u4YHGwI8VrWtCeLDWDELO_hC7Qs
495,詳,DETAILED,KLC_00495,1,RAD_00149,言,"speech, word, say",RAD,,PRIMITIVE_OR_NONKLC,https://docs.google.com/spreadsheets/d/13rdpmsI5n0dnsb33u4YHGwI8VrWtCeLDWDELO_hC7Qs
495,詳,DETAILED,KLC_00495,2,RAD_00123,羊,sheep,RAD,,PRIMITIVE_OR_NONKLC,https://docs.google.com/spreadsheets/d/13rdpmsI5n0dnsb33u4YHGwI8VrWtCeLDWDELO_hC7Qs
496,祥,AUSPICIOUS,KLC_00496,1,RAD_00123,羊,sheep,RAD,,PRIMITIVE_OR_NONKLC,https://docs.google.com/spreadsheets/d/13rdpmsI5n0dnsb33u4YHGwI8VrWtCeLDWDELO_hC7Qs
496,祥,AUSPICIOUS,KLC_00496,2,RAD_00113,示,"spirit, sign, show",RAD,,PRIMITIVE_OR_NONKLC,https://docs.google.com/spreadsheets/d/13rdpmsI5n0dnsb33u4YHGwI8VrWtCeLDWDELO_hC7Qs
499,実,"REAL, FRUIT",KLC_00499,1,RAD_00040,宀,roof,RAD,,PRIMITIVE_OR_NONKLC,https://docs.google.com/spreadsheets/d/13rdpmsI5n0dnsb33u4YHGwI8VrWtCeLDWDELO_hC7Qs
500,養,"FOSTER, BRING UP",KLC_00500,1,KLC_00497,美,BEAUTIFUL,KLC,497,EARLIER_OR_SAME_KLC,https://docs.google.com/spreadsheets/d/13rdpmsI5n0dnsb33u4YHGwI8VrWtCeLDWDELO_hC7Qs
500,養,"FOSTER, BRING UP",KLC_00500,2,KLC_00285,良,GOOD,KLC,285,EARLIER_OR_SAME_KLC,https://docs.google.com/spreadsheets/d/13rdpmsI5n0dnsb33u4YHGwI8VrWtCeLDWDELO_hC7Qs
501,様,"MODE, WAY, FORMAL TITLE",KLC_00501,1,RAD_00123,羊,sheep,RAD,,PRIMITIVE_OR_NONKLC,https://docs.google.com/spreadsheets/d/13rdpmsI5n0dnsb33u4YHGwI8VrWtCeLDWDELO_hC7Qs
501,様,"MODE, WAY, FORMAL TITLE",KLC_00501,2,RAD_00085,水,"water, *liquid*",RAD,,PRIMITIVE_OR_NONKLC,https://docs.google.com/spreadsheets/d/13rdpmsI5n0dnsb33u4YHGwI8VrWtCeLDWDELO_hC7Qs
501,様,"MODE, WAY, FORMAL TITLE",KLC_00501,3,RAD_00075,木,tree,RAD,,PRIMITIVE_OR_NONKLC,https://docs.google.com/spreadsheets/d/13rdpmsI5n0dnsb33u4YHGwI8VrWtCeLDWDELO_hC7Qs
502,企,"SCHEME, PLAN",KLC_00502,1,RAD_00077,止,stop,RAD,,PRIMITIVE_OR_NONKLC,https://docs.google.com/spreadsheets/d/13rdpmsI5n0dnsb33u4YHGwI8VrWtCeLDWDELO_hC7Qs
504,典,"LAW, RULE",KLC_00504,1,KLC_00503,曲,"MELODY, CURVE",KLC,503,EARLIER_OR_SAME_KLC,https://docs.google.com/spreadsheets/d/13rdpmsI5n0dnsb33u4YHGwI8VrWtCeLDWDELO_hC7Qs
506,輿,PALANQUIN,KLC_00506,1,RAD_00159,車,"car, cart",RAD,,PRIMITIVE_OR_NONKLC,https://docs.google.com/spreadsheets/d/13rdpmsI5n0dnsb33u4YHGwI8VrWtCeLDWDELO_hC7Qs
507,竜,DRAGON,KLC_00507,1,RAD_00117,立,stand,RAD,,PRIMITIVE_OR_NONKLC,https://docs.google.com/spreadsheets/d/13rdpmsI5n0dnsb33u4YHGwI8VrWtCeLDWDELO_hC7Qs
507,竜,DRAGON,KLC_00507,2,RAD_00102,田,"rice field, *head*",RAD,,PRIMITIVE_OR_NONKLC,https://docs.google.com/spreadsheets/d/13rdpmsI5n0dnsb33u4YHGwI8VrWtCeLDWDELO_hC7Qs
508,滝,WATERFALL,KLC_00508,1,KLC_00507,竜,DRAGON,KLC,507,EARLIER_OR_SAME_KLC,https://docs.google.com/spreadsheets/d/13rdpmsI5n0dnsb33u4YHGwI8VrWtCeLDWDELO_hC7Qs
508,滝,WATERFALL,KLC_00508,2,RAD_00085,水,"water, *liquid*",RAD,,PRIMITIVE_OR_NONKLC,https://docs.google.com/spreadsheets/d/13rdpmsI5n0dnsb33u4YHGwI8VrWtCeLDWDELO_hC7Qs
509,籠,BASKET,KLC_00509,1,KLC_00507,竜,DRAGON,KLC,507,EARLIER_OR_SAME_KLC,https://docs.google.com/spreadsheets/d/13rdpmsI5n0dnsb33u4YHGwI8VrWtCeLDWDELO_hC7Qs
509,籠,BASKET,KLC_00509,2,RAD_00118,竹,"bamboo, counting",RAD,,PRIMITIVE_OR_NONKLC,https://docs.google.com/spreadsheets/d/13rdpmsI5n0dnsb33u4YHGwI8VrWtCeLDWDELO_hC7Qs
511,農,FARMING,KLC_00511,1,RAD_00161,辰,"morning, sign of the dragon",RAD,,PRIMITIVE_OR_NONKLC,https://docs.google.com/spreadsheets/d/13rdpmsI5n0dnsb33u4YHGwI8VrWtCeLDWDELO_hC7Qs
511,農,FARMING,KLC_00511,2,KLC_00503,曲,"MELODY, CURVE",KLC,503,EARLIER_OR_SAME_KLC,https://docs.google.com/spreadsheets/d/13rdpmsI5n0dnsb33u4YHGwI8VrWtCeLDWDELO_hC7Qs
512,濃,THICK [concentrated],KLC_00512,1,RAD_00085,水,"water, *liquid*",RAD,,PRIMITIVE_OR_NONKLC,https://docs.google.com/spreadsheets/d/13rdpmsI5n0dnsb33u4YHGwI8VrWtCeLDWDELO_hC7Qs
512,濃,THICK [concentrated],KLC_00512,2,KLC_00511,農,FARMING,KLC,511,EARLIER_OR_SAME_KLC,https://docs.google.com/spreadsheets/d/13rdpmsI5n0dnsb33u4YHGwI8VrWtCeLDWDELO_hC7Qs
513,豊,ABUNDANT [bountiful],KLC_00513,1,RAD_00151,豆,"bean, pea, small thing",RAD,,PRIMITIVE_OR_NONKLC,https://docs.google.com/spreadsheets/d/13rdpmsI5n0dnsb33u4YHGwI8VrWtCeLDWDELO_hC7Qs
514,吉,LUCKY,KLC_00514,1,RAD_00033,士,"scholar, military man",RAD,,PRIMITIVE_OR_NONKLC,https://docs.google.com/spreadsheets/d/13rdpmsI5n0dnsb33u4YHGwI8VrWtCeLDWDELO_hC7Qs
515,詰,"PACKED, REPRIMAND",KLC_00515,1,RAD_00149,言,"speech, word, say",RAD,,PRIMITIVE_OR_NONKLC,https://docs.google.com/spreadsheets/d/13rdpmsI5n0dnsb33u4YHGwI8VrWtCeLDWDELO_hC7Qs
515,詰,"PACKED, REPRIMAND",KLC_00515,2,KLC_00514,吉,LUCKY,KLC,514,EARLIER_OR_SAME_KLC,https://docs.google.com/spreadsheets/d/13rdpmsI5n0dnsb33u4YHGwI8VrWtCeLDWDELO_hC7Qs
516,結,"TIE, CONCLUDE",KLC_00516,1,RAD_00120,糸,"thread, silk",RAD,,PRIMITIVE_OR_NONKLC,https://docs.google.com/spreadsheets/d/13rdpmsI5n0dnsb33u4YHGwI8VrWtCeLDWDELO_hC7Qs
516,結,"TIE, CONCLUDE",KLC_00516,2,KLC_00514,吉,LUCKY,KLC,514,EARLIER_OR_SAME_KLC,https://docs.google.com/spreadsheets/d/13rdpmsI5n0dnsb33u4YHGwI8VrWtCeLDWDELO_hC7Qs
517,投,"THROW, DISCARD",KLC_00517,1,RAD_00064,手,"hand, performer of action",RAD,,PRIMITIVE_OR_NONKLC,https://docs.google.com/spreadsheets/d/13rdpmsI5n0dnsb33u4YHGwI8VrWtCeLDWDELO_hC7Qs
517,投,"THROW, DISCARD",KLC_00517,2,RAD_00079,殳,weapon,RAD,,PRIMITIVE_OR_NONKLC,https://docs.google.com/spreadsheets/d/13rdpmsI5n0dnsb33u4YHGwI8VrWtCeLDWDELO_hC7Qs
518,役,"SERVICE, OFFICER",KLC_00518,1,RAD_00060,彳,"linger, stop, go",RAD,,PRIMITIVE_OR_NONKLC,https://docs.google.com/spreadsheets/d/13rdpmsI5n0dnsb33u4YHGwI8VrWtCeLDWDELO_hC7Qs
518,役,"SERVICE, OFFICER",KLC_00518,2,RAD_00079,殳,weapon,RAD,,PRIMITIVE_OR_NONKLC,https://docs.google.com/spreadsheets/d/13rdpmsI5n0dnsb33u4YHGwI8VrWtCeLDWDELO_hC7Qs
519,没,"SINK, DOWN",KLC_00519,1,RAD_00085,水,"water, *liquid*",RAD,,PRIMITIVE_OR_NONKLC,https://docs.google.com/spreadsheets/d/13rdpmsI5n0dnsb33u4YHGwI8VrWtCeLDWDELO_hC7Qs
519,没,"SINK, DOWN",KLC_00519,2,RAD_00079,殳,weapon,RAD,,PRIMITIVE_OR_NONKLC,https://docs.google.com/spreadsheets/d/13rdpmsI5n0dnsb33u4YHGwI8VrWtCeLDWDELO_hC7Qs
520,設,"SET UP, ESTABLISH",KLC_00520,1,RAD_00149,言,"speech, word, say",RAD,,PRIMITIVE_OR_NONKLC,https://docs.google.com/spreadsheets/d/13rdpmsI5n0dnsb33u4YHGwI8VrWtCeLDWDELO_hC7Qs
520,設,"SET UP, ESTABLISH",KLC_00520,2,RAD_00079,殳,weapon,RAD,,PRIMITIVE_OR_NONKLC,https://docs.google.com/spreadsheets/d/13rdpmsI5n0dnsb33u4YHGwI8VrWtCeLDWDELO_hC7Qs
521,段,STEP,KLC_00521,1,RAD_00079,殳,weapon,RAD,,PRIMITIVE_OR_NONKLC,https://docs.google.com/spreadsheets/d/13rdpmsI5n0dnsb33u4YHGwI8VrWtCeLDWDELO_hC7Qs
522,殺,KILL,KLC_00522,1,RAD_00075,木,tree,RAD,,PRIMITIVE_OR_NONKLC,https://docs.google.com/spreadsheets/d/13rdpmsI5n0dnsb33u4YHGwI8VrWtCeLDWDELO_hC7Qs
522,殺,KILL,KLC_00522,2,RAD_00079,殳,weapon,RAD,,PRIMITIVE_OR_NONKLC,https://docs.google.com/spreadsheets/d/13rdpmsI5n0dnsb33u4YHGwI8VrWtCeLDWDELO_hC7Qs
523,刹,BUDDHIST TEMPLE,KLC_00523,1,RAD_00075,木,tree,RAD,,PRIMITIVE_OR_NONKLC,https://docs.google.com/spreadsheets/d/13rdpmsI5n0dnsb33u4YHGwI8VrWtCeLDWDELO_hC7Qs
523,刹,BUDDHIST TEMPLE,KLC_00523,2,RAD_00018,刀,"knife, sword, *cut*",RAD,,PRIMITIVE_OR_NONKLC,https://docs.google.com/spreadsheets/d/13rdpmsI5n0dnsb33u4YHGwI8VrWtCeLDWDELO_hC7Qs
524,刈,CLIP,KLC_00524,1,RAD_00018,刀,"knife, sword, *cut*",RAD,,PRIMITIVE_OR_NONKLC,https://docs.google.com/spreadsheets/d/13rdpmsI5n0dnsb33u4YHGwI8VrWtCeLDWDELO_hC7Qs
525,絵,"PICTURE, PAINTING",KLC_00525,1,RAD_00120,糸,"thread, silk",RAD,,PRIMITIVE_OR_NONKLC,https://docs.google.com/spreadsheets/d/13rdpmsI5n0dnsb33u4YHGwI8VrWtCeLDWDELO_hC7Qs
525,絵,"PICTURE, PAINTING",KLC_00525,2,KLC_00226,会,"MEET, SOCIETY",KLC,226,EARLIER_OR_SAME_KLC,https://docs.google.com/spreadsheets/d/13rdpmsI5n0dnsb33u4YHGwI8VrWtCeLDWDELO_hC7Qs
526,給,"SUPPLY, PAY",KLC_00526,1,RAD_00120,糸,"thread, silk",RAD,,PRIMITIVE_OR_NONKLC,https://docs.google.com/spreadsheets/d/13rdpmsI5n0dnsb33u4YHGwI8VrWtCeLDWDELO_hC7Qs
526,給,"SUPPLY, PAY",KLC_00526,2,KLC_00227,合,"COMBINE, FIT",KLC,227,EARLIER_OR_SAME_KLC,https://docs.google.com/spreadsheets/d/13rdpmsI5n0dnsb33u4YHGwI8VrWtCeLDWDELO_hC7Qs
529,声,VOICE,KLC_00529,1,RAD_00033,士,"scholar, military man",RAD,,PRIMITIVE_OR_NONKLC,https://docs.google.com/spreadsheets/d/13rdpmsI5n0dnsb33u4YHGwI8VrWtCeLDWDELO_hC7Qs
529,声,VOICE,KLC_00529,2,RAD_00063,戸,door,RAD,,PRIMITIVE_OR_NONKLC,https://docs.google.com/spreadsheets/d/13rdpmsI5n0dnsb33u4YHGwI8VrWtCeLDWDELO_hC7Qs
530,眉,EYEBROW,KLC_00530,1,RAD_00109,目,eye,RAD,,PRIMITIVE_OR_NONKLC,https://docs.google.com/spreadsheets/d/13rdpmsI5n0dnsb33u4YHGwI8VrWtCeLDWDELO_hC7Qs
531,里,village,RAD_00166,1,RAD_00102,田,"rice field, *head*",RAD,,PRIMITIVE_OR_NONKLC,https://docs.google.com/spreadsheets/d/13rdpmsI5n0dnsb33u4YHGwI8VrWtCeLDWDELO_hC7Qs
531,里,village,RAD_00166,2,RAD_00032,土,"soil, earth",RAD,,PRIMITIVE_OR_NONKLC,https://docs.google.com/spreadsheets/d/13rdpmsI5n0dnsb33u4YHGwI8VrWtCeLDWDELO_hC7Qs
532,理,"REASON, PRINCIPLE",KLC_00532,1,RAD_00166,里,village,RAD,,PRIMITIVE_OR_NONKLC,https://docs.google.com/spreadsheets/d/13rdpmsI5n0dnsb33u4YHGwI8VrWtCeLDWDELO_hC7Qs
532,理,"REASON, PRINCIPLE",KLC_00532,2,RAD_00096,玉,"jewel, spherical object",RAD,,PRIMITIVE_OR_NONKLC,https://docs.google.com/spreadsheets/d/13rdpmsI5n0dnsb33u4YHGwI8VrWtCeLDWDELO_hC7Qs
533,埋,BURY,KLC_00533,1,RAD_00032,土,"soil, earth",RAD,,PRIMITIVE_OR_NONKLC,https://docs.google.com/spreadsheets/d/13rdpmsI5n0dnsb33u4YHGwI8VrWtCeLDWDELO_hC7Qs
533,埋,BURY,KLC_00533,2,RAD_00166,里,village,RAD,,PRIMITIVE_OR_NONKLC,https://docs.google.com/spreadsheets/d/13rdpmsI5n0dnsb33u4YHGwI8VrWtCeLDWDELO_hC7Qs
534,野,"FIELD, WILD",KLC_00534,1,RAD_00110,矛,spear,RAD,,PRIMITIVE_OR_NONKLC,https://docs.google.com/spreadsheets/d/13rdpmsI5n0dnsb33u4YHGwI8VrWtCeLDWDELO_hC7Qs
534,野,"FIELD, WILD",KLC_00534,2,RAD_00166,里,village,RAD,,PRIMITIVE_OR_NONKLC,https://docs.google.com/spreadsheets/d/13rdpmsI5n0dnsb33u4YHGwI8VrWtCeLDWDELO_hC7Qs
535,黒,black,RAD_00203,1,RAD_00086,火,fire,RAD,,PRIMITIVE_OR_NONKLC,https://docs.google.com/spreadsheets/d/13rdpmsI5n0dnsb33u4YHGwI8VrWtCeLDWDELO_hC7Qs
535,黒,black,RAD_00203,2,RAD_00166,里,village,RAD,,PRIMITIVE_OR_NONKLC,https://docs.google.com/spreadsheets/d/13rdpmsI5n0dnsb33u4YHGwI8VrWtCeLDWDELO_hC7Qs
536,墨,INDIA INK,KLC_00536,1,RAD_00203,黒,black,RAD,,PRIMITIVE_OR_NONKLC,https://docs.google.com/spreadsheets/d/13rdpmsI5n0dnsb33u4YHGwI8VrWtCeLDWDELO_hC7Qs
536,墨,INDIA INK,KLC_00536,2,RAD_00032,土,"soil, earth",RAD,,PRIMITIVE_OR_NONKLC,https://docs.google.com/spreadsheets/d/13rdpmsI5n0dnsb33u4YHGwI8VrWtCeLDWDELO_hC7Qs
537,童,CHILD,KLC_00537,1,RAD_00117,立,stand,RAD,,PRIMITIVE_OR_NONKLC,https://docs.google.com/spreadsheets/d/13rdpmsI5n0dnsb33u4YHGwI8VrWtCeLDWDELO_hC7Qs
538,量,"QUANTITY, AMOUNT, WEIGHT",KLC_00538,1,RAD_00166,里,village,RAD,,PRIMITIVE_OR_NONKLC,https://docs.google.com/spreadsheets/d/13rdpmsI5n0dnsb33u4YHGwI8VrWtCeLDWDELO_hC7Qs
538,量,"QUANTITY, AMOUNT, WEIGHT",KLC_00538,2,KLC_01392,旦,DAWN,KLC,1392,LATER_KLC_MNEMONIC_REF,https://docs.google.com/spreadsheets/d/13rdpmsI5n0dnsb33u4YHGwI8VrWtCeLDWDELO_hC7Qs
540,動,MOVE,KLC_00540,1,RAD_00019,力,"power, strength",RAD,,PRIMITIVE_OR_NONKLC,https://docs.google.com/spreadsheets/d/13rdpmsI5n0dnsb33u4YHGwI8VrWtCeLDWDELO_hC7Qs
540,動,MOVE,KLC_00540,2,KLC_00539,重,HEAVY,KLC,539,EARLIER_OR_SAME_KLC,https://docs.google.com/spreadsheets/d/13rdpmsI5n0dnsb33u4YHGwI8VrWtCeLDWDELO_hC7Qs
541,働,WORK,KLC_00541,1,RAD_00009,人,"person, *roof*",RAD,,PRIMITIVE_OR_NONKLC,https://docs.google.com/spreadsheets/d/13rdpmsI5n0dnsb33u4YHGwI8VrWtCeLDWDELO_hC7Qs
541,働,WORK,KLC_00541,2,KLC_00540,動,MOVE,KLC,540,EARLIER_OR_SAME_KLC,https://docs.google.com/spreadsheets/d/13rdpmsI5n0dnsb33u4YHGwI8VrWtCeLDWDELO_hC7Qs
542,労,LABOR,KLC_00542,1,RAD_00019,力,"power, strength",RAD,,PRIMITIVE_OR_NONKLC,https://docs.google.com/spreadsheets/d/13rdpmsI5n0dnsb33u4YHGwI8VrWtCeLDWDELO_hC7Qs
542,労,LABOR,KLC_00542,2,SUP_00007,龸,crown,SUP,,PRIMITIVE_OR_NONKLC,https://docs.google.com/spreadsheets/d/13rdpmsI5n0dnsb33u4YHGwI8VrWtCeLDWDELO_hC7Qs
543,協,COOPERATE,KLC_00543,1,RAD_00019,力,"power, strength",RAD,,PRIMITIVE_OR_NONKLC,https://docs.google.com/spreadsheets/d/13rdpmsI5n0dnsb33u4YHGwI8VrWtCeLDWDELO_hC7Qs
543,協,COOPERATE,KLC_00543,2,RAD_00024,十,"ten, complete, *cross*, *needle*, *plant*",RAD,,PRIMITIVE_OR_NONKLC,https://docs.google.com/spreadsheets/d/13rdpmsI5n0dnsb33u4YHGwI8VrWtCeLDWDELO_hC7Qs
544,種,"SEED, SPECIES",KLC_00544,1,RAD_00115,禾,grain,RAD,,PRIMITIVE_OR_NONKLC,https://docs.google.com/spreadsheets/d/13rdpmsI5n0dnsb33u4YHGwI8VrWtCeLDWDELO_hC7Qs
544,種,"SEED, SPECIES",KLC_00544,2,KLC_00539,重,HEAVY,KLC,539,EARLIER_OR_SAME_KLC,https://docs.google.com/spreadsheets/d/13rdpmsI5n0dnsb33u4YHGwI8VrWtCeLDWDELO_hC7Qs
546,悪,BAD,KLC_00546,1,KLC_00545,亜,"SUB-, COME AFTER",KLC,545,EARLIER_OR_SAME_KLC,https://docs.google.com/spreadsheets/d/13rdpmsI5n0dnsb33u4YHGwI8VrWtCeLDWDELO_hC7Qs
546,悪,BAD,KLC_00546,2,RAD_00061,心,"heart, mind, spirit",RAD,,PRIMITIVE_OR_NONKLC,https://docs.google.com/spreadsheets/d/13rdpmsI5n0dnsb33u4YHGwI8VrWtCeLDWDELO_hC7Qs
547,要,"REQUIRE, IMPORTANT, SUMMARIZE",KLC_00547,1,SUP_00014,覀,"basket, box",SUP,,PRIMITIVE_OR_NONKLC,https://docs.google.com/spreadsheets/d/13rdpmsI5n0dnsb33u4YHGwI8VrWtCeLDWDELO_hC7Qs
547,要,"REQUIRE, IMPORTANT, SUMMARIZE",KLC_00547,2,RAD_00038,女,woman,RAD,,PRIMITIVE_OR_NONKLC,https://docs.google.com/spreadsheets/d/13rdpmsI5n0dnsb33u4YHGwI8VrWtCeLDWDELO_hC7Qs
548,価,"PRICE, VALUE",KLC_00548,1,RAD_00009,人,"person, *roof*",RAD,,PRIMITIVE_OR_NONKLC,https://docs.google.com/spreadsheets/d/13rdpmsI5n0dnsb33u4YHGwI8VrWtCeLDWDELO_hC7Qs
548,価,"PRICE, VALUE",KLC_00548,2,SUP_00014,覀,"basket, box",SUP,,PRIMITIVE_OR_NONKLC,https://docs.google.com/spreadsheets/d/13rdpmsI5n0dnsb33u4YHGwI8VrWtCeLDWDELO_hC7Qs
549,必,CERTAIN,KLC_00549,1,RAD_00061,心,"heart, mind, spirit",RAD,,PRIMITIVE_OR_NONKLC,https://docs.google.com/spreadsheets/d/13rdpmsI5n0dnsb33u4YHGwI8VrWtCeLDWDELO_hC7Qs
550,証,"PROVE, CERTIFICATE",KLC_00550,1,RAD_00149,言,"speech, word, say",RAD,,PRIMITIVE_OR_NONKLC,https://docs.google.com/spreadsheets/d/13rdpmsI5n0dnsb33u4YHGwI8VrWtCeLDWDELO_hC7Qs
550,証,"PROVE, CERTIFICATE",KLC_00550,2,KLC_00043,正,"CORRECT, RIGHT",KLC,43,EARLIER_OR_SAME_KLC,https://docs.google.com/spreadsheets/d/13rdpmsI5n0dnsb33u4YHGwI8VrWtCeLDWDELO_hC7Qs
551,歪,"DISTORT, STRAIN",KLC_00551,1,KLC_00049,不,"NOT, UN-",KLC,49,EARLIER_OR_SAME_KLC,https://docs.google.com/spreadsheets/d/13rdpmsI5n0dnsb33u4YHGwI8VrWtCeLDWDELO_hC7Qs
551,歪,"DISTORT, STRAIN",KLC_00551,2,KLC_00043,正,"CORRECT, RIGHT",KLC,43,EARLIER_OR_SAME_KLC,https://docs.google.com/spreadsheets/d/13rdpmsI5n0dnsb33u4YHGwI8VrWtCeLDWDELO_hC7Qs
552,否,"NEGATE, DECLINE",KLC_00552,1,KLC_00049,不,"NOT, UN-",KLC,49,EARLIER_OR_SAME_KLC,https://docs.google.com/spreadsheets/d/13rdpmsI5n0dnsb33u4YHGwI8VrWtCeLDWDELO_hC7Qs
552,否,"NEGATE, DECLINE",KLC_00552,2,RAD_00030,口,"mouth, *opening*",RAD,,PRIMITIVE_OR_NONKLC,https://docs.google.com/spreadsheets/d/13rdpmsI5n0dnsb33u4YHGwI8VrWtCeLDWDELO_hC7Qs
553,処,"DISPOSE, DEAL WITH",KLC_00553,1,RAD_00016,几,"table, wind",RAD,,PRIMITIVE_OR_NONKLC,https://docs.google.com/spreadsheets/d/13rdpmsI5n0dnsb33u4YHGwI8VrWtCeLDWDELO_hC7Qs
553,処,"DISPOSE, DEAL WITH",KLC_00553,2,RAD_00034,夂,"winter, go, *rooftop*, *crossed legs*",RAD,,PRIMITIVE_OR_NONKLC,https://docs.google.com/spreadsheets/d/13rdpmsI5n0dnsb33u4YHGwI8VrWtCeLDWDELO_hC7Qs
554,拠,"BASIS, FOOTHOLD",KLC_00554,1,RAD_00064,手,"hand, performer of action",RAD,,PRIMITIVE_OR_NONKLC,https://docs.google.com/spreadsheets/d/13rdpmsI5n0dnsb33u4YHGwI8VrWtCeLDWDELO_hC7Qs
554,拠,"BASIS, FOOTHOLD",KLC_00554,2,KLC_00553,処,"DISPOSE, DEAL WITH",KLC,553,EARLIER_OR_SAME_KLC,https://docs.google.com/spreadsheets/d/13rdpmsI5n0dnsb33u4YHGwI8VrWtCeLDWDELO_hC7Qs
555,計,"PLAN, COMPUTE",KLC_00555,1,RAD_00149,言,"speech, word, say",RAD,,PRIMITIVE_OR_NONKLC,https://docs.google.com/spreadsheets/d/13rdpmsI5n0dnsb33u4YHGwI8VrWtCeLDWDELO_hC7Qs
555,計,"PLAN, COMPUTE",KLC_00555,2,RAD_00024,十,"ten, complete, *cross*, *needle*, *plant*",RAD,,PRIMITIVE_OR_NONKLC,https://docs.google.com/spreadsheets/d/13rdpmsI5n0dnsb33u4YHGwI8VrWtCeLDWDELO_hC7Qs
556,針,NEEDLE,KLC_00556,1,RAD_00167,金,"metal, gold, money",RAD,,PRIMITIVE_OR_NONKLC,https://docs.google.com/spreadsheets/d/13rdpmsI5n0dnsb33u4YHGwI8VrWtCeLDWDELO_hC7Qs
557,総,"WHOLE, GENERAL",KLC_00557,1,RAD_00120,糸,"thread, silk",RAD,,PRIMITIVE_OR_NONKLC,https://docs.google.com/spreadsheets/d/13rdpmsI5n0dnsb33u4YHGwI8VrWtCeLDWDELO_hC7Qs
557,総,"WHOLE, GENERAL",KLC_00557,2,KLC_00089,公,PUBLIC,KLC,89,EARLIER_OR_SAME_KLC,https://docs.google.com/spreadsheets/d/13rdpmsI5n0dnsb33u4YHGwI8VrWtCeLDWDELO_hC7Qs
557,総,"WHOLE, GENERAL",KLC_00557,3,RAD_00061,心,"heart, mind, spirit",RAD,,PRIMITIVE_OR_NONKLC,https://docs.google.com/spreadsheets/d/13rdpmsI5n0dnsb33u4YHGwI8VrWtCeLDWDELO_hC7Qs
558,窓,WINDOW,KLC_00558,1,RAD_00028,厶,"private, *self*",RAD,,PRIMITIVE_OR_NONKLC,https://docs.google.com/spreadsheets/d/13rdpmsI5n0dnsb33u4YHGwI8VrWtCeLDWDELO_hC7Qs
558,窓,WINDOW,KLC_00558,2,RAD_00061,心,"heart, mind, spirit",RAD,,PRIMITIVE_OR_NONKLC,https://docs.google.com/spreadsheets/d/13rdpmsI5n0dnsb33u4YHGwI8VrWtCeLDWDELO_hC7Qs
558,窓,WINDOW,KLC_00558,3,RAD_00116,穴,"cave, hole",RAD,,PRIMITIVE_OR_NONKLC,https://docs.google.com/spreadsheets/d/13rdpmsI5n0dnsb33u4YHGwI8VrWtCeLDWDELO_hC7Qs
560,知,KNOW,KLC_00560,1,RAD_00030,口,"mouth, *opening*",RAD,,PRIMITIVE_OR_NONKLC,https://docs.google.com/spreadsheets/d/13rdpmsI5n0dnsb33u4YHGwI8VrWtCeLDWDELO_hC7Qs
560,知,KNOW,KLC_00560,2,RAD_00111,矢,"arrow, *straight*",RAD,,PRIMITIVE_OR_NONKLC,https://docs.google.com/spreadsheets/d/13rdpmsI5n0dnsb33u4YHGwI8VrWtCeLDWDELO_hC7Qs
561,医,"MEDICINE, DOCTOR",KLC_00561,1,RAD_00111,矢,"arrow, *straight*",RAD,,PRIMITIVE_OR_NONKLC,https://docs.google.com/spreadsheets/d/13rdpmsI5n0dnsb33u4YHGwI8VrWtCeLDWDELO_hC7Qs
562,短,SHORT,KLC_00562,1,RAD_00111,矢,"arrow, *straight*",RAD,,PRIMITIVE_OR_NONKLC,https://docs.google.com/spreadsheets/d/13rdpmsI5n0dnsb33u4YHGwI8VrWtCeLDWDELO_hC7Qs
562,短,SHORT,KLC_00562,2,RAD_00151,豆,"bean, pea, small thing",RAD,,PRIMITIVE_OR_NONKLC,https://docs.google.com/spreadsheets/d/13rdpmsI5n0dnsb33u4YHGwI8VrWtCeLDWDELO_hC7Qs
563,失,"LOSE, SLIP",KLC_00563,1,RAD_00111,矢,"arrow, *straight*",RAD,,PRIMITIVE_OR_NONKLC,https://docs.google.com/spreadsheets/d/13rdpmsI5n0dnsb33u4YHGwI8VrWtCeLDWDELO_hC7Qs
564,鉄,IRON,KLC_00564,1,RAD_00167,金,"metal, gold, money",RAD,,PRIMITIVE_OR_NONKLC,https://docs.google.com/spreadsheets/d/13rdpmsI5n0dnsb33u4YHGwI8VrWtCeLDWDELO_hC7Qs
564,鉄,IRON,KLC_00564,2,KLC_00563,失,"LOSE, SLIP",KLC,563,EARLIER_OR_SAME_KLC,https://docs.google.com/spreadsheets/d/13rdpmsI5n0dnsb33u4YHGwI8VrWtCeLDWDELO_hC7Qs
565,夫,"HUSBAND, MAN LABORER",KLC_00565,1,RAD_00009,人,"person, *roof*",RAD,,PRIMITIVE_OR_NONKLC,https://docs.google.com/spreadsheets/d/13rdpmsI5n0dnsb33u4YHGwI8VrWtCeLDWDELO_hC7Qs
566,朱,VERMILION,KLC_00566,1,RAD_00075,木,tree,RAD,,PRIMITIVE_OR_NONKLC,https://docs.google.com/spreadsheets/d/13rdpmsI5n0dnsb33u4YHGwI8VrWtCeLDWDELO_hC7Qs
566,朱,VERMILION,KLC_00566,2,KLC_00563,失,"LOSE, SLIP",KLC,563,EARLIER_OR_SAME_KLC,https://docs.google.com/spreadsheets/d/13rdpmsI5n0dnsb33u4YHGwI8VrWtCeLDWDELO_hC7Qs
567,株,"STOCK, STUMP",KLC_00567,1,RAD_00075,木,tree,RAD,,PRIMITIVE_OR_NONKLC,https://docs.google.com/spreadsheets/d/13rdpmsI5n0dnsb33u4YHGwI8VrWtCeLDWDELO_hC7Qs
567,株,"STOCK, STUMP",KLC_00567,2,KLC_00566,朱,VERMILION,KLC,566,EARLIER_OR_SAME_KLC,https://docs.google.com/spreadsheets/d/13rdpmsI5n0dnsb33u4YHGwI8VrWtCeLDWDELO_hC7Qs
568,族,"FAMILY, TRIBE",KLC_00568,1,RAD_00070,方,"direction, person, square",RAD,,PRIMITIVE_OR_NONKLC,https://docs.google.com/spreadsheets/d/13rdpmsI5n0dnsb33u4YHGwI8VrWtCeLDWDELO_hC7Qs
568,族,"FAMILY, TRIBE",KLC_00568,2,SUP_00000,𠂉,"resting person, rod",SUP,,PRIMITIVE_OR_NONKLC,https://docs.google.com/spreadsheets/d/13rdpmsI5n0dnsb33u4YHGwI8VrWtCeLDWDELO_hC7Qs
568,族,"FAMILY, TRIBE",KLC_00568,3,RAD_00111,矢,"arrow, *straight*",RAD,,PRIMITIVE_OR_NONKLC,https://docs.google.com/spreadsheets/d/13rdpmsI5n0dnsb33u4YHGwI8VrWtCeLDWDELO_hC7Qs
569,旅,TRAVEL,KLC_00569,1,SUP_00000,𠂉,"resting person, rod",SUP,,PRIMITIVE_OR_NONKLC,https://docs.google.com/spreadsheets/d/13rdpmsI5n0dnsb33u4YHGwI8VrWtCeLDWDELO_hC7Qs
569,旅,TRAVEL,KLC_00569,2,RAD_00070,方,"direction, person, square",RAD,,PRIMITIVE_OR_NONKLC,https://docs.google.com/spreadsheets/d/13rdpmsI5n0dnsb33u4YHGwI8VrWtCeLDWDELO_hC7Qs
570,遊,"PLAY, TOUR",KLC_00570,1,RAD_00039,子,child,RAD,,PRIMITIVE_OR_NONKLC,https://docs.google.com/spreadsheets/d/13rdpmsI5n0dnsb33u4YHGwI8VrWtCeLDWDELO_hC7Qs
570,遊,"PLAY, TOUR",KLC_00570,2,SUP_00000,𠂉,"resting person, rod",SUP,,PRIMITIVE_OR_NONKLC,https://docs.google.com/spreadsheets/d/13rdpmsI5n0dnsb33u4YHGwI8VrWtCeLDWDELO_hC7Qs
570,遊,"PLAY, TOUR",KLC_00570,3,RAD_00162,辵,"walk, *transport*",RAD,,PRIMITIVE_OR_NONKLC,https://docs.google.com/spreadsheets/d/13rdpmsI5n0dnsb33u4YHGwI8VrWtCeLDWDELO_hC7Qs
570,遊,"PLAY, TOUR",KLC_00570,4,RAD_00070,方,"direction, person, square",RAD,,PRIMITIVE_OR_NONKLC,https://docs.google.com/spreadsheets/d/13rdpmsI5n0dnsb33u4YHGwI8VrWtCeLDWDELO_hC7Qs
571,施,"PERFORM, BESTOW",KLC_00571,1,SUP_00000,𠂉,"resting person, rod",SUP,,PRIMITIVE_OR_NONKLC,https://docs.google.com/spreadsheets/d/13rdpmsI5n0dnsb33u4YHGwI8VrWtCeLDWDELO_hC7Qs
572,旋,ROTATION,KLC_00572,1,RAD_00103,疋,bolt of cloth,RAD,,PRIMITIVE_OR_NONKLC,https://docs.google.com/spreadsheets/d/13rdpmsI5n0dnsb33u4YHGwI8VrWtCeLDWDELO_hC7Qs
572,旋,ROTATION,KLC_00572,2,RAD_00070,方,"direction, person, square",RAD,,PRIMITIVE_OR_NONKLC,https://docs.google.com/spreadsheets/d/13rdpmsI5n0dnsb33u4YHGwI8VrWtCeLDWDELO_hC7Qs
573,旗,FLAG,KLC_00573,1,KLC_01757,其,"THAT, *binding*",KLC,1757,LATER_KLC_MNEMONIC_REF,https://docs.google.com/spreadsheets/d/13rdpmsI5n0dnsb33u4YHGwI8VrWtCeLDWDELO_hC7Qs
573,旗,FLAG,KLC_00573,2,SUP_00000,𠂉,"resting person, rod",SUP,,PRIMITIVE_OR_NONKLC,https://docs.google.com/spreadsheets/d/13rdpmsI5n0dnsb33u4YHGwI8VrWtCeLDWDELO_hC7Qs
573,旗,FLAG,KLC_00573,3,RAD_00070,方,"direction, person, square",RAD,,PRIMITIVE_OR_NONKLC,https://docs.google.com/spreadsheets/d/13rdpmsI5n0dnsb33u4YHGwI8VrWtCeLDWDELO_hC7Qs
574,放,RELEASE,KLC_00574,1,RAD_00066,攴,"hit, strike, *action*",RAD,,PRIMITIVE_OR_NONKLC,https://docs.google.com/spreadsheets/d/13rdpmsI5n0dnsb33u4YHGwI8VrWtCeLDWDELO_hC7Qs
574,放,RELEASE,KLC_00574,2,RAD_00070,方,"direction, person, square",RAD,,PRIMITIVE_OR_NONKLC,https://docs.google.com/spreadsheets/d/13rdpmsI5n0dnsb33u4YHGwI8VrWtCeLDWDELO_hC7Qs
575,激,"VIOLENT, AROUSE",KLC_00575,1,RAD_00106,白,white,RAD,,PRIMITIVE_OR_NONKLC,https://docs.google.com/spreadsheets/d/13rdpmsI5n0dnsb33u4YHGwI8VrWtCeLDWDELO_hC7Qs
575,激,"VIOLENT, AROUSE",KLC_00575,2,RAD_00085,水,"water, *liquid*",RAD,,PRIMITIVE_OR_NONKLC,https://docs.google.com/spreadsheets/d/13rdpmsI5n0dnsb33u4YHGwI8VrWtCeLDWDELO_hC7Qs
575,激,"VIOLENT, AROUSE",KLC_00575,3,RAD_00066,攴,"hit, strike, *action*",RAD,,PRIMITIVE_OR_NONKLC,https://docs.google.com/spreadsheets/d/13rdpmsI5n0dnsb33u4YHGwI8VrWtCeLDWDELO_hC7Qs
575,激,"VIOLENT, AROUSE",KLC_00575,4,RAD_00070,方,"direction, person, square",RAD,,PRIMITIVE_OR_NONKLC,https://docs.google.com/spreadsheets/d/13rdpmsI5n0dnsb33u4YHGwI8VrWtCeLDWDELO_hC7Qs
576,牧,PASTURE,KLC_00576,1,RAD_00066,攴,"hit, strike, *action*",RAD,,PRIMITIVE_OR_NONKLC,https://docs.google.com/spreadsheets/d/13rdpmsI5n0dnsb33u4YHGwI8VrWtCeLDWDELO_hC7Qs
576,牧,PASTURE,KLC_00576,2,RAD_00093,牛,"cow, cattle",RAD,,PRIMITIVE_OR_NONKLC,https://docs.google.com/spreadsheets/d/13rdpmsI5n0dnsb33u4YHGwI8VrWtCeLDWDELO_hC7Qs
577,位,"RANK, POSITION",KLC_00577,1,RAD_00009,人,"person, *roof*",RAD,,PRIMITIVE_OR_NONKLC,https://docs.google.com/spreadsheets/d/13rdpmsI5n0dnsb33u4YHGwI8VrWtCeLDWDELO_hC7Qs
577,位,"RANK, POSITION",KLC_00577,2,RAD_00117,立,stand,RAD,,PRIMITIVE_OR_NONKLC,https://docs.google.com/spreadsheets/d/13rdpmsI5n0dnsb33u4YHGwI8VrWtCeLDWDELO_hC7Qs
578,泣,CRY,KLC_00578,1,RAD_00085,水,"water, *liquid*",RAD,,PRIMITIVE_OR_NONKLC,https://docs.google.com/spreadsheets/d/13rdpmsI5n0dnsb33u4YHGwI8VrWtCeLDWDELO_hC7Qs
578,泣,CRY,KLC_00578,2,RAD_00117,立,stand,RAD,,PRIMITIVE_OR_NONKLC,https://docs.google.com/spreadsheets/d/13rdpmsI5n0dnsb33u4YHGwI8VrWtCeLDWDELO_hC7Qs
579,笑,LAUGH,KLC_00579,1,KLC_00270,天,"HEAVEN, WEATHER",KLC,270,EARLIER_OR_SAME_KLC,https://docs.google.com/spreadsheets/d/13rdpmsI5n0dnsb33u4YHGwI8VrWtCeLDWDELO_hC7Qs
579,笑,LAUGH,KLC_00579,2,RAD_00118,竹,"bamboo, counting",RAD,,PRIMITIVE_OR_NONKLC,https://docs.google.com/spreadsheets/d/13rdpmsI5n0dnsb33u4YHGwI8VrWtCeLDWDELO_hC7Qs
580,専,"EXCLUSIVELY, ENTIRE",KLC_00580,1,RAD_00041,寸,"measurement, tenth of shaku, a bit of",RAD,,PRIMITIVE_OR_NONKLC,https://docs.google.com/spreadsheets/d/13rdpmsI5n0dnsb33u4YHGwI8VrWtCeLDWDELO_hC7Qs
581,恵,"FAVOR, BLESSING",KLC_00581,1,RAD_00061,心,"heart, mind, spirit",RAD,,PRIMITIVE_OR_NONKLC,https://docs.google.com/spreadsheets/d/13rdpmsI5n0dnsb33u4YHGwI8VrWtCeLDWDELO_hC7Qs
582,連,"CONNECT, TAKE ALONG",KLC_00582,1,RAD_00159,車,"car, cart",RAD,,PRIMITIVE_OR_NONKLC,https://docs.google.com/spreadsheets/d/13rdpmsI5n0dnsb33u4YHGwI8VrWtCeLDWDELO_hC7Qs
582,連,"CONNECT, TAKE ALONG",KLC_00582,2,RAD_00162,辵,"walk, *transport*",RAD,,PRIMITIVE_OR_NONKLC,https://docs.google.com/spreadsheets/d/13rdpmsI5n0dnsb33u4YHGwI8VrWtCeLDWDELO_hC7Qs
583,軍,"ARMY, MILITARY",KLC_00583,1,RAD_00159,車,"car, cart",RAD,,PRIMITIVE_OR_NONKLC,https://docs.google.com/spreadsheets/d/13rdpmsI5n0dnsb33u4YHGwI8VrWtCeLDWDELO_hC7Qs
584,運,"CARRY, MOVE, FORTUNE",KLC_00584,1,KLC_00583,軍,"ARMY, MILITARY",KLC,583,EARLIER_OR_SAME_KLC,https://docs.google.com/spreadsheets/d/13rdpmsI5n0dnsb33u4YHGwI8VrWtCeLDWDELO_hC7Qs
584,運,"CARRY, MOVE, FORTUNE",KLC_00584,2,RAD_00162,辵,"walk, *transport*",RAD,,PRIMITIVE_OR_NONKLC,https://docs.google.com/spreadsheets/d/13rdpmsI5n0dnsb33u4YHGwI8VrWtCeLDWDELO_hC7Qs
585,蓮,LOTUS,KLC_00585,1,RAD_00140,艸,"grass, vegetation",RAD,,PRIMITIVE_OR_NONKLC,https://docs.google.com/spreadsheets/d/13rdpmsI5n0dnsb33u4YHGwI8VrWtCeLDWDELO_hC7Qs
585,蓮,LOTUS,KLC_00585,2,KLC_00582,連,"CONNECT, TAKE ALONG",KLC,582,EARLIER_OR_SAME_KLC,https://docs.google.com/spreadsheets/d/13rdpmsI5n0dnsb33u4YHGwI8VrWtCeLDWDELO_hC7Qs
586,隊,"PARTY, CORPS",KLC_00586,1,RAD_00152,豕,pig,RAD,,PRIMITIVE_OR_NONKLC,https://docs.google.com/spreadsheets/d/13rdpmsI5n0dnsb33u4YHGwI8VrWtCeLDWDELO_hC7Qs
586,隊,"PARTY, CORPS",KLC_00586,2,RAD_00170,阜,hill [left of kanji],RAD,,PRIMITIVE_OR_NONKLC,https://docs.google.com/spreadsheets/d/13rdpmsI5n0dnsb33u4YHGwI8VrWtCeLDWDELO_hC7Qs
587,呈,"DISPLAY, PRESENT",KLC_00587,1,RAD_00030,口,"mouth, *opening*",RAD,,PRIMITIVE_OR_NONKLC,https://docs.google.com/spreadsheets/d/13rdpmsI5n0dnsb33u4YHGwI8VrWtCeLDWDELO_hC7Qs
587,呈,"DISPLAY, PRESENT",KLC_00587,2,KLC_00072,王,KING,KLC,72,EARLIER_OR_SAME_KLC,https://docs.google.com/spreadsheets/d/13rdpmsI5n0dnsb33u4YHGwI8VrWtCeLDWDELO_hC7Qs
588,程,"EXTENT, DEGREE",KLC_00588,1,KLC_00587,呈,"DISPLAY, PRESENT",KLC,587,EARLIER_OR_SAME_KLC,https://docs.google.com/spreadsheets/d/13rdpmsI5n0dnsb33u4YHGwI8VrWtCeLDWDELO_hC7Qs
588,程,"EXTENT, DEGREE",KLC_00588,2,RAD_00115,禾,grain,RAD,,PRIMITIVE_OR_NONKLC,https://docs.google.com/spreadsheets/d/13rdpmsI5n0dnsb33u4YHGwI8VrWtCeLDWDELO_hC7Qs
589,聖,"HOLY, SAINT",KLC_00589,1,KLC_00072,王,KING,KLC,72,EARLIER_OR_SAME_KLC,https://docs.google.com/spreadsheets/d/13rdpmsI5n0dnsb33u4YHGwI8VrWtCeLDWDELO_hC7Qs
589,聖,"HOLY, SAINT",KLC_00589,2,RAD_00128,耳,"ear, hearing",RAD,,PRIMITIVE_OR_NONKLC,https://docs.google.com/spreadsheets/d/13rdpmsI5n0dnsb33u4YHGwI8VrWtCeLDWDELO_hC7Qs
589,聖,"HOLY, SAINT",KLC_00589,3,RAD_00030,口,"mouth, *opening*",RAD,,PRIMITIVE_OR_NONKLC,https://docs.google.com/spreadsheets/d/13rdpmsI5n0dnsb33u4YHGwI8VrWtCeLDWDELO_hC7Qs
591,紐,STRING,KLC_00591,1,RAD_00120,糸,"thread, silk",RAD,,PRIMITIVE_OR_NONKLC,https://docs.google.com/spreadsheets/d/13rdpmsI5n0dnsb33u4YHGwI8VrWtCeLDWDELO_hC7Qs
591,紐,STRING,KLC_00591,2,KLC_00590,丑,SIGN OF THE OX,KLC,590,EARLIER_OR_SAME_KLC,https://docs.google.com/spreadsheets/d/13rdpmsI5n0dnsb33u4YHGwI8VrWtCeLDWDELO_hC7Qs
593,靴,SHOES,KLC_00593,1,RAD_00177,革,"leather, reform",RAD,,PRIMITIVE_OR_NONKLC,https://docs.google.com/spreadsheets/d/13rdpmsI5n0dnsb33u4YHGwI8VrWtCeLDWDELO_hC7Qs
593,靴,SHOES,KLC_00593,2,KLC_00120,化,"CHANGE INTO, CONVERT",KLC,120,EARLIER_OR_SAME_KLC,https://docs.google.com/spreadsheets/d/13rdpmsI5n0dnsb33u4YHGwI8VrWtCeLDWDELO_hC7Qs
594,鞄,"BAG, SUITCASE",KLC_00594,1,RAD_00177,革,"leather, reform",RAD,,PRIMITIVE_OR_NONKLC,https://docs.google.com/spreadsheets/d/13rdpmsI5n0dnsb33u4YHGwI8VrWtCeLDWDELO_hC7Qs
594,鞄,"BAG, SUITCASE",KLC_00594,2,KLC_00457,包,"WRAP, ENCOMPASS",KLC,457,EARLIER_OR_SAME_KLC,https://docs.google.com/spreadsheets/d/13rdpmsI5n0dnsb33u4YHGwI8VrWtCeLDWDELO_hC7Qs
596,破,"BREAK, TEAR",KLC_00596,1,RAD_00112,石,"stone, rock",RAD,,PRIMITIVE_OR_NONKLC,https://docs.google.com/spreadsheets/d/13rdpmsI5n0dnsb33u4YHGwI8VrWtCeLDWDELO_hC7Qs
596,破,"BREAK, TEAR",KLC_00596,2,RAD_00107,皮,skin,RAD,,PRIMITIVE_OR_NONKLC,https://docs.google.com/spreadsheets/d/13rdpmsI5n0dnsb33u4YHGwI8VrWtCeLDWDELO_hC7Qs
597,彼,3RD PERSON PRONOUN,KLC_00597,1,RAD_00060,彳,"linger, stop, go",RAD,,PRIMITIVE_OR_NONKLC,https://docs.google.com/spreadsheets/d/13rdpmsI5n0dnsb33u4YHGwI8VrWtCeLDWDELO_hC7Qs
597,彼,3RD PERSON PRONOUN,KLC_00597,2,RAD_00107,皮,skin,RAD,,PRIMITIVE_OR_NONKLC,https://docs.google.com/spreadsheets/d/13rdpmsI5n0dnsb33u4YHGwI8VrWtCeLDWDELO_hC7Qs
598,波,WAVE,KLC_00598,1,RAD_00085,水,"water, *liquid*",RAD,,PRIMITIVE_OR_NONKLC,https://docs.google.com/spreadsheets/d/13rdpmsI5n0dnsb33u4YHGwI8VrWtCeLDWDELO_hC7Qs
598,波,WAVE,KLC_00598,2,RAD_00107,皮,skin,RAD,,PRIMITIVE_OR_NONKLC,https://docs.google.com/spreadsheets/d/13rdpmsI5n0dnsb33u4YHGwI8VrWtCeLDWDELO_hC7Qs
599,果,"FRUIT, ACCOMPLISH, RESULT",KLC_00599,1,RAD_00075,木,tree,RAD,,PRIMITIVE_OR_NONKLC,https://docs.google.com/spreadsheets/d/13rdpmsI5n0dnsb33u4YHGwI8VrWtCeLDWDELO_hC7Qs
600,課,"ASSIGN, TASK, SECTION",KLC_00600,1,RAD_00149,言,"speech, word, say",RAD,,PRIMITIVE_OR_NONKLC,https://docs.google.com/spreadsheets/d/13rdpmsI5n0dnsb33u4YHGwI8VrWtCeLDWDELO_hC7Qs
600,課,"ASSIGN, TASK, SECTION",KLC_00600,2,KLC_00599,果,"FRUIT, ACCOMPLISH, RESULT",KLC,599,EARLIER_OR_SAME_KLC,https://docs.google.com/spreadsheets/d/13rdpmsI5n0dnsb33u4YHGwI8VrWtCeLDWDELO_hC7Qs
601,巣,NEST,KLC_00601,1,KLC_00599,果,"FRUIT, ACCOMPLISH, RESULT",KLC,599,EARLIER_OR_SAME_KLC,https://docs.google.com/spreadsheets/d/13rdpmsI5n0dnsb33u4YHGwI8VrWtCeLDWDELO_hC7Qs
602,菓,"CANDY, CONFECTIONERY",KLC_00602,1,KLC_00599,果,"FRUIT, ACCOMPLISH, RESULT",KLC,599,EARLIER_OR_SAME_KLC,https://docs.google.com/spreadsheets/d/13rdpmsI5n0dnsb33u4YHGwI8VrWtCeLDWDELO_hC7Qs
602,菓,"CANDY, CONFECTIONERY",KLC_00602,2,RAD_00140,艸,"grass, vegetation",RAD,,PRIMITIVE_OR_NONKLC,https://docs.google.com/spreadsheets/d/13rdpmsI5n0dnsb33u4YHGwI8VrWtCeLDWDELO_hC7Qs
603,茶,TEA,KLC_00603,1,RAD_00140,艸,"grass, vegetation",RAD,,PRIMITIVE_OR_NONKLC,https://docs.google.com/spreadsheets/d/13rdpmsI5n0dnsb33u4YHGwI8VrWtCeLDWDELO_hC7Qs
603,茶,TEA,KLC_00603,2,RAD_00009,人,"person, *roof*",RAD,,PRIMITIVE_OR_NONKLC,https://docs.google.com/spreadsheets/d/13rdpmsI5n0dnsb33u4YHGwI8VrWtCeLDWDELO_hC7Qs
605,葉,LEAF,KLC_00605,1,RAD_00140,艸,"grass, vegetation",RAD,,PRIMITIVE_OR_NONKLC,https://docs.google.com/spreadsheets/d/13rdpmsI5n0dnsb33u4YHGwI8VrWtCeLDWDELO_hC7Qs
605,葉,LEAF,KLC_00605,2,RAD_00075,木,tree,RAD,,PRIMITIVE_OR_NONKLC,https://docs.google.com/spreadsheets/d/13rdpmsI5n0dnsb33u4YHGwI8VrWtCeLDWDELO_hC7Qs
605,葉,LEAF,KLC_00605,3,KLC_00604,世,"WORLD, AGE, GENERATION",KLC,604,EARLIER_OR_SAME_KLC,https://docs.google.com/spreadsheets/d/13rdpmsI5n0dnsb33u4YHGwI8VrWtCeLDWDELO_hC7Qs
606,棄,ABANDON,KLC_00606,1,SUP_00015,丗,trashcan,SUP,,PRIMITIVE_OR_NONKLC,https://docs.google.com/spreadsheets/d/13rdpmsI5n0dnsb33u4YHGwI8VrWtCeLDWDELO_hC7Qs
606,棄,ABANDON,KLC_00606,2,RAD_00075,木,tree,RAD,,PRIMITIVE_OR_NONKLC,https://docs.google.com/spreadsheets/d/13rdpmsI5n0dnsb33u4YHGwI8VrWtCeLDWDELO_hC7Qs
607,緑,GREEN,KLC_00607,1,RAD_00120,糸,"thread, silk",RAD,,PRIMITIVE_OR_NONKLC,https://docs.google.com/spreadsheets/d/13rdpmsI5n0dnsb33u4YHGwI8VrWtCeLDWDELO_hC7Qs
607,緑,GREEN,KLC_00607,2,RAD_00085,水,"water, *liquid*",RAD,,PRIMITIVE_OR_NONKLC,https://docs.google.com/spreadsheets/d/13rdpmsI5n0dnsb33u4YHGwI8VrWtCeLDWDELO_hC7Qs
608,録,"RECORD, REGISTER",KLC_00608,1,RAD_00167,金,"metal, gold, money",RAD,,PRIMITIVE_OR_NONKLC,https://docs.google.com/spreadsheets/d/13rdpmsI5n0dnsb33u4YHGwI8VrWtCeLDWDELO_hC7Qs
608,録,"RECORD, REGISTER",KLC_00608,2,RAD_00085,水,"water, *liquid*",RAD,,PRIMITIVE_OR_NONKLC,https://docs.google.com/spreadsheets/d/13rdpmsI5n0dnsb33u4YHGwI8VrWtCeLDWDELO_hC7Qs
609,剝,PEEL OFF,KLC_00609,1,RAD_00085,水,"water, *liquid*",RAD,,PRIMITIVE_OR_NONKLC,https://docs.google.com/spreadsheets/d/13rdpmsI5n0dnsb33u4YHGwI8VrWtCeLDWDELO_hC7Qs
609,剝,PEEL OFF,KLC_00609,2,RAD_00018,刀,"knife, sword, *cut*",RAD,,PRIMITIVE_OR_NONKLC,https://docs.google.com/spreadsheets/d/13rdpmsI5n0dnsb33u4YHGwI8VrWtCeLDWDELO_hC7Qs
610,縁,"RELATION, EDGE",KLC_00610,1,RAD_00152,豕,pig,RAD,,PRIMITIVE_OR_NONKLC,https://docs.google.com/spreadsheets/d/13rdpmsI5n0dnsb33u4YHGwI8VrWtCeLDWDELO_hC7Qs
610,縁,"RELATION, EDGE",KLC_00610,2,RAD_00120,糸,"thread, silk",RAD,,PRIMITIVE_OR_NONKLC,https://docs.google.com/spreadsheets/d/13rdpmsI5n0dnsb33u4YHGwI8VrWtCeLDWDELO_hC7Qs
612,界,"WORLD, BOUNDARY",KLC_00612,1,KLC_00611,介,MEDIATE,KLC,611,EARLIER_OR_SAME_KLC,https://docs.google.com/spreadsheets/d/13rdpmsI5n0dnsb33u4YHGwI8VrWtCeLDWDELO_hC7Qs
612,界,"WORLD, BOUNDARY",KLC_00612,2,RAD_00102,田,"rice field, *head*",RAD,,PRIMITIVE_OR_NONKLC,https://docs.google.com/spreadsheets/d/13rdpmsI5n0dnsb33u4YHGwI8VrWtCeLDWDELO_hC7Qs
613,浮,FLOATING,KLC_00613,1,RAD_00087,爪,claw,RAD,,PRIMITIVE_OR_NONKLC,https://docs.google.com/spreadsheets/d/13rdpmsI5n0dnsb33u4YHGwI8VrWtCeLDWDELO_hC7Qs
613,浮,FLOATING,KLC_00613,2,RAD_00039,子,child,RAD,,PRIMITIVE_OR_NONKLC,https://docs.google.com/spreadsheets/d/13rdpmsI5n0dnsb33u4YHGwI8VrWtCeLDWDELO_hC7Qs
613,浮,FLOATING,KLC_00613,3,RAD_00085,水,"water, *liquid*",RAD,,PRIMITIVE_OR_NONKLC,https://docs.google.com/spreadsheets/d/13rdpmsI5n0dnsb33u4YHGwI8VrWtCeLDWDELO_hC7Qs
614,将,GENERAL OFFICER,KLC_00614,1,RAD_00087,爪,claw,RAD,,PRIMITIVE_OR_NONKLC,https://docs.google.com/spreadsheets/d/13rdpmsI5n0dnsb33u4YHGwI8VrWtCeLDWDELO_hC7Qs
614,将,GENERAL OFFICER,KLC_00614,2,RAD_00090,爿,"split wood, *wooden tablet*",RAD,,PRIMITIVE_OR_NONKLC,https://docs.google.com/spreadsheets/d/13rdpmsI5n0dnsb33u4YHGwI8VrWtCeLDWDELO_hC7Qs
614,将,GENERAL OFFICER,KLC_00614,3,RAD_00041,寸,"measurement, tenth of shaku, a bit of",RAD,,PRIMITIVE_OR_NONKLC,https://docs.google.com/spreadsheets/d/13rdpmsI5n0dnsb33u4YHGwI8VrWtCeLDWDELO_hC7Qs
615,奨,ENCOURAGE,KLC_00615,1,RAD_00037,大,"big, university",RAD,,PRIMITIVE_OR_NONKLC,https://docs.google.com/spreadsheets/d/13rdpmsI5n0dnsb33u4YHGwI8VrWtCeLDWDELO_hC7Qs
615,奨,ENCOURAGE,KLC_00615,2,KLC_00614,将,GENERAL OFFICER,KLC,614,EARLIER_OR_SAME_KLC,https://docs.google.com/spreadsheets/d/13rdpmsI5n0dnsb33u4YHGwI8VrWtCeLDWDELO_hC7Qs
616,状,"FORM, CONDITION, LETTER",KLC_00616,1,RAD_00090,爿,"split wood, *wooden tablet*",RAD,,PRIMITIVE_OR_NONKLC,https://docs.google.com/spreadsheets/d/13rdpmsI5n0dnsb33u4YHGwI8VrWtCeLDWDELO_hC7Qs
616,状,"FORM, CONDITION, LETTER",KLC_00616,2,RAD_00094,犬,"dog, small animal",RAD,,PRIMITIVE_OR_NONKLC,https://docs.google.com/spreadsheets/d/13rdpmsI5n0dnsb33u4YHGwI8VrWtCeLDWDELO_hC7Qs
617,病,ILLNESS,KLC_00617,1,RAD_00104,疒,"sickness, illness",RAD,,PRIMITIVE_OR_NONKLC,https://docs.google.com/spreadsheets/d/13rdpmsI5n0dnsb33u4YHGwI8VrWtCeLDWDELO_hC7Qs
617,病,ILLNESS,KLC_00617,2,KLC_01523,丙,THIRD IN A SERIES,KLC,1523,LATER_KLC_MNEMONIC_REF,https://docs.google.com/spreadsheets/d/13rdpmsI5n0dnsb33u4YHGwI8VrWtCeLDWDELO_hC7Qs
618,症,PATHOLOGICAL CONDITION,KLC_00618,1,KLC_00043,正,"CORRECT, RIGHT",KLC,43,EARLIER_OR_SAME_KLC,https://docs.google.com/spreadsheets/d/13rdpmsI5n0dnsb33u4YHGwI8VrWtCeLDWDELO_hC7Qs
618,症,PATHOLOGICAL CONDITION,KLC_00618,2,RAD_00104,疒,"sickness, illness",RAD,,PRIMITIVE_OR_NONKLC,https://docs.google.com/spreadsheets/d/13rdpmsI5n0dnsb33u4YHGwI8VrWtCeLDWDELO_hC7Qs
619,痛,"PAIN, ACUTE",KLC_00619,1,RAD_00104,疒,"sickness, illness",RAD,,PRIMITIVE_OR_NONKLC,https://docs.google.com/spreadsheets/d/13rdpmsI5n0dnsb33u4YHGwI8VrWtCeLDWDELO_hC7Qs
619,痛,"PAIN, ACUTE",KLC_00619,2,SUP_00016,甬,move forward,SUP,,PRIMITIVE_OR_NONKLC,https://docs.google.com/spreadsheets/d/13rdpmsI5n0dnsb33u4YHGwI8VrWtCeLDWDELO_hC7Qs
620,憶,REMEMBER,KLC_00620,1,RAD_00061,心,"heart, mind, spirit",RAD,,PRIMITIVE_OR_NONKLC,https://docs.google.com/spreadsheets/d/13rdpmsI5n0dnsb33u4YHGwI8VrWtCeLDWDELO_hC7Qs
620,憶,REMEMBER,KLC_00620,2,KLC_00151,意,"IDEA, OPINION, THOUGHT",KLC,151,EARLIER_OR_SAME_KLC,https://docs.google.com/spreadsheets/d/13rdpmsI5n0dnsb33u4YHGwI8VrWtCeLDWDELO_hC7Qs
621,臆,FEEL TIMID,FIX_KLC_00621,1,RAD_00074,月,"moon, month, *flesh*, *body part*",RAD,,PRIMITIVE_OR_NONKLC,https://docs.google.com/spreadsheets/d/13rdpmsI5n0dnsb33u4YHGwI8VrWtCeLDWDELO_hC7Qs
621,臆,FEEL TIMID,FIX_KLC_00621,2,KLC_00151,意,"IDEA, OPINION, THOUGHT",KLC,151,EARLIER_OR_SAME_KLC,https://docs.google.com/spreadsheets/d/13rdpmsI5n0dnsb33u4YHGwI8VrWtCeLDWDELO_hC7Qs
622,億,HUNDRED MILLION,KLC_00622,1,RAD_00009,人,"person, *roof*",RAD,,PRIMITIVE_OR_NONKLC,https://docs.google.com/spreadsheets/d/13rdpmsI5n0dnsb33u4YHGwI8VrWtCeLDWDELO_hC7Qs
622,億,HUNDRED MILLION,KLC_00622,2,KLC_00151,意,"IDEA, OPINION, THOUGHT",KLC,151,EARLIER_OR_SAME_KLC,https://docs.google.com/spreadsheets/d/13rdpmsI5n0dnsb33u4YHGwI8VrWtCeLDWDELO_hC7Qs
623,視,LOOK AT,KLC_00623,1,RAD_00147,見,see,RAD,,PRIMITIVE_OR_NONKLC,https://docs.google.com/spreadsheets/d/13rdpmsI5n0dnsb33u4YHGwI8VrWtCeLDWDELO_hC7Qs
623,視,LOOK AT,KLC_00623,2,RAD_00113,示,"spirit, sign, show",RAD,,PRIMITIVE_OR_NONKLC,https://docs.google.com/spreadsheets/d/13rdpmsI5n0dnsb33u4YHGwI8VrWtCeLDWDELO_hC7Qs
624,規,REGULATION,KLC_00624,1,KLC_00565,夫,"HUSBAND, MAN LABORER",KLC,565,EARLIER_OR_SAME_KLC,https://docs.google.com/spreadsheets/d/13rdpmsI5n0dnsb33u4YHGwI8VrWtCeLDWDELO_hC7Qs
624,規,REGULATION,KLC_00624,2,RAD_00147,見,see,RAD,,PRIMITIVE_OR_NONKLC,https://docs.google.com/spreadsheets/d/13rdpmsI5n0dnsb33u4YHGwI8VrWtCeLDWDELO_hC7Qs
625,則,"RULE, LAW",KLC_00625,1,RAD_00154,貝,"shellfish, money, wealth",RAD,,PRIMITIVE_OR_NONKLC,https://docs.google.com/spreadsheets/d/13rdpmsI5n0dnsb33u4YHGwI8VrWtCeLDWDELO_hC7Qs
625,則,"RULE, LAW",KLC_00625,2,RAD_00018,刀,"knife, sword, *cut*",RAD,,PRIMITIVE_OR_NONKLC,https://docs.google.com/spreadsheets/d/13rdpmsI5n0dnsb33u4YHGwI8VrWtCeLDWDELO_hC7Qs
626,側,SIDE,KLC_00626,1,RAD_00009,人,"person, *roof*",RAD,,PRIMITIVE_OR_NONKLC,https://docs.google.com/spreadsheets/d/13rdpmsI5n0dnsb33u4YHGwI8VrWtCeLDWDELO_hC7Qs
626,側,SIDE,KLC_00626,2,RAD_00154,貝,"shellfish, money, wealth",RAD,,PRIMITIVE_OR_NONKLC,https://docs.google.com/spreadsheets/d/13rdpmsI5n0dnsb33u4YHGwI8VrWtCeLDWDELO_hC7Qs
626,側,SIDE,KLC_00626,3,RAD_00018,刀,"knife, sword, *cut*",RAD,,PRIMITIVE_OR_NONKLC,https://docs.google.com/spreadsheets/d/13rdpmsI5n0dnsb33u4YHGwI8VrWtCeLDWDELO_hC7Qs
627,測,"MEASURE, CONJECTURE, ESTIMATE",KLC_00627,1,KLC_00625,則,"RULE, LAW",KLC,625,EARLIER_OR_SAME_KLC,https://docs.google.com/spreadsheets/d/13rdpmsI5n0dnsb33u4YHGwI8VrWtCeLDWDELO_hC7Qs
627,測,"MEASURE, CONJECTURE, ESTIMATE",KLC_00627,2,RAD_00085,水,"water, *liquid*",RAD,,PRIMITIVE_OR_NONKLC,https://docs.google.com/spreadsheets/d/13rdpmsI5n0dnsb33u4YHGwI8VrWtCeLDWDELO_hC7Qs
628,考,THINK,KLC_00628,1,RAD_00125,老,"old, buried",RAD,,PRIMITIVE_OR_NONKLC,https://docs.google.com/spreadsheets/d/13rdpmsI5n0dnsb33u4YHGwI8VrWtCeLDWDELO_hC7Qs
630,孝,FILIAL PIETY,KLC_00630,1,RAD_00039,子,child,RAD,,PRIMITIVE_OR_NONKLC,https://docs.google.com/spreadsheets/d/13rdpmsI5n0dnsb33u4YHGwI8VrWtCeLDWDELO_hC7Qs
630,孝,FILIAL PIETY,KLC_00630,2,RAD_00125,老,"old, buried",RAD,,PRIMITIVE_OR_NONKLC,https://docs.google.com/spreadsheets/d/13rdpmsI5n0dnsb33u4YHGwI8VrWtCeLDWDELO_hC7Qs
631,厚,"THICK, KIND [gentle]",KLC_00631,1,RAD_00039,子,child,RAD,,PRIMITIVE_OR_NONKLC,https://docs.google.com/spreadsheets/d/13rdpmsI5n0dnsb33u4YHGwI8VrWtCeLDWDELO_hC7Qs
631,厚,"THICK, KIND [gentle]",KLC_00631,2,RAD_00027,厂,cliff,RAD,,PRIMITIVE_OR_NONKLC,https://docs.google.com/spreadsheets/d/13rdpmsI5n0dnsb33u4YHGwI8VrWtCeLDWDELO_hC7Qs
631,厚,"THICK, KIND [gentle]",KLC_00631,3,RAD_00072,日,"sun, day",RAD,,PRIMITIVE_OR_NONKLC,https://docs.google.com/spreadsheets/d/13rdpmsI5n0dnsb33u4YHGwI8VrWtCeLDWDELO_hC7Qs
632,教,"TEACH, RELIGION",KLC_00632,1,RAD_00125,老,"old, buried",RAD,,PRIMITIVE_OR_NONKLC,https://docs.google.com/spreadsheets/d/13rdpmsI5n0dnsb33u4YHGwI8VrWtCeLDWDELO_hC7Qs
632,教,"TEACH, RELIGION",KLC_00632,2,RAD_00066,攴,"hit, strike, *action*",RAD,,PRIMITIVE_OR_NONKLC,https://docs.google.com/spreadsheets/d/13rdpmsI5n0dnsb33u4YHGwI8VrWtCeLDWDELO_hC7Qs
632,教,"TEACH, RELIGION",KLC_00632,3,RAD_00039,子,child,RAD,,PRIMITIVE_OR_NONKLC,https://docs.google.com/spreadsheets/d/13rdpmsI5n0dnsb33u4YHGwI8VrWtCeLDWDELO_hC7Qs
633,完,COMPLETE,KLC_00633,1,KLC_00136,元,ORIGIN,KLC,136,EARLIER_OR_SAME_KLC,https://docs.google.com/spreadsheets/d/13rdpmsI5n0dnsb33u4YHGwI8VrWtCeLDWDELO_hC7Qs
633,完,COMPLETE,KLC_00633,2,RAD_00040,宀,roof,RAD,,PRIMITIVE_OR_NONKLC,https://docs.google.com/spreadsheets/d/13rdpmsI5n0dnsb33u4YHGwI8VrWtCeLDWDELO_hC7Qs
634,院,INSTITUTION,KLC_00634,1,KLC_00633,完,COMPLETE,KLC,633,EARLIER_OR_SAME_KLC,https://docs.google.com/spreadsheets/d/13rdpmsI5n0dnsb33u4YHGwI8VrWtCeLDWDELO_hC7Qs
634,院,INSTITUTION,KLC_00634,2,RAD_00170,阜,hill [left of kanji],RAD,,PRIMITIVE_OR_NONKLC,https://docs.google.com/spreadsheets/d/13rdpmsI5n0dnsb33u4YHGwI8VrWtCeLDWDELO_hC7Qs
635,奈,PHONETIC [NA],KLC_00635,1,RAD_00113,示,"spirit, sign, show",RAD,,PRIMITIVE_OR_NONKLC,https://docs.google.com/spreadsheets/d/13rdpmsI5n0dnsb33u4YHGwI8VrWtCeLDWDELO_hC7Qs
635,奈,PHONETIC [NA],KLC_00635,2,RAD_00037,大,"big, university",RAD,,PRIMITIVE_OR_NONKLC,https://docs.google.com/spreadsheets/d/13rdpmsI5n0dnsb33u4YHGwI8VrWtCeLDWDELO_hC7Qs
636,宗,RELIGIOUS SECT,KLC_00636,1,RAD_00113,示,"spirit, sign, show",RAD,,PRIMITIVE_OR_NONKLC,https://docs.google.com/spreadsheets/d/13rdpmsI5n0dnsb33u4YHGwI8VrWtCeLDWDELO_hC7Qs
636,宗,RELIGIOUS SECT,KLC_00636,2,RAD_00040,宀,roof,RAD,,PRIMITIVE_OR_NONKLC,https://docs.google.com/spreadsheets/d/13rdpmsI5n0dnsb33u4YHGwI8VrWtCeLDWDELO_hC7Qs
637,祭,"FESTIVAL, WORSHIP",KLC_00637,1,RAD_00113,示,"spirit, sign, show",RAD,,PRIMITIVE_OR_NONKLC,https://docs.google.com/spreadsheets/d/13rdpmsI5n0dnsb33u4YHGwI8VrWtCeLDWDELO_hC7Qs
638,際,"VERGE, OCCASION",KLC_00638,1,KLC_00637,祭,"FESTIVAL, WORSHIP",KLC,637,EARLIER_OR_SAME_KLC,https://docs.google.com/spreadsheets/d/13rdpmsI5n0dnsb33u4YHGwI8VrWtCeLDWDELO_hC7Qs
638,際,"VERGE, OCCASION",KLC_00638,2,RAD_00170,阜,hill [left of kanji],RAD,,PRIMITIVE_OR_NONKLC,https://docs.google.com/spreadsheets/d/13rdpmsI5n0dnsb33u4YHGwI8VrWtCeLDWDELO_hC7Qs
639,察,"INSPECT, GUESS",KLC_00639,1,RAD_00040,宀,roof,RAD,,PRIMITIVE_OR_NONKLC,https://docs.google.com/spreadsheets/d/13rdpmsI5n0dnsb33u4YHGwI8VrWtCeLDWDELO_hC7Qs
639,察,"INSPECT, GUESS",KLC_00639,2,KLC_00637,祭,"FESTIVAL, WORSHIP",KLC,637,EARLIER_OR_SAME_KLC,https://docs.google.com/spreadsheets/d/13rdpmsI5n0dnsb33u4YHGwI8VrWtCeLDWDELO_hC7Qs
640,祈,PRAY,KLC_00640,1,RAD_00069,斤,"axe, kin [600 grams]",RAD,,PRIMITIVE_OR_NONKLC,https://docs.google.com/spreadsheets/d/13rdpmsI5n0dnsb33u4YHGwI8VrWtCeLDWDELO_hC7Qs
640,祈,PRAY,KLC_00640,2,RAD_00113,示,"spirit, sign, show",RAD,,PRIMITIVE_OR_NONKLC,https://docs.google.com/spreadsheets/d/13rdpmsI5n0dnsb33u4YHGwI8VrWtCeLDWDELO_hC7Qs
641,祖,ANCESTOR,KLC_00641,1,RAD_00113,示,"spirit, sign, show",RAD,,PRIMITIVE_OR_NONKLC,https://docs.google.com/spreadsheets/d/13rdpmsI5n0dnsb33u4YHGwI8VrWtCeLDWDELO_hC7Qs
641,祖,ANCESTOR,KLC_00641,2,KLC_00263,且,"AS WELL AS, MOREOVER, *ladder*",KLC,263,EARLIER_OR_SAME_KLC,https://docs.google.com/spreadsheets/d/13rdpmsI5n0dnsb33u4YHGwI8VrWtCeLDWDELO_hC7Qs
642,助,"HELP, SAVE",KLC_00642,1,RAD_00019,力,"power, strength",RAD,,PRIMITIVE_OR_NONKLC,https://docs.google.com/spreadsheets/d/13rdpmsI5n0dnsb33u4YHGwI8VrWtCeLDWDELO_hC7Qs
642,助,"HELP, SAVE",KLC_00642,2,KLC_00263,且,"AS WELL AS, MOREOVER, *ladder*",KLC,263,EARLIER_OR_SAME_KLC,https://docs.google.com/spreadsheets/d/13rdpmsI5n0dnsb33u4YHGwI8VrWtCeLDWDELO_hC7Qs
643,仲,INTERMEDIARY,KLC_00643,1,RAD_00009,人,"person, *roof*",RAD,,PRIMITIVE_OR_NONKLC,https://docs.google.com/spreadsheets/d/13rdpmsI5n0dnsb33u4YHGwI8VrWtCeLDWDELO_hC7Qs
643,仲,INTERMEDIARY,KLC_00643,2,KLC_00035,中,"MIDDLE, IN, CHINA",KLC,35,EARLIER_OR_SAME_KLC,https://docs.google.com/spreadsheets/d/13rdpmsI5n0dnsb33u4YHGwI8VrWtCeLDWDELO_hC7Qs
644,忠,LOYALTY,KLC_00644,1,KLC_00035,中,"MIDDLE, IN, CHINA",KLC,35,EARLIER_OR_SAME_KLC,https://docs.google.com/spreadsheets/d/13rdpmsI5n0dnsb33u4YHGwI8VrWtCeLDWDELO_hC7Qs
644,忠,LOYALTY,KLC_00644,2,RAD_00061,心,"heart, mind, spirit",RAD,,PRIMITIVE_OR_NONKLC,https://docs.google.com/spreadsheets/d/13rdpmsI5n0dnsb33u4YHGwI8VrWtCeLDWDELO_hC7Qs
645,沖,OPEN SEA,KLC_00645,1,KLC_00035,中,"MIDDLE, IN, CHINA",KLC,35,EARLIER_OR_SAME_KLC,https://docs.google.com/spreadsheets/d/13rdpmsI5n0dnsb33u4YHGwI8VrWtCeLDWDELO_hC7Qs
645,沖,OPEN SEA,KLC_00645,2,RAD_00085,水,"water, *liquid*",RAD,,PRIMITIVE_OR_NONKLC,https://docs.google.com/spreadsheets/d/13rdpmsI5n0dnsb33u4YHGwI8VrWtCeLDWDELO_hC7Qs
646,保,PRESERVE,KLC_00646,1,RAD_00009,人,"person, *roof*",RAD,,PRIMITIVE_OR_NONKLC,https://docs.google.com/spreadsheets/d/13rdpmsI5n0dnsb33u4YHGwI8VrWtCeLDWDELO_hC7Qs
647,呆,"DUMBFOUNDED, SHOCKED",KLC_00647,1,KLC_00646,保,PRESERVE,KLC,646,EARLIER_OR_SAME_KLC,https://docs.google.com/spreadsheets/d/13rdpmsI5n0dnsb33u4YHGwI8VrWtCeLDWDELO_hC7Qs
648,守,"PROTECT, KEEP",KLC_00648,1,RAD_00041,寸,"measurement, tenth of shaku, a bit of",RAD,,PRIMITIVE_OR_NONKLC,https://docs.google.com/spreadsheets/d/13rdpmsI5n0dnsb33u4YHGwI8VrWtCeLDWDELO_hC7Qs
648,守,"PROTECT, KEEP",KLC_00648,2,RAD_00040,宀,roof,RAD,,PRIMITIVE_OR_NONKLC,https://docs.google.com/spreadsheets/d/13rdpmsI5n0dnsb33u4YHGwI8VrWtCeLDWDELO_hC7Qs
649,団,"COLLECTIVE, GROUP",KLC_00649,1,RAD_00041,寸,"measurement, tenth of shaku, a bit of",RAD,,PRIMITIVE_OR_NONKLC,https://docs.google.com/spreadsheets/d/13rdpmsI5n0dnsb33u4YHGwI8VrWtCeLDWDELO_hC7Qs
650,対,OPPOSITE,KLC_00650,1,RAD_00067,文,"script, literature",RAD,,PRIMITIVE_OR_NONKLC,https://docs.google.com/spreadsheets/d/13rdpmsI5n0dnsb33u4YHGwI8VrWtCeLDWDELO_hC7Qs
650,対,OPPOSITE,KLC_00650,2,RAD_00041,寸,"measurement, tenth of shaku, a bit of",RAD,,PRIMITIVE_OR_NONKLC,https://docs.google.com/spreadsheets/d/13rdpmsI5n0dnsb33u4YHGwI8VrWtCeLDWDELO_hC7Qs
651,村,VILLAGE,KLC_00651,1,RAD_00041,寸,"measurement, tenth of shaku, a bit of",RAD,,PRIMITIVE_OR_NONKLC,https://docs.google.com/spreadsheets/d/13rdpmsI5n0dnsb33u4YHGwI8VrWtCeLDWDELO_hC7Qs
651,村,VILLAGE,KLC_00651,2,RAD_00075,木,tree,RAD,,PRIMITIVE_OR_NONKLC,https://docs.google.com/spreadsheets/d/13rdpmsI5n0dnsb33u4YHGwI8VrWtCeLDWDELO_hC7Qs
653,財,WEALTH,KLC_00653,1,RAD_00154,貝,"shellfish, money, wealth",RAD,,PRIMITIVE_OR_NONKLC,https://docs.google.com/spreadsheets/d/13rdpmsI5n0dnsb33u4YHGwI8VrWtCeLDWDELO_hC7Qs
653,財,WEALTH,KLC_00653,2,KLC_00652,才,"TALENT, -YEARS OLD",KLC,652,EARLIER_OR_SAME_KLC,https://docs.google.com/spreadsheets/d/13rdpmsI5n0dnsb33u4YHGwI8VrWtCeLDWDELO_hC7Qs
654,材,"TIMBER, MATERIAL",KLC_00654,1,RAD_00075,木,tree,RAD,,PRIMITIVE_OR_NONKLC,https://docs.google.com/spreadsheets/d/13rdpmsI5n0dnsb33u4YHGwI8VrWtCeLDWDELO_hC7Qs
654,材,"TIMBER, MATERIAL",KLC_00654,2,KLC_00652,才,"TALENT, -YEARS OLD",KLC,652,EARLIER_OR_SAME_KLC,https://docs.google.com/spreadsheets/d/13rdpmsI5n0dnsb33u4YHGwI8VrWtCeLDWDELO_hC7Qs
655,沈,SINK,KLC_00655,1,RAD_00085,水,"water, *liquid*",RAD,,PRIMITIVE_OR_NONKLC,https://docs.google.com/spreadsheets/d/13rdpmsI5n0dnsb33u4YHGwI8VrWtCeLDWDELO_hC7Qs
656,枕,PILLOW,KLC_00656,1,RAD_00075,木,tree,RAD,,PRIMITIVE_OR_NONKLC,https://docs.google.com/spreadsheets/d/13rdpmsI5n0dnsb33u4YHGwI8VrWtCeLDWDELO_hC7Qs
658,杖,CANE,KLC_00658,1,RAD_00075,木,tree,RAD,,PRIMITIVE_OR_NONKLC,https://docs.google.com/spreadsheets/d/13rdpmsI5n0dnsb33u4YHGwI8VrWtCeLDWDELO_hC7Qs
659,偉,"GREAT, EMINENT",KLC_00659,1,RAD_00009,人,"person, *roof*",RAD,,PRIMITIVE_OR_NONKLC,https://docs.google.com/spreadsheets/d/13rdpmsI5n0dnsb33u4YHGwI8VrWtCeLDWDELO_hC7Qs
659,偉,"GREAT, EMINENT",KLC_00659,2,RAD_00178,韋,tanned leather,RAD,,PRIMITIVE_OR_NONKLC,https://docs.google.com/spreadsheets/d/13rdpmsI5n0dnsb33u4YHGwI8VrWtCeLDWDELO_hC7Qs
660,緯,LATITUDE,KLC_00660,1,RAD_00120,糸,"thread, silk",RAD,,PRIMITIVE_OR_NONKLC,https://docs.google.com/spreadsheets/d/13rdpmsI5n0dnsb33u4YHGwI8VrWtCeLDWDELO_hC7Qs
660,緯,LATITUDE,KLC_00660,2,RAD_00178,韋,tanned leather,RAD,,PRIMITIVE_OR_NONKLC,https://docs.google.com/spreadsheets/d/13rdpmsI5n0dnsb33u4YHGwI8VrWtCeLDWDELO_hC7Qs
661,衛,GUARD,KLC_00661,1,RAD_00144,行,"go, act",RAD,,PRIMITIVE_OR_NONKLC,https://docs.google.com/spreadsheets/d/13rdpmsI5n0dnsb33u4YHGwI8VrWtCeLDWDELO_hC7Qs
661,衛,GUARD,KLC_00661,2,RAD_00178,韋,tanned leather,RAD,,PRIMITIVE_OR_NONKLC,https://docs.google.com/spreadsheets/d/13rdpmsI5n0dnsb33u4YHGwI8VrWtCeLDWDELO_hC7Qs
662,韓,SOUTH KOREA,KLC_00662,1,KLC_00145,朝,"MORNING, DYNASTY",KLC,145,EARLIER_OR_SAME_KLC,https://docs.google.com/spreadsheets/d/13rdpmsI5n0dnsb33u4YHGwI8VrWtCeLDWDELO_hC7Qs
662,韓,SOUTH KOREA,KLC_00662,2,RAD_00178,韋,tanned leather,RAD,,PRIMITIVE_OR_NONKLC,https://docs.google.com/spreadsheets/d/13rdpmsI5n0dnsb33u4YHGwI8VrWtCeLDWDELO_hC7Qs
663,違,"DIFFER, WRONG",KLC_00663,1,RAD_00162,辵,"walk, *transport*",RAD,,PRIMITIVE_OR_NONKLC,https://docs.google.com/spreadsheets/d/13rdpmsI5n0dnsb33u4YHGwI8VrWtCeLDWDELO_hC7Qs
663,違,"DIFFER, WRONG",KLC_00663,2,RAD_00178,韋,tanned leather,RAD,,PRIMITIVE_OR_NONKLC,https://docs.google.com/spreadsheets/d/13rdpmsI5n0dnsb33u4YHGwI8VrWtCeLDWDELO_hC7Qs
664,抱,HOLD,KLC_00664,1,RAD_00064,手,"hand, performer of action",RAD,,PRIMITIVE_OR_NONKLC,https://docs.google.com/spreadsheets/d/13rdpmsI5n0dnsb33u4YHGwI8VrWtCeLDWDELO_hC7Qs
664,抱,HOLD,KLC_00664,2,KLC_00457,包,"WRAP, ENCOMPASS",KLC,457,EARLIER_OR_SAME_KLC,https://docs.google.com/spreadsheets/d/13rdpmsI5n0dnsb33u4YHGwI8VrWtCeLDWDELO_hC7Qs
665,砲,HEAVY GUN,KLC_00665,1,RAD_00112,石,"stone, rock",RAD,,PRIMITIVE_OR_NONKLC,https://docs.google.com/spreadsheets/d/13rdpmsI5n0dnsb33u4YHGwI8VrWtCeLDWDELO_hC7Qs
665,砲,HEAVY GUN,KLC_00665,2,KLC_00457,包,"WRAP, ENCOMPASS",KLC,457,EARLIER_OR_SAME_KLC,https://docs.google.com/spreadsheets/d/13rdpmsI5n0dnsb33u4YHGwI8VrWtCeLDWDELO_hC7Qs
666,泡,BUBBLE,KLC_00666,1,RAD_00085,水,"water, *liquid*",RAD,,PRIMITIVE_OR_NONKLC,https://docs.google.com/spreadsheets/d/13rdpmsI5n0dnsb33u4YHGwI8VrWtCeLDWDELO_hC7Qs
666,泡,BUBBLE,KLC_00666,2,KLC_00457,包,"WRAP, ENCOMPASS",KLC,457,EARLIER_OR_SAME_KLC,https://docs.google.com/spreadsheets/d/13rdpmsI5n0dnsb33u4YHGwI8VrWtCeLDWDELO_hC7Qs
669,船,SHIP,KLC_00669,1,RAD_00137,舟,boat,RAD,,PRIMITIVE_OR_NONKLC,https://docs.google.com/spreadsheets/d/13rdpmsI5n0dnsb33u4YHGwI8VrWtCeLDWDELO_hC7Qs
670,舶,OCEANGOING SHIP,KLC_00670,1,RAD_00137,舟,boat,RAD,,PRIMITIVE_OR_NONKLC,https://docs.google.com/spreadsheets/d/13rdpmsI5n0dnsb33u4YHGwI8VrWtCeLDWDELO_hC7Qs
670,舶,OCEANGOING SHIP,KLC_00670,2,RAD_00106,白,white,RAD,,PRIMITIVE_OR_NONKLC,https://docs.google.com/spreadsheets/d/13rdpmsI5n0dnsb33u4YHGwI8VrWtCeLDWDELO_hC7Qs
671,般,"SORT, KIND",KLC_00671,1,RAD_00137,舟,boat,RAD,,PRIMITIVE_OR_NONKLC,https://docs.google.com/spreadsheets/d/13rdpmsI5n0dnsb33u4YHGwI8VrWtCeLDWDELO_hC7Qs
671,般,"SORT, KIND",KLC_00671,2,RAD_00079,殳,weapon,RAD,,PRIMITIVE_OR_NONKLC,https://docs.google.com/spreadsheets/d/13rdpmsI5n0dnsb33u4YHGwI8VrWtCeLDWDELO_hC7Qs
672,搬,CARRY,KLC_00672,1,KLC_00671,般,"SORT, KIND",KLC,671,EARLIER_OR_SAME_KLC,https://docs.google.com/spreadsheets/d/13rdpmsI5n0dnsb33u4YHGwI8VrWtCeLDWDELO_hC7Qs
672,搬,CARRY,KLC_00672,2,RAD_00137,舟,boat,RAD,,PRIMITIVE_OR_NONKLC,https://docs.google.com/spreadsheets/d/13rdpmsI5n0dnsb33u4YHGwI8VrWtCeLDWDELO_hC7Qs
672,搬,CARRY,KLC_00672,3,RAD_00079,殳,weapon,RAD,,PRIMITIVE_OR_NONKLC,https://docs.google.com/spreadsheets/d/13rdpmsI5n0dnsb33u4YHGwI8VrWtCeLDWDELO_hC7Qs
672,搬,CARRY,KLC_00672,4,RAD_00064,手,"hand, performer of action",RAD,,PRIMITIVE_OR_NONKLC,https://docs.google.com/spreadsheets/d/13rdpmsI5n0dnsb33u4YHGwI8VrWtCeLDWDELO_hC7Qs
673,盤,"DISK, BOARD [like chess]",KLC_00673,1,RAD_00108,皿,"plate, dish",RAD,,PRIMITIVE_OR_NONKLC,https://docs.google.com/spreadsheets/d/13rdpmsI5n0dnsb33u4YHGwI8VrWtCeLDWDELO_hC7Qs
673,盤,"DISK, BOARD [like chess]",KLC_00673,2,KLC_00671,般,"SORT, KIND",KLC,671,EARLIER_OR_SAME_KLC,https://docs.google.com/spreadsheets/d/13rdpmsI5n0dnsb33u4YHGwI8VrWtCeLDWDELO_hC7Qs
674,歯,TOOTH,KLC_00674,1,RAD_00077,止,stop,RAD,,PRIMITIVE_OR_NONKLC,https://docs.google.com/spreadsheets/d/13rdpmsI5n0dnsb33u4YHGwI8VrWtCeLDWDELO_hC7Qs
674,歯,TOOTH,KLC_00674,2,RAD_00119,米,rice,RAD,,PRIMITIVE_OR_NONKLC,https://docs.google.com/spreadsheets/d/13rdpmsI5n0dnsb33u4YHGwI8VrWtCeLDWDELO_hC7Qs
675,冷,COLD,KLC_00675,1,RAD_00015,冫,ice,RAD,,PRIMITIVE_OR_NONKLC,https://docs.google.com/spreadsheets/d/13rdpmsI5n0dnsb33u4YHGwI8VrWtCeLDWDELO_hC7Qs
675,冷,COLD,KLC_00675,2,KLC_00229,令,COMMAND,KLC,229,EARLIER_OR_SAME_KLC,https://docs.google.com/spreadsheets/d/13rdpmsI5n0dnsb33u4YHGwI8VrWtCeLDWDELO_hC7Qs
676,齢,AGE,KLC_00676,1,KLC_00674,歯,TOOTH,KLC,674,EARLIER_OR_SAME_KLC,https://docs.google.com/spreadsheets/d/13rdpmsI5n0dnsb33u4YHGwI8VrWtCeLDWDELO_hC7Qs
676,齢,AGE,KLC_00676,2,KLC_00229,令,COMMAND,KLC,229,EARLIER_OR_SAME_KLC,https://docs.google.com/spreadsheets/d/13rdpmsI5n0dnsb33u4YHGwI8VrWtCeLDWDELO_hC7Qs
677,少,"LITTLE, FEW",KLC_00677,1,RAD_00042,小,small,RAD,,PRIMITIVE_OR_NONKLC,https://docs.google.com/spreadsheets/d/13rdpmsI5n0dnsb33u4YHGwI8VrWtCeLDWDELO_hC7Qs
678,砂,SAND,KLC_00678,1,KLC_00677,少,"LITTLE, FEW",KLC,677,EARLIER_OR_SAME_KLC,https://docs.google.com/spreadsheets/d/13rdpmsI5n0dnsb33u4YHGwI8VrWtCeLDWDELO_hC7Qs
678,砂,SAND,KLC_00678,2,RAD_00112,石,"stone, rock",RAD,,PRIMITIVE_OR_NONKLC,https://docs.google.com/spreadsheets/d/13rdpmsI5n0dnsb33u4YHGwI8VrWtCeLDWDELO_hC7Qs
679,歩,WALK,KLC_00679,1,KLC_00677,少,"LITTLE, FEW",KLC,677,EARLIER_OR_SAME_KLC,https://docs.google.com/spreadsheets/d/13rdpmsI5n0dnsb33u4YHGwI8VrWtCeLDWDELO_hC7Qs
679,歩,WALK,KLC_00679,2,RAD_00077,止,stop,RAD,,PRIMITIVE_OR_NONKLC,https://docs.google.com/spreadsheets/d/13rdpmsI5n0dnsb33u4YHGwI8VrWtCeLDWDELO_hC7Qs
680,渉,"FORD, INVOLVE",KLC_00680,1,RAD_00085,水,"water, *liquid*",RAD,,PRIMITIVE_OR_NONKLC,https://docs.google.com/spreadsheets/d/13rdpmsI5n0dnsb33u4YHGwI8VrWtCeLDWDELO_hC7Qs
680,渉,"FORD, INVOLVE",KLC_00680,2,KLC_00679,歩,WALK,KLC,679,EARLIER_OR_SAME_KLC,https://docs.google.com/spreadsheets/d/13rdpmsI5n0dnsb33u4YHGwI8VrWtCeLDWDELO_hC7Qs
681,省,"MINISTRY, CONSERVE, INTROSPECT",KLC_00681,1,KLC_00677,少,"LITTLE, FEW",KLC,677,EARLIER_OR_SAME_KLC,https://docs.google.com/spreadsheets/d/13rdpmsI5n0dnsb33u4YHGwI8VrWtCeLDWDELO_hC7Qs
681,省,"MINISTRY, CONSERVE, INTROSPECT",KLC_00681,2,RAD_00109,目,eye,RAD,,PRIMITIVE_OR_NONKLC,https://docs.google.com/spreadsheets/d/13rdpmsI5n0dnsb33u4YHGwI8VrWtCeLDWDELO_hC7Qs
682,相,"ASPECT, MINISTER [of state], MUTUAL",KLC_00682,1,RAD_00109,目,eye,RAD,,PRIMITIVE_OR_NONKLC,https://docs.google.com/spreadsheets/d/13rdpmsI5n0dnsb33u4YHGwI8VrWtCeLDWDELO_hC7Qs
682,相,"ASPECT, MINISTER [of state], MUTUAL",KLC_00682,2,RAD_00075,木,tree,RAD,,PRIMITIVE_OR_NONKLC,https://docs.google.com/spreadsheets/d/13rdpmsI5n0dnsb33u4YHGwI8VrWtCeLDWDELO_hC7Qs
683,想,"IDEA, CONCEPTION",KLC_00683,1,KLC_00682,相,"ASPECT, MINISTER [of state], MUTUAL",KLC,682,EARLIER_OR_SAME_KLC,https://docs.google.com/spreadsheets/d/13rdpmsI5n0dnsb33u4YHGwI8VrWtCeLDWDELO_hC7Qs
683,想,"IDEA, CONCEPTION",KLC_00683,2,RAD_00061,心,"heart, mind, spirit",RAD,,PRIMITIVE_OR_NONKLC,https://docs.google.com/spreadsheets/d/13rdpmsI5n0dnsb33u4YHGwI8VrWtCeLDWDELO_hC7Qs
684,称,"TITLE, NAME",KLC_00684,1,KLC_00677,少,"LITTLE, FEW",KLC,677,EARLIER_OR_SAME_KLC,https://docs.google.com/spreadsheets/d/13rdpmsI5n0dnsb33u4YHGwI8VrWtCeLDWDELO_hC7Qs
684,称,"TITLE, NAME",KLC_00684,2,SUP_00000,𠂉,"resting person, rod",SUP,,PRIMITIVE_OR_NONKLC,https://docs.google.com/spreadsheets/d/13rdpmsI5n0dnsb33u4YHGwI8VrWtCeLDWDELO_hC7Qs
684,称,"TITLE, NAME",KLC_00684,3,RAD_00115,禾,grain,RAD,,PRIMITIVE_OR_NONKLC,https://docs.google.com/spreadsheets/d/13rdpmsI5n0dnsb33u4YHGwI8VrWtCeLDWDELO_hC7Qs
685,弥,"PHONETIC [MI] / [YA], INCREASINGLY",KLC_00685,1,KLC_00677,少,"LITTLE, FEW",KLC,677,EARLIER_OR_SAME_KLC,https://docs.google.com/spreadsheets/d/13rdpmsI5n0dnsb33u4YHGwI8VrWtCeLDWDELO_hC7Qs
685,弥,"PHONETIC [MI] / [YA], INCREASINGLY",KLC_00685,2,SUP_00000,𠂉,"resting person, rod",SUP,,PRIMITIVE_OR_NONKLC,https://docs.google.com/spreadsheets/d/13rdpmsI5n0dnsb33u4YHGwI8VrWtCeLDWDELO_hC7Qs
685,弥,"PHONETIC [MI] / [YA], INCREASINGLY",KLC_00685,3,RAD_00057,弓,bow,RAD,,PRIMITIVE_OR_NONKLC,https://docs.google.com/spreadsheets/d/13rdpmsI5n0dnsb33u4YHGwI8VrWtCeLDWDELO_hC7Qs
687,務,DUTY,KLC_00687,1,RAD_00066,攴,"hit, strike, *action*",RAD,,PRIMITIVE_OR_NONKLC,https://docs.google.com/spreadsheets/d/13rdpmsI5n0dnsb33u4YHGwI8VrWtCeLDWDELO_hC7Qs
687,務,DUTY,KLC_00687,2,RAD_00019,力,"power, strength",RAD,,PRIMITIVE_OR_NONKLC,https://docs.google.com/spreadsheets/d/13rdpmsI5n0dnsb33u4YHGwI8VrWtCeLDWDELO_hC7Qs
687,務,DUTY,KLC_00687,3,RAD_00110,矛,spear,RAD,,PRIMITIVE_OR_NONKLC,https://docs.google.com/spreadsheets/d/13rdpmsI5n0dnsb33u4YHGwI8VrWtCeLDWDELO_hC7Qs
688,柔,"SOFT, GENTLE",KLC_00688,1,RAD_00110,矛,spear,RAD,,PRIMITIVE_OR_NONKLC,https://docs.google.com/spreadsheets/d/13rdpmsI5n0dnsb33u4YHGwI8VrWtCeLDWDELO_hC7Qs
688,柔,"SOFT, GENTLE",KLC_00688,2,RAD_00075,木,tree,RAD,,PRIMITIVE_OR_NONKLC,https://docs.google.com/spreadsheets/d/13rdpmsI5n0dnsb33u4YHGwI8VrWtCeLDWDELO_hC7Qs
689,軟,SOFT,KLC_00689,1,RAD_00159,車,"car, cart",RAD,,PRIMITIVE_OR_NONKLC,https://docs.google.com/spreadsheets/d/13rdpmsI5n0dnsb33u4YHGwI8VrWtCeLDWDELO_hC7Qs
689,軟,SOFT,KLC_00689,2,RAD_00076,欠,"lack, *open mouth*",RAD,,PRIMITIVE_OR_NONKLC,https://docs.google.com/spreadsheets/d/13rdpmsI5n0dnsb33u4YHGwI8VrWtCeLDWDELO_hC7Qs
690,軌,TRACK,KLC_00690,1,RAD_00159,車,"car, cart",RAD,,PRIMITIVE_OR_NONKLC,https://docs.google.com/spreadsheets/d/13rdpmsI5n0dnsb33u4YHGwI8VrWtCeLDWDELO_hC7Qs
690,軌,TRACK,KLC_00690,2,KLC_00011,九,NINE,KLC,11,EARLIER_OR_SAME_KLC,https://docs.google.com/spreadsheets/d/13rdpmsI5n0dnsb33u4YHGwI8VrWtCeLDWDELO_hC7Qs
691,軒,"EAVES, COUNTER FOR HOUSES",KLC_00691,1,RAD_00159,車,"car, cart",RAD,,PRIMITIVE_OR_NONKLC,https://docs.google.com/spreadsheets/d/13rdpmsI5n0dnsb33u4YHGwI8VrWtCeLDWDELO_hC7Qs
691,軒,"EAVES, COUNTER FOR HOUSES",KLC_00691,2,RAD_00051,干,dry,RAD,,PRIMITIVE_OR_NONKLC,https://docs.google.com/spreadsheets/d/13rdpmsI5n0dnsb33u4YHGwI8VrWtCeLDWDELO_hC7Qs
692,軸,"AXIS, PIVOT",KLC_00692,1,RAD_00159,車,"car, cart",RAD,,PRIMITIVE_OR_NONKLC,https://docs.google.com/spreadsheets/d/13rdpmsI5n0dnsb33u4YHGwI8VrWtCeLDWDELO_hC7Qs
693,較,COMPARE,KLC_00693,1,KLC_00102,交,"MIXING, CROSS, ASSOCIATION",KLC,102,EARLIER_OR_SAME_KLC,https://docs.google.com/spreadsheets/d/13rdpmsI5n0dnsb33u4YHGwI8VrWtCeLDWDELO_hC7Qs
693,較,COMPARE,KLC_00693,2,RAD_00159,車,"car, cart",RAD,,PRIMITIVE_OR_NONKLC,https://docs.google.com/spreadsheets/d/13rdpmsI5n0dnsb33u4YHGwI8VrWtCeLDWDELO_hC7Qs
694,庫,STORAGE CHAMBER,KLC_00694,1,RAD_00053,广,"dotted cliff, *shelter*",RAD,,PRIMITIVE_OR_NONKLC,https://docs.google.com/spreadsheets/d/13rdpmsI5n0dnsb33u4YHGwI8VrWtCeLDWDELO_hC7Qs
694,庫,STORAGE CHAMBER,KLC_00694,2,RAD_00159,車,"car, cart",RAD,,PRIMITIVE_OR_NONKLC,https://docs.google.com/spreadsheets/d/13rdpmsI5n0dnsb33u4YHGwI8VrWtCeLDWDELO_hC7Qs
695,蔵,"STOREHOUSE, POSSESS",KLC_00695,1,RAD_00131,臣,"minister, subject, servant",RAD,,PRIMITIVE_OR_NONKLC,https://docs.google.com/spreadsheets/d/13rdpmsI5n0dnsb33u4YHGwI8VrWtCeLDWDELO_hC7Qs
695,蔵,"STOREHOUSE, POSSESS",KLC_00695,2,SUP_00017,戊,scythe,SUP,,PRIMITIVE_OR_NONKLC,https://docs.google.com/spreadsheets/d/13rdpmsI5n0dnsb33u4YHGwI8VrWtCeLDWDELO_hC7Qs
695,蔵,"STOREHOUSE, POSSESS",KLC_00695,3,RAD_00140,艸,"grass, vegetation",RAD,,PRIMITIVE_OR_NONKLC,https://docs.google.com/spreadsheets/d/13rdpmsI5n0dnsb33u4YHGwI8VrWtCeLDWDELO_hC7Qs
696,倉,STOREHOUSE,KLC_00696,1,RAD_00030,口,"mouth, *opening*",RAD,,PRIMITIVE_OR_NONKLC,https://docs.google.com/spreadsheets/d/13rdpmsI5n0dnsb33u4YHGwI8VrWtCeLDWDELO_hC7Qs
696,倉,STOREHOUSE,KLC_00696,2,RAD_00063,戸,door,RAD,,PRIMITIVE_OR_NONKLC,https://docs.google.com/spreadsheets/d/13rdpmsI5n0dnsb33u4YHGwI8VrWtCeLDWDELO_hC7Qs
696,倉,STOREHOUSE,KLC_00696,3,RAD_00009,人,"person, *roof*",RAD,,PRIMITIVE_OR_NONKLC,https://docs.google.com/spreadsheets/d/13rdpmsI5n0dnsb33u4YHGwI8VrWtCeLDWDELO_hC7Qs
697,創,CREATE,KLC_00697,1,KLC_00696,倉,STOREHOUSE,KLC,696,EARLIER_OR_SAME_KLC,https://docs.google.com/spreadsheets/d/13rdpmsI5n0dnsb33u4YHGwI8VrWtCeLDWDELO_hC7Qs
697,創,CREATE,KLC_00697,2,RAD_00018,刀,"knife, sword, *cut*",RAD,,PRIMITIVE_OR_NONKLC,https://docs.google.com/spreadsheets/d/13rdpmsI5n0dnsb33u4YHGwI8VrWtCeLDWDELO_hC7Qs
698,告,"NOTIFY, ACCUSE",KLC_00698,1,RAD_00100,生,"life, student, *growing plant*",RAD,,PRIMITIVE_OR_NONKLC,https://docs.google.com/spreadsheets/d/13rdpmsI5n0dnsb33u4YHGwI8VrWtCeLDWDELO_hC7Qs
698,告,"NOTIFY, ACCUSE",KLC_00698,2,RAD_00030,口,"mouth, *opening*",RAD,,PRIMITIVE_OR_NONKLC,https://docs.google.com/spreadsheets/d/13rdpmsI5n0dnsb33u4YHGwI8VrWtCeLDWDELO_hC7Qs
699,造,"MAKE, BUILD",KLC_00699,1,KLC_00698,告,"NOTIFY, ACCUSE",KLC,698,EARLIER_OR_SAME_KLC,https://docs.google.com/spreadsheets/d/13rdpmsI5n0dnsb33u4YHGwI8VrWtCeLDWDELO_hC7Qs
699,造,"MAKE, BUILD",KLC_00699,2,RAD_00162,辵,"walk, *transport*",RAD,,PRIMITIVE_OR_NONKLC,https://docs.google.com/spreadsheets/d/13rdpmsI5n0dnsb33u4YHGwI8VrWtCeLDWDELO_hC7Qs
701,依,DEPEND ON,KLC_00701,1,RAD_00009,人,"person, *roof*",RAD,,PRIMITIVE_OR_NONKLC,https://docs.google.com/spreadsheets/d/13rdpmsI5n0dnsb33u4YHGwI8VrWtCeLDWDELO_hC7Qs
701,依,DEPEND ON,KLC_00701,2,RAD_00145,衣,"clothes, garment",RAD,,PRIMITIVE_OR_NONKLC,https://docs.google.com/spreadsheets/d/13rdpmsI5n0dnsb33u4YHGwI8VrWtCeLDWDELO_hC7Qs
702,袋,BAG,KLC_00702,1,RAD_00145,衣,"clothes, garment",RAD,,PRIMITIVE_OR_NONKLC,https://docs.google.com/spreadsheets/d/13rdpmsI5n0dnsb33u4YHGwI8VrWtCeLDWDELO_hC7Qs
702,袋,BAG,KLC_00702,2,KLC_00071,代,"SUBSTITUTE, REPLACE, GENERATION",KLC,71,EARLIER_OR_SAME_KLC,https://docs.google.com/spreadsheets/d/13rdpmsI5n0dnsb33u4YHGwI8VrWtCeLDWDELO_hC7Qs
703,褒,"COMMEND, PRAISE",KLC_00703,1,RAD_00145,衣,"clothes, garment",RAD,,PRIMITIVE_OR_NONKLC,https://docs.google.com/spreadsheets/d/13rdpmsI5n0dnsb33u4YHGwI8VrWtCeLDWDELO_hC7Qs
703,褒,"COMMEND, PRAISE",KLC_00703,2,KLC_00646,保,PRESERVE,KLC,646,EARLIER_OR_SAME_KLC,https://docs.google.com/spreadsheets/d/13rdpmsI5n0dnsb33u4YHGwI8VrWtCeLDWDELO_hC7Qs
704,裏,"REAR, REVERSE, INSIDE",KLC_00704,1,RAD_00166,里,village,RAD,,PRIMITIVE_OR_NONKLC,https://docs.google.com/spreadsheets/d/13rdpmsI5n0dnsb33u4YHGwI8VrWtCeLDWDELO_hC7Qs
704,裏,"REAR, REVERSE, INSIDE",KLC_00704,2,RAD_00145,衣,"clothes, garment",RAD,,PRIMITIVE_OR_NONKLC,https://docs.google.com/spreadsheets/d/13rdpmsI5n0dnsb33u4YHGwI8VrWtCeLDWDELO_hC7Qs
705,表,"EXPRESS, SURFACE",KLC_00705,1,RAD_00145,衣,"clothes, garment",RAD,,PRIMITIVE_OR_NONKLC,https://docs.google.com/spreadsheets/d/13rdpmsI5n0dnsb33u4YHGwI8VrWtCeLDWDELO_hC7Qs
705,表,"EXPRESS, SURFACE",KLC_00705,2,RAD_00100,生,"life, student, *growing plant*",RAD,,PRIMITIVE_OR_NONKLC,https://docs.google.com/spreadsheets/d/13rdpmsI5n0dnsb33u4YHGwI8VrWtCeLDWDELO_hC7Qs
706,現,"PRESENT TIME, APPEAR",KLC_00706,1,RAD_00096,玉,"jewel, spherical object",RAD,,PRIMITIVE_OR_NONKLC,https://docs.google.com/spreadsheets/d/13rdpmsI5n0dnsb33u4YHGwI8VrWtCeLDWDELO_hC7Qs
706,現,"PRESENT TIME, APPEAR",KLC_00706,2,RAD_00147,見,see,RAD,,PRIMITIVE_OR_NONKLC,https://docs.google.com/spreadsheets/d/13rdpmsI5n0dnsb33u4YHGwI8VrWtCeLDWDELO_hC7Qs
707,著,"AUTHOR, CONSPICUOUS",KLC_00707,1,RAD_00009,人,"person, *roof*",RAD,,PRIMITIVE_OR_NONKLC,https://docs.google.com/spreadsheets/d/13rdpmsI5n0dnsb33u4YHGwI8VrWtCeLDWDELO_hC7Qs
707,著,"AUTHOR, CONSPICUOUS",KLC_00707,2,RAD_00140,艸,"grass, vegetation",RAD,,PRIMITIVE_OR_NONKLC,https://docs.google.com/spreadsheets/d/13rdpmsI5n0dnsb33u4YHGwI8VrWtCeLDWDELO_hC7Qs
708,制,"CONTROL, SYSTEM",KLC_00708,1,RAD_00018,刀,"knife, sword, *cut*",RAD,,PRIMITIVE_OR_NONKLC,https://docs.google.com/spreadsheets/d/13rdpmsI5n0dnsb33u4YHGwI8VrWtCeLDWDELO_hC7Qs
708,制,"CONTROL, SYSTEM",KLC_00708,2,RAD_00100,生,"life, student, *growing plant*",RAD,,PRIMITIVE_OR_NONKLC,https://docs.google.com/spreadsheets/d/13rdpmsI5n0dnsb33u4YHGwI8VrWtCeLDWDELO_hC7Qs
709,製,MANUFACTURE,KLC_00709,1,RAD_00145,衣,"clothes, garment",RAD,,PRIMITIVE_OR_NONKLC,https://docs.google.com/spreadsheets/d/13rdpmsI5n0dnsb33u4YHGwI8VrWtCeLDWDELO_hC7Qs
709,製,MANUFACTURE,KLC_00709,2,KLC_00708,制,"CONTROL, SYSTEM",KLC,708,EARLIER_OR_SAME_KLC,https://docs.google.com/spreadsheets/d/13rdpmsI5n0dnsb33u4YHGwI8VrWtCeLDWDELO_hC7Qs
710,初,FIRST,KLC_00710,1,RAD_00018,刀,"knife, sword, *cut*",RAD,,PRIMITIVE_OR_NONKLC,https://docs.google.com/spreadsheets/d/13rdpmsI5n0dnsb33u4YHGwI8VrWtCeLDWDELO_hC7Qs
710,初,FIRST,KLC_00710,2,RAD_00145,衣,"clothes, garment",RAD,,PRIMITIVE_OR_NONKLC,https://docs.google.com/spreadsheets/d/13rdpmsI5n0dnsb33u4YHGwI8VrWtCeLDWDELO_hC7Qs
711,裸,NAKED,KLC_00711,1,RAD_00145,衣,"clothes, garment",RAD,,PRIMITIVE_OR_NONKLC,https://docs.google.com/spreadsheets/d/13rdpmsI5n0dnsb33u4YHGwI8VrWtCeLDWDELO_hC7Qs
711,裸,NAKED,KLC_00711,2,KLC_00599,果,"FRUIT, ACCOMPLISH, RESULT",KLC,599,EARLIER_OR_SAME_KLC,https://docs.google.com/spreadsheets/d/13rdpmsI5n0dnsb33u4YHGwI8VrWtCeLDWDELO_hC7Qs
712,難,"DIFFICULT, DISASTER, FAULT",KLC_00712,1,RAD_00172,隹,small bird,RAD,,PRIMITIVE_OR_NONKLC,https://docs.google.com/spreadsheets/d/13rdpmsI5n0dnsb33u4YHGwI8VrWtCeLDWDELO_hC7Qs
713,准,JUNIOR,KLC_00713,1,RAD_00172,隹,small bird,RAD,,PRIMITIVE_OR_NONKLC,https://docs.google.com/spreadsheets/d/13rdpmsI5n0dnsb33u4YHGwI8VrWtCeLDWDELO_hC7Qs
714,準,"STANDARD, QUASI-",KLC_00714,1,RAD_00085,水,"water, *liquid*",RAD,,PRIMITIVE_OR_NONKLC,https://docs.google.com/spreadsheets/d/13rdpmsI5n0dnsb33u4YHGwI8VrWtCeLDWDELO_hC7Qs
714,準,"STANDARD, QUASI-",KLC_00714,2,RAD_00172,隹,small bird,RAD,,PRIMITIVE_OR_NONKLC,https://docs.google.com/spreadsheets/d/13rdpmsI5n0dnsb33u4YHGwI8VrWtCeLDWDELO_hC7Qs
715,備,"PROVIDE FOR, PROVISION",KLC_00715,1,RAD_00009,人,"person, *roof*",RAD,,PRIMITIVE_OR_NONKLC,https://docs.google.com/spreadsheets/d/13rdpmsI5n0dnsb33u4YHGwI8VrWtCeLDWDELO_hC7Qs
715,備,"PROVIDE FOR, PROVISION",KLC_00715,2,RAD_00140,艸,"grass, vegetation",RAD,,PRIMITIVE_OR_NONKLC,https://docs.google.com/spreadsheets/d/13rdpmsI5n0dnsb33u4YHGwI8VrWtCeLDWDELO_hC7Qs
715,備,"PROVIDE FOR, PROVISION",KLC_00715,3,RAD_00027,厂,cliff,RAD,,PRIMITIVE_OR_NONKLC,https://docs.google.com/spreadsheets/d/13rdpmsI5n0dnsb33u4YHGwI8VrWtCeLDWDELO_hC7Qs
715,備,"PROVIDE FOR, PROVISION",KLC_00715,4,RAD_00101,用,"use, task, *container*",RAD,,PRIMITIVE_OR_NONKLC,https://docs.google.com/spreadsheets/d/13rdpmsI5n0dnsb33u4YHGwI8VrWtCeLDWDELO_hC7Qs
716,死,DIE,KLC_00716,1,RAD_00021,匕,"spoon, *seated person*",RAD,,PRIMITIVE_OR_NONKLC,https://docs.google.com/spreadsheets/d/13rdpmsI5n0dnsb33u4YHGwI8VrWtCeLDWDELO_hC7Qs
716,死,DIE,KLC_00716,2,RAD_00078,歹,death,RAD,,PRIMITIVE_OR_NONKLC,https://docs.google.com/spreadsheets/d/13rdpmsI5n0dnsb33u4YHGwI8VrWtCeLDWDELO_hC7Qs
717,葬,FUNERAL,KLC_00717,1,RAD_00055,廾,"arch, *two hands*",RAD,,PRIMITIVE_OR_NONKLC,https://docs.google.com/spreadsheets/d/13rdpmsI5n0dnsb33u4YHGwI8VrWtCeLDWDELO_hC7Qs
717,葬,FUNERAL,KLC_00717,2,KLC_00716,死,DIE,KLC,716,EARLIER_OR_SAME_KLC,https://docs.google.com/spreadsheets/d/13rdpmsI5n0dnsb33u4YHGwI8VrWtCeLDWDELO_hC7Qs
717,葬,FUNERAL,KLC_00717,3,RAD_00140,艸,"grass, vegetation",RAD,,PRIMITIVE_OR_NONKLC,https://docs.google.com/spreadsheets/d/13rdpmsI5n0dnsb33u4YHGwI8VrWtCeLDWDELO_hC7Qs
718,列,COLUMN,KLC_00718,1,RAD_00078,歹,death,RAD,,PRIMITIVE_OR_NONKLC,https://docs.google.com/spreadsheets/d/13rdpmsI5n0dnsb33u4YHGwI8VrWtCeLDWDELO_hC7Qs
718,列,COLUMN,KLC_00718,2,RAD_00018,刀,"knife, sword, *cut*",RAD,,PRIMITIVE_OR_NONKLC,https://docs.google.com/spreadsheets/d/13rdpmsI5n0dnsb33u4YHGwI8VrWtCeLDWDELO_hC7Qs
719,烈,INTENSE,KLC_00719,1,RAD_00086,火,fire,RAD,,PRIMITIVE_OR_NONKLC,https://docs.google.com/spreadsheets/d/13rdpmsI5n0dnsb33u4YHGwI8VrWtCeLDWDELO_hC7Qs
719,烈,INTENSE,KLC_00719,2,KLC_00718,列,COLUMN,KLC,718,EARLIER_OR_SAME_KLC,https://docs.google.com/spreadsheets/d/13rdpmsI5n0dnsb33u4YHGwI8VrWtCeLDWDELO_hC7Qs
720,裂,"SPLIT, TEAR [verb]",KLC_00720,1,RAD_00145,衣,"clothes, garment",RAD,,PRIMITIVE_OR_NONKLC,https://docs.google.com/spreadsheets/d/13rdpmsI5n0dnsb33u4YHGwI8VrWtCeLDWDELO_hC7Qs
720,裂,"SPLIT, TEAR [verb]",KLC_00720,2,KLC_00718,列,COLUMN,KLC,718,EARLIER_OR_SAME_KLC,https://docs.google.com/spreadsheets/d/13rdpmsI5n0dnsb33u4YHGwI8VrWtCeLDWDELO_hC7Qs
721,例,EXAMPLE,KLC_00721,1,RAD_00009,人,"person, *roof*",RAD,,PRIMITIVE_OR_NONKLC,https://docs.google.com/spreadsheets/d/13rdpmsI5n0dnsb33u4YHGwI8VrWtCeLDWDELO_hC7Qs
721,例,EXAMPLE,KLC_00721,2,KLC_00718,列,COLUMN,KLC,718,EARLIER_OR_SAME_KLC,https://docs.google.com/spreadsheets/d/13rdpmsI5n0dnsb33u4YHGwI8VrWtCeLDWDELO_hC7Qs
722,刑,PENALTY,KLC_00722,1,SUP_00002,开,torii gate,SUP,,PRIMITIVE_OR_NONKLC,https://docs.google.com/spreadsheets/d/13rdpmsI5n0dnsb33u4YHGwI8VrWtCeLDWDELO_hC7Qs
722,刑,PENALTY,KLC_00722,2,RAD_00018,刀,"knife, sword, *cut*",RAD,,PRIMITIVE_OR_NONKLC,https://docs.google.com/spreadsheets/d/13rdpmsI5n0dnsb33u4YHGwI8VrWtCeLDWDELO_hC7Qs
723,型,"TYPE, MODEL",KLC_00723,1,KLC_00722,刑,PENALTY,KLC,722,EARLIER_OR_SAME_KLC,https://docs.google.com/spreadsheets/d/13rdpmsI5n0dnsb33u4YHGwI8VrWtCeLDWDELO_hC7Qs
723,型,"TYPE, MODEL",KLC_00723,2,RAD_00032,土,"soil, earth",RAD,,PRIMITIVE_OR_NONKLC,https://docs.google.com/spreadsheets/d/13rdpmsI5n0dnsb33u4YHGwI8VrWtCeLDWDELO_hC7Qs
724,研,"GRIND, RESEARCH",KLC_00724,1,RAD_00112,石,"stone, rock",RAD,,PRIMITIVE_OR_NONKLC,https://docs.google.com/spreadsheets/d/13rdpmsI5n0dnsb33u4YHGwI8VrWtCeLDWDELO_hC7Qs
724,研,"GRIND, RESEARCH",KLC_00724,2,SUP_00002,开,torii gate,SUP,,PRIMITIVE_OR_NONKLC,https://docs.google.com/spreadsheets/d/13rdpmsI5n0dnsb33u4YHGwI8VrWtCeLDWDELO_hC7Qs
725,厄,"MISFORTUNE, TROUBLE",KLC_00725,1,RAD_00026,卩,seal [device],RAD,,PRIMITIVE_OR_NONKLC,https://docs.google.com/spreadsheets/d/13rdpmsI5n0dnsb33u4YHGwI8VrWtCeLDWDELO_hC7Qs
725,厄,"MISFORTUNE, TROUBLE",KLC_00725,2,RAD_00027,厂,cliff,RAD,,PRIMITIVE_OR_NONKLC,https://docs.google.com/spreadsheets/d/13rdpmsI5n0dnsb33u4YHGwI8VrWtCeLDWDELO_hC7Qs
726,危,DANGEROUS,KLC_00726,1,KLC_00725,厄,"MISFORTUNE, TROUBLE",KLC,725,EARLIER_OR_SAME_KLC,https://docs.google.com/spreadsheets/d/13rdpmsI5n0dnsb33u4YHGwI8VrWtCeLDWDELO_hC7Qs
727,範,MODEL [to follow],KLC_00727,1,RAD_00118,竹,"bamboo, counting",RAD,,PRIMITIVE_OR_NONKLC,https://docs.google.com/spreadsheets/d/13rdpmsI5n0dnsb33u4YHGwI8VrWtCeLDWDELO_hC7Qs
727,範,MODEL [to follow],KLC_00727,2,RAD_00026,卩,seal [device],RAD,,PRIMITIVE_OR_NONKLC,https://docs.google.com/spreadsheets/d/13rdpmsI5n0dnsb33u4YHGwI8VrWtCeLDWDELO_hC7Qs
727,範,MODEL [to follow],KLC_00727,3,RAD_00159,車,"car, cart",RAD,,PRIMITIVE_OR_NONKLC,https://docs.google.com/spreadsheets/d/13rdpmsI5n0dnsb33u4YHGwI8VrWtCeLDWDELO_hC7Qs
728,怨,"RESENT, GRUDGE",KLC_00728,1,RAD_00078,歹,death,RAD,,PRIMITIVE_OR_NONKLC,https://docs.google.com/spreadsheets/d/13rdpmsI5n0dnsb33u4YHGwI8VrWtCeLDWDELO_hC7Qs
728,怨,"RESENT, GRUDGE",KLC_00728,2,RAD_00061,心,"heart, mind, spirit",RAD,,PRIMITIVE_OR_NONKLC,https://docs.google.com/spreadsheets/d/13rdpmsI5n0dnsb33u4YHGwI8VrWtCeLDWDELO_hC7Qs
729,苑,IMPERIAL GARDEN,KLC_00729,1,RAD_00140,艸,"grass, vegetation",RAD,,PRIMITIVE_OR_NONKLC,https://docs.google.com/spreadsheets/d/13rdpmsI5n0dnsb33u4YHGwI8VrWtCeLDWDELO_hC7Qs
729,苑,IMPERIAL GARDEN,KLC_00729,2,RAD_00078,歹,death,RAD,,PRIMITIVE_OR_NONKLC,https://docs.google.com/spreadsheets/d/13rdpmsI5n0dnsb33u4YHGwI8VrWtCeLDWDELO_hC7Qs
730,宛,ADDRESS,KLC_00730,1,RAD_00078,歹,death,RAD,,PRIMITIVE_OR_NONKLC,https://docs.google.com/spreadsheets/d/13rdpmsI5n0dnsb33u4YHGwI8VrWtCeLDWDELO_hC7Qs
730,宛,ADDRESS,KLC_00730,2,RAD_00040,宀,roof,RAD,,PRIMITIVE_OR_NONKLC,https://docs.google.com/spreadsheets/d/13rdpmsI5n0dnsb33u4YHGwI8VrWtCeLDWDELO_hC7Qs
731,碗,"BOWL, CUP",KLC_00731,1,RAD_00112,石,"stone, rock",RAD,,PRIMITIVE_OR_NONKLC,https://docs.google.com/spreadsheets/d/13rdpmsI5n0dnsb33u4YHGwI8VrWtCeLDWDELO_hC7Qs
731,碗,"BOWL, CUP",KLC_00731,2,KLC_00730,宛,ADDRESS,KLC,730,EARLIER_OR_SAME_KLC,https://docs.google.com/spreadsheets/d/13rdpmsI5n0dnsb33u4YHGwI8VrWtCeLDWDELO_hC7Qs
732,腕,"ARM, ABILITY",KLC_00732,1,RAD_00074,月,"moon, month, *flesh*, *body part*",RAD,,PRIMITIVE_OR_NONKLC,https://docs.google.com/spreadsheets/d/13rdpmsI5n0dnsb33u4YHGwI8VrWtCeLDWDELO_hC7Qs
732,腕,"ARM, ABILITY",KLC_00732,2,KLC_00730,宛,ADDRESS,KLC,730,EARLIER_OR_SAME_KLC,https://docs.google.com/spreadsheets/d/13rdpmsI5n0dnsb33u4YHGwI8VrWtCeLDWDELO_hC7Qs
733,却,ELIMINATE,KLC_00733,1,RAD_00026,卩,seal [device],RAD,,PRIMITIVE_OR_NONKLC,https://docs.google.com/spreadsheets/d/13rdpmsI5n0dnsb33u4YHGwI8VrWtCeLDWDELO_hC7Qs
733,却,ELIMINATE,KLC_00733,2,KLC_00138,去,"GONE, LEAVE, PAST",KLC,138,EARLIER_OR_SAME_KLC,https://docs.google.com/spreadsheets/d/13rdpmsI5n0dnsb33u4YHGwI8VrWtCeLDWDELO_hC7Qs
734,脚,LEG,KLC_00734,1,RAD_00074,月,"moon, month, *flesh*, *body part*",RAD,,PRIMITIVE_OR_NONKLC,https://docs.google.com/spreadsheets/d/13rdpmsI5n0dnsb33u4YHGwI8VrWtCeLDWDELO_hC7Qs
734,脚,LEG,KLC_00734,2,KLC_00733,却,ELIMINATE,KLC,733,EARLIER_OR_SAME_KLC,https://docs.google.com/spreadsheets/d/13rdpmsI5n0dnsb33u4YHGwI8VrWtCeLDWDELO_hC7Qs
735,犯,OFFENSE,KLC_00735,1,RAD_00094,犬,"dog, small animal",RAD,,PRIMITIVE_OR_NONKLC,https://docs.google.com/spreadsheets/d/13rdpmsI5n0dnsb33u4YHGwI8VrWtCeLDWDELO_hC7Qs
735,犯,OFFENSE,KLC_00735,2,RAD_00026,卩,seal [device],RAD,,PRIMITIVE_OR_NONKLC,https://docs.google.com/spreadsheets/d/13rdpmsI5n0dnsb33u4YHGwI8VrWtCeLDWDELO_hC7Qs
736,狂,CRAZY,KLC_00736,1,KLC_00072,王,KING,KLC,72,EARLIER_OR_SAME_KLC,https://docs.google.com/spreadsheets/d/13rdpmsI5n0dnsb33u4YHGwI8VrWtCeLDWDELO_hC7Qs
736,狂,CRAZY,KLC_00736,2,RAD_00094,犬,"dog, small animal",RAD,,PRIMITIVE_OR_NONKLC,https://docs.google.com/spreadsheets/d/13rdpmsI5n0dnsb33u4YHGwI8VrWtCeLDWDELO_hC7Qs
737,獄,PRISON,KLC_00737,1,RAD_00094,犬,"dog, small animal",RAD,,PRIMITIVE_OR_NONKLC,https://docs.google.com/spreadsheets/d/13rdpmsI5n0dnsb33u4YHGwI8VrWtCeLDWDELO_hC7Qs
737,獄,PRISON,KLC_00737,2,RAD_00149,言,"speech, word, say",RAD,,PRIMITIVE_OR_NONKLC,https://docs.google.com/spreadsheets/d/13rdpmsI5n0dnsb33u4YHGwI8VrWtCeLDWDELO_hC7Qs
739,排,"EXCLUDE, DISCHARGE",KLC_00739,1,RAD_00064,手,"hand, performer of action",RAD,,PRIMITIVE_OR_NONKLC,https://docs.google.com/spreadsheets/d/13rdpmsI5n0dnsb33u4YHGwI8VrWtCeLDWDELO_hC7Qs
739,排,"EXCLUDE, DISCHARGE",KLC_00739,2,RAD_00175,非,"wrong, mistake, negative",RAD,,PRIMITIVE_OR_NONKLC,https://docs.google.com/spreadsheets/d/13rdpmsI5n0dnsb33u4YHGwI8VrWtCeLDWDELO_hC7Qs
740,俳,"HAIKU, ACTOR",KLC_00740,1,RAD_00009,人,"person, *roof*",RAD,,PRIMITIVE_OR_NONKLC,https://docs.google.com/spreadsheets/d/13rdpmsI5n0dnsb33u4YHGwI8VrWtCeLDWDELO_hC7Qs
740,俳,"HAIKU, ACTOR",KLC_00740,2,RAD_00175,非,"wrong, mistake, negative",RAD,,PRIMITIVE_OR_NONKLC,https://docs.google.com/spreadsheets/d/13rdpmsI5n0dnsb33u4YHGwI8VrWtCeLDWDELO_hC7Qs
741,罪,"CRIME, SIN",KLC_00741,1,RAD_00122,网,"net, *law*",RAD,,PRIMITIVE_OR_NONKLC,https://docs.google.com/spreadsheets/d/13rdpmsI5n0dnsb33u4YHGwI8VrWtCeLDWDELO_hC7Qs
741,罪,"CRIME, SIN",KLC_00741,2,RAD_00175,非,"wrong, mistake, negative",RAD,,PRIMITIVE_OR_NONKLC,https://docs.google.com/spreadsheets/d/13rdpmsI5n0dnsb33u4YHGwI8VrWtCeLDWDELO_hC7Qs
742,罰,PUNISHMENT,KLC_00742,1,RAD_00149,言,"speech, word, say",RAD,,PRIMITIVE_OR_NONKLC,https://docs.google.com/spreadsheets/d/13rdpmsI5n0dnsb33u4YHGwI8VrWtCeLDWDELO_hC7Qs
742,罰,PUNISHMENT,KLC_00742,2,RAD_00122,网,"net, *law*",RAD,,PRIMITIVE_OR_NONKLC,https://docs.google.com/spreadsheets/d/13rdpmsI5n0dnsb33u4YHGwI8VrWtCeLDWDELO_hC7Qs
742,罰,PUNISHMENT,KLC_00742,3,RAD_00018,刀,"knife, sword, *cut*",RAD,,PRIMITIVE_OR_NONKLC,https://docs.google.com/spreadsheets/d/13rdpmsI5n0dnsb33u4YHGwI8VrWtCeLDWDELO_hC7Qs
743,伴,ACCOMPANY,KLC_00743,1,RAD_00009,人,"person, *roof*",RAD,,PRIMITIVE_OR_NONKLC,https://docs.google.com/spreadsheets/d/13rdpmsI5n0dnsb33u4YHGwI8VrWtCeLDWDELO_hC7Qs
743,伴,ACCOMPANY,KLC_00743,2,KLC_00335,半,HALF,KLC,335,EARLIER_OR_SAME_KLC,https://docs.google.com/spreadsheets/d/13rdpmsI5n0dnsb33u4YHGwI8VrWtCeLDWDELO_hC7Qs
744,判,"JUDGE, DECISION",KLC_00744,1,RAD_00018,刀,"knife, sword, *cut*",RAD,,PRIMITIVE_OR_NONKLC,https://docs.google.com/spreadsheets/d/13rdpmsI5n0dnsb33u4YHGwI8VrWtCeLDWDELO_hC7Qs
744,判,"JUDGE, DECISION",KLC_00744,2,KLC_00335,半,HALF,KLC,335,EARLIER_OR_SAME_KLC,https://docs.google.com/spreadsheets/d/13rdpmsI5n0dnsb33u4YHGwI8VrWtCeLDWDELO_hC7Qs
745,評,"COMMENT, EVALUATE",KLC_00745,1,RAD_00149,言,"speech, word, say",RAD,,PRIMITIVE_OR_NONKLC,https://docs.google.com/spreadsheets/d/13rdpmsI5n0dnsb33u4YHGwI8VrWtCeLDWDELO_hC7Qs
745,評,"COMMENT, EVALUATE",KLC_00745,2,KLC_00334,平,"FLAT, CALM",KLC,334,EARLIER_OR_SAME_KLC,https://docs.google.com/spreadsheets/d/13rdpmsI5n0dnsb33u4YHGwI8VrWtCeLDWDELO_hC7Qs
746,批,CRITICIZE,KLC_00746,1,RAD_00064,手,"hand, performer of action",RAD,,PRIMITIVE_OR_NONKLC,https://docs.google.com/spreadsheets/d/13rdpmsI5n0dnsb33u4YHGwI8VrWtCeLDWDELO_hC7Qs
746,批,CRITICIZE,KLC_00746,2,RAD_00021,匕,"spoon, *seated person*",RAD,,PRIMITIVE_OR_NONKLC,https://docs.google.com/spreadsheets/d/13rdpmsI5n0dnsb33u4YHGwI8VrWtCeLDWDELO_hC7Qs
747,帥,COMMANDER IN CHIEF,KLC_00747,1,KLC_00290,官,"GOVERNMENT, GOVERNMENT OFFICIAL",KLC,290,EARLIER_OR_SAME_KLC,https://docs.google.com/spreadsheets/d/13rdpmsI5n0dnsb33u4YHGwI8VrWtCeLDWDELO_hC7Qs
747,帥,COMMANDER IN CHIEF,KLC_00747,2,RAD_00050,巾,"cloth, towel, scarf",RAD,,PRIMITIVE_OR_NONKLC,https://docs.google.com/spreadsheets/d/13rdpmsI5n0dnsb33u4YHGwI8VrWtCeLDWDELO_hC7Qs
748,師,"MASTER, TEACHER",KLC_00748,1,KLC_00290,官,"GOVERNMENT, GOVERNMENT OFFICIAL",KLC,290,EARLIER_OR_SAME_KLC,https://docs.google.com/spreadsheets/d/13rdpmsI5n0dnsb33u4YHGwI8VrWtCeLDWDELO_hC7Qs
748,師,"MASTER, TEACHER",KLC_00748,2,RAD_00050,巾,"cloth, towel, scarf",RAD,,PRIMITIVE_OR_NONKLC,https://docs.google.com/spreadsheets/d/13rdpmsI5n0dnsb33u4YHGwI8VrWtCeLDWDELO_hC7Qs
749,座,"SEAT, SIT",KLC_00749,1,RAD_00009,人,"person, *roof*",RAD,,PRIMITIVE_OR_NONKLC,https://docs.google.com/spreadsheets/d/13rdpmsI5n0dnsb33u4YHGwI8VrWtCeLDWDELO_hC7Qs
749,座,"SEAT, SIT",KLC_00749,2,RAD_00053,广,"dotted cliff, *shelter*",RAD,,PRIMITIVE_OR_NONKLC,https://docs.google.com/spreadsheets/d/13rdpmsI5n0dnsb33u4YHGwI8VrWtCeLDWDELO_hC7Qs
750,坐,SIT,KLC_00750,1,KLC_00749,座,"SEAT, SIT",KLC,749,EARLIER_OR_SAME_KLC,https://docs.google.com/spreadsheets/d/13rdpmsI5n0dnsb33u4YHGwI8VrWtCeLDWDELO_hC7Qs
751,卒,"GRADUATE, PRIVATE [soldier]",KLC_00751,1,RAD_00009,人,"person, *roof*",RAD,,PRIMITIVE_OR_NONKLC,https://docs.google.com/spreadsheets/d/13rdpmsI5n0dnsb33u4YHGwI8VrWtCeLDWDELO_hC7Qs
752,率,"COMMAND, RATE [proportion]",KLC_00752,1,RAD_00024,十,"ten, complete, *cross*, *needle*, *plant*",RAD,,PRIMITIVE_OR_NONKLC,https://docs.google.com/spreadsheets/d/13rdpmsI5n0dnsb33u4YHGwI8VrWtCeLDWDELO_hC7Qs
752,率,"COMMAND, RATE [proportion]",KLC_00752,2,RAD_00095,玄,"profound, occult",RAD,,PRIMITIVE_OR_NONKLC,https://docs.google.com/spreadsheets/d/13rdpmsI5n0dnsb33u4YHGwI8VrWtCeLDWDELO_hC7Qs
752,率,"COMMAND, RATE [proportion]",KLC_00752,3,KLC_00302,楽,"PLEASURE, COMFORTABLE, MUSIC",KLC,302,EARLIER_OR_SAME_KLC,https://docs.google.com/spreadsheets/d/13rdpmsI5n0dnsb33u4YHGwI8VrWtCeLDWDELO_hC7Qs
754,笠,BAMBOO HAT,KLC_00754,1,RAD_00118,竹,"bamboo, counting",RAD,,PRIMITIVE_OR_NONKLC,https://docs.google.com/spreadsheets/d/13rdpmsI5n0dnsb33u4YHGwI8VrWtCeLDWDELO_hC7Qs
754,笠,BAMBOO HAT,KLC_00754,2,RAD_00117,立,stand,RAD,,PRIMITIVE_OR_NONKLC,https://docs.google.com/spreadsheets/d/13rdpmsI5n0dnsb33u4YHGwI8VrWtCeLDWDELO_hC7Qs
755,星,"STAR, CELESTIAL BODY",KLC_00755,1,RAD_00072,日,"sun, day",RAD,,PRIMITIVE_OR_NONKLC,https://docs.google.com/spreadsheets/d/13rdpmsI5n0dnsb33u4YHGwI8VrWtCeLDWDELO_hC7Qs
755,星,"STAR, CELESTIAL BODY",KLC_00755,2,RAD_00100,生,"life, student, *growing plant*",RAD,,PRIMITIVE_OR_NONKLC,https://docs.google.com/spreadsheets/d/13rdpmsI5n0dnsb33u4YHGwI8VrWtCeLDWDELO_hC7Qs
756,汁,"JUICE, SOUP",KLC_00756,1,RAD_00024,十,"ten, complete, *cross*, *needle*, *plant*",RAD,,PRIMITIVE_OR_NONKLC,https://docs.google.com/spreadsheets/d/13rdpmsI5n0dnsb33u4YHGwI8VrWtCeLDWDELO_hC7Qs
756,汁,"JUICE, SOUP",KLC_00756,2,RAD_00085,水,"water, *liquid*",RAD,,PRIMITIVE_OR_NONKLC,https://docs.google.com/spreadsheets/d/13rdpmsI5n0dnsb33u4YHGwI8VrWtCeLDWDELO_hC7Qs
758,料,"FEE, MATERIALS",KLC_00758,1,RAD_00119,米,rice,RAD,,PRIMITIVE_OR_NONKLC,https://docs.google.com/spreadsheets/d/13rdpmsI5n0dnsb33u4YHGwI8VrWtCeLDWDELO_hC7Qs
758,料,"FEE, MATERIALS",KLC_00758,2,RAD_00068,斗,"dipper, measure, to [18 l]",RAD,,PRIMITIVE_OR_NONKLC,https://docs.google.com/spreadsheets/d/13rdpmsI5n0dnsb33u4YHGwI8VrWtCeLDWDELO_hC7Qs
759,科,"SCIENCE, FIELD OF STUDY",KLC_00759,1,RAD_00068,斗,"dipper, measure, to [18 l]",RAD,,PRIMITIVE_OR_NONKLC,https://docs.google.com/spreadsheets/d/13rdpmsI5n0dnsb33u4YHGwI8VrWtCeLDWDELO_hC7Qs
759,科,"SCIENCE, FIELD OF STUDY",KLC_00759,2,RAD_00115,禾,grain,RAD,,PRIMITIVE_OR_NONKLC,https://docs.google.com/spreadsheets/d/13rdpmsI5n0dnsb33u4YHGwI8VrWtCeLDWDELO_hC7Qs
760,然,"-LIKE, SORT OF THING",KLC_00760,1,RAD_00086,火,fire,RAD,,PRIMITIVE_OR_NONKLC,https://docs.google.com/spreadsheets/d/13rdpmsI5n0dnsb33u4YHGwI8VrWtCeLDWDELO_hC7Qs
760,然,"-LIKE, SORT OF THING",KLC_00760,2,RAD_00094,犬,"dog, small animal",RAD,,PRIMITIVE_OR_NONKLC,https://docs.google.com/spreadsheets/d/13rdpmsI5n0dnsb33u4YHGwI8VrWtCeLDWDELO_hC7Qs
760,然,"-LIKE, SORT OF THING",KLC_00760,3,RAD_00074,月,"moon, month, *flesh*, *body part*",RAD,,PRIMITIVE_OR_NONKLC,https://docs.google.com/spreadsheets/d/13rdpmsI5n0dnsb33u4YHGwI8VrWtCeLDWDELO_hC7Qs
761,燃,BURN,KLC_00761,1,RAD_00086,火,fire,RAD,,PRIMITIVE_OR_NONKLC,https://docs.google.com/spreadsheets/d/13rdpmsI5n0dnsb33u4YHGwI8VrWtCeLDWDELO_hC7Qs
761,燃,BURN,KLC_00761,2,KLC_00760,然,"-LIKE, SORT OF THING",KLC,760,EARLIER_OR_SAME_KLC,https://docs.google.com/spreadsheets/d/13rdpmsI5n0dnsb33u4YHGwI8VrWtCeLDWDELO_hC7Qs
762,黙,SILENT,KLC_00762,1,RAD_00086,火,fire,RAD,,PRIMITIVE_OR_NONKLC,https://docs.google.com/spreadsheets/d/13rdpmsI5n0dnsb33u4YHGwI8VrWtCeLDWDELO_hC7Qs
762,黙,SILENT,KLC_00762,2,RAD_00094,犬,"dog, small animal",RAD,,PRIMITIVE_OR_NONKLC,https://docs.google.com/spreadsheets/d/13rdpmsI5n0dnsb33u4YHGwI8VrWtCeLDWDELO_hC7Qs
762,黙,SILENT,KLC_00762,3,RAD_00166,里,village,RAD,,PRIMITIVE_OR_NONKLC,https://docs.google.com/spreadsheets/d/13rdpmsI5n0dnsb33u4YHGwI8VrWtCeLDWDELO_hC7Qs
763,獣,BEAST,KLC_00763,1,RAD_00094,犬,"dog, small animal",RAD,,PRIMITIVE_OR_NONKLC,https://docs.google.com/spreadsheets/d/13rdpmsI5n0dnsb33u4YHGwI8VrWtCeLDWDELO_hC7Qs
764,猟,HUNTING,KLC_00764,1,RAD_00094,犬,"dog, small animal",RAD,,PRIMITIVE_OR_NONKLC,https://docs.google.com/spreadsheets/d/13rdpmsI5n0dnsb33u4YHGwI8VrWtCeLDWDELO_hC7Qs
764,猟,HUNTING,KLC_00764,2,RAD_00208,鼠,rat,RAD,,PRIMITIVE_OR_NONKLC,https://docs.google.com/spreadsheets/d/13rdpmsI5n0dnsb33u4YHGwI8VrWtCeLDWDELO_hC7Qs
765,漁,FISHING,KLC_00765,1,RAD_00195,魚,fish,RAD,,PRIMITIVE_OR_NONKLC,https://docs.google.com/spreadsheets/d/13rdpmsI5n0dnsb33u4YHGwI8VrWtCeLDWDELO_hC7Qs
765,漁,FISHING,KLC_00765,2,RAD_00085,水,"water, *liquid*",RAD,,PRIMITIVE_OR_NONKLC,https://docs.google.com/spreadsheets/d/13rdpmsI5n0dnsb33u4YHGwI8VrWtCeLDWDELO_hC7Qs
766,狩,HUNT,KLC_00766,1,RAD_00094,犬,"dog, small animal",RAD,,PRIMITIVE_OR_NONKLC,https://docs.google.com/spreadsheets/d/13rdpmsI5n0dnsb33u4YHGwI8VrWtCeLDWDELO_hC7Qs
766,狩,HUNT,KLC_00766,2,KLC_00648,守,"PROTECT, KEEP",KLC,648,EARLIER_OR_SAME_KLC,https://docs.google.com/spreadsheets/d/13rdpmsI5n0dnsb33u4YHGwI8VrWtCeLDWDELO_hC7Qs
767,猛,FEROCIOUS,KLC_00767,1,RAD_00094,犬,"dog, small animal",RAD,,PRIMITIVE_OR_NONKLC,https://docs.google.com/spreadsheets/d/13rdpmsI5n0dnsb33u4YHGwI8VrWtCeLDWDELO_hC7Qs
767,猛,FEROCIOUS,KLC_00767,2,RAD_00039,子,child,RAD,,PRIMITIVE_OR_NONKLC,https://docs.google.com/spreadsheets/d/13rdpmsI5n0dnsb33u4YHGwI8VrWtCeLDWDELO_hC7Qs
767,猛,FEROCIOUS,KLC_00767,3,RAD_00108,皿,"plate, dish",RAD,,PRIMITIVE_OR_NONKLC,https://docs.google.com/spreadsheets/d/13rdpmsI5n0dnsb33u4YHGwI8VrWtCeLDWDELO_hC7Qs
768,煙,SMOKE,KLC_00768,1,SUP_00014,覀,"basket, box",SUP,,PRIMITIVE_OR_NONKLC,https://docs.google.com/spreadsheets/d/13rdpmsI5n0dnsb33u4YHGwI8VrWtCeLDWDELO_hC7Qs
768,煙,SMOKE,KLC_00768,2,RAD_00086,火,fire,RAD,,PRIMITIVE_OR_NONKLC,https://docs.google.com/spreadsheets/d/13rdpmsI5n0dnsb33u4YHGwI8VrWtCeLDWDELO_hC7Qs
768,煙,SMOKE,KLC_00768,3,RAD_00032,土,"soil, earth",RAD,,PRIMITIVE_OR_NONKLC,https://docs.google.com/spreadsheets/d/13rdpmsI5n0dnsb33u4YHGwI8VrWtCeLDWDELO_hC7Qs
769,焼,BURN,KLC_00769,1,KLC_00136,元,ORIGIN,KLC,136,EARLIER_OR_SAME_KLC,https://docs.google.com/spreadsheets/d/13rdpmsI5n0dnsb33u4YHGwI8VrWtCeLDWDELO_hC7Qs
769,焼,BURN,KLC_00769,2,SUP_00021,尭,flames,SUP,,PRIMITIVE_OR_NONKLC,https://docs.google.com/spreadsheets/d/13rdpmsI5n0dnsb33u4YHGwI8VrWtCeLDWDELO_hC7Qs
770,暁,DAWN,KLC_00770,1,SUP_00021,尭,flames,SUP,,PRIMITIVE_OR_NONKLC,https://docs.google.com/spreadsheets/d/13rdpmsI5n0dnsb33u4YHGwI8VrWtCeLDWDELO_hC7Qs
770,暁,DAWN,KLC_00770,2,RAD_00072,日,"sun, day",RAD,,PRIMITIVE_OR_NONKLC,https://docs.google.com/spreadsheets/d/13rdpmsI5n0dnsb33u4YHGwI8VrWtCeLDWDELO_hC7Qs
771,旧,"FORMER, OLD",KLC_00771,1,RAD_00072,日,"sun, day",RAD,,PRIMITIVE_OR_NONKLC,https://docs.google.com/spreadsheets/d/13rdpmsI5n0dnsb33u4YHGwI8VrWtCeLDWDELO_hC7Qs
772,児,CHILD [newborn],KLC_00772,1,RAD_00010,儿,"son, legs",RAD,,PRIMITIVE_OR_NONKLC,https://docs.google.com/spreadsheets/d/13rdpmsI5n0dnsb33u4YHGwI8VrWtCeLDWDELO_hC7Qs
772,児,CHILD [newborn],KLC_00772,2,KLC_00771,旧,"FORMER, OLD",KLC,771,EARLIER_OR_SAME_KLC,https://docs.google.com/spreadsheets/d/13rdpmsI5n0dnsb33u4YHGwI8VrWtCeLDWDELO_hC7Qs
774,赤,red,RAD_00155,1,RAD_00086,火,fire,RAD,,PRIMITIVE_OR_NONKLC,https://docs.google.com/spreadsheets/d/13rdpmsI5n0dnsb33u4YHGwI8VrWtCeLDWDELO_hC7Qs
774,赤,red,RAD_00155,2,RAD_00024,十,"ten, complete, *cross*, *needle*, *plant*",RAD,,PRIMITIVE_OR_NONKLC,https://docs.google.com/spreadsheets/d/13rdpmsI5n0dnsb33u4YHGwI8VrWtCeLDWDELO_hC7Qs
775,変,"CHANGE, ABNORMAL",KLC_00775,1,RAD_00034,夂,"winter, go, *rooftop*, *crossed legs*",RAD,,PRIMITIVE_OR_NONKLC,https://docs.google.com/spreadsheets/d/13rdpmsI5n0dnsb33u4YHGwI8VrWtCeLDWDELO_hC7Qs
775,変,"CHANGE, ABNORMAL",KLC_00775,2,KLC_00773,亦,"ALSO, AGAIN",KLC,773,EARLIER_OR_SAME_KLC,https://docs.google.com/spreadsheets/d/13rdpmsI5n0dnsb33u4YHGwI8VrWtCeLDWDELO_hC7Qs
776,蛮,BARBARIAN,KLC_00776,1,KLC_00773,亦,"ALSO, AGAIN",KLC,773,EARLIER_OR_SAME_KLC,https://docs.google.com/spreadsheets/d/13rdpmsI5n0dnsb33u4YHGwI8VrWtCeLDWDELO_hC7Qs
776,蛮,BARBARIAN,KLC_00776,2,RAD_00142,虫,"insect, worm",RAD,,PRIMITIVE_OR_NONKLC,https://docs.google.com/spreadsheets/d/13rdpmsI5n0dnsb33u4YHGwI8VrWtCeLDWDELO_hC7Qs
777,恋,LOVE [romantic],KLC_00777,1,RAD_00061,心,"heart, mind, spirit",RAD,,PRIMITIVE_OR_NONKLC,https://docs.google.com/spreadsheets/d/13rdpmsI5n0dnsb33u4YHGwI8VrWtCeLDWDELO_hC7Qs
777,恋,LOVE [romantic],KLC_00777,2,KLC_00773,亦,"ALSO, AGAIN",KLC,773,EARLIER_OR_SAME_KLC,https://docs.google.com/spreadsheets/d/13rdpmsI5n0dnsb33u4YHGwI8VrWtCeLDWDELO_hC7Qs
778,愛,LOVE,KLC_00778,1,RAD_00087,爪,claw,RAD,,PRIMITIVE_OR_NONKLC,https://docs.google.com/spreadsheets/d/13rdpmsI5n0dnsb33u4YHGwI8VrWtCeLDWDELO_hC7Qs
778,愛,LOVE,KLC_00778,2,RAD_00014,冖,cloth cover,RAD,,PRIMITIVE_OR_NONKLC,https://docs.google.com/spreadsheets/d/13rdpmsI5n0dnsb33u4YHGwI8VrWtCeLDWDELO_hC7Qs
778,愛,LOVE,KLC_00778,3,RAD_00061,心,"heart, mind, spirit",RAD,,PRIMITIVE_OR_NONKLC,https://docs.google.com/spreadsheets/d/13rdpmsI5n0dnsb33u4YHGwI8VrWtCeLDWDELO_hC7Qs
778,愛,LOVE,KLC_00778,4,RAD_00034,夂,"winter, go, *rooftop*, *crossed legs*",RAD,,PRIMITIVE_OR_NONKLC,https://docs.google.com/spreadsheets/d/13rdpmsI5n0dnsb33u4YHGwI8VrWtCeLDWDELO_hC7Qs
779,憂,"BE ANXIOUS, GRIEF",KLC_00779,1,RAD_00061,心,"heart, mind, spirit",RAD,,PRIMITIVE_OR_NONKLC,https://docs.google.com/spreadsheets/d/13rdpmsI5n0dnsb33u4YHGwI8VrWtCeLDWDELO_hC7Qs
779,憂,"BE ANXIOUS, GRIEF",KLC_00779,2,RAD_00034,夂,"winter, go, *rooftop*, *crossed legs*",RAD,,PRIMITIVE_OR_NONKLC,https://docs.google.com/spreadsheets/d/13rdpmsI5n0dnsb33u4YHGwI8VrWtCeLDWDELO_hC7Qs
780,優,"SUPERIOR, KIND, ACTOR",KLC_00780,1,RAD_00009,人,"person, *roof*",RAD,,PRIMITIVE_OR_NONKLC,https://docs.google.com/spreadsheets/d/13rdpmsI5n0dnsb33u4YHGwI8VrWtCeLDWDELO_hC7Qs
780,優,"SUPERIOR, KIND, ACTOR",KLC_00780,2,KLC_00779,憂,"BE ANXIOUS, GRIEF",KLC,779,EARLIER_OR_SAME_KLC,https://docs.google.com/spreadsheets/d/13rdpmsI5n0dnsb33u4YHGwI8VrWtCeLDWDELO_hC7Qs
781,栗,CHESTNUT,KLC_00781,1,SUP_00014,覀,"basket, box",SUP,,PRIMITIVE_OR_NONKLC,https://docs.google.com/spreadsheets/d/13rdpmsI5n0dnsb33u4YHGwI8VrWtCeLDWDELO_hC7Qs
781,栗,CHESTNUT,KLC_00781,2,RAD_00075,木,tree,RAD,,PRIMITIVE_OR_NONKLC,https://docs.google.com/spreadsheets/d/13rdpmsI5n0dnsb33u4YHGwI8VrWtCeLDWDELO_hC7Qs
782,票,"SLIP OF PAPER, BALLOT",KLC_00782,1,RAD_00113,示,"spirit, sign, show",RAD,,PRIMITIVE_OR_NONKLC,https://docs.google.com/spreadsheets/d/13rdpmsI5n0dnsb33u4YHGwI8VrWtCeLDWDELO_hC7Qs
782,票,"SLIP OF PAPER, BALLOT",KLC_00782,2,SUP_00014,覀,"basket, box",SUP,,PRIMITIVE_OR_NONKLC,https://docs.google.com/spreadsheets/d/13rdpmsI5n0dnsb33u4YHGwI8VrWtCeLDWDELO_hC7Qs
783,標,MARK,KLC_00783,1,KLC_00782,票,"SLIP OF PAPER, BALLOT",KLC,782,EARLIER_OR_SAME_KLC,https://docs.google.com/spreadsheets/d/13rdpmsI5n0dnsb33u4YHGwI8VrWtCeLDWDELO_hC7Qs
783,標,MARK,KLC_00783,2,RAD_00075,木,tree,RAD,,PRIMITIVE_OR_NONKLC,https://docs.google.com/spreadsheets/d/13rdpmsI5n0dnsb33u4YHGwI8VrWtCeLDWDELO_hC7Qs
784,漂,DRIFT,KLC_00784,1,KLC_00782,票,"SLIP OF PAPER, BALLOT",KLC,782,EARLIER_OR_SAME_KLC,https://docs.google.com/spreadsheets/d/13rdpmsI5n0dnsb33u4YHGwI8VrWtCeLDWDELO_hC7Qs
784,漂,DRIFT,KLC_00784,2,RAD_00085,水,"water, *liquid*",RAD,,PRIMITIVE_OR_NONKLC,https://docs.google.com/spreadsheets/d/13rdpmsI5n0dnsb33u4YHGwI8VrWtCeLDWDELO_hC7Qs
785,遷,TRANSFER,KLC_00785,1,RAD_00037,大,"big, university",RAD,,PRIMITIVE_OR_NONKLC,https://docs.google.com/spreadsheets/d/13rdpmsI5n0dnsb33u4YHGwI8VrWtCeLDWDELO_hC7Qs
785,遷,TRANSFER,KLC_00785,2,SUP_00014,覀,"basket, box",SUP,,PRIMITIVE_OR_NONKLC,https://docs.google.com/spreadsheets/d/13rdpmsI5n0dnsb33u4YHGwI8VrWtCeLDWDELO_hC7Qs
785,遷,TRANSFER,KLC_00785,3,RAD_00049,己,"oneself, *roll*",RAD,,PRIMITIVE_OR_NONKLC,https://docs.google.com/spreadsheets/d/13rdpmsI5n0dnsb33u4YHGwI8VrWtCeLDWDELO_hC7Qs
785,遷,TRANSFER,KLC_00785,4,RAD_00162,辵,"walk, *transport*",RAD,,PRIMITIVE_OR_NONKLC,https://docs.google.com/spreadsheets/d/13rdpmsI5n0dnsb33u4YHGwI8VrWtCeLDWDELO_hC7Qs
786,各,"EACH, *cabin*",KLC_00786,1,RAD_00034,夂,"winter, go, *rooftop*, *crossed legs*",RAD,,PRIMITIVE_OR_NONKLC,https://docs.google.com/spreadsheets/d/13rdpmsI5n0dnsb33u4YHGwI8VrWtCeLDWDELO_hC7Qs
786,各,"EACH, *cabin*",KLC_00786,2,RAD_00030,口,"mouth, *opening*",RAD,,PRIMITIVE_OR_NONKLC,https://docs.google.com/spreadsheets/d/13rdpmsI5n0dnsb33u4YHGwI8VrWtCeLDWDELO_hC7Qs
787,客,"VISITOR, CUSTOMER",KLC_00787,1,KLC_00786,各,"EACH, *cabin*",KLC,786,EARLIER_OR_SAME_KLC,https://docs.google.com/spreadsheets/d/13rdpmsI5n0dnsb33u4YHGwI8VrWtCeLDWDELO_hC7Qs
787,客,"VISITOR, CUSTOMER",KLC_00787,2,RAD_00040,宀,roof,RAD,,PRIMITIVE_OR_NONKLC,https://docs.google.com/spreadsheets/d/13rdpmsI5n0dnsb33u4YHGwI8VrWtCeLDWDELO_hC7Qs
788,路,ROAD,KLC_00788,1,KLC_00786,各,"EACH, *cabin*",KLC,786,EARLIER_OR_SAME_KLC,https://docs.google.com/spreadsheets/d/13rdpmsI5n0dnsb33u4YHGwI8VrWtCeLDWDELO_hC7Qs
788,路,ROAD,KLC_00788,2,RAD_00157,足,"foot, suffice",RAD,,PRIMITIVE_OR_NONKLC,https://docs.google.com/spreadsheets/d/13rdpmsI5n0dnsb33u4YHGwI8VrWtCeLDWDELO_hC7Qs
789,格,"STANDARD, STATUS, CHARACTER",KLC_00789,1,RAD_00075,木,tree,RAD,,PRIMITIVE_OR_NONKLC,https://docs.google.com/spreadsheets/d/13rdpmsI5n0dnsb33u4YHGwI8VrWtCeLDWDELO_hC7Qs
789,格,"STANDARD, STATUS, CHARACTER",KLC_00789,2,KLC_00786,各,"EACH, *cabin*",KLC,786,EARLIER_OR_SAME_KLC,https://docs.google.com/spreadsheets/d/13rdpmsI5n0dnsb33u4YHGwI8VrWtCeLDWDELO_hC7Qs
790,絡,"INTERLINK, ENTWINE",KLC_00790,1,KLC_00786,各,"EACH, *cabin*",KLC,786,EARLIER_OR_SAME_KLC,https://docs.google.com/spreadsheets/d/13rdpmsI5n0dnsb33u4YHGwI8VrWtCeLDWDELO_hC7Qs
790,絡,"INTERLINK, ENTWINE",KLC_00790,2,RAD_00120,糸,"thread, silk",RAD,,PRIMITIVE_OR_NONKLC,https://docs.google.com/spreadsheets/d/13rdpmsI5n0dnsb33u4YHGwI8VrWtCeLDWDELO_hC7Qs
791,略,"LEAVE OUT, STRATEGY",KLC_00791,1,KLC_00786,各,"EACH, *cabin*",KLC,786,EARLIER_OR_SAME_KLC,https://docs.google.com/spreadsheets/d/13rdpmsI5n0dnsb33u4YHGwI8VrWtCeLDWDELO_hC7Qs
791,略,"LEAVE OUT, STRATEGY",KLC_00791,2,RAD_00102,田,"rice field, *head*",RAD,,PRIMITIVE_OR_NONKLC,https://docs.google.com/spreadsheets/d/13rdpmsI5n0dnsb33u4YHGwI8VrWtCeLDWDELO_hC7Qs
792,閣,"GRAND BUILDING, CABINET [govt]",KLC_00792,1,KLC_00786,各,"EACH, *cabin*",KLC,786,EARLIER_OR_SAME_KLC,https://docs.google.com/spreadsheets/d/13rdpmsI5n0dnsb33u4YHGwI8VrWtCeLDWDELO_hC7Qs
792,閣,"GRAND BUILDING, CABINET [govt]",KLC_00792,2,RAD_00169,門,gate,RAD,,PRIMITIVE_OR_NONKLC,https://docs.google.com/spreadsheets/d/13rdpmsI5n0dnsb33u4YHGwI8VrWtCeLDWDELO_hC7Qs
793,落,FALL,KLC_00793,1,RAD_00085,水,"water, *liquid*",RAD,,PRIMITIVE_OR_NONKLC,https://docs.google.com/spreadsheets/d/13rdpmsI5n0dnsb33u4YHGwI8VrWtCeLDWDELO_hC7Qs
793,落,FALL,KLC_00793,2,RAD_00140,艸,"grass, vegetation",RAD,,PRIMITIVE_OR_NONKLC,https://docs.google.com/spreadsheets/d/13rdpmsI5n0dnsb33u4YHGwI8VrWtCeLDWDELO_hC7Qs
793,落,FALL,KLC_00793,3,KLC_00786,各,"EACH, *cabin*",KLC,786,EARLIER_OR_SAME_KLC,https://docs.google.com/spreadsheets/d/13rdpmsI5n0dnsb33u4YHGwI8VrWtCeLDWDELO_hC7Qs
794,南,SOUTH,KLC_00794,1,RAD_00160,辛,"spicy, bitter, painful",RAD,,PRIMITIVE_OR_NONKLC,https://docs.google.com/spreadsheets/d/13rdpmsI5n0dnsb33u4YHGwI8VrWtCeLDWDELO_hC7Qs
797,酒,ALCOHOLIC DRINK,KLC_00797,1,RAD_00085,水,"water, *liquid*",RAD,,PRIMITIVE_OR_NONKLC,https://docs.google.com/spreadsheets/d/13rdpmsI5n0dnsb33u4YHGwI8VrWtCeLDWDELO_hC7Qs
798,洒,SPRINKLE,KLC_00798,1,KLC_00797,酒,ALCOHOLIC DRINK,KLC,797,EARLIER_OR_SAME_KLC,https://docs.google.com/spreadsheets/d/13rdpmsI5n0dnsb33u4YHGwI8VrWtCeLDWDELO_hC7Qs
799,配,"DISTRIBUTE, PUT IN ORDER",KLC_00799,1,RAD_00164,酉,"wine, liquor, *bottle*",RAD,,PRIMITIVE_OR_NONKLC,https://docs.google.com/spreadsheets/d/13rdpmsI5n0dnsb33u4YHGwI8VrWtCeLDWDELO_hC7Qs
799,配,"DISTRIBUTE, PUT IN ORDER",KLC_00799,2,RAD_00049,己,"oneself, *roll*",RAD,,PRIMITIVE_OR_NONKLC,https://docs.google.com/spreadsheets/d/13rdpmsI5n0dnsb33u4YHGwI8VrWtCeLDWDELO_hC7Qs
800,酸,"ACID, OXYGEN",KLC_00800,1,RAD_00164,酉,"wine, liquor, *bottle*",RAD,,PRIMITIVE_OR_NONKLC,https://docs.google.com/spreadsheets/d/13rdpmsI5n0dnsb33u4YHGwI8VrWtCeLDWDELO_hC7Qs
800,酸,"ACID, OXYGEN",KLC_00800,2,SUP_00041,夋,sharp stimulus,SUP,,PRIMITIVE_OR_NONKLC,https://docs.google.com/spreadsheets/d/13rdpmsI5n0dnsb33u4YHGwI8VrWtCeLDWDELO_hC7Qs
801,猶,DELAY,KLC_00801,1,RAD_00094,犬,"dog, small animal",RAD,,PRIMITIVE_OR_NONKLC,https://docs.google.com/spreadsheets/d/13rdpmsI5n0dnsb33u4YHGwI8VrWtCeLDWDELO_hC7Qs
801,猶,DELAY,KLC_00801,2,RAD_00164,酉,"wine, liquor, *bottle*",RAD,,PRIMITIVE_OR_NONKLC,https://docs.google.com/spreadsheets/d/13rdpmsI5n0dnsb33u4YHGwI8VrWtCeLDWDELO_hC7Qs
802,尊,"HONOR, NOBLE",KLC_00802,1,RAD_00041,寸,"measurement, tenth of shaku, a bit of",RAD,,PRIMITIVE_OR_NONKLC,https://docs.google.com/spreadsheets/d/13rdpmsI5n0dnsb33u4YHGwI8VrWtCeLDWDELO_hC7Qs
802,尊,"HONOR, NOBLE",KLC_00802,2,RAD_00164,酉,"wine, liquor, *bottle*",RAD,,PRIMITIVE_OR_NONKLC,https://docs.google.com/spreadsheets/d/13rdpmsI5n0dnsb33u4YHGwI8VrWtCeLDWDELO_hC7Qs
803,遵,OBEY,KLC_00803,1,RAD_00162,辵,"walk, *transport*",RAD,,PRIMITIVE_OR_NONKLC,https://docs.google.com/spreadsheets/d/13rdpmsI5n0dnsb33u4YHGwI8VrWtCeLDWDELO_hC7Qs
803,遵,OBEY,KLC_00803,2,KLC_00802,尊,"HONOR, NOBLE",KLC,802,EARLIER_OR_SAME_KLC,https://docs.google.com/spreadsheets/d/13rdpmsI5n0dnsb33u4YHGwI8VrWtCeLDWDELO_hC7Qs
804,導,GUIDE,KLC_00804,1,RAD_00041,寸,"measurement, tenth of shaku, a bit of",RAD,,PRIMITIVE_OR_NONKLC,https://docs.google.com/spreadsheets/d/13rdpmsI5n0dnsb33u4YHGwI8VrWtCeLDWDELO_hC7Qs
804,導,GUIDE,KLC_00804,2,KLC_00158,道,"WAY, ROAD",KLC,158,EARLIER_OR_SAME_KLC,https://docs.google.com/spreadsheets/d/13rdpmsI5n0dnsb33u4YHGwI8VrWtCeLDWDELO_hC7Qs
805,敬,"RESPECT, AWE",KLC_00805,1,RAD_00020,勹,"wrap, *elephant*",RAD,,PRIMITIVE_OR_NONKLC,https://docs.google.com/spreadsheets/d/13rdpmsI5n0dnsb33u4YHGwI8VrWtCeLDWDELO_hC7Qs
805,敬,"RESPECT, AWE",KLC_00805,2,RAD_00030,口,"mouth, *opening*",RAD,,PRIMITIVE_OR_NONKLC,https://docs.google.com/spreadsheets/d/13rdpmsI5n0dnsb33u4YHGwI8VrWtCeLDWDELO_hC7Qs
805,敬,"RESPECT, AWE",KLC_00805,3,RAD_00066,攴,"hit, strike, *action*",RAD,,PRIMITIVE_OR_NONKLC,https://docs.google.com/spreadsheets/d/13rdpmsI5n0dnsb33u4YHGwI8VrWtCeLDWDELO_hC7Qs
806,警,"GUARD AGAINST, WARN",KLC_00806,1,RAD_00149,言,"speech, word, say",RAD,,PRIMITIVE_OR_NONKLC,https://docs.google.com/spreadsheets/d/13rdpmsI5n0dnsb33u4YHGwI8VrWtCeLDWDELO_hC7Qs
806,警,"GUARD AGAINST, WARN",KLC_00806,2,KLC_00805,敬,"RESPECT, AWE",KLC,805,EARLIER_OR_SAME_KLC,https://docs.google.com/spreadsheets/d/13rdpmsI5n0dnsb33u4YHGwI8VrWtCeLDWDELO_hC7Qs
807,驚,SURPRISE,KLC_00807,1,RAD_00187,馬,horse,RAD,,PRIMITIVE_OR_NONKLC,https://docs.google.com/spreadsheets/d/13rdpmsI5n0dnsb33u4YHGwI8VrWtCeLDWDELO_hC7Qs
807,驚,SURPRISE,KLC_00807,2,KLC_00805,敬,"RESPECT, AWE",KLC,805,EARLIER_OR_SAME_KLC,https://docs.google.com/spreadsheets/d/13rdpmsI5n0dnsb33u4YHGwI8VrWtCeLDWDELO_hC7Qs
808,散,"SCATTER, DISPERSE",KLC_00808,1,RAD_00066,攴,"hit, strike, *action*",RAD,,PRIMITIVE_OR_NONKLC,https://docs.google.com/spreadsheets/d/13rdpmsI5n0dnsb33u4YHGwI8VrWtCeLDWDELO_hC7Qs
808,散,"SCATTER, DISPERSE",KLC_00808,2,RAD_00074,月,"moon, month, *flesh*, *body part*",RAD,,PRIMITIVE_OR_NONKLC,https://docs.google.com/spreadsheets/d/13rdpmsI5n0dnsb33u4YHGwI8VrWtCeLDWDELO_hC7Qs
808,散,"SCATTER, DISPERSE",KLC_00808,3,KLC_00356,共,"JOINT, TOGETHER",KLC,356,EARLIER_OR_SAME_KLC,https://docs.google.com/spreadsheets/d/13rdpmsI5n0dnsb33u4YHGwI8VrWtCeLDWDELO_hC7Qs
809,敢,BOLDLY,KLC_00809,1,RAD_00066,攴,"hit, strike, *action*",RAD,,PRIMITIVE_OR_NONKLC,https://docs.google.com/spreadsheets/d/13rdpmsI5n0dnsb33u4YHGwI8VrWtCeLDWDELO_hC7Qs
809,敢,BOLDLY,KLC_00809,2,RAD_00128,耳,"ear, hearing",RAD,,PRIMITIVE_OR_NONKLC,https://docs.google.com/spreadsheets/d/13rdpmsI5n0dnsb33u4YHGwI8VrWtCeLDWDELO_hC7Qs
810,厳,"SEVERE, SOLEMN",KLC_00810,1,KLC_00809,敢,BOLDLY,KLC,809,EARLIER_OR_SAME_KLC,https://docs.google.com/spreadsheets/d/13rdpmsI5n0dnsb33u4YHGwI8VrWtCeLDWDELO_hC7Qs
810,厳,"SEVERE, SOLEMN",KLC_00810,2,RAD_00027,厂,cliff,RAD,,PRIMITIVE_OR_NONKLC,https://docs.google.com/spreadsheets/d/13rdpmsI5n0dnsb33u4YHGwI8VrWtCeLDWDELO_hC7Qs
811,仏,BUDDHA,KLC_00811,1,RAD_00028,厶,"private, *self*",RAD,,PRIMITIVE_OR_NONKLC,https://docs.google.com/spreadsheets/d/13rdpmsI5n0dnsb33u4YHGwI8VrWtCeLDWDELO_hC7Qs
811,仏,BUDDHA,KLC_00811,2,RAD_00009,人,"person, *roof*",RAD,,PRIMITIVE_OR_NONKLC,https://docs.google.com/spreadsheets/d/13rdpmsI5n0dnsb33u4YHGwI8VrWtCeLDWDELO_hC7Qs
812,払,"PAY, DISPOSE OF",KLC_00812,1,RAD_00028,厶,"private, *self*",RAD,,PRIMITIVE_OR_NONKLC,https://docs.google.com/spreadsheets/d/13rdpmsI5n0dnsb33u4YHGwI8VrWtCeLDWDELO_hC7Qs
812,払,"PAY, DISPOSE OF",KLC_00812,2,RAD_00064,手,"hand, performer of action",RAD,,PRIMITIVE_OR_NONKLC,https://docs.google.com/spreadsheets/d/13rdpmsI5n0dnsb33u4YHGwI8VrWtCeLDWDELO_hC7Qs
813,拡,ENLARGE,KLC_00813,1,RAD_00064,手,"hand, performer of action",RAD,,PRIMITIVE_OR_NONKLC,https://docs.google.com/spreadsheets/d/13rdpmsI5n0dnsb33u4YHGwI8VrWtCeLDWDELO_hC7Qs
813,拡,ENLARGE,KLC_00813,2,KLC_00238,広,WIDE,KLC,238,EARLIER_OR_SAME_KLC,https://docs.google.com/spreadsheets/d/13rdpmsI5n0dnsb33u4YHGwI8VrWtCeLDWDELO_hC7Qs
815,何,"WHAT, HOW MANY, SEVERAL",KLC_00815,1,RAD_00009,人,"person, *roof*",RAD,,PRIMITIVE_OR_NONKLC,https://docs.google.com/spreadsheets/d/13rdpmsI5n0dnsb33u4YHGwI8VrWtCeLDWDELO_hC7Qs
815,何,"WHAT, HOW MANY, SEVERAL",KLC_00815,2,KLC_00814,可,"POSSIBLE, APPROVE, -ABLE",KLC,814,EARLIER_OR_SAME_KLC,https://docs.google.com/spreadsheets/d/13rdpmsI5n0dnsb33u4YHGwI8VrWtCeLDWDELO_hC7Qs
816,苛,TORMENT,KLC_00816,1,KLC_00814,可,"POSSIBLE, APPROVE, -ABLE",KLC,814,EARLIER_OR_SAME_KLC,https://docs.google.com/spreadsheets/d/13rdpmsI5n0dnsb33u4YHGwI8VrWtCeLDWDELO_hC7Qs
816,苛,TORMENT,KLC_00816,2,RAD_00140,艸,"grass, vegetation",RAD,,PRIMITIVE_OR_NONKLC,https://docs.google.com/spreadsheets/d/13rdpmsI5n0dnsb33u4YHGwI8VrWtCeLDWDELO_hC7Qs
817,荷,LOAD,KLC_00817,1,KLC_00815,何,"WHAT, HOW MANY, SEVERAL",KLC,815,EARLIER_OR_SAME_KLC,https://docs.google.com/spreadsheets/d/13rdpmsI5n0dnsb33u4YHGwI8VrWtCeLDWDELO_hC7Qs
817,荷,LOAD,KLC_00817,2,RAD_00140,艸,"grass, vegetation",RAD,,PRIMITIVE_OR_NONKLC,https://docs.google.com/spreadsheets/d/13rdpmsI5n0dnsb33u4YHGwI8VrWtCeLDWDELO_hC7Qs
818,河,RIVER,KLC_00818,1,RAD_00085,水,"water, *liquid*",RAD,,PRIMITIVE_OR_NONKLC,https://docs.google.com/spreadsheets/d/13rdpmsI5n0dnsb33u4YHGwI8VrWtCeLDWDELO_hC7Qs
818,河,RIVER,KLC_00818,2,KLC_00814,可,"POSSIBLE, APPROVE, -ABLE",KLC,814,EARLIER_OR_SAME_KLC,https://docs.google.com/spreadsheets/d/13rdpmsI5n0dnsb33u4YHGwI8VrWtCeLDWDELO_hC7Qs
821,伺,"INQUIRE, VISIT",KLC_00821,1,RAD_00009,人,"person, *roof*",RAD,,PRIMITIVE_OR_NONKLC,https://docs.google.com/spreadsheets/d/13rdpmsI5n0dnsb33u4YHGwI8VrWtCeLDWDELO_hC7Qs
821,伺,"INQUIRE, VISIT",KLC_00821,2,KLC_00820,司,"OFFICE, DIRECTOR, ADMINISTER",KLC,820,EARLIER_OR_SAME_KLC,https://docs.google.com/spreadsheets/d/13rdpmsI5n0dnsb33u4YHGwI8VrWtCeLDWDELO_hC7Qs
822,詞,WORDS,KLC_00822,1,RAD_00149,言,"speech, word, say",RAD,,PRIMITIVE_OR_NONKLC,https://docs.google.com/spreadsheets/d/13rdpmsI5n0dnsb33u4YHGwI8VrWtCeLDWDELO_hC7Qs
822,詞,WORDS,KLC_00822,2,KLC_00820,司,"OFFICE, DIRECTOR, ADMINISTER",KLC,820,EARLIER_OR_SAME_KLC,https://docs.google.com/spreadsheets/d/13rdpmsI5n0dnsb33u4YHGwI8VrWtCeLDWDELO_hC7Qs
823,飼,RAISE ANIMALS,KLC_00823,1,KLC_00820,司,"OFFICE, DIRECTOR, ADMINISTER",KLC,820,EARLIER_OR_SAME_KLC,https://docs.google.com/spreadsheets/d/13rdpmsI5n0dnsb33u4YHGwI8VrWtCeLDWDELO_hC7Qs
823,飼,RAISE ANIMALS,KLC_00823,2,RAD_00184,食,eat,RAD,,PRIMITIVE_OR_NONKLC,https://docs.google.com/spreadsheets/d/13rdpmsI5n0dnsb33u4YHGwI8VrWtCeLDWDELO_hC7Qs
825,嗣,HEIR,KLC_00825,1,RAD_00030,口,"mouth, *opening*",RAD,,PRIMITIVE_OR_NONKLC,https://docs.google.com/spreadsheets/d/13rdpmsI5n0dnsb33u4YHGwI8VrWtCeLDWDELO_hC7Qs
825,嗣,HEIR,KLC_00825,2,KLC_00824,冊,"COUNTER FOR BOOKS, *bookcase*",KLC,824,EARLIER_OR_SAME_KLC,https://docs.google.com/spreadsheets/d/13rdpmsI5n0dnsb33u4YHGwI8VrWtCeLDWDELO_hC7Qs
825,嗣,HEIR,KLC_00825,3,KLC_00820,司,"OFFICE, DIRECTOR, ADMINISTER",KLC,820,EARLIER_OR_SAME_KLC,https://docs.google.com/spreadsheets/d/13rdpmsI5n0dnsb33u4YHGwI8VrWtCeLDWDELO_hC7Qs
826,覗,PEEK,KLC_00826,1,RAD_00147,見,see,RAD,,PRIMITIVE_OR_NONKLC,https://docs.google.com/spreadsheets/d/13rdpmsI5n0dnsb33u4YHGwI8VrWtCeLDWDELO_hC7Qs
826,覗,PEEK,KLC_00826,2,KLC_00820,司,"OFFICE, DIRECTOR, ADMINISTER",KLC,820,EARLIER_OR_SAME_KLC,https://docs.google.com/spreadsheets/d/13rdpmsI5n0dnsb33u4YHGwI8VrWtCeLDWDELO_hC7Qs
827,歌,"SONG, JAPANESE POEM",KLC_00827,1,KLC_00814,可,"POSSIBLE, APPROVE, -ABLE",KLC,814,EARLIER_OR_SAME_KLC,https://docs.google.com/spreadsheets/d/13rdpmsI5n0dnsb33u4YHGwI8VrWtCeLDWDELO_hC7Qs
827,歌,"SONG, JAPANESE POEM",KLC_00827,2,RAD_00076,欠,"lack, *open mouth*",RAD,,PRIMITIVE_OR_NONKLC,https://docs.google.com/spreadsheets/d/13rdpmsI5n0dnsb33u4YHGwI8VrWtCeLDWDELO_hC7Qs
828,唄,"DITTY, SONG",KLC_00828,1,RAD_00030,口,"mouth, *opening*",RAD,,PRIMITIVE_OR_NONKLC,https://docs.google.com/spreadsheets/d/13rdpmsI5n0dnsb33u4YHGwI8VrWtCeLDWDELO_hC7Qs
828,唄,"DITTY, SONG",KLC_00828,2,RAD_00154,貝,"shellfish, money, wealth",RAD,,PRIMITIVE_OR_NONKLC,https://docs.google.com/spreadsheets/d/13rdpmsI5n0dnsb33u4YHGwI8VrWtCeLDWDELO_hC7Qs
829,負,"BEAR, LOSE",KLC_00829,1,RAD_00154,貝,"shellfish, money, wealth",RAD,,PRIMITIVE_OR_NONKLC,https://docs.google.com/spreadsheets/d/13rdpmsI5n0dnsb33u4YHGwI8VrWtCeLDWDELO_hC7Qs
830,敗,BE DEFEATED,KLC_00830,1,RAD_00066,攴,"hit, strike, *action*",RAD,,PRIMITIVE_OR_NONKLC,https://docs.google.com/spreadsheets/d/13rdpmsI5n0dnsb33u4YHGwI8VrWtCeLDWDELO_hC7Qs
830,敗,BE DEFEATED,KLC_00830,2,RAD_00154,貝,"shellfish, money, wealth",RAD,,PRIMITIVE_OR_NONKLC,https://docs.google.com/spreadsheets/d/13rdpmsI5n0dnsb33u4YHGwI8VrWtCeLDWDELO_hC7Qs
831,責,"RESPONSIBILITY, BLAME",KLC_00831,1,RAD_00100,生,"life, student, *growing plant*",RAD,,PRIMITIVE_OR_NONKLC,https://docs.google.com/spreadsheets/d/13rdpmsI5n0dnsb33u4YHGwI8VrWtCeLDWDELO_hC7Qs
831,責,"RESPONSIBILITY, BLAME",KLC_00831,2,RAD_00154,貝,"shellfish, money, wealth",RAD,,PRIMITIVE_OR_NONKLC,https://docs.google.com/spreadsheets/d/13rdpmsI5n0dnsb33u4YHGwI8VrWtCeLDWDELO_hC7Qs
832,積,ACCUMULATE,KLC_00832,1,RAD_00115,禾,grain,RAD,,PRIMITIVE_OR_NONKLC,https://docs.google.com/spreadsheets/d/13rdpmsI5n0dnsb33u4YHGwI8VrWtCeLDWDELO_hC7Qs
832,積,ACCUMULATE,KLC_00832,2,KLC_00831,責,"RESPONSIBILITY, BLAME",KLC,831,EARLIER_OR_SAME_KLC,https://docs.google.com/spreadsheets/d/13rdpmsI5n0dnsb33u4YHGwI8VrWtCeLDWDELO_hC7Qs
833,債,"DEBT, BOND",KLC_00833,1,RAD_00009,人,"person, *roof*",RAD,,PRIMITIVE_OR_NONKLC,https://docs.google.com/spreadsheets/d/13rdpmsI5n0dnsb33u4YHGwI8VrWtCeLDWDELO_hC7Qs
833,債,"DEBT, BOND",KLC_00833,2,KLC_00831,責,"RESPONSIBILITY, BLAME",KLC,831,EARLIER_OR_SAME_KLC,https://docs.google.com/spreadsheets/d/13rdpmsI5n0dnsb33u4YHGwI8VrWtCeLDWDELO_hC7Qs
834,漬,"PICKLE, IMMERSE",KLC_00834,1,RAD_00085,水,"water, *liquid*",RAD,,PRIMITIVE_OR_NONKLC,https://docs.google.com/spreadsheets/d/13rdpmsI5n0dnsb33u4YHGwI8VrWtCeLDWDELO_hC7Qs
834,漬,"PICKLE, IMMERSE",KLC_00834,2,KLC_00831,責,"RESPONSIBILITY, BLAME",KLC,831,EARLIER_OR_SAME_KLC,https://docs.google.com/spreadsheets/d/13rdpmsI5n0dnsb33u4YHGwI8VrWtCeLDWDELO_hC7Qs
835,紡,"SPIN, YARN",KLC_00835,1,RAD_00120,糸,"thread, silk",RAD,,PRIMITIVE_OR_NONKLC,https://docs.google.com/spreadsheets/d/13rdpmsI5n0dnsb33u4YHGwI8VrWtCeLDWDELO_hC7Qs
835,紡,"SPIN, YARN",KLC_00835,2,RAD_00070,方,"direction, person, square",RAD,,PRIMITIVE_OR_NONKLC,https://docs.google.com/spreadsheets/d/13rdpmsI5n0dnsb33u4YHGwI8VrWtCeLDWDELO_hC7Qs
836,績,"ACHIEVEMENT, SPIN THREAD",KLC_00836,1,RAD_00120,糸,"thread, silk",RAD,,PRIMITIVE_OR_NONKLC,https://docs.google.com/spreadsheets/d/13rdpmsI5n0dnsb33u4YHGwI8VrWtCeLDWDELO_hC7Qs
837,具,TOOL,KLC_00837,1,RAD_00154,貝,"shellfish, money, wealth",RAD,,PRIMITIVE_OR_NONKLC,https://docs.google.com/spreadsheets/d/13rdpmsI5n0dnsb33u4YHGwI8VrWtCeLDWDELO_hC7Qs
838,真,TRUE,KLC_00838,1,KLC_00837,具,TOOL,KLC,837,EARLIER_OR_SAME_KLC,https://docs.google.com/spreadsheets/d/13rdpmsI5n0dnsb33u4YHGwI8VrWtCeLDWDELO_hC7Qs
838,真,TRUE,KLC_00838,2,RAD_00024,十,"ten, complete, *cross*, *needle*, *plant*",RAD,,PRIMITIVE_OR_NONKLC,https://docs.google.com/spreadsheets/d/13rdpmsI5n0dnsb33u4YHGwI8VrWtCeLDWDELO_hC7Qs
840,植,PLANT,KLC_00840,1,RAD_00075,木,tree,RAD,,PRIMITIVE_OR_NONKLC,https://docs.google.com/spreadsheets/d/13rdpmsI5n0dnsb33u4YHGwI8VrWtCeLDWDELO_hC7Qs
840,植,PLANT,KLC_00840,2,KLC_00839,直,"DIRECT, REPAIR, STRAIGHT",KLC,839,EARLIER_OR_SAME_KLC,https://docs.google.com/spreadsheets/d/13rdpmsI5n0dnsb33u4YHGwI8VrWtCeLDWDELO_hC7Qs
841,殖,"MULTIPLY, AUGMENT",KLC_00841,1,KLC_00839,直,"DIRECT, REPAIR, STRAIGHT",KLC,839,EARLIER_OR_SAME_KLC,https://docs.google.com/spreadsheets/d/13rdpmsI5n0dnsb33u4YHGwI8VrWtCeLDWDELO_hC7Qs
841,殖,"MULTIPLY, AUGMENT",KLC_00841,2,RAD_00078,歹,death,RAD,,PRIMITIVE_OR_NONKLC,https://docs.google.com/spreadsheets/d/13rdpmsI5n0dnsb33u4YHGwI8VrWtCeLDWDELO_hC7Qs
842,値,"VALUE, COST",KLC_00842,1,RAD_00009,人,"person, *roof*",RAD,,PRIMITIVE_OR_NONKLC,https://docs.google.com/spreadsheets/d/13rdpmsI5n0dnsb33u4YHGwI8VrWtCeLDWDELO_hC7Qs
842,値,"VALUE, COST",KLC_00842,2,KLC_00839,直,"DIRECT, REPAIR, STRAIGHT",KLC,839,EARLIER_OR_SAME_KLC,https://docs.google.com/spreadsheets/d/13rdpmsI5n0dnsb33u4YHGwI8VrWtCeLDWDELO_hC7Qs
843,置,"PLACE, PUT",KLC_00843,1,KLC_00839,直,"DIRECT, REPAIR, STRAIGHT",KLC,839,EARLIER_OR_SAME_KLC,https://docs.google.com/spreadsheets/d/13rdpmsI5n0dnsb33u4YHGwI8VrWtCeLDWDELO_hC7Qs
843,置,"PLACE, PUT",KLC_00843,2,RAD_00122,网,"net, *law*",RAD,,PRIMITIVE_OR_NONKLC,https://docs.google.com/spreadsheets/d/13rdpmsI5n0dnsb33u4YHGwI8VrWtCeLDWDELO_hC7Qs
844,県,PREFECTURE,KLC_00844,1,KLC_00839,直,"DIRECT, REPAIR, STRAIGHT",KLC,839,EARLIER_OR_SAME_KLC,https://docs.google.com/spreadsheets/d/13rdpmsI5n0dnsb33u4YHGwI8VrWtCeLDWDELO_hC7Qs
845,州,"STATE, PROVINCE",KLC_00845,1,RAD_00047,川,river,RAD,,PRIMITIVE_OR_NONKLC,https://docs.google.com/spreadsheets/d/13rdpmsI5n0dnsb33u4YHGwI8VrWtCeLDWDELO_hC7Qs
846,洲,SANDBAR,KLC_00846,1,RAD_00047,川,river,RAD,,PRIMITIVE_OR_NONKLC,https://docs.google.com/spreadsheets/d/13rdpmsI5n0dnsb33u4YHGwI8VrWtCeLDWDELO_hC7Qs
846,洲,SANDBAR,KLC_00846,2,RAD_00085,水,"water, *liquid*",RAD,,PRIMITIVE_OR_NONKLC,https://docs.google.com/spreadsheets/d/13rdpmsI5n0dnsb33u4YHGwI8VrWtCeLDWDELO_hC7Qs
847,接,CONTACT,KLC_00847,1,RAD_00064,手,"hand, performer of action",RAD,,PRIMITIVE_OR_NONKLC,https://docs.google.com/spreadsheets/d/13rdpmsI5n0dnsb33u4YHGwI8VrWtCeLDWDELO_hC7Qs
847,接,CONTACT,KLC_00847,2,SUP_00022,妾,concubine,SUP,,PRIMITIVE_OR_NONKLC,https://docs.google.com/spreadsheets/d/13rdpmsI5n0dnsb33u4YHGwI8VrWtCeLDWDELO_hC7Qs
848,継,"SUCCEED, FOLLOW",KLC_00848,1,RAD_00119,米,rice,RAD,,PRIMITIVE_OR_NONKLC,https://docs.google.com/spreadsheets/d/13rdpmsI5n0dnsb33u4YHGwI8VrWtCeLDWDELO_hC7Qs
848,継,"SUCCEED, FOLLOW",KLC_00848,2,RAD_00022,匚,box,RAD,,PRIMITIVE_OR_NONKLC,https://docs.google.com/spreadsheets/d/13rdpmsI5n0dnsb33u4YHGwI8VrWtCeLDWDELO_hC7Qs
848,継,"SUCCEED, FOLLOW",KLC_00848,3,RAD_00120,糸,"thread, silk",RAD,,PRIMITIVE_OR_NONKLC,https://docs.google.com/spreadsheets/d/13rdpmsI5n0dnsb33u4YHGwI8VrWtCeLDWDELO_hC7Qs
849,断,"CUT OFF, REFUSE",KLC_00849,1,RAD_00069,斤,"axe, kin [600 grams]",RAD,,PRIMITIVE_OR_NONKLC,https://docs.google.com/spreadsheets/d/13rdpmsI5n0dnsb33u4YHGwI8VrWtCeLDWDELO_hC7Qs
849,断,"CUT OFF, REFUSE",KLC_00849,2,RAD_00119,米,rice,RAD,,PRIMITIVE_OR_NONKLC,https://docs.google.com/spreadsheets/d/13rdpmsI5n0dnsb33u4YHGwI8VrWtCeLDWDELO_hC7Qs
850,応,RESPOND,KLC_00850,1,RAD_00053,广,"dotted cliff, *shelter*",RAD,,PRIMITIVE_OR_NONKLC,https://docs.google.com/spreadsheets/d/13rdpmsI5n0dnsb33u4YHGwI8VrWtCeLDWDELO_hC7Qs
850,応,RESPOND,KLC_00850,2,RAD_00061,心,"heart, mind, spirit",RAD,,PRIMITIVE_OR_NONKLC,https://docs.google.com/spreadsheets/d/13rdpmsI5n0dnsb33u4YHGwI8VrWtCeLDWDELO_hC7Qs
851,床,"BED, FLOOR",KLC_00851,1,RAD_00075,木,tree,RAD,,PRIMITIVE_OR_NONKLC,https://docs.google.com/spreadsheets/d/13rdpmsI5n0dnsb33u4YHGwI8VrWtCeLDWDELO_hC7Qs
851,床,"BED, FLOOR",KLC_00851,2,RAD_00053,广,"dotted cliff, *shelter*",RAD,,PRIMITIVE_OR_NONKLC,https://docs.google.com/spreadsheets/d/13rdpmsI5n0dnsb33u4YHGwI8VrWtCeLDWDELO_hC7Qs
852,麻,"hemp, numb",RAD_00200,1,RAD_00075,木,tree,RAD,,PRIMITIVE_OR_NONKLC,https://docs.google.com/spreadsheets/d/13rdpmsI5n0dnsb33u4YHGwI8VrWtCeLDWDELO_hC7Qs
852,麻,"hemp, numb",RAD_00200,2,RAD_00053,广,"dotted cliff, *shelter*",RAD,,PRIMITIVE_OR_NONKLC,https://docs.google.com/spreadsheets/d/13rdpmsI5n0dnsb33u4YHGwI8VrWtCeLDWDELO_hC7Qs
853,歴,"PERSONAL HISTORY, CURRICULUM",KLC_00853,1,RAD_00077,止,stop,RAD,,PRIMITIVE_OR_NONKLC,https://docs.google.com/spreadsheets/d/13rdpmsI5n0dnsb33u4YHGwI8VrWtCeLDWDELO_hC7Qs
853,歴,"PERSONAL HISTORY, CURRICULUM",KLC_00853,2,RAD_00200,麻,"hemp, numb",RAD,,PRIMITIVE_OR_NONKLC,https://docs.google.com/spreadsheets/d/13rdpmsI5n0dnsb33u4YHGwI8VrWtCeLDWDELO_hC7Qs
854,暦,CALENDAR,KLC_00854,1,RAD_00200,麻,"hemp, numb",RAD,,PRIMITIVE_OR_NONKLC,https://docs.google.com/spreadsheets/d/13rdpmsI5n0dnsb33u4YHGwI8VrWtCeLDWDELO_hC7Qs
854,暦,CALENDAR,KLC_00854,2,RAD_00072,日,"sun, day",RAD,,PRIMITIVE_OR_NONKLC,https://docs.google.com/spreadsheets/d/13rdpmsI5n0dnsb33u4YHGwI8VrWtCeLDWDELO_hC7Qs
855,臨,"CONFRONT, ATTEND TO",KLC_00855,1,RAD_00131,臣,"minister, subject, servant",RAD,,PRIMITIVE_OR_NONKLC,https://docs.google.com/spreadsheets/d/13rdpmsI5n0dnsb33u4YHGwI8VrWtCeLDWDELO_hC7Qs
855,臨,"CONFRONT, ATTEND TO",KLC_00855,2,KLC_00301,品,"ARTICLE, CLASSIFICATION, GRADE OF EXCELLENCE",KLC,301,EARLIER_OR_SAME_KLC,https://docs.google.com/spreadsheets/d/13rdpmsI5n0dnsb33u4YHGwI8VrWtCeLDWDELO_hC7Qs
856,園,GARDEN,KLC_00856,1,RAD_00032,土,"soil, earth",RAD,,PRIMITIVE_OR_NONKLC,https://docs.google.com/spreadsheets/d/13rdpmsI5n0dnsb33u4YHGwI8VrWtCeLDWDELO_hC7Qs
856,園,GARDEN,KLC_00856,2,RAD_00145,衣,"clothes, garment",RAD,,PRIMITIVE_OR_NONKLC,https://docs.google.com/spreadsheets/d/13rdpmsI5n0dnsb33u4YHGwI8VrWtCeLDWDELO_hC7Qs
857,遠,DISTANT,KLC_00857,1,KLC_00856,園,GARDEN,KLC,856,EARLIER_OR_SAME_KLC,https://docs.google.com/spreadsheets/d/13rdpmsI5n0dnsb33u4YHGwI8VrWtCeLDWDELO_hC7Qs
857,遠,DISTANT,KLC_00857,2,RAD_00162,辵,"walk, *transport*",RAD,,PRIMITIVE_OR_NONKLC,https://docs.google.com/spreadsheets/d/13rdpmsI5n0dnsb33u4YHGwI8VrWtCeLDWDELO_hC7Qs
859,写,COPY,KLC_00859,1,RAD_00014,冖,cloth cover,RAD,,PRIMITIVE_OR_NONKLC,https://docs.google.com/spreadsheets/d/13rdpmsI5n0dnsb33u4YHGwI8VrWtCeLDWDELO_hC7Qs
860,移,"MOVE, SHIFT",KLC_00860,1,KLC_00267,多,MANY,KLC,267,EARLIER_OR_SAME_KLC,https://docs.google.com/spreadsheets/d/13rdpmsI5n0dnsb33u4YHGwI8VrWtCeLDWDELO_hC7Qs
860,移,"MOVE, SHIFT",KLC_00860,2,RAD_00115,禾,grain,RAD,,PRIMITIVE_OR_NONKLC,https://docs.google.com/spreadsheets/d/13rdpmsI5n0dnsb33u4YHGwI8VrWtCeLDWDELO_hC7Qs
861,卸,WHOLESALE,KLC_00861,1,RAD_00093,牛,"cow, cattle",RAD,,PRIMITIVE_OR_NONKLC,https://docs.google.com/spreadsheets/d/13rdpmsI5n0dnsb33u4YHGwI8VrWtCeLDWDELO_hC7Qs
861,卸,WHOLESALE,KLC_00861,2,RAD_00077,止,stop,RAD,,PRIMITIVE_OR_NONKLC,https://docs.google.com/spreadsheets/d/13rdpmsI5n0dnsb33u4YHGwI8VrWtCeLDWDELO_hC7Qs
861,卸,WHOLESALE,KLC_00861,3,RAD_00026,卩,seal [device],RAD,,PRIMITIVE_OR_NONKLC,https://docs.google.com/spreadsheets/d/13rdpmsI5n0dnsb33u4YHGwI8VrWtCeLDWDELO_hC7Qs
862,御,GENERAL HONORIFIC TERM,KLC_00862,1,RAD_00060,彳,"linger, stop, go",RAD,,PRIMITIVE_OR_NONKLC,https://docs.google.com/spreadsheets/d/13rdpmsI5n0dnsb33u4YHGwI8VrWtCeLDWDELO_hC7Qs
863,複,"COMPOUND, DUPLICATE",KLC_00863,1,SUP_00023,复,"repeat, return",SUP,,PRIMITIVE_OR_NONKLC,https://docs.google.com/spreadsheets/d/13rdpmsI5n0dnsb33u4YHGwI8VrWtCeLDWDELO_hC7Qs
863,複,"COMPOUND, DUPLICATE",KLC_00863,2,RAD_00145,衣,"clothes, garment",RAD,,PRIMITIVE_OR_NONKLC,https://docs.google.com/spreadsheets/d/13rdpmsI5n0dnsb33u4YHGwI8VrWtCeLDWDELO_hC7Qs
864,腹,BELLY,KLC_00864,1,SUP_00023,复,"repeat, return",SUP,,PRIMITIVE_OR_NONKLC,https://docs.google.com/spreadsheets/d/13rdpmsI5n0dnsb33u4YHGwI8VrWtCeLDWDELO_hC7Qs
864,腹,BELLY,KLC_00864,2,RAD_00074,月,"moon, month, *flesh*, *body part*",RAD,,PRIMITIVE_OR_NONKLC,https://docs.google.com/spreadsheets/d/13rdpmsI5n0dnsb33u4YHGwI8VrWtCeLDWDELO_hC7Qs
865,復,"RETURN, RESTORE",KLC_00865,1,RAD_00060,彳,"linger, stop, go",RAD,,PRIMITIVE_OR_NONKLC,https://docs.google.com/spreadsheets/d/13rdpmsI5n0dnsb33u4YHGwI8VrWtCeLDWDELO_hC7Qs
865,復,"RETURN, RESTORE",KLC_00865,2,SUP_00023,复,"repeat, return",SUP,,PRIMITIVE_OR_NONKLC,https://docs.google.com/spreadsheets/d/13rdpmsI5n0dnsb33u4YHGwI8VrWtCeLDWDELO_hC7Qs
866,往,"JOURNEY, PROCEED",KLC_00866,1,KLC_00365,主,"MAIN, LORD, MASTER",KLC,365,EARLIER_OR_SAME_KLC,https://docs.google.com/spreadsheets/d/13rdpmsI5n0dnsb33u4YHGwI8VrWtCeLDWDELO_hC7Qs
866,往,"JOURNEY, PROCEED",KLC_00866,2,RAD_00060,彳,"linger, stop, go",RAD,,PRIMITIVE_OR_NONKLC,https://docs.google.com/spreadsheets/d/13rdpmsI5n0dnsb33u4YHGwI8VrWtCeLDWDELO_hC7Qs
867,柱,PILLAR,KLC_00867,1,KLC_00365,主,"MAIN, LORD, MASTER",KLC,365,EARLIER_OR_SAME_KLC,https://docs.google.com/spreadsheets/d/13rdpmsI5n0dnsb33u4YHGwI8VrWtCeLDWDELO_hC7Qs
867,柱,PILLAR,KLC_00867,2,RAD_00075,木,tree,RAD,,PRIMITIVE_OR_NONKLC,https://docs.google.com/spreadsheets/d/13rdpmsI5n0dnsb33u4YHGwI8VrWtCeLDWDELO_hC7Qs
868,征,CONQUER,KLC_00868,1,RAD_00060,彳,"linger, stop, go",RAD,,PRIMITIVE_OR_NONKLC,https://docs.google.com/spreadsheets/d/13rdpmsI5n0dnsb33u4YHGwI8VrWtCeLDWDELO_hC7Qs
868,征,CONQUER,KLC_00868,2,KLC_00043,正,"CORRECT, RIGHT",KLC,43,EARLIER_OR_SAME_KLC,https://docs.google.com/spreadsheets/d/13rdpmsI5n0dnsb33u4YHGwI8VrWtCeLDWDELO_hC7Qs
869,従,"FOLLOW, OBEY",KLC_00869,1,KLC_00868,征,CONQUER,KLC,868,EARLIER_OR_SAME_KLC,https://docs.google.com/spreadsheets/d/13rdpmsI5n0dnsb33u4YHGwI8VrWtCeLDWDELO_hC7Qs
870,徒,"FOLLOWER, PUPIL",KLC_00870,1,RAD_00060,彳,"linger, stop, go",RAD,,PRIMITIVE_OR_NONKLC,https://docs.google.com/spreadsheets/d/13rdpmsI5n0dnsb33u4YHGwI8VrWtCeLDWDELO_hC7Qs
870,徒,"FOLLOWER, PUPIL",KLC_00870,2,RAD_00156,走,run,RAD,,PRIMITIVE_OR_NONKLC,https://docs.google.com/spreadsheets/d/13rdpmsI5n0dnsb33u4YHGwI8VrWtCeLDWDELO_hC7Qs
871,縦,VERTICAL,KLC_00871,1,RAD_00120,糸,"thread, silk",RAD,,PRIMITIVE_OR_NONKLC,https://docs.google.com/spreadsheets/d/13rdpmsI5n0dnsb33u4YHGwI8VrWtCeLDWDELO_hC7Qs
871,縦,VERTICAL,KLC_00871,2,KLC_00869,従,"FOLLOW, OBEY",KLC,869,EARLIER_OR_SAME_KLC,https://docs.google.com/spreadsheets/d/13rdpmsI5n0dnsb33u4YHGwI8VrWtCeLDWDELO_hC7Qs
872,延,"EXTEND, POSTPONE",KLC_00872,1,RAD_00054,廴,"long stride, stretch",RAD,,PRIMITIVE_OR_NONKLC,https://docs.google.com/spreadsheets/d/13rdpmsI5n0dnsb33u4YHGwI8VrWtCeLDWDELO_hC7Qs
872,延,"EXTEND, POSTPONE",KLC_00872,2,KLC_00043,正,"CORRECT, RIGHT",KLC,43,EARLIER_OR_SAME_KLC,https://docs.google.com/spreadsheets/d/13rdpmsI5n0dnsb33u4YHGwI8VrWtCeLDWDELO_hC7Qs
873,伸,"STRETCH, GROW",KLC_00873,1,RAD_00009,人,"person, *roof*",RAD,,PRIMITIVE_OR_NONKLC,https://docs.google.com/spreadsheets/d/13rdpmsI5n0dnsb33u4YHGwI8VrWtCeLDWDELO_hC7Qs
873,伸,"STRETCH, GROW",KLC_00873,2,KLC_00315,申,"REPORT, SPEAK HUMBLY, SIGN OF THE MONKEY",KLC,315,EARLIER_OR_SAME_KLC,https://docs.google.com/spreadsheets/d/13rdpmsI5n0dnsb33u4YHGwI8VrWtCeLDWDELO_hC7Qs
874,紳,GENTLEMAN,KLC_00874,1,RAD_00120,糸,"thread, silk",RAD,,PRIMITIVE_OR_NONKLC,https://docs.google.com/spreadsheets/d/13rdpmsI5n0dnsb33u4YHGwI8VrWtCeLDWDELO_hC7Qs
875,縮,SHRINK,KLC_00875,1,RAD_00120,糸,"thread, silk",RAD,,PRIMITIVE_OR_NONKLC,https://docs.google.com/spreadsheets/d/13rdpmsI5n0dnsb33u4YHGwI8VrWtCeLDWDELO_hC7Qs
875,縮,SHRINK,KLC_00875,2,KLC_00292,宿,LODGE,KLC,292,EARLIER_OR_SAME_KLC,https://docs.google.com/spreadsheets/d/13rdpmsI5n0dnsb33u4YHGwI8VrWtCeLDWDELO_hC7Qs
876,誕,BE BORN,KLC_00876,1,RAD_00149,言,"speech, word, say",RAD,,PRIMITIVE_OR_NONKLC,https://docs.google.com/spreadsheets/d/13rdpmsI5n0dnsb33u4YHGwI8VrWtCeLDWDELO_hC7Qs
876,誕,BE BORN,KLC_00876,2,KLC_00872,延,"EXTEND, POSTPONE",KLC,872,EARLIER_OR_SAME_KLC,https://docs.google.com/spreadsheets/d/13rdpmsI5n0dnsb33u4YHGwI8VrWtCeLDWDELO_hC7Qs
877,廷,COURT [imperial],KLC_00877,1,RAD_00054,廴,"long stride, stretch",RAD,,PRIMITIVE_OR_NONKLC,https://docs.google.com/spreadsheets/d/13rdpmsI5n0dnsb33u4YHGwI8VrWtCeLDWDELO_hC7Qs
877,廷,COURT [imperial],KLC_00877,2,KLC_00072,王,KING,KLC,72,EARLIER_OR_SAME_KLC,https://docs.google.com/spreadsheets/d/13rdpmsI5n0dnsb33u4YHGwI8VrWtCeLDWDELO_hC7Qs
878,庭,"COURTYARD, GARDEN",KLC_00878,1,KLC_00877,廷,COURT [imperial],KLC,877,EARLIER_OR_SAME_KLC,https://docs.google.com/spreadsheets/d/13rdpmsI5n0dnsb33u4YHGwI8VrWtCeLDWDELO_hC7Qs
879,艇,SMALL BOAT [dinghy],KLC_00879,1,RAD_00137,舟,boat,RAD,,PRIMITIVE_OR_NONKLC,https://docs.google.com/spreadsheets/d/13rdpmsI5n0dnsb33u4YHGwI8VrWtCeLDWDELO_hC7Qs
879,艇,SMALL BOAT [dinghy],KLC_00879,2,KLC_00877,廷,COURT [imperial],KLC,877,EARLIER_OR_SAME_KLC,https://docs.google.com/spreadsheets/d/13rdpmsI5n0dnsb33u4YHGwI8VrWtCeLDWDELO_hC7Qs
880,展,"UNFOLD, DEVELOP",KLC_00880,1,RAD_00063,戸,door,RAD,,PRIMITIVE_OR_NONKLC,https://docs.google.com/spreadsheets/d/13rdpmsI5n0dnsb33u4YHGwI8VrWtCeLDWDELO_hC7Qs
880,展,"UNFOLD, DEVELOP",KLC_00880,2,RAD_00145,衣,"clothes, garment",RAD,,PRIMITIVE_OR_NONKLC,https://docs.google.com/spreadsheets/d/13rdpmsI5n0dnsb33u4YHGwI8VrWtCeLDWDELO_hC7Qs
880,展,"UNFOLD, DEVELOP",KLC_00880,3,KLC_00356,共,"JOINT, TOGETHER",KLC,356,EARLIER_OR_SAME_KLC,https://docs.google.com/spreadsheets/d/13rdpmsI5n0dnsb33u4YHGwI8VrWtCeLDWDELO_hC7Qs
881,殿,"PALACE, FORMAL HONORIFIC TITLE",KLC_00881,1,RAD_00063,戸,door,RAD,,PRIMITIVE_OR_NONKLC,https://docs.google.com/spreadsheets/d/13rdpmsI5n0dnsb33u4YHGwI8VrWtCeLDWDELO_hC7Qs
881,殿,"PALACE, FORMAL HONORIFIC TITLE",KLC_00881,2,KLC_00356,共,"JOINT, TOGETHER",KLC,356,EARLIER_OR_SAME_KLC,https://docs.google.com/spreadsheets/d/13rdpmsI5n0dnsb33u4YHGwI8VrWtCeLDWDELO_hC7Qs
881,殿,"PALACE, FORMAL HONORIFIC TITLE",KLC_00881,3,RAD_00079,殳,weapon,RAD,,PRIMITIVE_OR_NONKLC,https://docs.google.com/spreadsheets/d/13rdpmsI5n0dnsb33u4YHGwI8VrWtCeLDWDELO_hC7Qs
882,異,DIFFERENT,KLC_00882,1,RAD_00102,田,"rice field, *head*",RAD,,PRIMITIVE_OR_NONKLC,https://docs.google.com/spreadsheets/d/13rdpmsI5n0dnsb33u4YHGwI8VrWtCeLDWDELO_hC7Qs
882,異,DIFFERENT,KLC_00882,2,KLC_00356,共,"JOINT, TOGETHER",KLC,356,EARLIER_OR_SAME_KLC,https://docs.google.com/spreadsheets/d/13rdpmsI5n0dnsb33u4YHGwI8VrWtCeLDWDELO_hC7Qs
883,翼,WING,KLC_00883,1,KLC_00882,異,DIFFERENT,KLC,882,EARLIER_OR_SAME_KLC,https://docs.google.com/spreadsheets/d/13rdpmsI5n0dnsb33u4YHGwI8VrWtCeLDWDELO_hC7Qs
883,翼,WING,KLC_00883,2,RAD_00124,羽,"feather, wing",RAD,,PRIMITIVE_OR_NONKLC,https://docs.google.com/spreadsheets/d/13rdpmsI5n0dnsb33u4YHGwI8VrWtCeLDWDELO_hC7Qs
884,累,"ACCUMULATE, ENCUMBER",KLC_00884,1,RAD_00102,田,"rice field, *head*",RAD,,PRIMITIVE_OR_NONKLC,https://docs.google.com/spreadsheets/d/13rdpmsI5n0dnsb33u4YHGwI8VrWtCeLDWDELO_hC7Qs
884,累,"ACCUMULATE, ENCUMBER",KLC_00884,2,RAD_00120,糸,"thread, silk",RAD,,PRIMITIVE_OR_NONKLC,https://docs.google.com/spreadsheets/d/13rdpmsI5n0dnsb33u4YHGwI8VrWtCeLDWDELO_hC7Qs
885,塁,"BASE, SMALL FORT",KLC_00885,1,RAD_00032,土,"soil, earth",RAD,,PRIMITIVE_OR_NONKLC,https://docs.google.com/spreadsheets/d/13rdpmsI5n0dnsb33u4YHGwI8VrWtCeLDWDELO_hC7Qs
887,使,"USE, ENVOY",KLC_00887,1,RAD_00009,人,"person, *roof*",RAD,,PRIMITIVE_OR_NONKLC,https://docs.google.com/spreadsheets/d/13rdpmsI5n0dnsb33u4YHGwI8VrWtCeLDWDELO_hC7Qs
887,使,"USE, ENVOY",KLC_00887,2,KLC_00886,吏,"OFFICIAL, OFFICER",KLC,886,EARLIER_OR_SAME_KLC,https://docs.google.com/spreadsheets/d/13rdpmsI5n0dnsb33u4YHGwI8VrWtCeLDWDELO_hC7Qs
888,史,HISTORY,KLC_00888,1,KLC_00035,中,"MIDDLE, IN, CHINA",KLC,35,EARLIER_OR_SAME_KLC,https://docs.google.com/spreadsheets/d/13rdpmsI5n0dnsb33u4YHGwI8VrWtCeLDWDELO_hC7Qs
889,更,"RENEW, FURTHERMORE, GROW LATE",KLC_00889,1,RAD_00102,田,"rice field, *head*",RAD,,PRIMITIVE_OR_NONKLC,https://docs.google.com/spreadsheets/d/13rdpmsI5n0dnsb33u4YHGwI8VrWtCeLDWDELO_hC7Qs
889,更,"RENEW, FURTHERMORE, GROW LATE",KLC_00889,2,KLC_00888,史,HISTORY,KLC,888,EARLIER_OR_SAME_KLC,https://docs.google.com/spreadsheets/d/13rdpmsI5n0dnsb33u4YHGwI8VrWtCeLDWDELO_hC7Qs
890,便,"CONVENIENT, POSTAL DELIVERY",KLC_00890,1,RAD_00009,人,"person, *roof*",RAD,,PRIMITIVE_OR_NONKLC,https://docs.google.com/spreadsheets/d/13rdpmsI5n0dnsb33u4YHGwI8VrWtCeLDWDELO_hC7Qs
890,便,"CONVENIENT, POSTAL DELIVERY",KLC_00890,2,KLC_00889,更,"RENEW, FURTHERMORE, GROW LATE",KLC,889,EARLIER_OR_SAME_KLC,https://docs.google.com/spreadsheets/d/13rdpmsI5n0dnsb33u4YHGwI8VrWtCeLDWDELO_hC7Qs
891,硬,HARD,KLC_00891,1,RAD_00112,石,"stone, rock",RAD,,PRIMITIVE_OR_NONKLC,https://docs.google.com/spreadsheets/d/13rdpmsI5n0dnsb33u4YHGwI8VrWtCeLDWDELO_hC7Qs
891,硬,HARD,KLC_00891,2,KLC_00889,更,"RENEW, FURTHERMORE, GROW LATE",KLC,889,EARLIER_OR_SAME_KLC,https://docs.google.com/spreadsheets/d/13rdpmsI5n0dnsb33u4YHGwI8VrWtCeLDWDELO_hC7Qs
892,能,"ABILITY, CAPACITY",KLC_00892,1,RAD_00021,匕,"spoon, *seated person*",RAD,,PRIMITIVE_OR_NONKLC,https://docs.google.com/spreadsheets/d/13rdpmsI5n0dnsb33u4YHGwI8VrWtCeLDWDELO_hC7Qs
893,態,"STATE [condition], POSTURE",KLC_00893,1,RAD_00061,心,"heart, mind, spirit",RAD,,PRIMITIVE_OR_NONKLC,https://docs.google.com/spreadsheets/d/13rdpmsI5n0dnsb33u4YHGwI8VrWtCeLDWDELO_hC7Qs
893,態,"STATE [condition], POSTURE",KLC_00893,2,KLC_00892,能,"ABILITY, CAPACITY",KLC,892,EARLIER_OR_SAME_KLC,https://docs.google.com/spreadsheets/d/13rdpmsI5n0dnsb33u4YHGwI8VrWtCeLDWDELO_hC7Qs
894,熊,BEAR [animal],KLC_00894,1,KLC_00892,能,"ABILITY, CAPACITY",KLC,892,EARLIER_OR_SAME_KLC,https://docs.google.com/spreadsheets/d/13rdpmsI5n0dnsb33u4YHGwI8VrWtCeLDWDELO_hC7Qs
894,熊,BEAR [animal],KLC_00894,2,RAD_00086,火,fire,RAD,,PRIMITIVE_OR_NONKLC,https://docs.google.com/spreadsheets/d/13rdpmsI5n0dnsb33u4YHGwI8VrWtCeLDWDELO_hC7Qs
895,罷,"STOP, DISCONTINUE",KLC_00895,1,KLC_00892,能,"ABILITY, CAPACITY",KLC,892,EARLIER_OR_SAME_KLC,https://docs.google.com/spreadsheets/d/13rdpmsI5n0dnsb33u4YHGwI8VrWtCeLDWDELO_hC7Qs
895,罷,"STOP, DISCONTINUE",KLC_00895,2,RAD_00122,网,"net, *law*",RAD,,PRIMITIVE_OR_NONKLC,https://docs.google.com/spreadsheets/d/13rdpmsI5n0dnsb33u4YHGwI8VrWtCeLDWDELO_hC7Qs
896,羅,"LINE UP, PHONETIC [RA]",KLC_00896,1,RAD_00172,隹,small bird,RAD,,PRIMITIVE_OR_NONKLC,https://docs.google.com/spreadsheets/d/13rdpmsI5n0dnsb33u4YHGwI8VrWtCeLDWDELO_hC7Qs
896,羅,"LINE UP, PHONETIC [RA]",KLC_00896,2,RAD_00120,糸,"thread, silk",RAD,,PRIMITIVE_OR_NONKLC,https://docs.google.com/spreadsheets/d/13rdpmsI5n0dnsb33u4YHGwI8VrWtCeLDWDELO_hC7Qs
896,羅,"LINE UP, PHONETIC [RA]",KLC_00896,3,RAD_00122,网,"net, *law*",RAD,,PRIMITIVE_OR_NONKLC,https://docs.google.com/spreadsheets/d/13rdpmsI5n0dnsb33u4YHGwI8VrWtCeLDWDELO_hC7Qs
897,雲,CLOUD,KLC_00897,1,RAD_00173,雨,rain,RAD,,PRIMITIVE_OR_NONKLC,https://docs.google.com/spreadsheets/d/13rdpmsI5n0dnsb33u4YHGwI8VrWtCeLDWDELO_hC7Qs
897,雲,CLOUD,KLC_00897,2,SUP_00005,云,cloud,SUP,,PRIMITIVE_OR_NONKLC,https://docs.google.com/spreadsheets/d/13rdpmsI5n0dnsb33u4YHGwI8VrWtCeLDWDELO_hC7Qs
898,曇,CLOUDY,KLC_00898,1,RAD_00072,日,"sun, day",RAD,,PRIMITIVE_OR_NONKLC,https://docs.google.com/spreadsheets/d/13rdpmsI5n0dnsb33u4YHGwI8VrWtCeLDWDELO_hC7Qs
898,曇,CLOUDY,KLC_00898,2,SUP_00005,云,cloud,SUP,,PRIMITIVE_OR_NONKLC,https://docs.google.com/spreadsheets/d/13rdpmsI5n0dnsb33u4YHGwI8VrWtCeLDWDELO_hC7Qs
899,雪,SNOW,KLC_00899,1,SUP_00024,ヨ,"nails, pierce",SUP,,PRIMITIVE_OR_NONKLC,https://docs.google.com/spreadsheets/d/13rdpmsI5n0dnsb33u4YHGwI8VrWtCeLDWDELO_hC7Qs
899,雪,SNOW,KLC_00899,2,RAD_00173,雨,rain,RAD,,PRIMITIVE_OR_NONKLC,https://docs.google.com/spreadsheets/d/13rdpmsI5n0dnsb33u4YHGwI8VrWtCeLDWDELO_hC7Qs
900,雷,THUNDER,KLC_00900,1,KLC_00155,電,ELECTRICITY,KLC,155,EARLIER_OR_SAME_KLC,https://docs.google.com/spreadsheets/d/13rdpmsI5n0dnsb33u4YHGwI8VrWtCeLDWDELO_hC7Qs
901,零,"ZERO, SPILL",KLC_00901,1,KLC_00229,令,COMMAND,KLC,229,EARLIER_OR_SAME_KLC,https://docs.google.com/spreadsheets/d/13rdpmsI5n0dnsb33u4YHGwI8VrWtCeLDWDELO_hC7Qs
901,零,"ZERO, SPILL",KLC_00901,2,RAD_00173,雨,rain,RAD,,PRIMITIVE_OR_NONKLC,https://docs.google.com/spreadsheets/d/13rdpmsI5n0dnsb33u4YHGwI8VrWtCeLDWDELO_hC7Qs
902,震,"QUAKE, SHAKE",KLC_00902,1,RAD_00161,辰,"morning, sign of the dragon",RAD,,PRIMITIVE_OR_NONKLC,https://docs.google.com/spreadsheets/d/13rdpmsI5n0dnsb33u4YHGwI8VrWtCeLDWDELO_hC7Qs
902,震,"QUAKE, SHAKE",KLC_00902,2,RAD_00173,雨,rain,RAD,,PRIMITIVE_OR_NONKLC,https://docs.google.com/spreadsheets/d/13rdpmsI5n0dnsb33u4YHGwI8VrWtCeLDWDELO_hC7Qs
903,振,"WAVE, SWING",KLC_00903,1,RAD_00161,辰,"morning, sign of the dragon",RAD,,PRIMITIVE_OR_NONKLC,https://docs.google.com/spreadsheets/d/13rdpmsI5n0dnsb33u4YHGwI8VrWtCeLDWDELO_hC7Qs
903,振,"WAVE, SWING",KLC_00903,2,RAD_00064,手,"hand, performer of action",RAD,,PRIMITIVE_OR_NONKLC,https://docs.google.com/spreadsheets/d/13rdpmsI5n0dnsb33u4YHGwI8VrWtCeLDWDELO_hC7Qs
905,賑,"FLOURISH, PROSPERITY",KLC_00905,1,RAD_00161,辰,"morning, sign of the dragon",RAD,,PRIMITIVE_OR_NONKLC,https://docs.google.com/spreadsheets/d/13rdpmsI5n0dnsb33u4YHGwI8VrWtCeLDWDELO_hC7Qs
905,賑,"FLOURISH, PROSPERITY",KLC_00905,2,RAD_00154,貝,"shellfish, money, wealth",RAD,,PRIMITIVE_OR_NONKLC,https://docs.google.com/spreadsheets/d/13rdpmsI5n0dnsb33u4YHGwI8VrWtCeLDWDELO_hC7Qs
906,丘,HILL,KLC_00906,1,RAD_00069,斤,"axe, kin [600 grams]",RAD,,PRIMITIVE_OR_NONKLC,https://docs.google.com/spreadsheets/d/13rdpmsI5n0dnsb33u4YHGwI8VrWtCeLDWDELO_hC7Qs
907,兵,SOLDIER,KLC_00907,1,KLC_00906,丘,HILL,KLC,906,EARLIER_OR_SAME_KLC,https://docs.google.com/spreadsheets/d/13rdpmsI5n0dnsb33u4YHGwI8VrWtCeLDWDELO_hC7Qs
908,岳,HIGH MOUNTAIN,KLC_00908,1,RAD_00046,山,mountain,RAD,,PRIMITIVE_OR_NONKLC,https://docs.google.com/spreadsheets/d/13rdpmsI5n0dnsb33u4YHGwI8VrWtCeLDWDELO_hC7Qs
908,岳,HIGH MOUNTAIN,KLC_00908,2,KLC_00906,丘,HILL,KLC,906,EARLIER_OR_SAME_KLC,https://docs.google.com/spreadsheets/d/13rdpmsI5n0dnsb33u4YHGwI8VrWtCeLDWDELO_hC7Qs
909,浜,BEACH,KLC_00909,1,KLC_00907,兵,SOLDIER,KLC,907,EARLIER_OR_SAME_KLC,https://docs.google.com/spreadsheets/d/13rdpmsI5n0dnsb33u4YHGwI8VrWtCeLDWDELO_hC7Qs
909,浜,BEACH,KLC_00909,2,RAD_00085,水,"water, *liquid*",RAD,,PRIMITIVE_OR_NONKLC,https://docs.google.com/spreadsheets/d/13rdpmsI5n0dnsb33u4YHGwI8VrWtCeLDWDELO_hC7Qs
910,舎,HUT,KLC_00910,1,RAD_00030,口,"mouth, *opening*",RAD,,PRIMITIVE_OR_NONKLC,https://docs.google.com/spreadsheets/d/13rdpmsI5n0dnsb33u4YHGwI8VrWtCeLDWDELO_hC7Qs
910,舎,HUT,KLC_00910,2,RAD_00032,土,"soil, earth",RAD,,PRIMITIVE_OR_NONKLC,https://docs.google.com/spreadsheets/d/13rdpmsI5n0dnsb33u4YHGwI8VrWtCeLDWDELO_hC7Qs
910,舎,HUT,KLC_00910,3,RAD_00009,人,"person, *roof*",RAD,,PRIMITIVE_OR_NONKLC,https://docs.google.com/spreadsheets/d/13rdpmsI5n0dnsb33u4YHGwI8VrWtCeLDWDELO_hC7Qs
911,再,"AGAIN, ANOTHER TIME",KLC_00911,1,RAD_00048,工,"construction, craft, work",RAD,,PRIMITIVE_OR_NONKLC,https://docs.google.com/spreadsheets/d/13rdpmsI5n0dnsb33u4YHGwI8VrWtCeLDWDELO_hC7Qs
911,再,"AGAIN, ANOTHER TIME",KLC_00911,2,RAD_00074,月,"moon, month, *flesh*, *body part*",RAD,,PRIMITIVE_OR_NONKLC,https://docs.google.com/spreadsheets/d/13rdpmsI5n0dnsb33u4YHGwI8VrWtCeLDWDELO_hC7Qs
912,虎,TIGER,KLC_00912,1,RAD_00141,虍,tiger,RAD,,PRIMITIVE_OR_NONKLC,https://docs.google.com/spreadsheets/d/13rdpmsI5n0dnsb33u4YHGwI8VrWtCeLDWDELO_hC7Qs
912,虎,TIGER,KLC_00912,2,RAD_00010,儿,"son, legs",RAD,,PRIMITIVE_OR_NONKLC,https://docs.google.com/spreadsheets/d/13rdpmsI5n0dnsb33u4YHGwI8VrWtCeLDWDELO_hC7Qs
913,寅,SIGN OF THE TIGER,KLC_00913,1,RAD_00040,宀,roof,RAD,,PRIMITIVE_OR_NONKLC,https://docs.google.com/spreadsheets/d/13rdpmsI5n0dnsb33u4YHGwI8VrWtCeLDWDELO_hC7Qs
914,演,PERFORM,KLC_00914,1,KLC_00913,寅,SIGN OF THE TIGER,KLC,913,EARLIER_OR_SAME_KLC,https://docs.google.com/spreadsheets/d/13rdpmsI5n0dnsb33u4YHGwI8VrWtCeLDWDELO_hC7Qs
914,演,PERFORM,KLC_00914,2,RAD_00085,水,"water, *liquid*",RAD,,PRIMITIVE_OR_NONKLC,https://docs.google.com/spreadsheets/d/13rdpmsI5n0dnsb33u4YHGwI8VrWtCeLDWDELO_hC7Qs
915,黄,yellow,RAD_00201,1,RAD_00102,田,"rice field, *head*",RAD,,PRIMITIVE_OR_NONKLC,https://docs.google.com/spreadsheets/d/13rdpmsI5n0dnsb33u4YHGwI8VrWtCeLDWDELO_hC7Qs
916,横,"SIDEWAYS, ARBITRARY",KLC_00916,1,RAD_00075,木,tree,RAD,,PRIMITIVE_OR_NONKLC,https://docs.google.com/spreadsheets/d/13rdpmsI5n0dnsb33u4YHGwI8VrWtCeLDWDELO_hC7Qs
916,横,"SIDEWAYS, ARBITRARY",KLC_00916,2,RAD_00201,黄,yellow,RAD,,PRIMITIVE_OR_NONKLC,https://docs.google.com/spreadsheets/d/13rdpmsI5n0dnsb33u4YHGwI8VrWtCeLDWDELO_hC7Qs
917,構,"MIND, BUILD, APPEARANCE",KLC_00917,1,SUP_00026,冓,multilevel structure,SUP,,PRIMITIVE_OR_NONKLC,https://docs.google.com/spreadsheets/d/13rdpmsI5n0dnsb33u4YHGwI8VrWtCeLDWDELO_hC7Qs
917,構,"MIND, BUILD, APPEARANCE",KLC_00917,2,RAD_00075,木,tree,RAD,,PRIMITIVE_OR_NONKLC,https://docs.google.com/spreadsheets/d/13rdpmsI5n0dnsb33u4YHGwI8VrWtCeLDWDELO_hC7Qs
918,講,LECTURE,KLC_00918,1,SUP_00026,冓,multilevel structure,SUP,,PRIMITIVE_OR_NONKLC,https://docs.google.com/spreadsheets/d/13rdpmsI5n0dnsb33u4YHGwI8VrWtCeLDWDELO_hC7Qs
918,講,LECTURE,KLC_00918,2,RAD_00149,言,"speech, word, say",RAD,,PRIMITIVE_OR_NONKLC,https://docs.google.com/spreadsheets/d/13rdpmsI5n0dnsb33u4YHGwI8VrWtCeLDWDELO_hC7Qs
919,購,PURCHASE,KLC_00919,1,SUP_00026,冓,multilevel structure,SUP,,PRIMITIVE_OR_NONKLC,https://docs.google.com/spreadsheets/d/13rdpmsI5n0dnsb33u4YHGwI8VrWtCeLDWDELO_hC7Qs
919,購,PURCHASE,KLC_00919,2,RAD_00154,貝,"shellfish, money, wealth",RAD,,PRIMITIVE_OR_NONKLC,https://docs.google.com/spreadsheets/d/13rdpmsI5n0dnsb33u4YHGwI8VrWtCeLDWDELO_hC7Qs
920,溝,"SEWER, DITCH",KLC_00920,1,SUP_00026,冓,multilevel structure,SUP,,PRIMITIVE_OR_NONKLC,https://docs.google.com/spreadsheets/d/13rdpmsI5n0dnsb33u4YHGwI8VrWtCeLDWDELO_hC7Qs
920,溝,"SEWER, DITCH",KLC_00920,2,RAD_00085,水,"water, *liquid*",RAD,,PRIMITIVE_OR_NONKLC,https://docs.google.com/spreadsheets/d/13rdpmsI5n0dnsb33u4YHGwI8VrWtCeLDWDELO_hC7Qs
921,仮,"TEMPORARY, FAKE",KLC_00921,1,RAD_00009,人,"person, *roof*",RAD,,PRIMITIVE_OR_NONKLC,https://docs.google.com/spreadsheets/d/13rdpmsI5n0dnsb33u4YHGwI8VrWtCeLDWDELO_hC7Qs
921,仮,"TEMPORARY, FAKE",KLC_00921,2,KLC_00374,反,"COUNTER, ANTI",KLC,374,EARLIER_OR_SAME_KLC,https://docs.google.com/spreadsheets/d/13rdpmsI5n0dnsb33u4YHGwI8VrWtCeLDWDELO_hC7Qs
923,版,"PRINTING [PLATE], PUBLISHING",KLC_00923,1,KLC_00374,反,"COUNTER, ANTI",KLC,374,EARLIER_OR_SAME_KLC,https://docs.google.com/spreadsheets/d/13rdpmsI5n0dnsb33u4YHGwI8VrWtCeLDWDELO_hC7Qs
923,版,"PRINTING [PLATE], PUBLISHING",KLC_00923,2,RAD_00091,片,"slice, fragment, *wooden tablet*",RAD,,PRIMITIVE_OR_NONKLC,https://docs.google.com/spreadsheets/d/13rdpmsI5n0dnsb33u4YHGwI8VrWtCeLDWDELO_hC7Qs
924,板,"BOARD, PLATE",KLC_00924,1,RAD_00075,木,tree,RAD,,PRIMITIVE_OR_NONKLC,https://docs.google.com/spreadsheets/d/13rdpmsI5n0dnsb33u4YHGwI8VrWtCeLDWDELO_hC7Qs
924,板,"BOARD, PLATE",KLC_00924,2,KLC_00374,反,"COUNTER, ANTI",KLC,374,EARLIER_OR_SAME_KLC,https://docs.google.com/spreadsheets/d/13rdpmsI5n0dnsb33u4YHGwI8VrWtCeLDWDELO_hC7Qs
925,販,"SELL, TRADE",KLC_00925,1,RAD_00154,貝,"shellfish, money, wealth",RAD,,PRIMITIVE_OR_NONKLC,https://docs.google.com/spreadsheets/d/13rdpmsI5n0dnsb33u4YHGwI8VrWtCeLDWDELO_hC7Qs
925,販,"SELL, TRADE",KLC_00925,2,KLC_00374,反,"COUNTER, ANTI",KLC,374,EARLIER_OR_SAME_KLC,https://docs.google.com/spreadsheets/d/13rdpmsI5n0dnsb33u4YHGwI8VrWtCeLDWDELO_hC7Qs
926,義,"RIGHTEOUSNESS, MEANING, SUBSTITUTE",KLC_00926,1,KLC_00221,我,SELF,KLC,221,EARLIER_OR_SAME_KLC,https://docs.google.com/spreadsheets/d/13rdpmsI5n0dnsb33u4YHGwI8VrWtCeLDWDELO_hC7Qs
926,義,"RIGHTEOUSNESS, MEANING, SUBSTITUTE",KLC_00926,2,RAD_00123,羊,sheep,RAD,,PRIMITIVE_OR_NONKLC,https://docs.google.com/spreadsheets/d/13rdpmsI5n0dnsb33u4YHGwI8VrWtCeLDWDELO_hC7Qs
927,議,"DISCUSS, DEBATE, LEGISLATIVE BODY",KLC_00927,1,RAD_00149,言,"speech, word, say",RAD,,PRIMITIVE_OR_NONKLC,https://docs.google.com/spreadsheets/d/13rdpmsI5n0dnsb33u4YHGwI8VrWtCeLDWDELO_hC7Qs
927,議,"DISCUSS, DEBATE, LEGISLATIVE BODY",KLC_00927,2,KLC_00926,義,"RIGHTEOUSNESS, MEANING, SUBSTITUTE",KLC,926,EARLIER_OR_SAME_KLC,https://docs.google.com/spreadsheets/d/13rdpmsI5n0dnsb33u4YHGwI8VrWtCeLDWDELO_hC7Qs
928,儀,"CEREMONY, RITE",KLC_00928,1,RAD_00009,人,"person, *roof*",RAD,,PRIMITIVE_OR_NONKLC,https://docs.google.com/spreadsheets/d/13rdpmsI5n0dnsb33u4YHGwI8VrWtCeLDWDELO_hC7Qs
928,儀,"CEREMONY, RITE",KLC_00928,2,KLC_00926,義,"RIGHTEOUSNESS, MEANING, SUBSTITUTE",KLC,926,EARLIER_OR_SAME_KLC,https://docs.google.com/spreadsheets/d/13rdpmsI5n0dnsb33u4YHGwI8VrWtCeLDWDELO_hC7Qs
929,犠,SACRIFICE,KLC_00929,1,RAD_00093,牛,"cow, cattle",RAD,,PRIMITIVE_OR_NONKLC,https://docs.google.com/spreadsheets/d/13rdpmsI5n0dnsb33u4YHGwI8VrWtCeLDWDELO_hC7Qs
929,犠,SACRIFICE,KLC_00929,2,KLC_00926,義,"RIGHTEOUSNESS, MEANING, SUBSTITUTE",KLC,926,EARLIER_OR_SAME_KLC,https://docs.google.com/spreadsheets/d/13rdpmsI5n0dnsb33u4YHGwI8VrWtCeLDWDELO_hC7Qs
930,牲,SACRIFICE [of animal],KLC_00930,1,RAD_00093,牛,"cow, cattle",RAD,,PRIMITIVE_OR_NONKLC,https://docs.google.com/spreadsheets/d/13rdpmsI5n0dnsb33u4YHGwI8VrWtCeLDWDELO_hC7Qs
930,牲,SACRIFICE [of animal],KLC_00930,2,RAD_00100,生,"life, student, *growing plant*",RAD,,PRIMITIVE_OR_NONKLC,https://docs.google.com/spreadsheets/d/13rdpmsI5n0dnsb33u4YHGwI8VrWtCeLDWDELO_hC7Qs
931,旨,"DELICIOUS, POINT [gist]",KLC_00931,1,RAD_00021,匕,"spoon, *seated person*",RAD,,PRIMITIVE_OR_NONKLC,https://docs.google.com/spreadsheets/d/13rdpmsI5n0dnsb33u4YHGwI8VrWtCeLDWDELO_hC7Qs
931,旨,"DELICIOUS, POINT [gist]",KLC_00931,2,RAD_00072,日,"sun, day",RAD,,PRIMITIVE_OR_NONKLC,https://docs.google.com/spreadsheets/d/13rdpmsI5n0dnsb33u4YHGwI8VrWtCeLDWDELO_hC7Qs
932,指,"FINGER, POINT [out]",KLC_00932,1,KLC_00931,旨,"DELICIOUS, POINT [gist]",KLC,931,EARLIER_OR_SAME_KLC,https://docs.google.com/spreadsheets/d/13rdpmsI5n0dnsb33u4YHGwI8VrWtCeLDWDELO_hC7Qs
932,指,"FINGER, POINT [out]",KLC_00932,2,RAD_00064,手,"hand, performer of action",RAD,,PRIMITIVE_OR_NONKLC,https://docs.google.com/spreadsheets/d/13rdpmsI5n0dnsb33u4YHGwI8VrWtCeLDWDELO_hC7Qs
933,揮,"BRANDISH, WAVE",KLC_00933,1,RAD_00064,手,"hand, performer of action",RAD,,PRIMITIVE_OR_NONKLC,https://docs.google.com/spreadsheets/d/13rdpmsI5n0dnsb33u4YHGwI8VrWtCeLDWDELO_hC7Qs
933,揮,"BRANDISH, WAVE",KLC_00933,2,KLC_00583,軍,"ARMY, MILITARY",KLC,583,EARLIER_OR_SAME_KLC,https://docs.google.com/spreadsheets/d/13rdpmsI5n0dnsb33u4YHGwI8VrWtCeLDWDELO_hC7Qs
934,輝,"RADIANCE, SHINE",KLC_00934,1,KLC_00583,軍,"ARMY, MILITARY",KLC,583,EARLIER_OR_SAME_KLC,https://docs.google.com/spreadsheets/d/13rdpmsI5n0dnsb33u4YHGwI8VrWtCeLDWDELO_hC7Qs
934,輝,"RADIANCE, SHINE",KLC_00934,2,KLC_00137,光,"LIGHT, GLOW",KLC,137,EARLIER_OR_SAME_KLC,https://docs.google.com/spreadsheets/d/13rdpmsI5n0dnsb33u4YHGwI8VrWtCeLDWDELO_hC7Qs
935,刺,"PIERCE, STAB",KLC_00935,1,RAD_00018,刀,"knife, sword, *cut*",RAD,,PRIMITIVE_OR_NONKLC,https://docs.google.com/spreadsheets/d/13rdpmsI5n0dnsb33u4YHGwI8VrWtCeLDWDELO_hC7Qs
936,策,"SCHEME, MEASURE, PLAN",KLC_00936,1,KLC_00935,刺,"PIERCE, STAB",KLC,935,EARLIER_OR_SAME_KLC,https://docs.google.com/spreadsheets/d/13rdpmsI5n0dnsb33u4YHGwI8VrWtCeLDWDELO_hC7Qs
936,策,"SCHEME, MEASURE, PLAN",KLC_00936,2,RAD_00118,竹,"bamboo, counting",RAD,,PRIMITIVE_OR_NONKLC,https://docs.google.com/spreadsheets/d/13rdpmsI5n0dnsb33u4YHGwI8VrWtCeLDWDELO_hC7Qs
937,差,"DISTINCTION, DIFFERENCE",KLC_00937,1,RAD_00123,羊,sheep,RAD,,PRIMITIVE_OR_NONKLC,https://docs.google.com/spreadsheets/d/13rdpmsI5n0dnsb33u4YHGwI8VrWtCeLDWDELO_hC7Qs
937,差,"DISTINCTION, DIFFERENCE",KLC_00937,2,KLC_00401,左,LEFT,KLC,401,EARLIER_OR_SAME_KLC,https://docs.google.com/spreadsheets/d/13rdpmsI5n0dnsb33u4YHGwI8VrWtCeLDWDELO_hC7Qs
938,着,"PUT ON [clothes], ARRIVE",KLC_00938,1,RAD_00123,羊,sheep,RAD,,PRIMITIVE_OR_NONKLC,https://docs.google.com/spreadsheets/d/13rdpmsI5n0dnsb33u4YHGwI8VrWtCeLDWDELO_hC7Qs
938,着,"PUT ON [clothes], ARRIVE",KLC_00938,2,RAD_00109,目,eye,RAD,,PRIMITIVE_OR_NONKLC,https://docs.google.com/spreadsheets/d/13rdpmsI5n0dnsb33u4YHGwI8VrWtCeLDWDELO_hC7Qs
939,看,OBSERVE,KLC_00939,1,RAD_00064,手,"hand, performer of action",RAD,,PRIMITIVE_OR_NONKLC,https://docs.google.com/spreadsheets/d/13rdpmsI5n0dnsb33u4YHGwI8VrWtCeLDWDELO_hC7Qs
939,看,OBSERVE,KLC_00939,2,RAD_00109,目,eye,RAD,,PRIMITIVE_OR_NONKLC,https://docs.google.com/spreadsheets/d/13rdpmsI5n0dnsb33u4YHGwI8VrWtCeLDWDELO_hC7Qs
940,到,ARRIVE,KLC_00940,1,RAD_00018,刀,"knife, sword, *cut*",RAD,,PRIMITIVE_OR_NONKLC,https://docs.google.com/spreadsheets/d/13rdpmsI5n0dnsb33u4YHGwI8VrWtCeLDWDELO_hC7Qs
940,到,ARRIVE,KLC_00940,2,RAD_00133,至,"arrive, utmost",RAD,,PRIMITIVE_OR_NONKLC,https://docs.google.com/spreadsheets/d/13rdpmsI5n0dnsb33u4YHGwI8VrWtCeLDWDELO_hC7Qs
941,倒,TOPPLE,KLC_00941,1,RAD_00009,人,"person, *roof*",RAD,,PRIMITIVE_OR_NONKLC,https://docs.google.com/spreadsheets/d/13rdpmsI5n0dnsb33u4YHGwI8VrWtCeLDWDELO_hC7Qs
941,倒,TOPPLE,KLC_00941,2,KLC_00940,到,ARRIVE,KLC,940,EARLIER_OR_SAME_KLC,https://docs.google.com/spreadsheets/d/13rdpmsI5n0dnsb33u4YHGwI8VrWtCeLDWDELO_hC7Qs
942,論,"ARGUE, THEORY",KLC_00942,1,RAD_00149,言,"speech, word, say",RAD,,PRIMITIVE_OR_NONKLC,https://docs.google.com/spreadsheets/d/13rdpmsI5n0dnsb33u4YHGwI8VrWtCeLDWDELO_hC7Qs
942,論,"ARGUE, THEORY",KLC_00942,2,SUP_00027,侖,library,SUP,,PRIMITIVE_OR_NONKLC,https://docs.google.com/spreadsheets/d/13rdpmsI5n0dnsb33u4YHGwI8VrWtCeLDWDELO_hC7Qs
943,倫,MORALS,KLC_00943,1,RAD_00009,人,"person, *roof*",RAD,,PRIMITIVE_OR_NONKLC,https://docs.google.com/spreadsheets/d/13rdpmsI5n0dnsb33u4YHGwI8VrWtCeLDWDELO_hC7Qs
943,倫,MORALS,KLC_00943,2,SUP_00027,侖,library,SUP,,PRIMITIVE_OR_NONKLC,https://docs.google.com/spreadsheets/d/13rdpmsI5n0dnsb33u4YHGwI8VrWtCeLDWDELO_hC7Qs
944,輪,"WHEEL, RING",KLC_00944,1,SUP_00027,侖,library,SUP,,PRIMITIVE_OR_NONKLC,https://docs.google.com/spreadsheets/d/13rdpmsI5n0dnsb33u4YHGwI8VrWtCeLDWDELO_hC7Qs
944,輪,"WHEEL, RING",KLC_00944,2,RAD_00159,車,"car, cart",RAD,,PRIMITIVE_OR_NONKLC,https://docs.google.com/spreadsheets/d/13rdpmsI5n0dnsb33u4YHGwI8VrWtCeLDWDELO_hC7Qs
945,輸,TRANSPORT,KLC_00945,1,RAD_00159,車,"car, cart",RAD,,PRIMITIVE_OR_NONKLC,https://docs.google.com/spreadsheets/d/13rdpmsI5n0dnsb33u4YHGwI8VrWtCeLDWDELO_hC7Qs
945,輸,TRANSPORT,KLC_00945,2,SUP_00028,俞,"butcher shop, sliced meat",SUP,,PRIMITIVE_OR_NONKLC,https://docs.google.com/spreadsheets/d/13rdpmsI5n0dnsb33u4YHGwI8VrWtCeLDWDELO_hC7Qs
946,諭,"ADMONISH, INSTRUCT",KLC_00946,1,RAD_00149,言,"speech, word, say",RAD,,PRIMITIVE_OR_NONKLC,https://docs.google.com/spreadsheets/d/13rdpmsI5n0dnsb33u4YHGwI8VrWtCeLDWDELO_hC7Qs
946,諭,"ADMONISH, INSTRUCT",KLC_00946,2,SUP_00028,俞,"butcher shop, sliced meat",SUP,,PRIMITIVE_OR_NONKLC,https://docs.google.com/spreadsheets/d/13rdpmsI5n0dnsb33u4YHGwI8VrWtCeLDWDELO_hC7Qs
947,愉,PLEASED,KLC_00947,1,RAD_00061,心,"heart, mind, spirit",RAD,,PRIMITIVE_OR_NONKLC,https://docs.google.com/spreadsheets/d/13rdpmsI5n0dnsb33u4YHGwI8VrWtCeLDWDELO_hC7Qs
947,愉,PLEASED,KLC_00947,2,SUP_00028,俞,"butcher shop, sliced meat",SUP,,PRIMITIVE_OR_NONKLC,https://docs.google.com/spreadsheets/d/13rdpmsI5n0dnsb33u4YHGwI8VrWtCeLDWDELO_hC7Qs
948,癒,HEAL,KLC_00948,1,RAD_00104,疒,"sickness, illness",RAD,,PRIMITIVE_OR_NONKLC,https://docs.google.com/spreadsheets/d/13rdpmsI5n0dnsb33u4YHGwI8VrWtCeLDWDELO_hC7Qs
948,癒,HEAL,KLC_00948,2,SUP_00028,俞,"butcher shop, sliced meat",SUP,,PRIMITIVE_OR_NONKLC,https://docs.google.com/spreadsheets/d/13rdpmsI5n0dnsb33u4YHGwI8VrWtCeLDWDELO_hC7Qs
948,癒,HEAL,KLC_00948,3,RAD_00061,心,"heart, mind, spirit",RAD,,PRIMITIVE_OR_NONKLC,https://docs.google.com/spreadsheets/d/13rdpmsI5n0dnsb33u4YHGwI8VrWtCeLDWDELO_hC7Qs
950,治,"GOVERN, CURE",KLC_00950,1,KLC_00949,台,"PLATFORM, VEHICLES COUNTER, TAIWAN",KLC,949,EARLIER_OR_SAME_KLC,https://docs.google.com/spreadsheets/d/13rdpmsI5n0dnsb33u4YHGwI8VrWtCeLDWDELO_hC7Qs
950,治,"GOVERN, CURE",KLC_00950,2,RAD_00085,水,"water, *liquid*",RAD,,PRIMITIVE_OR_NONKLC,https://docs.google.com/spreadsheets/d/13rdpmsI5n0dnsb33u4YHGwI8VrWtCeLDWDELO_hC7Qs
951,冶,"MELTING, SMELTING",KLC_00951,1,RAD_00015,冫,ice,RAD,,PRIMITIVE_OR_NONKLC,https://docs.google.com/spreadsheets/d/13rdpmsI5n0dnsb33u4YHGwI8VrWtCeLDWDELO_hC7Qs
951,冶,"MELTING, SMELTING",KLC_00951,2,KLC_00949,台,"PLATFORM, VEHICLES COUNTER, TAIWAN",KLC,949,EARLIER_OR_SAME_KLC,https://docs.google.com/spreadsheets/d/13rdpmsI5n0dnsb33u4YHGwI8VrWtCeLDWDELO_hC7Qs
952,療,"TREAT, MEDICATE",KLC_00952,1,SUP_00025,尞,big pleasure,SUP,,PRIMITIVE_OR_NONKLC,https://docs.google.com/spreadsheets/d/13rdpmsI5n0dnsb33u4YHGwI8VrWtCeLDWDELO_hC7Qs
952,療,"TREAT, MEDICATE",KLC_00952,2,RAD_00104,疒,"sickness, illness",RAD,,PRIMITIVE_OR_NONKLC,https://docs.google.com/spreadsheets/d/13rdpmsI5n0dnsb33u4YHGwI8VrWtCeLDWDELO_hC7Qs
953,僚,COLLEAGUE,KLC_00953,1,RAD_00009,人,"person, *roof*",RAD,,PRIMITIVE_OR_NONKLC,https://docs.google.com/spreadsheets/d/13rdpmsI5n0dnsb33u4YHGwI8VrWtCeLDWDELO_hC7Qs
953,僚,COLLEAGUE,KLC_00953,2,SUP_00025,尞,big pleasure,SUP,,PRIMITIVE_OR_NONKLC,https://docs.google.com/spreadsheets/d/13rdpmsI5n0dnsb33u4YHGwI8VrWtCeLDWDELO_hC7Qs
954,瞭,CLEAR [obvious],KLC_00954,1,SUP_00025,尞,big pleasure,SUP,,PRIMITIVE_OR_NONKLC,https://docs.google.com/spreadsheets/d/13rdpmsI5n0dnsb33u4YHGwI8VrWtCeLDWDELO_hC7Qs
954,瞭,CLEAR [obvious],KLC_00954,2,RAD_00109,目,eye,RAD,,PRIMITIVE_OR_NONKLC,https://docs.google.com/spreadsheets/d/13rdpmsI5n0dnsb33u4YHGwI8VrWtCeLDWDELO_hC7Qs
955,寮,DORMITORY,KLC_00955,1,SUP_00025,尞,big pleasure,SUP,,PRIMITIVE_OR_NONKLC,https://docs.google.com/spreadsheets/d/13rdpmsI5n0dnsb33u4YHGwI8VrWtCeLDWDELO_hC7Qs
955,寮,DORMITORY,KLC_00955,2,RAD_00040,宀,roof,RAD,,PRIMITIVE_OR_NONKLC,https://docs.google.com/spreadsheets/d/13rdpmsI5n0dnsb33u4YHGwI8VrWtCeLDWDELO_hC7Qs
956,始,BEGIN,KLC_00956,1,RAD_00038,女,woman,RAD,,PRIMITIVE_OR_NONKLC,https://docs.google.com/spreadsheets/d/13rdpmsI5n0dnsb33u4YHGwI8VrWtCeLDWDELO_hC7Qs
956,始,BEGIN,KLC_00956,2,KLC_00949,台,"PLATFORM, VEHICLES COUNTER, TAIWAN",KLC,949,EARLIER_OR_SAME_KLC,https://docs.google.com/spreadsheets/d/13rdpmsI5n0dnsb33u4YHGwI8VrWtCeLDWDELO_hC7Qs
957,終,END,KLC_00957,1,RAD_00120,糸,"thread, silk",RAD,,PRIMITIVE_OR_NONKLC,https://docs.google.com/spreadsheets/d/13rdpmsI5n0dnsb33u4YHGwI8VrWtCeLDWDELO_hC7Qs
957,終,END,KLC_00957,2,RAD_00034,夂,"winter, go, *rooftop*, *crossed legs*",RAD,,PRIMITIVE_OR_NONKLC,https://docs.google.com/spreadsheets/d/13rdpmsI5n0dnsb33u4YHGwI8VrWtCeLDWDELO_hC7Qs
958,了,"FINISH, COMPREHEND",KLC_00958,1,RAD_00039,子,child,RAD,,PRIMITIVE_OR_NONKLC,https://docs.google.com/spreadsheets/d/13rdpmsI5n0dnsb33u4YHGwI8VrWtCeLDWDELO_hC7Qs
960,蒸,STEAM,KLC_00960,1,RAD_00085,水,"water, *liquid*",RAD,,PRIMITIVE_OR_NONKLC,https://docs.google.com/spreadsheets/d/13rdpmsI5n0dnsb33u4YHGwI8VrWtCeLDWDELO_hC7Qs
960,蒸,STEAM,KLC_00960,2,RAD_00086,火,fire,RAD,,PRIMITIVE_OR_NONKLC,https://docs.google.com/spreadsheets/d/13rdpmsI5n0dnsb33u4YHGwI8VrWtCeLDWDELO_hC7Qs
960,蒸,STEAM,KLC_00960,3,RAD_00140,艸,"grass, vegetation",RAD,,PRIMITIVE_OR_NONKLC,https://docs.google.com/spreadsheets/d/13rdpmsI5n0dnsb33u4YHGwI8VrWtCeLDWDELO_hC7Qs
961,舞,DANCE,KLC_00961,1,RAD_00136,舛,"oppose, dancing",RAD,,PRIMITIVE_OR_NONKLC,https://docs.google.com/spreadsheets/d/13rdpmsI5n0dnsb33u4YHGwI8VrWtCeLDWDELO_hC7Qs
961,舞,DANCE,KLC_00961,2,KLC_00503,曲,"MELODY, CURVE",KLC,503,EARLIER_OR_SAME_KLC,https://docs.google.com/spreadsheets/d/13rdpmsI5n0dnsb33u4YHGwI8VrWtCeLDWDELO_hC7Qs
962,隣,NEIGHBOR,KLC_00962,1,RAD_00170,阜,hill [left of kanji],RAD,,PRIMITIVE_OR_NONKLC,https://docs.google.com/spreadsheets/d/13rdpmsI5n0dnsb33u4YHGwI8VrWtCeLDWDELO_hC7Qs
962,隣,NEIGHBOR,KLC_00962,2,RAD_00136,舛,"oppose, dancing",RAD,,PRIMITIVE_OR_NONKLC,https://docs.google.com/spreadsheets/d/13rdpmsI5n0dnsb33u4YHGwI8VrWtCeLDWDELO_hC7Qs
962,隣,NEIGHBOR,KLC_00962,3,RAD_00119,米,rice,RAD,,PRIMITIVE_OR_NONKLC,https://docs.google.com/spreadsheets/d/13rdpmsI5n0dnsb33u4YHGwI8VrWtCeLDWDELO_hC7Qs
963,瞬,BLINK [instant],KLC_00963,1,RAD_00109,目,eye,RAD,,PRIMITIVE_OR_NONKLC,https://docs.google.com/spreadsheets/d/13rdpmsI5n0dnsb33u4YHGwI8VrWtCeLDWDELO_hC7Qs
963,瞬,BLINK [instant],KLC_00963,2,RAD_00136,舛,"oppose, dancing",RAD,,PRIMITIVE_OR_NONKLC,https://docs.google.com/spreadsheets/d/13rdpmsI5n0dnsb33u4YHGwI8VrWtCeLDWDELO_hC7Qs
964,夢,DREAM,KLC_00964,1,RAD_00036,夕,"evening, *moon*",RAD,,PRIMITIVE_OR_NONKLC,https://docs.google.com/spreadsheets/d/13rdpmsI5n0dnsb33u4YHGwI8VrWtCeLDWDELO_hC7Qs
965,枝,BRANCH,KLC_00965,1,RAD_00075,木,tree,RAD,,PRIMITIVE_OR_NONKLC,https://docs.google.com/spreadsheets/d/13rdpmsI5n0dnsb33u4YHGwI8VrWtCeLDWDELO_hC7Qs
965,枝,BRANCH,KLC_00965,2,RAD_00065,支,"branch, support",RAD,,PRIMITIVE_OR_NONKLC,https://docs.google.com/spreadsheets/d/13rdpmsI5n0dnsb33u4YHGwI8VrWtCeLDWDELO_hC7Qs
966,技,SKILL [manual],KLC_00966,1,RAD_00029,又,"again, or, *hand*",RAD,,PRIMITIVE_OR_NONKLC,https://docs.google.com/spreadsheets/d/13rdpmsI5n0dnsb33u4YHGwI8VrWtCeLDWDELO_hC7Qs
966,技,SKILL [manual],KLC_00966,2,RAD_00065,支,"branch, support",RAD,,PRIMITIVE_OR_NONKLC,https://docs.google.com/spreadsheets/d/13rdpmsI5n0dnsb33u4YHGwI8VrWtCeLDWDELO_hC7Qs
967,伎,PERFORMANCE [drama],KLC_00967,1,RAD_00009,人,"person, *roof*",RAD,,PRIMITIVE_OR_NONKLC,https://docs.google.com/spreadsheets/d/13rdpmsI5n0dnsb33u4YHGwI8VrWtCeLDWDELO_hC7Qs
967,伎,PERFORMANCE [drama],KLC_00967,2,RAD_00065,支,"branch, support",RAD,,PRIMITIVE_OR_NONKLC,https://docs.google.com/spreadsheets/d/13rdpmsI5n0dnsb33u4YHGwI8VrWtCeLDWDELO_hC7Qs
968,岐,"DIVERGE, FORK",KLC_00968,1,RAD_00046,山,mountain,RAD,,PRIMITIVE_OR_NONKLC,https://docs.google.com/spreadsheets/d/13rdpmsI5n0dnsb33u4YHGwI8VrWtCeLDWDELO_hC7Qs
968,岐,"DIVERGE, FORK",KLC_00968,2,RAD_00065,支,"branch, support",RAD,,PRIMITIVE_OR_NONKLC,https://docs.google.com/spreadsheets/d/13rdpmsI5n0dnsb33u4YHGwI8VrWtCeLDWDELO_hC7Qs
969,峠,MOUNTAIN PASS,KLC_00969,1,RAD_00046,山,mountain,RAD,,PRIMITIVE_OR_NONKLC,https://docs.google.com/spreadsheets/d/13rdpmsI5n0dnsb33u4YHGwI8VrWtCeLDWDELO_hC7Qs
969,峠,MOUNTAIN PASS,KLC_00969,2,KLC_00040,下,"DOWN, BELOW",KLC,40,EARLIER_OR_SAME_KLC,https://docs.google.com/spreadsheets/d/13rdpmsI5n0dnsb33u4YHGwI8VrWtCeLDWDELO_hC7Qs
969,峠,MOUNTAIN PASS,KLC_00969,3,KLC_00041,上,"UP, ABOVE",KLC,41,EARLIER_OR_SAME_KLC,https://docs.google.com/spreadsheets/d/13rdpmsI5n0dnsb33u4YHGwI8VrWtCeLDWDELO_hC7Qs
971,急,"URGENT, HURRY, SUDDEN",KLC_00971,1,RAD_00061,心,"heart, mind, spirit",RAD,,PRIMITIVE_OR_NONKLC,https://docs.google.com/spreadsheets/d/13rdpmsI5n0dnsb33u4YHGwI8VrWtCeLDWDELO_hC7Qs
973,情,"EMOTION, FEELING",KLC_00973,1,RAD_00174,青,"blue, green",RAD,,PRIMITIVE_OR_NONKLC,https://docs.google.com/spreadsheets/d/13rdpmsI5n0dnsb33u4YHGwI8VrWtCeLDWDELO_hC7Qs
973,情,"EMOTION, FEELING",KLC_00973,2,RAD_00061,心,"heart, mind, spirit",RAD,,PRIMITIVE_OR_NONKLC,https://docs.google.com/spreadsheets/d/13rdpmsI5n0dnsb33u4YHGwI8VrWtCeLDWDELO_hC7Qs
974,清,"CLEAR, PURE",KLC_00974,1,RAD_00174,青,"blue, green",RAD,,PRIMITIVE_OR_NONKLC,https://docs.google.com/spreadsheets/d/13rdpmsI5n0dnsb33u4YHGwI8VrWtCeLDWDELO_hC7Qs
974,清,"CLEAR, PURE",KLC_00974,2,RAD_00085,水,"water, *liquid*",RAD,,PRIMITIVE_OR_NONKLC,https://docs.google.com/spreadsheets/d/13rdpmsI5n0dnsb33u4YHGwI8VrWtCeLDWDELO_hC7Qs
975,晴,CLEAR SKY,KLC_00975,1,RAD_00174,青,"blue, green",RAD,,PRIMITIVE_OR_NONKLC,https://docs.google.com/spreadsheets/d/13rdpmsI5n0dnsb33u4YHGwI8VrWtCeLDWDELO_hC7Qs
975,晴,CLEAR SKY,KLC_00975,2,RAD_00072,日,"sun, day",RAD,,PRIMITIVE_OR_NONKLC,https://docs.google.com/spreadsheets/d/13rdpmsI5n0dnsb33u4YHGwI8VrWtCeLDWDELO_hC7Qs
976,精,"REFINED, ESSENCE",KLC_00976,1,RAD_00119,米,rice,RAD,,PRIMITIVE_OR_NONKLC,https://docs.google.com/spreadsheets/d/13rdpmsI5n0dnsb33u4YHGwI8VrWtCeLDWDELO_hC7Qs
976,精,"REFINED, ESSENCE",KLC_00976,2,RAD_00174,青,"blue, green",RAD,,PRIMITIVE_OR_NONKLC,https://docs.google.com/spreadsheets/d/13rdpmsI5n0dnsb33u4YHGwI8VrWtCeLDWDELO_hC7Qs
977,請,REQUEST,KLC_00977,1,RAD_00174,青,"blue, green",RAD,,PRIMITIVE_OR_NONKLC,https://docs.google.com/spreadsheets/d/13rdpmsI5n0dnsb33u4YHGwI8VrWtCeLDWDELO_hC7Qs
977,請,REQUEST,KLC_00977,2,RAD_00149,言,"speech, word, say",RAD,,PRIMITIVE_OR_NONKLC,https://docs.google.com/spreadsheets/d/13rdpmsI5n0dnsb33u4YHGwI8VrWtCeLDWDELO_hC7Qs
978,静,QUIET,KLC_00978,1,KLC_00972,争,"CONTEND, DISPUTE",KLC,972,EARLIER_OR_SAME_KLC,https://docs.google.com/spreadsheets/d/13rdpmsI5n0dnsb33u4YHGwI8VrWtCeLDWDELO_hC7Qs
978,静,QUIET,KLC_00978,2,RAD_00174,青,"blue, green",RAD,,PRIMITIVE_OR_NONKLC,https://docs.google.com/spreadsheets/d/13rdpmsI5n0dnsb33u4YHGwI8VrWtCeLDWDELO_hC7Qs
979,浄,"CLEAN, PURE",KLC_00979,1,RAD_00085,水,"water, *liquid*",RAD,,PRIMITIVE_OR_NONKLC,https://docs.google.com/spreadsheets/d/13rdpmsI5n0dnsb33u4YHGwI8VrWtCeLDWDELO_hC7Qs
979,浄,"CLEAN, PURE",KLC_00979,2,KLC_00972,争,"CONTEND, DISPUTE",KLC,972,EARLIER_OR_SAME_KLC,https://docs.google.com/spreadsheets/d/13rdpmsI5n0dnsb33u4YHGwI8VrWtCeLDWDELO_hC7Qs
980,算,CALCULATE,KLC_00980,1,RAD_00118,竹,"bamboo, counting",RAD,,PRIMITIVE_OR_NONKLC,https://docs.google.com/spreadsheets/d/13rdpmsI5n0dnsb33u4YHGwI8VrWtCeLDWDELO_hC7Qs
980,算,CALCULATE,KLC_00980,2,RAD_00055,廾,"arch, *two hands*",RAD,,PRIMITIVE_OR_NONKLC,https://docs.google.com/spreadsheets/d/13rdpmsI5n0dnsb33u4YHGwI8VrWtCeLDWDELO_hC7Qs
981,答,ANSWER,KLC_00981,1,RAD_00118,竹,"bamboo, counting",RAD,,PRIMITIVE_OR_NONKLC,https://docs.google.com/spreadsheets/d/13rdpmsI5n0dnsb33u4YHGwI8VrWtCeLDWDELO_hC7Qs
981,答,ANSWER,KLC_00981,2,KLC_00227,合,"COMBINE, FIT",KLC,227,EARLIER_OR_SAME_KLC,https://docs.google.com/spreadsheets/d/13rdpmsI5n0dnsb33u4YHGwI8VrWtCeLDWDELO_hC7Qs
982,符,"TOKEN, SYMBOL",KLC_00982,1,KLC_00064,付,"ATTACH, HAND OVER",KLC,64,EARLIER_OR_SAME_KLC,https://docs.google.com/spreadsheets/d/13rdpmsI5n0dnsb33u4YHGwI8VrWtCeLDWDELO_hC7Qs
982,符,"TOKEN, SYMBOL",KLC_00982,2,RAD_00118,竹,"bamboo, counting",RAD,,PRIMITIVE_OR_NONKLC,https://docs.google.com/spreadsheets/d/13rdpmsI5n0dnsb33u4YHGwI8VrWtCeLDWDELO_hC7Qs
983,博,"EXTENSIVE KNOWLEDGE, DOCTOR",KLC_00983,1,RAD_00024,十,"ten, complete, *cross*, *needle*, *plant*",RAD,,PRIMITIVE_OR_NONKLC,https://docs.google.com/spreadsheets/d/13rdpmsI5n0dnsb33u4YHGwI8VrWtCeLDWDELO_hC7Qs
983,博,"EXTENSIVE KNOWLEDGE, DOCTOR",KLC_00983,2,KLC_00580,専,"EXCLUSIVELY, ENTIRE",KLC,580,EARLIER_OR_SAME_KLC,https://docs.google.com/spreadsheets/d/13rdpmsI5n0dnsb33u4YHGwI8VrWtCeLDWDELO_hC7Qs
984,縛,"BIND, RESTRAIN",KLC_00984,1,RAD_00120,糸,"thread, silk",RAD,,PRIMITIVE_OR_NONKLC,https://docs.google.com/spreadsheets/d/13rdpmsI5n0dnsb33u4YHGwI8VrWtCeLDWDELO_hC7Qs
984,縛,"BIND, RESTRAIN",KLC_00984,2,KLC_00580,専,"EXCLUSIVELY, ENTIRE",KLC,580,EARLIER_OR_SAME_KLC,https://docs.google.com/spreadsheets/d/13rdpmsI5n0dnsb33u4YHGwI8VrWtCeLDWDELO_hC7Qs
985,簿,RECORD BOOK,KLC_00985,1,RAD_00118,竹,"bamboo, counting",RAD,,PRIMITIVE_OR_NONKLC,https://docs.google.com/spreadsheets/d/13rdpmsI5n0dnsb33u4YHGwI8VrWtCeLDWDELO_hC7Qs
985,簿,RECORD BOOK,KLC_00985,2,KLC_00580,専,"EXCLUSIVELY, ENTIRE",KLC,580,EARLIER_OR_SAME_KLC,https://docs.google.com/spreadsheets/d/13rdpmsI5n0dnsb33u4YHGwI8VrWtCeLDWDELO_hC7Qs
985,簿,RECORD BOOK,KLC_00985,3,RAD_00085,水,"water, *liquid*",RAD,,PRIMITIVE_OR_NONKLC,https://docs.google.com/spreadsheets/d/13rdpmsI5n0dnsb33u4YHGwI8VrWtCeLDWDELO_hC7Qs
986,薄,"THIN, FRAIL",KLC_00986,1,KLC_00580,専,"EXCLUSIVELY, ENTIRE",KLC,580,EARLIER_OR_SAME_KLC,https://docs.google.com/spreadsheets/d/13rdpmsI5n0dnsb33u4YHGwI8VrWtCeLDWDELO_hC7Qs
986,薄,"THIN, FRAIL",KLC_00986,2,RAD_00085,水,"water, *liquid*",RAD,,PRIMITIVE_OR_NONKLC,https://docs.google.com/spreadsheets/d/13rdpmsI5n0dnsb33u4YHGwI8VrWtCeLDWDELO_hC7Qs
986,薄,"THIN, FRAIL",KLC_00986,3,RAD_00140,艸,"grass, vegetation",RAD,,PRIMITIVE_OR_NONKLC,https://docs.google.com/spreadsheets/d/13rdpmsI5n0dnsb33u4YHGwI8VrWtCeLDWDELO_hC7Qs
987,采,GATHER,KLC_00987,1,RAD_00087,爪,claw,RAD,,PRIMITIVE_OR_NONKLC,https://docs.google.com/spreadsheets/d/13rdpmsI5n0dnsb33u4YHGwI8VrWtCeLDWDELO_hC7Qs
987,采,GATHER,KLC_00987,2,RAD_00075,木,tree,RAD,,PRIMITIVE_OR_NONKLC,https://docs.google.com/spreadsheets/d/13rdpmsI5n0dnsb33u4YHGwI8VrWtCeLDWDELO_hC7Qs
988,菜,VEGETABLE,KLC_00988,1,KLC_00987,采,GATHER,KLC,987,EARLIER_OR_SAME_KLC,https://docs.google.com/spreadsheets/d/13rdpmsI5n0dnsb33u4YHGwI8VrWtCeLDWDELO_hC7Qs
988,菜,VEGETABLE,KLC_00988,2,RAD_00140,艸,"grass, vegetation",RAD,,PRIMITIVE_OR_NONKLC,https://docs.google.com/spreadsheets/d/13rdpmsI5n0dnsb33u4YHGwI8VrWtCeLDWDELO_hC7Qs
989,採,"PICK, GATHER",KLC_00989,1,RAD_00064,手,"hand, performer of action",RAD,,PRIMITIVE_OR_NONKLC,https://docs.google.com/spreadsheets/d/13rdpmsI5n0dnsb33u4YHGwI8VrWtCeLDWDELO_hC7Qs
989,採,"PICK, GATHER",KLC_00989,2,KLC_00987,采,GATHER,KLC,987,EARLIER_OR_SAME_KLC,https://docs.google.com/spreadsheets/d/13rdpmsI5n0dnsb33u4YHGwI8VrWtCeLDWDELO_hC7Qs
990,彩,BEAUTIFUL COLORING,KLC_00990,1,KLC_00987,采,GATHER,KLC,987,EARLIER_OR_SAME_KLC,https://docs.google.com/spreadsheets/d/13rdpmsI5n0dnsb33u4YHGwI8VrWtCeLDWDELO_hC7Qs
991,杉,CRYPTOMERIA [Japanese cedar],KLC_00991,1,RAD_00075,木,tree,RAD,,PRIMITIVE_OR_NONKLC,https://docs.google.com/spreadsheets/d/13rdpmsI5n0dnsb33u4YHGwI8VrWtCeLDWDELO_hC7Qs
992,街,"CITY STREET, QUARTER",KLC_00992,1,RAD_00144,行,"go, act",RAD,,PRIMITIVE_OR_NONKLC,https://docs.google.com/spreadsheets/d/13rdpmsI5n0dnsb33u4YHGwI8VrWtCeLDWDELO_hC7Qs
992,街,"CITY STREET, QUARTER",KLC_00992,2,RAD_00032,土,"soil, earth",RAD,,PRIMITIVE_OR_NONKLC,https://docs.google.com/spreadsheets/d/13rdpmsI5n0dnsb33u4YHGwI8VrWtCeLDWDELO_hC7Qs
993,術,"PRACTICAL ART, TECHNIQUE",KLC_00993,1,RAD_00144,行,"go, act",RAD,,PRIMITIVE_OR_NONKLC,https://docs.google.com/spreadsheets/d/13rdpmsI5n0dnsb33u4YHGwI8VrWtCeLDWDELO_hC7Qs
993,術,"PRACTICAL ART, TECHNIQUE",KLC_00993,2,SUP_00029,朮,special tree,SUP,,PRIMITIVE_OR_NONKLC,https://docs.google.com/spreadsheets/d/13rdpmsI5n0dnsb33u4YHGwI8VrWtCeLDWDELO_hC7Qs
994,述,"STATE [express], MENTION",KLC_00994,1,RAD_00162,辵,"walk, *transport*",RAD,,PRIMITIVE_OR_NONKLC,https://docs.google.com/spreadsheets/d/13rdpmsI5n0dnsb33u4YHGwI8VrWtCeLDWDELO_hC7Qs
994,述,"STATE [express], MENTION",KLC_00994,2,SUP_00029,朮,special tree,SUP,,PRIMITIVE_OR_NONKLC,https://docs.google.com/spreadsheets/d/13rdpmsI5n0dnsb33u4YHGwI8VrWtCeLDWDELO_hC7Qs
995,余,"REMAINING, EXCESS",KLC_00995,1,RAD_00009,人,"person, *roof*",RAD,,PRIMITIVE_OR_NONKLC,https://docs.google.com/spreadsheets/d/13rdpmsI5n0dnsb33u4YHGwI8VrWtCeLDWDELO_hC7Qs
996,除,RID OF,KLC_00996,1,KLC_00995,余,"REMAINING, EXCESS",KLC,995,EARLIER_OR_SAME_KLC,https://docs.google.com/spreadsheets/d/13rdpmsI5n0dnsb33u4YHGwI8VrWtCeLDWDELO_hC7Qs
996,除,RID OF,KLC_00996,2,RAD_00170,阜,hill [left of kanji],RAD,,PRIMITIVE_OR_NONKLC,https://docs.google.com/spreadsheets/d/13rdpmsI5n0dnsb33u4YHGwI8VrWtCeLDWDELO_hC7Qs
997,徐,SLOWLY,KLC_00997,1,RAD_00060,彳,"linger, stop, go",RAD,,PRIMITIVE_OR_NONKLC,https://docs.google.com/spreadsheets/d/13rdpmsI5n0dnsb33u4YHGwI8VrWtCeLDWDELO_hC7Qs
997,徐,SLOWLY,KLC_00997,2,KLC_00995,余,"REMAINING, EXCESS",KLC,995,EARLIER_OR_SAME_KLC,https://docs.google.com/spreadsheets/d/13rdpmsI5n0dnsb33u4YHGwI8VrWtCeLDWDELO_hC7Qs
998,叙,DESCRIBE,KLC_00998,1,KLC_00995,余,"REMAINING, EXCESS",KLC,995,EARLIER_OR_SAME_KLC,https://docs.google.com/spreadsheets/d/13rdpmsI5n0dnsb33u4YHGwI8VrWtCeLDWDELO_hC7Qs
998,叙,DESCRIBE,KLC_00998,2,RAD_00029,又,"again, or, *hand*",RAD,,PRIMITIVE_OR_NONKLC,https://docs.google.com/spreadsheets/d/13rdpmsI5n0dnsb33u4YHGwI8VrWtCeLDWDELO_hC7Qs
999,斜,"OBLIQUE, DIAGONAL",KLC_00999,1,RAD_00068,斗,"dipper, measure, to [18 l]",RAD,,PRIMITIVE_OR_NONKLC,https://docs.google.com/spreadsheets/d/13rdpmsI5n0dnsb33u4YHGwI8VrWtCeLDWDELO_hC7Qs
999,斜,"OBLIQUE, DIAGONAL",KLC_00999,2,KLC_00995,余,"REMAINING, EXCESS",KLC,995,EARLIER_OR_SAME_KLC,https://docs.google.com/spreadsheets/d/13rdpmsI5n0dnsb33u4YHGwI8VrWtCeLDWDELO_hC7Qs
1000,途,"WAY, ROAD",KLC_01000,1,KLC_00995,余,"REMAINING, EXCESS",KLC,995,EARLIER_OR_SAME_KLC,https://docs.google.com/spreadsheets/d/13rdpmsI5n0dnsb33u4YHGwI8VrWtCeLDWDELO_hC7Qs
1000,途,"WAY, ROAD",KLC_01000,2,RAD_00162,辵,"walk, *transport*",RAD,,PRIMITIVE_OR_NONKLC,https://docs.google.com/spreadsheets/d/13rdpmsI5n0dnsb33u4YHGwI8VrWtCeLDWDELO_hC7Qs
1001,塗,"PAINT, COATING",KLC_01001,1,RAD_00085,水,"water, *liquid*",RAD,,PRIMITIVE_OR_NONKLC,https://docs.google.com/spreadsheets/d/13rdpmsI5n0dnsb33u4YHGwI8VrWtCeLDWDELO_hC7Qs
1001,塗,"PAINT, COATING",KLC_01001,2,KLC_00995,余,"REMAINING, EXCESS",KLC,995,EARLIER_OR_SAME_KLC,https://docs.google.com/spreadsheets/d/13rdpmsI5n0dnsb33u4YHGwI8VrWtCeLDWDELO_hC7Qs
1001,塗,"PAINT, COATING",KLC_01001,3,RAD_00032,土,"soil, earth",RAD,,PRIMITIVE_OR_NONKLC,https://docs.google.com/spreadsheets/d/13rdpmsI5n0dnsb33u4YHGwI8VrWtCeLDWDELO_hC7Qs
1002,漆,LACQUER,KLC_01002,1,RAD_00075,木,tree,RAD,,PRIMITIVE_OR_NONKLC,https://docs.google.com/spreadsheets/d/13rdpmsI5n0dnsb33u4YHGwI8VrWtCeLDWDELO_hC7Qs
1002,漆,LACQUER,KLC_01002,2,RAD_00085,水,"water, *liquid*",RAD,,PRIMITIVE_OR_NONKLC,https://docs.google.com/spreadsheets/d/13rdpmsI5n0dnsb33u4YHGwI8VrWtCeLDWDELO_hC7Qs
1003,仙,HERMIT,KLC_01003,1,RAD_00009,人,"person, *roof*",RAD,,PRIMITIVE_OR_NONKLC,https://docs.google.com/spreadsheets/d/13rdpmsI5n0dnsb33u4YHGwI8VrWtCeLDWDELO_hC7Qs
1003,仙,HERMIT,KLC_01003,2,RAD_00046,山,mountain,RAD,,PRIMITIVE_OR_NONKLC,https://docs.google.com/spreadsheets/d/13rdpmsI5n0dnsb33u4YHGwI8VrWtCeLDWDELO_hC7Qs
1005,乗,RIDE,KLC_01005,1,RAD_00159,車,"car, cart",RAD,,PRIMITIVE_OR_NONKLC,https://docs.google.com/spreadsheets/d/13rdpmsI5n0dnsb33u4YHGwI8VrWtCeLDWDELO_hC7Qs
1006,兼,"CONCURRENTLY, COMBINE, CANNOT [difficult to]",KLC_01006,1,KLC_00079,書,"WRITE, BOOK",KLC,79,EARLIER_OR_SAME_KLC,https://docs.google.com/spreadsheets/d/13rdpmsI5n0dnsb33u4YHGwI8VrWtCeLDWDELO_hC7Qs
1007,剰,SURPLUS,KLC_01007,1,KLC_01005,乗,RIDE,KLC,1005,EARLIER_OR_SAME_KLC,https://docs.google.com/spreadsheets/d/13rdpmsI5n0dnsb33u4YHGwI8VrWtCeLDWDELO_hC7Qs
1007,剰,SURPLUS,KLC_01007,2,RAD_00018,刀,"knife, sword, *cut*",RAD,,PRIMITIVE_OR_NONKLC,https://docs.google.com/spreadsheets/d/13rdpmsI5n0dnsb33u4YHGwI8VrWtCeLDWDELO_hC7Qs
1008,睡,SLEEP,KLC_01008,1,RAD_00109,目,eye,RAD,,PRIMITIVE_OR_NONKLC,https://docs.google.com/spreadsheets/d/13rdpmsI5n0dnsb33u4YHGwI8VrWtCeLDWDELO_hC7Qs
1008,睡,SLEEP,KLC_01008,2,KLC_01004,垂,"DROOP, DANGLE",KLC,1004,EARLIER_OR_SAME_KLC,https://docs.google.com/spreadsheets/d/13rdpmsI5n0dnsb33u4YHGwI8VrWtCeLDWDELO_hC7Qs
1009,眠,SLEEP,KLC_01009,1,RAD_00083,氏,"family, clan",RAD,,PRIMITIVE_OR_NONKLC,https://docs.google.com/spreadsheets/d/13rdpmsI5n0dnsb33u4YHGwI8VrWtCeLDWDELO_hC7Qs
1009,眠,SLEEP,KLC_01009,2,RAD_00109,目,eye,RAD,,PRIMITIVE_OR_NONKLC,https://docs.google.com/spreadsheets/d/13rdpmsI5n0dnsb33u4YHGwI8VrWtCeLDWDELO_hC7Qs
1010,郵,MAIL,KLC_01010,1,KLC_01004,垂,"DROOP, DANGLE",KLC,1004,EARLIER_OR_SAME_KLC,https://docs.google.com/spreadsheets/d/13rdpmsI5n0dnsb33u4YHGwI8VrWtCeLDWDELO_hC7Qs
1010,郵,MAIL,KLC_01010,2,RAD_00163,邑,city [right of kanji],RAD,,PRIMITIVE_OR_NONKLC,https://docs.google.com/spreadsheets/d/13rdpmsI5n0dnsb33u4YHGwI8VrWtCeLDWDELO_hC7Qs
1011,錘,SPINDLE,FIX_KLC_01011,1,RAD_00167,金,"metal, gold, money",RAD,,PRIMITIVE_OR_NONKLC,https://docs.google.com/spreadsheets/d/13rdpmsI5n0dnsb33u4YHGwI8VrWtCeLDWDELO_hC7Qs
1011,錘,SPINDLE,FIX_KLC_01011,2,KLC_01004,垂,"DROOP, DANGLE",KLC,1004,EARLIER_OR_SAME_KLC,https://docs.google.com/spreadsheets/d/13rdpmsI5n0dnsb33u4YHGwI8VrWtCeLDWDELO_hC7Qs
1012,華,"FLOWER, MAGNIFICENT, CHINA",KLC_01012,1,RAD_00140,艸,"grass, vegetation",RAD,,PRIMITIVE_OR_NONKLC,https://docs.google.com/spreadsheets/d/13rdpmsI5n0dnsb33u4YHGwI8VrWtCeLDWDELO_hC7Qs
1013,侵,"INVADE, VIOLATE",KLC_01013,1,RAD_00009,人,"person, *roof*",RAD,,PRIMITIVE_OR_NONKLC,https://docs.google.com/spreadsheets/d/13rdpmsI5n0dnsb33u4YHGwI8VrWtCeLDWDELO_hC7Qs
1013,侵,"INVADE, VIOLATE",KLC_01013,2,RAD_00014,冖,cloth cover,RAD,,PRIMITIVE_OR_NONKLC,https://docs.google.com/spreadsheets/d/13rdpmsI5n0dnsb33u4YHGwI8VrWtCeLDWDELO_hC7Qs
1013,侵,"INVADE, VIOLATE",KLC_01013,3,RAD_00029,又,"again, or, *hand*",RAD,,PRIMITIVE_OR_NONKLC,https://docs.google.com/spreadsheets/d/13rdpmsI5n0dnsb33u4YHGwI8VrWtCeLDWDELO_hC7Qs
1014,浸,"SOAK, IMMERSE",KLC_01014,1,RAD_00014,冖,cloth cover,RAD,,PRIMITIVE_OR_NONKLC,https://docs.google.com/spreadsheets/d/13rdpmsI5n0dnsb33u4YHGwI8VrWtCeLDWDELO_hC7Qs
1014,浸,"SOAK, IMMERSE",KLC_01014,2,RAD_00029,又,"again, or, *hand*",RAD,,PRIMITIVE_OR_NONKLC,https://docs.google.com/spreadsheets/d/13rdpmsI5n0dnsb33u4YHGwI8VrWtCeLDWDELO_hC7Qs
1014,浸,"SOAK, IMMERSE",KLC_01014,3,RAD_00085,水,"water, *liquid*",RAD,,PRIMITIVE_OR_NONKLC,https://docs.google.com/spreadsheets/d/13rdpmsI5n0dnsb33u4YHGwI8VrWtCeLDWDELO_hC7Qs
1015,寝,GO TO SLEEP,KLC_01015,1,RAD_00040,宀,roof,RAD,,PRIMITIVE_OR_NONKLC,https://docs.google.com/spreadsheets/d/13rdpmsI5n0dnsb33u4YHGwI8VrWtCeLDWDELO_hC7Qs
1015,寝,GO TO SLEEP,KLC_01015,2,RAD_00090,爿,"split wood, *wooden tablet*",RAD,,PRIMITIVE_OR_NONKLC,https://docs.google.com/spreadsheets/d/13rdpmsI5n0dnsb33u4YHGwI8VrWtCeLDWDELO_hC7Qs
1016,掃,"SWEEP, BRUSH",KLC_01016,1,RAD_00064,手,"hand, performer of action",RAD,,PRIMITIVE_OR_NONKLC,https://docs.google.com/spreadsheets/d/13rdpmsI5n0dnsb33u4YHGwI8VrWtCeLDWDELO_hC7Qs
1016,掃,"SWEEP, BRUSH",KLC_01016,2,SUP_00030,帚,broom,SUP,,PRIMITIVE_OR_NONKLC,https://docs.google.com/spreadsheets/d/13rdpmsI5n0dnsb33u4YHGwI8VrWtCeLDWDELO_hC7Qs
1017,婦,"ADULT WOMAN, WIFE",KLC_01017,1,RAD_00038,女,woman,RAD,,PRIMITIVE_OR_NONKLC,https://docs.google.com/spreadsheets/d/13rdpmsI5n0dnsb33u4YHGwI8VrWtCeLDWDELO_hC7Qs
1017,婦,"ADULT WOMAN, WIFE",KLC_01017,2,SUP_00030,帚,broom,SUP,,PRIMITIVE_OR_NONKLC,https://docs.google.com/spreadsheets/d/13rdpmsI5n0dnsb33u4YHGwI8VrWtCeLDWDELO_hC7Qs
1018,帰,RETURN [home],KLC_01018,1,RAD_00018,刀,"knife, sword, *cut*",RAD,,PRIMITIVE_OR_NONKLC,https://docs.google.com/spreadsheets/d/13rdpmsI5n0dnsb33u4YHGwI8VrWtCeLDWDELO_hC7Qs
1018,帰,RETURN [home],KLC_01018,2,SUP_00030,帚,broom,SUP,,PRIMITIVE_OR_NONKLC,https://docs.google.com/spreadsheets/d/13rdpmsI5n0dnsb33u4YHGwI8VrWtCeLDWDELO_hC7Qs
1019,戻,"RETURN, REVERT",KLC_01019,1,RAD_00037,大,"big, university",RAD,,PRIMITIVE_OR_NONKLC,https://docs.google.com/spreadsheets/d/13rdpmsI5n0dnsb33u4YHGwI8VrWtCeLDWDELO_hC7Qs
1019,戻,"RETURN, REVERT",KLC_01019,2,RAD_00063,戸,door,RAD,,PRIMITIVE_OR_NONKLC,https://docs.google.com/spreadsheets/d/13rdpmsI5n0dnsb33u4YHGwI8VrWtCeLDWDELO_hC7Qs
1020,涙,TEARDROP,KLC_01020,1,RAD_00085,水,"water, *liquid*",RAD,,PRIMITIVE_OR_NONKLC,https://docs.google.com/spreadsheets/d/13rdpmsI5n0dnsb33u4YHGwI8VrWtCeLDWDELO_hC7Qs
1020,涙,TEARDROP,KLC_01020,2,KLC_01019,戻,"RETURN, REVERT",KLC,1019,EARLIER_OR_SAME_KLC,https://docs.google.com/spreadsheets/d/13rdpmsI5n0dnsb33u4YHGwI8VrWtCeLDWDELO_hC7Qs
1021,射,SHOOT,KLC_01021,1,RAD_00041,寸,"measurement, tenth of shaku, a bit of",RAD,,PRIMITIVE_OR_NONKLC,https://docs.google.com/spreadsheets/d/13rdpmsI5n0dnsb33u4YHGwI8VrWtCeLDWDELO_hC7Qs
1021,射,SHOOT,KLC_01021,2,RAD_00158,身,"body, social position",RAD,,PRIMITIVE_OR_NONKLC,https://docs.google.com/spreadsheets/d/13rdpmsI5n0dnsb33u4YHGwI8VrWtCeLDWDELO_hC7Qs
1022,謝,"THANK, APOLOGIZE",KLC_01022,1,RAD_00149,言,"speech, word, say",RAD,,PRIMITIVE_OR_NONKLC,https://docs.google.com/spreadsheets/d/13rdpmsI5n0dnsb33u4YHGwI8VrWtCeLDWDELO_hC7Qs
1022,謝,"THANK, APOLOGIZE",KLC_01022,2,KLC_01021,射,SHOOT,KLC,1021,EARLIER_OR_SAME_KLC,https://docs.google.com/spreadsheets/d/13rdpmsI5n0dnsb33u4YHGwI8VrWtCeLDWDELO_hC7Qs
1023,討,"CONQUER, STUDY",KLC_01023,1,RAD_00041,寸,"measurement, tenth of shaku, a bit of",RAD,,PRIMITIVE_OR_NONKLC,https://docs.google.com/spreadsheets/d/13rdpmsI5n0dnsb33u4YHGwI8VrWtCeLDWDELO_hC7Qs
1023,討,"CONQUER, STUDY",KLC_01023,2,RAD_00149,言,"speech, word, say",RAD,,PRIMITIVE_OR_NONKLC,https://docs.google.com/spreadsheets/d/13rdpmsI5n0dnsb33u4YHGwI8VrWtCeLDWDELO_hC7Qs
1024,訂,"REVISE, CORRECT",KLC_01024,1,RAD_00149,言,"speech, word, say",RAD,,PRIMITIVE_OR_NONKLC,https://docs.google.com/spreadsheets/d/13rdpmsI5n0dnsb33u4YHGwI8VrWtCeLDWDELO_hC7Qs
1024,訂,"REVISE, CORRECT",KLC_01024,2,KLC_00437,丁,"TOWN SUBSECTION, ROAD, MISCELLANEOUS COUNTER",KLC,437,EARLIER_OR_SAME_KLC,https://docs.google.com/spreadsheets/d/13rdpmsI5n0dnsb33u4YHGwI8VrWtCeLDWDELO_hC7Qs
1025,打,STRIKE,KLC_01025,1,KLC_00437,丁,"TOWN SUBSECTION, ROAD, MISCELLANEOUS COUNTER",KLC,437,EARLIER_OR_SAME_KLC,https://docs.google.com/spreadsheets/d/13rdpmsI5n0dnsb33u4YHGwI8VrWtCeLDWDELO_hC7Qs
1025,打,STRIKE,KLC_01025,2,RAD_00064,手,"hand, performer of action",RAD,,PRIMITIVE_OR_NONKLC,https://docs.google.com/spreadsheets/d/13rdpmsI5n0dnsb33u4YHGwI8VrWtCeLDWDELO_hC7Qs
1026,撃,"ATTACK, STRIKE",KLC_01026,1,RAD_00079,殳,weapon,RAD,,PRIMITIVE_OR_NONKLC,https://docs.google.com/spreadsheets/d/13rdpmsI5n0dnsb33u4YHGwI8VrWtCeLDWDELO_hC7Qs
1026,撃,"ATTACK, STRIKE",KLC_01026,2,RAD_00064,手,"hand, performer of action",RAD,,PRIMITIVE_OR_NONKLC,https://docs.google.com/spreadsheets/d/13rdpmsI5n0dnsb33u4YHGwI8VrWtCeLDWDELO_hC7Qs
1026,撃,"ATTACK, STRIKE",KLC_01026,3,RAD_00159,車,"car, cart",RAD,,PRIMITIVE_OR_NONKLC,https://docs.google.com/spreadsheets/d/13rdpmsI5n0dnsb33u4YHGwI8VrWtCeLDWDELO_hC7Qs
1027,拭,WIPE,KLC_01027,1,RAD_00064,手,"hand, performer of action",RAD,,PRIMITIVE_OR_NONKLC,https://docs.google.com/spreadsheets/d/13rdpmsI5n0dnsb33u4YHGwI8VrWtCeLDWDELO_hC7Qs
1027,拭,WIPE,KLC_01027,2,KLC_00109,式,"CEREMONY, FORM",KLC,109,EARLIER_OR_SAME_KLC,https://docs.google.com/spreadsheets/d/13rdpmsI5n0dnsb33u4YHGwI8VrWtCeLDWDELO_hC7Qs
1028,試,"TRY, TEST",KLC_01028,1,RAD_00149,言,"speech, word, say",RAD,,PRIMITIVE_OR_NONKLC,https://docs.google.com/spreadsheets/d/13rdpmsI5n0dnsb33u4YHGwI8VrWtCeLDWDELO_hC7Qs
1028,試,"TRY, TEST",KLC_01028,2,KLC_00109,式,"CEREMONY, FORM",KLC,109,EARLIER_OR_SAME_KLC,https://docs.google.com/spreadsheets/d/13rdpmsI5n0dnsb33u4YHGwI8VrWtCeLDWDELO_hC7Qs
1029,検,"EXAMINATION, INVESTIGATION",KLC_01029,1,SUP_00031,㑒,officer's house,SUP,,PRIMITIVE_OR_NONKLC,https://docs.google.com/spreadsheets/d/13rdpmsI5n0dnsb33u4YHGwI8VrWtCeLDWDELO_hC7Qs
1029,検,"EXAMINATION, INVESTIGATION",KLC_01029,2,RAD_00075,木,tree,RAD,,PRIMITIVE_OR_NONKLC,https://docs.google.com/spreadsheets/d/13rdpmsI5n0dnsb33u4YHGwI8VrWtCeLDWDELO_hC7Qs
1030,験,"TEST, VERIFICATION",KLC_01030,1,RAD_00187,馬,horse,RAD,,PRIMITIVE_OR_NONKLC,https://docs.google.com/spreadsheets/d/13rdpmsI5n0dnsb33u4YHGwI8VrWtCeLDWDELO_hC7Qs
1030,験,"TEST, VERIFICATION",KLC_01030,2,SUP_00031,㑒,officer's house,SUP,,PRIMITIVE_OR_NONKLC,https://docs.google.com/spreadsheets/d/13rdpmsI5n0dnsb33u4YHGwI8VrWtCeLDWDELO_hC7Qs
1031,険,"DANGEROUS, STEEP",KLC_01031,1,SUP_00031,㑒,officer's house,SUP,,PRIMITIVE_OR_NONKLC,https://docs.google.com/spreadsheets/d/13rdpmsI5n0dnsb33u4YHGwI8VrWtCeLDWDELO_hC7Qs
1031,険,"DANGEROUS, STEEP",KLC_01031,2,RAD_00170,阜,hill [left of kanji],RAD,,PRIMITIVE_OR_NONKLC,https://docs.google.com/spreadsheets/d/13rdpmsI5n0dnsb33u4YHGwI8VrWtCeLDWDELO_hC7Qs
1032,倹,FRUGAL,KLC_01032,1,RAD_00009,人,"person, *roof*",RAD,,PRIMITIVE_OR_NONKLC,https://docs.google.com/spreadsheets/d/13rdpmsI5n0dnsb33u4YHGwI8VrWtCeLDWDELO_hC7Qs
1032,倹,FRUGAL,KLC_01032,2,SUP_00031,㑒,officer's house,SUP,,PRIMITIVE_OR_NONKLC,https://docs.google.com/spreadsheets/d/13rdpmsI5n0dnsb33u4YHGwI8VrWtCeLDWDELO_hC7Qs
1033,剣,SWORD,KLC_01033,1,RAD_00018,刀,"knife, sword, *cut*",RAD,,PRIMITIVE_OR_NONKLC,https://docs.google.com/spreadsheets/d/13rdpmsI5n0dnsb33u4YHGwI8VrWtCeLDWDELO_hC7Qs
1033,剣,SWORD,KLC_01033,2,SUP_00031,㑒,officer's house,SUP,,PRIMITIVE_OR_NONKLC,https://docs.google.com/spreadsheets/d/13rdpmsI5n0dnsb33u4YHGwI8VrWtCeLDWDELO_hC7Qs
1035,欲,DESIRE,KLC_01035,1,RAD_00150,谷,valley,RAD,,PRIMITIVE_OR_NONKLC,https://docs.google.com/spreadsheets/d/13rdpmsI5n0dnsb33u4YHGwI8VrWtCeLDWDELO_hC7Qs
1035,欲,DESIRE,KLC_01035,2,RAD_00076,欠,"lack, *open mouth*",RAD,,PRIMITIVE_OR_NONKLC,https://docs.google.com/spreadsheets/d/13rdpmsI5n0dnsb33u4YHGwI8VrWtCeLDWDELO_hC7Qs
1036,浴,BATHE,KLC_01036,1,RAD_00150,谷,valley,RAD,,PRIMITIVE_OR_NONKLC,https://docs.google.com/spreadsheets/d/13rdpmsI5n0dnsb33u4YHGwI8VrWtCeLDWDELO_hC7Qs
1036,浴,BATHE,KLC_01036,2,RAD_00085,水,"water, *liquid*",RAD,,PRIMITIVE_OR_NONKLC,https://docs.google.com/spreadsheets/d/13rdpmsI5n0dnsb33u4YHGwI8VrWtCeLDWDELO_hC7Qs
1037,容,CONTAIN,KLC_01037,1,RAD_00040,宀,roof,RAD,,PRIMITIVE_OR_NONKLC,https://docs.google.com/spreadsheets/d/13rdpmsI5n0dnsb33u4YHGwI8VrWtCeLDWDELO_hC7Qs
1037,容,CONTAIN,KLC_01037,2,RAD_00150,谷,valley,RAD,,PRIMITIVE_OR_NONKLC,https://docs.google.com/spreadsheets/d/13rdpmsI5n0dnsb33u4YHGwI8VrWtCeLDWDELO_hC7Qs
1038,溶,"DISSOLVE, MELT",KLC_01038,1,RAD_00085,水,"water, *liquid*",RAD,,PRIMITIVE_OR_NONKLC,https://docs.google.com/spreadsheets/d/13rdpmsI5n0dnsb33u4YHGwI8VrWtCeLDWDELO_hC7Qs
1038,溶,"DISSOLVE, MELT",KLC_01038,2,KLC_01037,容,CONTAIN,KLC,1037,EARLIER_OR_SAME_KLC,https://docs.google.com/spreadsheets/d/13rdpmsI5n0dnsb33u4YHGwI8VrWtCeLDWDELO_hC7Qs
1039,俗,"POPULAR, VULGAR",KLC_01039,1,RAD_00009,人,"person, *roof*",RAD,,PRIMITIVE_OR_NONKLC,https://docs.google.com/spreadsheets/d/13rdpmsI5n0dnsb33u4YHGwI8VrWtCeLDWDELO_hC7Qs
1039,俗,"POPULAR, VULGAR",KLC_01039,2,RAD_00150,谷,valley,RAD,,PRIMITIVE_OR_NONKLC,https://docs.google.com/spreadsheets/d/13rdpmsI5n0dnsb33u4YHGwI8VrWtCeLDWDELO_hC7Qs
1040,裕,ABUNDANT,KLC_01040,1,RAD_00150,谷,valley,RAD,,PRIMITIVE_OR_NONKLC,https://docs.google.com/spreadsheets/d/13rdpmsI5n0dnsb33u4YHGwI8VrWtCeLDWDELO_hC7Qs
1040,裕,ABUNDANT,KLC_01040,2,RAD_00145,衣,"clothes, garment",RAD,,PRIMITIVE_OR_NONKLC,https://docs.google.com/spreadsheets/d/13rdpmsI5n0dnsb33u4YHGwI8VrWtCeLDWDELO_hC7Qs
1041,寛,"TOLERANT, LENIENT",KLC_01041,1,RAD_00140,艸,"grass, vegetation",RAD,,PRIMITIVE_OR_NONKLC,https://docs.google.com/spreadsheets/d/13rdpmsI5n0dnsb33u4YHGwI8VrWtCeLDWDELO_hC7Qs
1041,寛,"TOLERANT, LENIENT",KLC_01041,2,RAD_00040,宀,roof,RAD,,PRIMITIVE_OR_NONKLC,https://docs.google.com/spreadsheets/d/13rdpmsI5n0dnsb33u4YHGwI8VrWtCeLDWDELO_hC7Qs
1043,紺,DARK BLUE,KLC_01043,1,RAD_00099,甘,sweet,RAD,,PRIMITIVE_OR_NONKLC,https://docs.google.com/spreadsheets/d/13rdpmsI5n0dnsb33u4YHGwI8VrWtCeLDWDELO_hC7Qs
1043,紺,DARK BLUE,KLC_01043,2,RAD_00120,糸,"thread, silk",RAD,,PRIMITIVE_OR_NONKLC,https://docs.google.com/spreadsheets/d/13rdpmsI5n0dnsb33u4YHGwI8VrWtCeLDWDELO_hC7Qs
1044,紅,CRIMSON,KLC_01044,1,RAD_00120,糸,"thread, silk",RAD,,PRIMITIVE_OR_NONKLC,https://docs.google.com/spreadsheets/d/13rdpmsI5n0dnsb33u4YHGwI8VrWtCeLDWDELO_hC7Qs
1044,紅,CRIMSON,KLC_01044,2,RAD_00048,工,"construction, craft, work",RAD,,PRIMITIVE_OR_NONKLC,https://docs.google.com/spreadsheets/d/13rdpmsI5n0dnsb33u4YHGwI8VrWtCeLDWDELO_hC7Qs
1045,攻,ATTACK,KLC_01045,1,RAD_00066,攴,"hit, strike, *action*",RAD,,PRIMITIVE_OR_NONKLC,https://docs.google.com/spreadsheets/d/13rdpmsI5n0dnsb33u4YHGwI8VrWtCeLDWDELO_hC7Qs
1045,攻,ATTACK,KLC_01045,2,RAD_00048,工,"construction, craft, work",RAD,,PRIMITIVE_OR_NONKLC,https://docs.google.com/spreadsheets/d/13rdpmsI5n0dnsb33u4YHGwI8VrWtCeLDWDELO_hC7Qs
1046,功,"MERIT, ACHIEVEMENT",KLC_01046,1,RAD_00048,工,"construction, craft, work",RAD,,PRIMITIVE_OR_NONKLC,https://docs.google.com/spreadsheets/d/13rdpmsI5n0dnsb33u4YHGwI8VrWtCeLDWDELO_hC7Qs
1046,功,"MERIT, ACHIEVEMENT",KLC_01046,2,RAD_00019,力,"power, strength",RAD,,PRIMITIVE_OR_NONKLC,https://docs.google.com/spreadsheets/d/13rdpmsI5n0dnsb33u4YHGwI8VrWtCeLDWDELO_hC7Qs
1047,巧,SKILLFUL,KLC_01047,1,RAD_00048,工,"construction, craft, work",RAD,,PRIMITIVE_OR_NONKLC,https://docs.google.com/spreadsheets/d/13rdpmsI5n0dnsb33u4YHGwI8VrWtCeLDWDELO_hC7Qs
1048,朽,"DECAY, ROT",KLC_01048,1,RAD_00075,木,tree,RAD,,PRIMITIVE_OR_NONKLC,https://docs.google.com/spreadsheets/d/13rdpmsI5n0dnsb33u4YHGwI8VrWtCeLDWDELO_hC7Qs
1049,枯,WITHER,KLC_01049,1,RAD_00075,木,tree,RAD,,PRIMITIVE_OR_NONKLC,https://docs.google.com/spreadsheets/d/13rdpmsI5n0dnsb33u4YHGwI8VrWtCeLDWDELO_hC7Qs
1049,枯,WITHER,KLC_01049,2,KLC_00254,古,"OLD, *tombstone*",KLC,254,EARLIER_OR_SAME_KLC,https://docs.google.com/spreadsheets/d/13rdpmsI5n0dnsb33u4YHGwI8VrWtCeLDWDELO_hC7Qs
1050,汚,DIRTY,KLC_01050,1,RAD_00085,水,"water, *liquid*",RAD,,PRIMITIVE_OR_NONKLC,https://docs.google.com/spreadsheets/d/13rdpmsI5n0dnsb33u4YHGwI8VrWtCeLDWDELO_hC7Qs
1053,昇,ASCEND,KLC_01053,1,RAD_00072,日,"sun, day",RAD,,PRIMITIVE_OR_NONKLC,https://docs.google.com/spreadsheets/d/13rdpmsI5n0dnsb33u4YHGwI8VrWtCeLDWDELO_hC7Qs
1054,登,"CLIMB, REGISTER",KLC_01054,1,RAD_00151,豆,"bean, pea, small thing",RAD,,PRIMITIVE_OR_NONKLC,https://docs.google.com/spreadsheets/d/13rdpmsI5n0dnsb33u4YHGwI8VrWtCeLDWDELO_hC7Qs
1054,登,"CLIMB, REGISTER",KLC_01054,2,RAD_00105,癶,"footsteps, tent",RAD,,PRIMITIVE_OR_NONKLC,https://docs.google.com/spreadsheets/d/13rdpmsI5n0dnsb33u4YHGwI8VrWtCeLDWDELO_hC7Qs
1055,澄,"LUCIDITY, CLARITY",KLC_01055,1,RAD_00085,水,"water, *liquid*",RAD,,PRIMITIVE_OR_NONKLC,https://docs.google.com/spreadsheets/d/13rdpmsI5n0dnsb33u4YHGwI8VrWtCeLDWDELO_hC7Qs
1055,澄,"LUCIDITY, CLARITY",KLC_01055,2,KLC_01054,登,"CLIMB, REGISTER",KLC,1054,EARLIER_OR_SAME_KLC,https://docs.google.com/spreadsheets/d/13rdpmsI5n0dnsb33u4YHGwI8VrWtCeLDWDELO_hC7Qs
1056,充,"FILL, ALLOT",KLC_01056,1,RAD_00008,亠,lid,RAD,,PRIMITIVE_OR_NONKLC,https://docs.google.com/spreadsheets/d/13rdpmsI5n0dnsb33u4YHGwI8VrWtCeLDWDELO_hC7Qs
1057,銃,GUN,KLC_01057,1,KLC_01056,充,"FILL, ALLOT",KLC,1056,EARLIER_OR_SAME_KLC,https://docs.google.com/spreadsheets/d/13rdpmsI5n0dnsb33u4YHGwI8VrWtCeLDWDELO_hC7Qs
1057,銃,GUN,KLC_01057,2,RAD_00167,金,"metal, gold, money",RAD,,PRIMITIVE_OR_NONKLC,https://docs.google.com/spreadsheets/d/13rdpmsI5n0dnsb33u4YHGwI8VrWtCeLDWDELO_hC7Qs
1058,統,"UNITE, RELATIONSHIP",KLC_01058,1,KLC_01056,充,"FILL, ALLOT",KLC,1056,EARLIER_OR_SAME_KLC,https://docs.google.com/spreadsheets/d/13rdpmsI5n0dnsb33u4YHGwI8VrWtCeLDWDELO_hC7Qs
1058,統,"UNITE, RELATIONSHIP",KLC_01058,2,RAD_00120,糸,"thread, silk",RAD,,PRIMITIVE_OR_NONKLC,https://docs.google.com/spreadsheets/d/13rdpmsI5n0dnsb33u4YHGwI8VrWtCeLDWDELO_hC7Qs
1059,流,"FLOW, CURRENT, STYLE",KLC_01059,1,RAD_00085,水,"water, *liquid*",RAD,,PRIMITIVE_OR_NONKLC,https://docs.google.com/spreadsheets/d/13rdpmsI5n0dnsb33u4YHGwI8VrWtCeLDWDELO_hC7Qs
1060,硫,SULFUR,KLC_01060,1,KLC_01059,流,"FLOW, CURRENT, STYLE",KLC,1059,EARLIER_OR_SAME_KLC,https://docs.google.com/spreadsheets/d/13rdpmsI5n0dnsb33u4YHGwI8VrWtCeLDWDELO_hC7Qs
1060,硫,SULFUR,KLC_01060,2,RAD_00112,石,"stone, rock",RAD,,PRIMITIVE_OR_NONKLC,https://docs.google.com/spreadsheets/d/13rdpmsI5n0dnsb33u4YHGwI8VrWtCeLDWDELO_hC7Qs
1061,盲,BLIND,KLC_01061,1,KLC_00233,亡,DECEASED,KLC,233,EARLIER_OR_SAME_KLC,https://docs.google.com/spreadsheets/d/13rdpmsI5n0dnsb33u4YHGwI8VrWtCeLDWDELO_hC7Qs
1061,盲,BLIND,KLC_01061,2,RAD_00109,目,eye,RAD,,PRIMITIVE_OR_NONKLC,https://docs.google.com/spreadsheets/d/13rdpmsI5n0dnsb33u4YHGwI8VrWtCeLDWDELO_hC7Qs
1062,忘,FORGET,KLC_01062,1,KLC_00233,亡,DECEASED,KLC,233,EARLIER_OR_SAME_KLC,https://docs.google.com/spreadsheets/d/13rdpmsI5n0dnsb33u4YHGwI8VrWtCeLDWDELO_hC7Qs
1062,忘,FORGET,KLC_01062,2,RAD_00061,心,"heart, mind, spirit",RAD,,PRIMITIVE_OR_NONKLC,https://docs.google.com/spreadsheets/d/13rdpmsI5n0dnsb33u4YHGwI8VrWtCeLDWDELO_hC7Qs
1063,忙,BUSY,KLC_01063,1,KLC_00233,亡,DECEASED,KLC,233,EARLIER_OR_SAME_KLC,https://docs.google.com/spreadsheets/d/13rdpmsI5n0dnsb33u4YHGwI8VrWtCeLDWDELO_hC7Qs
1063,忙,BUSY,KLC_01063,2,RAD_00061,心,"heart, mind, spirit",RAD,,PRIMITIVE_OR_NONKLC,https://docs.google.com/spreadsheets/d/13rdpmsI5n0dnsb33u4YHGwI8VrWtCeLDWDELO_hC7Qs
1064,荒,"WILD, DEVASTATED",KLC_01064,1,RAD_00140,艸,"grass, vegetation",RAD,,PRIMITIVE_OR_NONKLC,https://docs.google.com/spreadsheets/d/13rdpmsI5n0dnsb33u4YHGwI8VrWtCeLDWDELO_hC7Qs
1064,荒,"WILD, DEVASTATED",KLC_01064,2,KLC_00233,亡,DECEASED,KLC,233,EARLIER_OR_SAME_KLC,https://docs.google.com/spreadsheets/d/13rdpmsI5n0dnsb33u4YHGwI8VrWtCeLDWDELO_hC7Qs
1064,荒,"WILD, DEVASTATED",KLC_01064,3,RAD_00047,川,river,RAD,,PRIMITIVE_OR_NONKLC,https://docs.google.com/spreadsheets/d/13rdpmsI5n0dnsb33u4YHGwI8VrWtCeLDWDELO_hC7Qs
1065,慌,CONFUSED,KLC_01065,1,RAD_00061,心,"heart, mind, spirit",RAD,,PRIMITIVE_OR_NONKLC,https://docs.google.com/spreadsheets/d/13rdpmsI5n0dnsb33u4YHGwI8VrWtCeLDWDELO_hC7Qs
1065,慌,CONFUSED,KLC_01065,2,KLC_01064,荒,"WILD, DEVASTATED",KLC,1064,EARLIER_OR_SAME_KLC,https://docs.google.com/spreadsheets/d/13rdpmsI5n0dnsb33u4YHGwI8VrWtCeLDWDELO_hC7Qs
1066,望,"HOPE, EXPECT",KLC_01066,1,KLC_00072,王,KING,KLC,72,EARLIER_OR_SAME_KLC,https://docs.google.com/spreadsheets/d/13rdpmsI5n0dnsb33u4YHGwI8VrWtCeLDWDELO_hC7Qs
1066,望,"HOPE, EXPECT",KLC_01066,2,RAD_00074,月,"moon, month, *flesh*, *body part*",RAD,,PRIMITIVE_OR_NONKLC,https://docs.google.com/spreadsheets/d/13rdpmsI5n0dnsb33u4YHGwI8VrWtCeLDWDELO_hC7Qs
1066,望,"HOPE, EXPECT",KLC_01066,3,KLC_00233,亡,DECEASED,KLC,233,EARLIER_OR_SAME_KLC,https://docs.google.com/spreadsheets/d/13rdpmsI5n0dnsb33u4YHGwI8VrWtCeLDWDELO_hC7Qs
1067,希,"RARE, ASPIRE",KLC_01067,1,RAD_00050,巾,"cloth, towel, scarf",RAD,,PRIMITIVE_OR_NONKLC,https://docs.google.com/spreadsheets/d/13rdpmsI5n0dnsb33u4YHGwI8VrWtCeLDWDELO_hC7Qs
1068,稀,RARE,KLC_01068,1,KLC_01067,希,"RARE, ASPIRE",KLC,1067,EARLIER_OR_SAME_KLC,https://docs.google.com/spreadsheets/d/13rdpmsI5n0dnsb33u4YHGwI8VrWtCeLDWDELO_hC7Qs
1068,稀,RARE,KLC_01068,2,RAD_00115,禾,grain,RAD,,PRIMITIVE_OR_NONKLC,https://docs.google.com/spreadsheets/d/13rdpmsI5n0dnsb33u4YHGwI8VrWtCeLDWDELO_hC7Qs
1069,括,"LUMP TOGETHER, FASTEN",KLC_01069,1,RAD_00064,手,"hand, performer of action",RAD,,PRIMITIVE_OR_NONKLC,https://docs.google.com/spreadsheets/d/13rdpmsI5n0dnsb33u4YHGwI8VrWtCeLDWDELO_hC7Qs
1069,括,"LUMP TOGETHER, FASTEN",KLC_01069,2,RAD_00135,舌,tongue,RAD,,PRIMITIVE_OR_NONKLC,https://docs.google.com/spreadsheets/d/13rdpmsI5n0dnsb33u4YHGwI8VrWtCeLDWDELO_hC7Qs
1070,拘,ARREST,KLC_01070,1,RAD_00064,手,"hand, performer of action",RAD,,PRIMITIVE_OR_NONKLC,https://docs.google.com/spreadsheets/d/13rdpmsI5n0dnsb33u4YHGwI8VrWtCeLDWDELO_hC7Qs
1070,拘,ARREST,KLC_01070,2,KLC_00166,句,"PHRASE, HAIKU",KLC,166,EARLIER_OR_SAME_KLC,https://docs.google.com/spreadsheets/d/13rdpmsI5n0dnsb33u4YHGwI8VrWtCeLDWDELO_hC7Qs
1071,拾,PICK UP,KLC_01071,1,RAD_00064,手,"hand, performer of action",RAD,,PRIMITIVE_OR_NONKLC,https://docs.google.com/spreadsheets/d/13rdpmsI5n0dnsb33u4YHGwI8VrWtCeLDWDELO_hC7Qs
1071,拾,PICK UP,KLC_01071,2,KLC_00227,合,"COMBINE, FIT",KLC,227,EARLIER_OR_SAME_KLC,https://docs.google.com/spreadsheets/d/13rdpmsI5n0dnsb33u4YHGwI8VrWtCeLDWDELO_hC7Qs
1072,捨,DISCARD,KLC_01072,1,RAD_00064,手,"hand, performer of action",RAD,,PRIMITIVE_OR_NONKLC,https://docs.google.com/spreadsheets/d/13rdpmsI5n0dnsb33u4YHGwI8VrWtCeLDWDELO_hC7Qs
1072,捨,DISCARD,KLC_01072,2,KLC_00910,舎,HUT,KLC,910,EARLIER_OR_SAME_KLC,https://docs.google.com/spreadsheets/d/13rdpmsI5n0dnsb33u4YHGwI8VrWtCeLDWDELO_hC7Qs
1073,孤,"SOLITARY, ALONE",KLC_01073,1,RAD_00039,子,child,RAD,,PRIMITIVE_OR_NONKLC,https://docs.google.com/spreadsheets/d/13rdpmsI5n0dnsb33u4YHGwI8VrWtCeLDWDELO_hC7Qs
1073,孤,"SOLITARY, ALONE",KLC_01073,2,RAD_00097,瓜,melon,RAD,,PRIMITIVE_OR_NONKLC,https://docs.google.com/spreadsheets/d/13rdpmsI5n0dnsb33u4YHGwI8VrWtCeLDWDELO_hC7Qs
1074,弧,"ARC, BOW",KLC_01074,1,RAD_00057,弓,bow,RAD,,PRIMITIVE_OR_NONKLC,https://docs.google.com/spreadsheets/d/13rdpmsI5n0dnsb33u4YHGwI8VrWtCeLDWDELO_hC7Qs
1074,弧,"ARC, BOW",KLC_01074,2,RAD_00097,瓜,melon,RAD,,PRIMITIVE_OR_NONKLC,https://docs.google.com/spreadsheets/d/13rdpmsI5n0dnsb33u4YHGwI8VrWtCeLDWDELO_hC7Qs
1075,弾,"PROJECTILE, SNAP",KLC_01075,1,KLC_00462,単,"SINGLE, SIMPLE",KLC,462,EARLIER_OR_SAME_KLC,https://docs.google.com/spreadsheets/d/13rdpmsI5n0dnsb33u4YHGwI8VrWtCeLDWDELO_hC7Qs
1075,弾,"PROJECTILE, SNAP",KLC_01075,2,RAD_00057,弓,bow,RAD,,PRIMITIVE_OR_NONKLC,https://docs.google.com/spreadsheets/d/13rdpmsI5n0dnsb33u4YHGwI8VrWtCeLDWDELO_hC7Qs
1076,禅,ZEN,KLC_01076,1,KLC_00462,単,"SINGLE, SIMPLE",KLC,462,EARLIER_OR_SAME_KLC,https://docs.google.com/spreadsheets/d/13rdpmsI5n0dnsb33u4YHGwI8VrWtCeLDWDELO_hC7Qs
1076,禅,ZEN,KLC_01076,2,RAD_00113,示,"spirit, sign, show",RAD,,PRIMITIVE_OR_NONKLC,https://docs.google.com/spreadsheets/d/13rdpmsI5n0dnsb33u4YHGwI8VrWtCeLDWDELO_hC7Qs
1077,系,"SYSTEM, LINEAGE",KLC_01077,1,RAD_00120,糸,"thread, silk",RAD,,PRIMITIVE_OR_NONKLC,https://docs.google.com/spreadsheets/d/13rdpmsI5n0dnsb33u4YHGwI8VrWtCeLDWDELO_hC7Qs
1078,係,"CONNECT, PERSON IN CHARGE",KLC_01078,1,RAD_00009,人,"person, *roof*",RAD,,PRIMITIVE_OR_NONKLC,https://docs.google.com/spreadsheets/d/13rdpmsI5n0dnsb33u4YHGwI8VrWtCeLDWDELO_hC7Qs
1078,係,"CONNECT, PERSON IN CHARGE",KLC_01078,2,KLC_01077,系,"SYSTEM, LINEAGE",KLC,1077,EARLIER_OR_SAME_KLC,https://docs.google.com/spreadsheets/d/13rdpmsI5n0dnsb33u4YHGwI8VrWtCeLDWDELO_hC7Qs
1079,孫,GRANDCHILD,KLC_01079,1,RAD_00039,子,child,RAD,,PRIMITIVE_OR_NONKLC,https://docs.google.com/spreadsheets/d/13rdpmsI5n0dnsb33u4YHGwI8VrWtCeLDWDELO_hC7Qs
1079,孫,GRANDCHILD,KLC_01079,2,KLC_01077,系,"SYSTEM, LINEAGE",KLC,1077,EARLIER_OR_SAME_KLC,https://docs.google.com/spreadsheets/d/13rdpmsI5n0dnsb33u4YHGwI8VrWtCeLDWDELO_hC7Qs
1081,偏,"ONE-SIDED, PARTIAL",KLC_01081,1,RAD_00009,人,"person, *roof*",RAD,,PRIMITIVE_OR_NONKLC,https://docs.google.com/spreadsheets/d/13rdpmsI5n0dnsb33u4YHGwI8VrWtCeLDWDELO_hC7Qs
1081,偏,"ONE-SIDED, PARTIAL",KLC_01081,2,KLC_00824,冊,"COUNTER FOR BOOKS, *bookcase*",KLC,824,EARLIER_OR_SAME_KLC,https://docs.google.com/spreadsheets/d/13rdpmsI5n0dnsb33u4YHGwI8VrWtCeLDWDELO_hC7Qs
1082,遍,"TIMES [counter], EVERYWHERE",KLC_01082,1,KLC_00824,冊,"COUNTER FOR BOOKS, *bookcase*",KLC,824,EARLIER_OR_SAME_KLC,https://docs.google.com/spreadsheets/d/13rdpmsI5n0dnsb33u4YHGwI8VrWtCeLDWDELO_hC7Qs
1082,遍,"TIMES [counter], EVERYWHERE",KLC_01082,2,RAD_00162,辵,"walk, *transport*",RAD,,PRIMITIVE_OR_NONKLC,https://docs.google.com/spreadsheets/d/13rdpmsI5n0dnsb33u4YHGwI8VrWtCeLDWDELO_hC7Qs
1083,編,"COMPILE, KNIT",KLC_01083,1,RAD_00120,糸,"thread, silk",RAD,,PRIMITIVE_OR_NONKLC,https://docs.google.com/spreadsheets/d/13rdpmsI5n0dnsb33u4YHGwI8VrWtCeLDWDELO_hC7Qs
1083,編,"COMPILE, KNIT",KLC_01083,2,KLC_00824,冊,"COUNTER FOR BOOKS, *bookcase*",KLC,824,EARLIER_OR_SAME_KLC,https://docs.google.com/spreadsheets/d/13rdpmsI5n0dnsb33u4YHGwI8VrWtCeLDWDELO_hC7Qs
1084,篇,"VOLUME, CHAPTER",KLC_01084,1,RAD_00118,竹,"bamboo, counting",RAD,,PRIMITIVE_OR_NONKLC,https://docs.google.com/spreadsheets/d/13rdpmsI5n0dnsb33u4YHGwI8VrWtCeLDWDELO_hC7Qs
1084,篇,"VOLUME, CHAPTER",KLC_01084,2,KLC_00824,冊,"COUNTER FOR BOOKS, *bookcase*",KLC,824,EARLIER_OR_SAME_KLC,https://docs.google.com/spreadsheets/d/13rdpmsI5n0dnsb33u4YHGwI8VrWtCeLDWDELO_hC7Qs
1085,普,"WIDESPREAD, UNIVERSAL",KLC_01085,1,KLC_00333,並,LINE UP,KLC,333,EARLIER_OR_SAME_KLC,https://docs.google.com/spreadsheets/d/13rdpmsI5n0dnsb33u4YHGwI8VrWtCeLDWDELO_hC7Qs
1085,普,"WIDESPREAD, UNIVERSAL",KLC_01085,2,RAD_00072,日,"sun, day",RAD,,PRIMITIVE_OR_NONKLC,https://docs.google.com/spreadsheets/d/13rdpmsI5n0dnsb33u4YHGwI8VrWtCeLDWDELO_hC7Qs
1086,譜,"RECORD [history], MUSIC SCORE",KLC_01086,1,RAD_00149,言,"speech, word, say",RAD,,PRIMITIVE_OR_NONKLC,https://docs.google.com/spreadsheets/d/13rdpmsI5n0dnsb33u4YHGwI8VrWtCeLDWDELO_hC7Qs
1086,譜,"RECORD [history], MUSIC SCORE",KLC_01086,2,KLC_01085,普,"WIDESPREAD, UNIVERSAL",KLC,1085,EARLIER_OR_SAME_KLC,https://docs.google.com/spreadsheets/d/13rdpmsI5n0dnsb33u4YHGwI8VrWtCeLDWDELO_hC7Qs
1087,職,EMPLOYMENT,KLC_01087,1,RAD_00062,戈,"halberd, spear",RAD,,PRIMITIVE_OR_NONKLC,https://docs.google.com/spreadsheets/d/13rdpmsI5n0dnsb33u4YHGwI8VrWtCeLDWDELO_hC7Qs
1087,職,EMPLOYMENT,KLC_01087,2,RAD_00128,耳,"ear, hearing",RAD,,PRIMITIVE_OR_NONKLC,https://docs.google.com/spreadsheets/d/13rdpmsI5n0dnsb33u4YHGwI8VrWtCeLDWDELO_hC7Qs
1087,職,EMPLOYMENT,KLC_01087,3,RAD_00180,音,sound,RAD,,PRIMITIVE_OR_NONKLC,https://docs.google.com/spreadsheets/d/13rdpmsI5n0dnsb33u4YHGwI8VrWtCeLDWDELO_hC7Qs
1088,織,WEAVE,KLC_01088,1,RAD_00180,音,sound,RAD,,PRIMITIVE_OR_NONKLC,https://docs.google.com/spreadsheets/d/13rdpmsI5n0dnsb33u4YHGwI8VrWtCeLDWDELO_hC7Qs
1088,織,WEAVE,KLC_01088,2,RAD_00062,戈,"halberd, spear",RAD,,PRIMITIVE_OR_NONKLC,https://docs.google.com/spreadsheets/d/13rdpmsI5n0dnsb33u4YHGwI8VrWtCeLDWDELO_hC7Qs
1088,織,WEAVE,KLC_01088,3,RAD_00120,糸,"thread, silk",RAD,,PRIMITIVE_OR_NONKLC,https://docs.google.com/spreadsheets/d/13rdpmsI5n0dnsb33u4YHGwI8VrWtCeLDWDELO_hC7Qs
1089,識,"DISCRIMINATE, KNOW",KLC_01089,1,RAD_00180,音,sound,RAD,,PRIMITIVE_OR_NONKLC,https://docs.google.com/spreadsheets/d/13rdpmsI5n0dnsb33u4YHGwI8VrWtCeLDWDELO_hC7Qs
1089,識,"DISCRIMINATE, KNOW",KLC_01089,2,RAD_00062,戈,"halberd, spear",RAD,,PRIMITIVE_OR_NONKLC,https://docs.google.com/spreadsheets/d/13rdpmsI5n0dnsb33u4YHGwI8VrWtCeLDWDELO_hC7Qs
1089,識,"DISCRIMINATE, KNOW",KLC_01089,3,RAD_00149,言,"speech, word, say",RAD,,PRIMITIVE_OR_NONKLC,https://docs.google.com/spreadsheets/d/13rdpmsI5n0dnsb33u4YHGwI8VrWtCeLDWDELO_hC7Qs
1090,殉,MARTYRDOM,KLC_01090,1,RAD_00078,歹,death,RAD,,PRIMITIVE_OR_NONKLC,https://docs.google.com/spreadsheets/d/13rdpmsI5n0dnsb33u4YHGwI8VrWtCeLDWDELO_hC7Qs
1090,殉,MARTYRDOM,KLC_01090,2,KLC_00167,旬,TEN-DAY PERIOD,KLC,167,EARLIER_OR_SAME_KLC,https://docs.google.com/spreadsheets/d/13rdpmsI5n0dnsb33u4YHGwI8VrWtCeLDWDELO_hC7Qs
1091,退,RETREAT,KLC_01091,1,RAD_00162,辵,"walk, *transport*",RAD,,PRIMITIVE_OR_NONKLC,https://docs.google.com/spreadsheets/d/13rdpmsI5n0dnsb33u4YHGwI8VrWtCeLDWDELO_hC7Qs
1091,退,RETREAT,KLC_01091,2,RAD_00138,艮,stopping,RAD,,PRIMITIVE_OR_NONKLC,https://docs.google.com/spreadsheets/d/13rdpmsI5n0dnsb33u4YHGwI8VrWtCeLDWDELO_hC7Qs
1092,眼,EYEBALL,KLC_01092,1,RAD_00109,目,eye,RAD,,PRIMITIVE_OR_NONKLC,https://docs.google.com/spreadsheets/d/13rdpmsI5n0dnsb33u4YHGwI8VrWtCeLDWDELO_hC7Qs
1092,眼,EYEBALL,KLC_01092,2,RAD_00138,艮,stopping,RAD,,PRIMITIVE_OR_NONKLC,https://docs.google.com/spreadsheets/d/13rdpmsI5n0dnsb33u4YHGwI8VrWtCeLDWDELO_hC7Qs
1093,智,"WISDOM, INTELLIGENCE",KLC_01093,1,KLC_00560,知,KNOW,KLC,560,EARLIER_OR_SAME_KLC,https://docs.google.com/spreadsheets/d/13rdpmsI5n0dnsb33u4YHGwI8VrWtCeLDWDELO_hC7Qs
1093,智,"WISDOM, INTELLIGENCE",KLC_01093,2,RAD_00072,日,"sun, day",RAD,,PRIMITIVE_OR_NONKLC,https://docs.google.com/spreadsheets/d/13rdpmsI5n0dnsb33u4YHGwI8VrWtCeLDWDELO_hC7Qs
1094,仁,HUMANITY [virtue],KLC_01094,1,RAD_00009,人,"person, *roof*",RAD,,PRIMITIVE_OR_NONKLC,https://docs.google.com/spreadsheets/d/13rdpmsI5n0dnsb33u4YHGwI8VrWtCeLDWDELO_hC7Qs
1094,仁,HUMANITY [virtue],KLC_01094,2,RAD_00007,二,two,RAD,,PRIMITIVE_OR_NONKLC,https://docs.google.com/spreadsheets/d/13rdpmsI5n0dnsb33u4YHGwI8VrWtCeLDWDELO_hC7Qs
1095,忍,"ENDURE, BEAR, CONCEAL",KLC_01095,1,KLC_00087,刃,BLADE,KLC,87,EARLIER_OR_SAME_KLC,https://docs.google.com/spreadsheets/d/13rdpmsI5n0dnsb33u4YHGwI8VrWtCeLDWDELO_hC7Qs
1095,忍,"ENDURE, BEAR, CONCEAL",KLC_01095,2,RAD_00061,心,"heart, mind, spirit",RAD,,PRIMITIVE_OR_NONKLC,https://docs.google.com/spreadsheets/d/13rdpmsI5n0dnsb33u4YHGwI8VrWtCeLDWDELO_hC7Qs
1096,認,"RECOGNIZE, ACKNOWLEDGE",KLC_01096,1,RAD_00149,言,"speech, word, say",RAD,,PRIMITIVE_OR_NONKLC,https://docs.google.com/spreadsheets/d/13rdpmsI5n0dnsb33u4YHGwI8VrWtCeLDWDELO_hC7Qs
1096,認,"RECOGNIZE, ACKNOWLEDGE",KLC_01096,2,KLC_01095,忍,"ENDURE, BEAR, CONCEAL",KLC,1095,EARLIER_OR_SAME_KLC,https://docs.google.com/spreadsheets/d/13rdpmsI5n0dnsb33u4YHGwI8VrWtCeLDWDELO_hC7Qs
1097,求,"SEEK, REQUEST",KLC_01097,1,RAD_00085,水,"water, *liquid*",RAD,,PRIMITIVE_OR_NONKLC,https://docs.google.com/spreadsheets/d/13rdpmsI5n0dnsb33u4YHGwI8VrWtCeLDWDELO_hC7Qs
1098,救,SAVE,KLC_01098,1,KLC_01097,求,"SEEK, REQUEST",KLC,1097,EARLIER_OR_SAME_KLC,https://docs.google.com/spreadsheets/d/13rdpmsI5n0dnsb33u4YHGwI8VrWtCeLDWDELO_hC7Qs
1098,救,SAVE,KLC_01098,2,RAD_00066,攴,"hit, strike, *action*",RAD,,PRIMITIVE_OR_NONKLC,https://docs.google.com/spreadsheets/d/13rdpmsI5n0dnsb33u4YHGwI8VrWtCeLDWDELO_hC7Qs
1099,球,"BALL, SPHERE",KLC_01099,1,RAD_00096,玉,"jewel, spherical object",RAD,,PRIMITIVE_OR_NONKLC,https://docs.google.com/spreadsheets/d/13rdpmsI5n0dnsb33u4YHGwI8VrWtCeLDWDELO_hC7Qs
1099,球,"BALL, SPHERE",KLC_01099,2,KLC_01097,求,"SEEK, REQUEST",KLC,1097,EARLIER_OR_SAME_KLC,https://docs.google.com/spreadsheets/d/13rdpmsI5n0dnsb33u4YHGwI8VrWtCeLDWDELO_hC7Qs
1100,屯,"CAMP, POLICE STATION",KLC_01100,1,RAD_00009,人,"person, *roof*",RAD,,PRIMITIVE_OR_NONKLC,https://docs.google.com/spreadsheets/d/13rdpmsI5n0dnsb33u4YHGwI8VrWtCeLDWDELO_hC7Qs
1100,屯,"CAMP, POLICE STATION",KLC_01100,2,RAD_00046,山,mountain,RAD,,PRIMITIVE_OR_NONKLC,https://docs.google.com/spreadsheets/d/13rdpmsI5n0dnsb33u4YHGwI8VrWtCeLDWDELO_hC7Qs
1101,純,"PURE, INNOCENCE",KLC_01101,1,RAD_00120,糸,"thread, silk",RAD,,PRIMITIVE_OR_NONKLC,https://docs.google.com/spreadsheets/d/13rdpmsI5n0dnsb33u4YHGwI8VrWtCeLDWDELO_hC7Qs
1101,純,"PURE, INNOCENCE",KLC_01101,2,KLC_01100,屯,"CAMP, POLICE STATION",KLC,1100,EARLIER_OR_SAME_KLC,https://docs.google.com/spreadsheets/d/13rdpmsI5n0dnsb33u4YHGwI8VrWtCeLDWDELO_hC7Qs
1102,鈍,"DULL, SLOW",KLC_01102,1,RAD_00167,金,"metal, gold, money",RAD,,PRIMITIVE_OR_NONKLC,https://docs.google.com/spreadsheets/d/13rdpmsI5n0dnsb33u4YHGwI8VrWtCeLDWDELO_hC7Qs
1103,召,"SUMMON, CALL",KLC_01103,1,RAD_00030,口,"mouth, *opening*",RAD,,PRIMITIVE_OR_NONKLC,https://docs.google.com/spreadsheets/d/13rdpmsI5n0dnsb33u4YHGwI8VrWtCeLDWDELO_hC7Qs
1103,召,"SUMMON, CALL",KLC_01103,2,RAD_00018,刀,"knife, sword, *cut*",RAD,,PRIMITIVE_OR_NONKLC,https://docs.google.com/spreadsheets/d/13rdpmsI5n0dnsb33u4YHGwI8VrWtCeLDWDELO_hC7Qs
1104,招,INVITE,KLC_01104,1,RAD_00064,手,"hand, performer of action",RAD,,PRIMITIVE_OR_NONKLC,https://docs.google.com/spreadsheets/d/13rdpmsI5n0dnsb33u4YHGwI8VrWtCeLDWDELO_hC7Qs
1104,招,INVITE,KLC_01104,2,KLC_01103,召,"SUMMON, CALL",KLC,1103,EARLIER_OR_SAME_KLC,https://docs.google.com/spreadsheets/d/13rdpmsI5n0dnsb33u4YHGwI8VrWtCeLDWDELO_hC7Qs
1105,沼,"MARSH, SWAMP",KLC_01105,1,RAD_00085,水,"water, *liquid*",RAD,,PRIMITIVE_OR_NONKLC,https://docs.google.com/spreadsheets/d/13rdpmsI5n0dnsb33u4YHGwI8VrWtCeLDWDELO_hC7Qs
1105,沼,"MARSH, SWAMP",KLC_01105,2,KLC_01103,召,"SUMMON, CALL",KLC,1103,EARLIER_OR_SAME_KLC,https://docs.google.com/spreadsheets/d/13rdpmsI5n0dnsb33u4YHGwI8VrWtCeLDWDELO_hC7Qs
1106,紹,INTRODUCE,KLC_01106,1,KLC_01103,召,"SUMMON, CALL",KLC,1103,EARLIER_OR_SAME_KLC,https://docs.google.com/spreadsheets/d/13rdpmsI5n0dnsb33u4YHGwI8VrWtCeLDWDELO_hC7Qs
1106,紹,INTRODUCE,KLC_01106,2,RAD_00120,糸,"thread, silk",RAD,,PRIMITIVE_OR_NONKLC,https://docs.google.com/spreadsheets/d/13rdpmsI5n0dnsb33u4YHGwI8VrWtCeLDWDELO_hC7Qs
1107,詔,IMPERIAL EDICT,KLC_01107,1,KLC_01103,召,"SUMMON, CALL",KLC,1103,EARLIER_OR_SAME_KLC,https://docs.google.com/spreadsheets/d/13rdpmsI5n0dnsb33u4YHGwI8VrWtCeLDWDELO_hC7Qs
1107,詔,IMPERIAL EDICT,KLC_01107,2,RAD_00149,言,"speech, word, say",RAD,,PRIMITIVE_OR_NONKLC,https://docs.google.com/spreadsheets/d/13rdpmsI5n0dnsb33u4YHGwI8VrWtCeLDWDELO_hC7Qs
1108,勅,IMPERIAL DECREE,KLC_01108,1,RAD_00019,力,"power, strength",RAD,,PRIMITIVE_OR_NONKLC,https://docs.google.com/spreadsheets/d/13rdpmsI5n0dnsb33u4YHGwI8VrWtCeLDWDELO_hC7Qs
1108,勅,IMPERIAL DECREE,KLC_01108,2,KLC_00307,束,"TIE UP, BUNDLE",KLC,307,EARLIER_OR_SAME_KLC,https://docs.google.com/spreadsheets/d/13rdpmsI5n0dnsb33u4YHGwI8VrWtCeLDWDELO_hC7Qs
1109,昭,"BRIGHT, LUMINOUS",KLC_01109,1,KLC_01103,召,"SUMMON, CALL",KLC,1103,EARLIER_OR_SAME_KLC,https://docs.google.com/spreadsheets/d/13rdpmsI5n0dnsb33u4YHGwI8VrWtCeLDWDELO_hC7Qs
1109,昭,"BRIGHT, LUMINOUS",KLC_01109,2,RAD_00072,日,"sun, day",RAD,,PRIMITIVE_OR_NONKLC,https://docs.google.com/spreadsheets/d/13rdpmsI5n0dnsb33u4YHGwI8VrWtCeLDWDELO_hC7Qs
1110,照,"ILLUMINATE, COMPARE",KLC_01110,1,RAD_00086,火,fire,RAD,,PRIMITIVE_OR_NONKLC,https://docs.google.com/spreadsheets/d/13rdpmsI5n0dnsb33u4YHGwI8VrWtCeLDWDELO_hC7Qs
1110,照,"ILLUMINATE, COMPARE",KLC_01110,2,KLC_01109,昭,"BRIGHT, LUMINOUS",KLC,1109,EARLIER_OR_SAME_KLC,https://docs.google.com/spreadsheets/d/13rdpmsI5n0dnsb33u4YHGwI8VrWtCeLDWDELO_hC7Qs
1111,超,"SURPASS, ULTRA-",KLC_01111,1,KLC_01103,召,"SUMMON, CALL",KLC,1103,EARLIER_OR_SAME_KLC,https://docs.google.com/spreadsheets/d/13rdpmsI5n0dnsb33u4YHGwI8VrWtCeLDWDELO_hC7Qs
1111,超,"SURPASS, ULTRA-",KLC_01111,2,RAD_00156,走,run,RAD,,PRIMITIVE_OR_NONKLC,https://docs.google.com/spreadsheets/d/13rdpmsI5n0dnsb33u4YHGwI8VrWtCeLDWDELO_hC7Qs
1112,越,"SURPASS, GO BEYOND",KLC_01112,1,RAD_00062,戈,"halberd, spear",RAD,,PRIMITIVE_OR_NONKLC,https://docs.google.com/spreadsheets/d/13rdpmsI5n0dnsb33u4YHGwI8VrWtCeLDWDELO_hC7Qs
1112,越,"SURPASS, GO BEYOND",KLC_01112,2,RAD_00156,走,run,RAD,,PRIMITIVE_OR_NONKLC,https://docs.google.com/spreadsheets/d/13rdpmsI5n0dnsb33u4YHGwI8VrWtCeLDWDELO_hC7Qs
1113,趣,"GIST, FLAVOR",KLC_01113,1,RAD_00156,走,run,RAD,,PRIMITIVE_OR_NONKLC,https://docs.google.com/spreadsheets/d/13rdpmsI5n0dnsb33u4YHGwI8VrWtCeLDWDELO_hC7Qs
1113,趣,"GIST, FLAVOR",KLC_01113,2,KLC_00059,取,TAKE,KLC,59,EARLIER_OR_SAME_KLC,https://docs.google.com/spreadsheets/d/13rdpmsI5n0dnsb33u4YHGwI8VrWtCeLDWDELO_hC7Qs
1114,赴,PROCEED TO,KLC_01114,1,RAD_00156,走,run,RAD,,PRIMITIVE_OR_NONKLC,https://docs.google.com/spreadsheets/d/13rdpmsI5n0dnsb33u4YHGwI8VrWtCeLDWDELO_hC7Qs
1114,赴,PROCEED TO,KLC_01114,2,RAD_00025,卜,"divination, divining rod, predict",RAD,,PRIMITIVE_OR_NONKLC,https://docs.google.com/spreadsheets/d/13rdpmsI5n0dnsb33u4YHGwI8VrWtCeLDWDELO_hC7Qs
1115,訃,DEATH REPORT,KLC_01115,1,RAD_00149,言,"speech, word, say",RAD,,PRIMITIVE_OR_NONKLC,https://docs.google.com/spreadsheets/d/13rdpmsI5n0dnsb33u4YHGwI8VrWtCeLDWDELO_hC7Qs
1115,訃,DEATH REPORT,KLC_01115,2,RAD_00025,卜,"divination, divining rod, predict",RAD,,PRIMITIVE_OR_NONKLC,https://docs.google.com/spreadsheets/d/13rdpmsI5n0dnsb33u4YHGwI8VrWtCeLDWDELO_hC7Qs
1117,掛,HANG,KLC_01117,1,RAD_00064,手,"hand, performer of action",RAD,,PRIMITIVE_OR_NONKLC,https://docs.google.com/spreadsheets/d/13rdpmsI5n0dnsb33u4YHGwI8VrWtCeLDWDELO_hC7Qs
1118,摘,"PICK, PLUCK",KLC_01118,1,RAD_00064,手,"hand, performer of action",RAD,,PRIMITIVE_OR_NONKLC,https://docs.google.com/spreadsheets/d/13rdpmsI5n0dnsb33u4YHGwI8VrWtCeLDWDELO_hC7Qs
1118,摘,"PICK, PLUCK",KLC_01118,2,KLC_00351,商,"TRADE, COMMERCE",KLC,351,EARLIER_OR_SAME_KLC,https://docs.google.com/spreadsheets/d/13rdpmsI5n0dnsb33u4YHGwI8VrWtCeLDWDELO_hC7Qs
1119,滴,"DROP, DRIP",KLC_01119,1,KLC_00351,商,"TRADE, COMMERCE",KLC,351,EARLIER_OR_SAME_KLC,https://docs.google.com/spreadsheets/d/13rdpmsI5n0dnsb33u4YHGwI8VrWtCeLDWDELO_hC7Qs
1119,滴,"DROP, DRIP",KLC_01119,2,RAD_00085,水,"water, *liquid*",RAD,,PRIMITIVE_OR_NONKLC,https://docs.google.com/spreadsheets/d/13rdpmsI5n0dnsb33u4YHGwI8VrWtCeLDWDELO_hC7Qs
1120,嫡,LEGITIMATE WIFE/CHILD,KLC_01120,1,KLC_00351,商,"TRADE, COMMERCE",KLC,351,EARLIER_OR_SAME_KLC,https://docs.google.com/spreadsheets/d/13rdpmsI5n0dnsb33u4YHGwI8VrWtCeLDWDELO_hC7Qs
1121,適,"FIT, SUIT",KLC_01121,1,KLC_00351,商,"TRADE, COMMERCE",KLC,351,EARLIER_OR_SAME_KLC,https://docs.google.com/spreadsheets/d/13rdpmsI5n0dnsb33u4YHGwI8VrWtCeLDWDELO_hC7Qs
1121,適,"FIT, SUIT",KLC_01121,2,RAD_00162,辵,"walk, *transport*",RAD,,PRIMITIVE_OR_NONKLC,https://docs.google.com/spreadsheets/d/13rdpmsI5n0dnsb33u4YHGwI8VrWtCeLDWDELO_hC7Qs
1122,敵,ENEMY,KLC_01122,1,KLC_00351,商,"TRADE, COMMERCE",KLC,351,EARLIER_OR_SAME_KLC,https://docs.google.com/spreadsheets/d/13rdpmsI5n0dnsb33u4YHGwI8VrWtCeLDWDELO_hC7Qs
1122,敵,ENEMY,KLC_01122,2,RAD_00066,攴,"hit, strike, *action*",RAD,,PRIMITIVE_OR_NONKLC,https://docs.google.com/spreadsheets/d/13rdpmsI5n0dnsb33u4YHGwI8VrWtCeLDWDELO_hC7Qs
1123,授,"CONFER, INSTRUCT",KLC_01123,1,RAD_00064,手,"hand, performer of action",RAD,,PRIMITIVE_OR_NONKLC,https://docs.google.com/spreadsheets/d/13rdpmsI5n0dnsb33u4YHGwI8VrWtCeLDWDELO_hC7Qs
1123,授,"CONFER, INSTRUCT",KLC_01123,2,KLC_00065,受,"RECEIVE, ACCEPT",KLC,65,EARLIER_OR_SAME_KLC,https://docs.google.com/spreadsheets/d/13rdpmsI5n0dnsb33u4YHGwI8VrWtCeLDWDELO_hC7Qs
1124,援,"AID, SAVE",KLC_01124,1,SUP_00033,爰,give,SUP,,PRIMITIVE_OR_NONKLC,https://docs.google.com/spreadsheets/d/13rdpmsI5n0dnsb33u4YHGwI8VrWtCeLDWDELO_hC7Qs
1124,援,"AID, SAVE",KLC_01124,2,RAD_00064,手,"hand, performer of action",RAD,,PRIMITIVE_OR_NONKLC,https://docs.google.com/spreadsheets/d/13rdpmsI5n0dnsb33u4YHGwI8VrWtCeLDWDELO_hC7Qs
1125,媛,"DAMSEL, PRINCESS",KLC_01125,1,RAD_00038,女,woman,RAD,,PRIMITIVE_OR_NONKLC,https://docs.google.com/spreadsheets/d/13rdpmsI5n0dnsb33u4YHGwI8VrWtCeLDWDELO_hC7Qs
1125,媛,"DAMSEL, PRINCESS",KLC_01125,2,SUP_00033,爰,give,SUP,,PRIMITIVE_OR_NONKLC,https://docs.google.com/spreadsheets/d/13rdpmsI5n0dnsb33u4YHGwI8VrWtCeLDWDELO_hC7Qs
1126,緩,"SLACK, LOOSE",KLC_01126,1,RAD_00120,糸,"thread, silk",RAD,,PRIMITIVE_OR_NONKLC,https://docs.google.com/spreadsheets/d/13rdpmsI5n0dnsb33u4YHGwI8VrWtCeLDWDELO_hC7Qs
1126,緩,"SLACK, LOOSE",KLC_01126,2,SUP_00033,爰,give,SUP,,PRIMITIVE_OR_NONKLC,https://docs.google.com/spreadsheets/d/13rdpmsI5n0dnsb33u4YHGwI8VrWtCeLDWDELO_hC7Qs
1127,暖,WARM,KLC_01127,1,RAD_00072,日,"sun, day",RAD,,PRIMITIVE_OR_NONKLC,https://docs.google.com/spreadsheets/d/13rdpmsI5n0dnsb33u4YHGwI8VrWtCeLDWDELO_hC7Qs
1127,暖,WARM,KLC_01127,2,SUP_00033,爰,give,SUP,,PRIMITIVE_OR_NONKLC,https://docs.google.com/spreadsheets/d/13rdpmsI5n0dnsb33u4YHGwI8VrWtCeLDWDELO_hC7Qs
1128,観,"VIEW, APPEARANCE",KLC_01128,1,RAD_00172,隹,small bird,RAD,,PRIMITIVE_OR_NONKLC,https://docs.google.com/spreadsheets/d/13rdpmsI5n0dnsb33u4YHGwI8VrWtCeLDWDELO_hC7Qs
1128,観,"VIEW, APPEARANCE",KLC_01128,2,RAD_00111,矢,"arrow, *straight*",RAD,,PRIMITIVE_OR_NONKLC,https://docs.google.com/spreadsheets/d/13rdpmsI5n0dnsb33u4YHGwI8VrWtCeLDWDELO_hC7Qs
1128,観,"VIEW, APPEARANCE",KLC_01128,3,RAD_00147,見,see,RAD,,PRIMITIVE_OR_NONKLC,https://docs.google.com/spreadsheets/d/13rdpmsI5n0dnsb33u4YHGwI8VrWtCeLDWDELO_hC7Qs
1129,勧,"URGE, ENCOURAGE",KLC_01129,1,RAD_00172,隹,small bird,RAD,,PRIMITIVE_OR_NONKLC,https://docs.google.com/spreadsheets/d/13rdpmsI5n0dnsb33u4YHGwI8VrWtCeLDWDELO_hC7Qs
1129,勧,"URGE, ENCOURAGE",KLC_01129,2,RAD_00111,矢,"arrow, *straight*",RAD,,PRIMITIVE_OR_NONKLC,https://docs.google.com/spreadsheets/d/13rdpmsI5n0dnsb33u4YHGwI8VrWtCeLDWDELO_hC7Qs
1129,勧,"URGE, ENCOURAGE",KLC_01129,3,RAD_00019,力,"power, strength",RAD,,PRIMITIVE_OR_NONKLC,https://docs.google.com/spreadsheets/d/13rdpmsI5n0dnsb33u4YHGwI8VrWtCeLDWDELO_hC7Qs
1130,権,"RIGHT, POWER",KLC_01130,1,RAD_00172,隹,small bird,RAD,,PRIMITIVE_OR_NONKLC,https://docs.google.com/spreadsheets/d/13rdpmsI5n0dnsb33u4YHGwI8VrWtCeLDWDELO_hC7Qs
1130,権,"RIGHT, POWER",KLC_01130,2,RAD_00111,矢,"arrow, *straight*",RAD,,PRIMITIVE_OR_NONKLC,https://docs.google.com/spreadsheets/d/13rdpmsI5n0dnsb33u4YHGwI8VrWtCeLDWDELO_hC7Qs
1130,権,"RIGHT, POWER",KLC_01130,3,RAD_00075,木,tree,RAD,,PRIMITIVE_OR_NONKLC,https://docs.google.com/spreadsheets/d/13rdpmsI5n0dnsb33u4YHGwI8VrWtCeLDWDELO_hC7Qs
1131,歓,JOY,KLC_01131,1,RAD_00172,隹,small bird,RAD,,PRIMITIVE_OR_NONKLC,https://docs.google.com/spreadsheets/d/13rdpmsI5n0dnsb33u4YHGwI8VrWtCeLDWDELO_hC7Qs
1131,歓,JOY,KLC_01131,2,RAD_00111,矢,"arrow, *straight*",RAD,,PRIMITIVE_OR_NONKLC,https://docs.google.com/spreadsheets/d/13rdpmsI5n0dnsb33u4YHGwI8VrWtCeLDWDELO_hC7Qs
1131,歓,JOY,KLC_01131,3,RAD_00076,欠,"lack, *open mouth*",RAD,,PRIMITIVE_OR_NONKLC,https://docs.google.com/spreadsheets/d/13rdpmsI5n0dnsb33u4YHGwI8VrWtCeLDWDELO_hC7Qs
1132,鶴,CRANE [bird],KLC_01132,1,RAD_00172,隹,small bird,RAD,,PRIMITIVE_OR_NONKLC,https://docs.google.com/spreadsheets/d/13rdpmsI5n0dnsb33u4YHGwI8VrWtCeLDWDELO_hC7Qs
1132,鶴,CRANE [bird],KLC_01132,2,RAD_00196,鳥,bird,RAD,,PRIMITIVE_OR_NONKLC,https://docs.google.com/spreadsheets/d/13rdpmsI5n0dnsb33u4YHGwI8VrWtCeLDWDELO_hC7Qs
1133,確,"CERTAIN, DEFINITE, SOLID",KLC_01133,1,RAD_00112,石,"stone, rock",RAD,,PRIMITIVE_OR_NONKLC,https://docs.google.com/spreadsheets/d/13rdpmsI5n0dnsb33u4YHGwI8VrWtCeLDWDELO_hC7Qs
1133,確,"CERTAIN, DEFINITE, SOLID",KLC_01133,2,RAD_00172,隹,small bird,RAD,,PRIMITIVE_OR_NONKLC,https://docs.google.com/spreadsheets/d/13rdpmsI5n0dnsb33u4YHGwI8VrWtCeLDWDELO_hC7Qs
1134,慢,"ARROGANCE, LAZINESS",KLC_01134,1,RAD_00061,心,"heart, mind, spirit",RAD,,PRIMITIVE_OR_NONKLC,https://docs.google.com/spreadsheets/d/13rdpmsI5n0dnsb33u4YHGwI8VrWtCeLDWDELO_hC7Qs
1134,慢,"ARROGANCE, LAZINESS",KLC_01134,2,SUP_00034,曼,"wide, beautiful",SUP,,PRIMITIVE_OR_NONKLC,https://docs.google.com/spreadsheets/d/13rdpmsI5n0dnsb33u4YHGwI8VrWtCeLDWDELO_hC7Qs
1135,漫,"RAMBLING, COMIC",KLC_01135,1,RAD_00085,水,"water, *liquid*",RAD,,PRIMITIVE_OR_NONKLC,https://docs.google.com/spreadsheets/d/13rdpmsI5n0dnsb33u4YHGwI8VrWtCeLDWDELO_hC7Qs
1135,漫,"RAMBLING, COMIC",KLC_01135,2,SUP_00034,曼,"wide, beautiful",SUP,,PRIMITIVE_OR_NONKLC,https://docs.google.com/spreadsheets/d/13rdpmsI5n0dnsb33u4YHGwI8VrWtCeLDWDELO_hC7Qs
1137,抑,SUPPRESS,KLC_01137,1,RAD_00064,手,"hand, performer of action",RAD,,PRIMITIVE_OR_NONKLC,https://docs.google.com/spreadsheets/d/13rdpmsI5n0dnsb33u4YHGwI8VrWtCeLDWDELO_hC7Qs
1137,抑,SUPPRESS,KLC_01137,2,KLC_01136,卯,SIGN OF THE HARE,KLC,1136,EARLIER_OR_SAME_KLC,https://docs.google.com/spreadsheets/d/13rdpmsI5n0dnsb33u4YHGwI8VrWtCeLDWDELO_hC7Qs
1138,仰,"LOOK UP, RESPECT",KLC_01138,1,KLC_01136,卯,SIGN OF THE HARE,KLC,1136,EARLIER_OR_SAME_KLC,https://docs.google.com/spreadsheets/d/13rdpmsI5n0dnsb33u4YHGwI8VrWtCeLDWDELO_hC7Qs
1138,仰,"LOOK UP, RESPECT",KLC_01138,2,RAD_00009,人,"person, *roof*",RAD,,PRIMITIVE_OR_NONKLC,https://docs.google.com/spreadsheets/d/13rdpmsI5n0dnsb33u4YHGwI8VrWtCeLDWDELO_hC7Qs
1139,迎,"WELCOME, GREET",KLC_01139,1,KLC_01136,卯,SIGN OF THE HARE,KLC,1136,EARLIER_OR_SAME_KLC,https://docs.google.com/spreadsheets/d/13rdpmsI5n0dnsb33u4YHGwI8VrWtCeLDWDELO_hC7Qs
1139,迎,"WELCOME, GREET",KLC_01139,2,RAD_00162,辵,"walk, *transport*",RAD,,PRIMITIVE_OR_NONKLC,https://docs.google.com/spreadsheets/d/13rdpmsI5n0dnsb33u4YHGwI8VrWtCeLDWDELO_hC7Qs
1140,柳,WILLOW,KLC_01140,1,RAD_00075,木,tree,RAD,,PRIMITIVE_OR_NONKLC,https://docs.google.com/spreadsheets/d/13rdpmsI5n0dnsb33u4YHGwI8VrWtCeLDWDELO_hC7Qs
1142,疎,"SPARSE, NEGLECT",KLC_01142,1,RAD_00103,疋,bolt of cloth,RAD,,PRIMITIVE_OR_NONKLC,https://docs.google.com/spreadsheets/d/13rdpmsI5n0dnsb33u4YHGwI8VrWtCeLDWDELO_hC7Qs
1142,疎,"SPARSE, NEGLECT",KLC_01142,2,KLC_00307,束,"TIE UP, BUNDLE",KLC,307,EARLIER_OR_SAME_KLC,https://docs.google.com/spreadsheets/d/13rdpmsI5n0dnsb33u4YHGwI8VrWtCeLDWDELO_hC7Qs
1143,速,QUICK,KLC_01143,1,RAD_00162,辵,"walk, *transport*",RAD,,PRIMITIVE_OR_NONKLC,https://docs.google.com/spreadsheets/d/13rdpmsI5n0dnsb33u4YHGwI8VrWtCeLDWDELO_hC7Qs
1143,速,QUICK,KLC_01143,2,KLC_00307,束,"TIE UP, BUNDLE",KLC,307,EARLIER_OR_SAME_KLC,https://docs.google.com/spreadsheets/d/13rdpmsI5n0dnsb33u4YHGwI8VrWtCeLDWDELO_hC7Qs
1144,遅,"SLOW, LATE",KLC_01144,1,RAD_00162,辵,"walk, *transport*",RAD,,PRIMITIVE_OR_NONKLC,https://docs.google.com/spreadsheets/d/13rdpmsI5n0dnsb33u4YHGwI8VrWtCeLDWDELO_hC7Qs
1144,遅,"SLOW, LATE",KLC_01144,2,RAD_00123,羊,sheep,RAD,,PRIMITIVE_OR_NONKLC,https://docs.google.com/spreadsheets/d/13rdpmsI5n0dnsb33u4YHGwI8VrWtCeLDWDELO_hC7Qs
1145,辻,CROSSROAD,KLC_01145,1,RAD_00162,辵,"walk, *transport*",RAD,,PRIMITIVE_OR_NONKLC,https://docs.google.com/spreadsheets/d/13rdpmsI5n0dnsb33u4YHGwI8VrWtCeLDWDELO_hC7Qs
1146,迅,SWIFT,KLC_01146,1,RAD_00016,几,"table, wind",RAD,,PRIMITIVE_OR_NONKLC,https://docs.google.com/spreadsheets/d/13rdpmsI5n0dnsb33u4YHGwI8VrWtCeLDWDELO_hC7Qs
1146,迅,SWIFT,KLC_01146,2,KLC_01145,辻,CROSSROAD,KLC,1145,EARLIER_OR_SAME_KLC,https://docs.google.com/spreadsheets/d/13rdpmsI5n0dnsb33u4YHGwI8VrWtCeLDWDELO_hC7Qs
1147,加,"ADD, INCLUDE",KLC_01147,1,RAD_00030,口,"mouth, *opening*",RAD,,PRIMITIVE_OR_NONKLC,https://docs.google.com/spreadsheets/d/13rdpmsI5n0dnsb33u4YHGwI8VrWtCeLDWDELO_hC7Qs
1147,加,"ADD, INCLUDE",KLC_01147,2,RAD_00019,力,"power, strength",RAD,,PRIMITIVE_OR_NONKLC,https://docs.google.com/spreadsheets/d/13rdpmsI5n0dnsb33u4YHGwI8VrWtCeLDWDELO_hC7Qs
1148,減,DECREASE,KLC_01148,1,SUP_00017,戊,scythe,SUP,,PRIMITIVE_OR_NONKLC,https://docs.google.com/spreadsheets/d/13rdpmsI5n0dnsb33u4YHGwI8VrWtCeLDWDELO_hC7Qs
1148,減,DECREASE,KLC_01148,2,RAD_00085,水,"water, *liquid*",RAD,,PRIMITIVE_OR_NONKLC,https://docs.google.com/spreadsheets/d/13rdpmsI5n0dnsb33u4YHGwI8VrWtCeLDWDELO_hC7Qs
1149,滅,"DESTROY, EXTINGUISH",KLC_01149,1,RAD_00086,火,fire,RAD,,PRIMITIVE_OR_NONKLC,https://docs.google.com/spreadsheets/d/13rdpmsI5n0dnsb33u4YHGwI8VrWtCeLDWDELO_hC7Qs
1149,滅,"DESTROY, EXTINGUISH",KLC_01149,2,SUP_00017,戊,scythe,SUP,,PRIMITIVE_OR_NONKLC,https://docs.google.com/spreadsheets/d/13rdpmsI5n0dnsb33u4YHGwI8VrWtCeLDWDELO_hC7Qs
1149,滅,"DESTROY, EXTINGUISH",KLC_01149,3,RAD_00085,水,"water, *liquid*",RAD,,PRIMITIVE_OR_NONKLC,https://docs.google.com/spreadsheets/d/13rdpmsI5n0dnsb33u4YHGwI8VrWtCeLDWDELO_hC7Qs
1150,威,"MIGHT, INTIMIDATE",KLC_01150,1,SUP_00017,戊,scythe,SUP,,PRIMITIVE_OR_NONKLC,https://docs.google.com/spreadsheets/d/13rdpmsI5n0dnsb33u4YHGwI8VrWtCeLDWDELO_hC7Qs
1150,威,"MIGHT, INTIMIDATE",KLC_01150,2,RAD_00038,女,woman,RAD,,PRIMITIVE_OR_NONKLC,https://docs.google.com/spreadsheets/d/13rdpmsI5n0dnsb33u4YHGwI8VrWtCeLDWDELO_hC7Qs
1151,嚇,"THREATEN, MENACING",KLC_01151,1,RAD_00155,赤,red,RAD,,PRIMITIVE_OR_NONKLC,https://docs.google.com/spreadsheets/d/13rdpmsI5n0dnsb33u4YHGwI8VrWtCeLDWDELO_hC7Qs
1151,嚇,"THREATEN, MENACING",KLC_01151,2,RAD_00030,口,"mouth, *opening*",RAD,,PRIMITIVE_OR_NONKLC,https://docs.google.com/spreadsheets/d/13rdpmsI5n0dnsb33u4YHGwI8VrWtCeLDWDELO_hC7Qs
1152,或,"A CERTAIN, SOME",KLC_01152,1,RAD_00062,戈,"halberd, spear",RAD,,PRIMITIVE_OR_NONKLC,https://docs.google.com/spreadsheets/d/13rdpmsI5n0dnsb33u4YHGwI8VrWtCeLDWDELO_hC7Qs
1153,惑,"DECEIVE, PERPLEXITY",KLC_01153,1,RAD_00061,心,"heart, mind, spirit",RAD,,PRIMITIVE_OR_NONKLC,https://docs.google.com/spreadsheets/d/13rdpmsI5n0dnsb33u4YHGwI8VrWtCeLDWDELO_hC7Qs
1153,惑,"DECEIVE, PERPLEXITY",KLC_01153,2,KLC_01152,或,"A CERTAIN, SOME",KLC,1152,EARLIER_OR_SAME_KLC,https://docs.google.com/spreadsheets/d/13rdpmsI5n0dnsb33u4YHGwI8VrWtCeLDWDELO_hC7Qs
1154,域,"REGION, DISTRICT",KLC_01154,1,KLC_01152,或,"A CERTAIN, SOME",KLC,1152,EARLIER_OR_SAME_KLC,https://docs.google.com/spreadsheets/d/13rdpmsI5n0dnsb33u4YHGwI8VrWtCeLDWDELO_hC7Qs
1154,域,"REGION, DISTRICT",KLC_01154,2,RAD_00032,土,"soil, earth",RAD,,PRIMITIVE_OR_NONKLC,https://docs.google.com/spreadsheets/d/13rdpmsI5n0dnsb33u4YHGwI8VrWtCeLDWDELO_hC7Qs
1155,収,"INCOME, REAP",KLC_01155,1,RAD_00029,又,"again, or, *hand*",RAD,,PRIMITIVE_OR_NONKLC,https://docs.google.com/spreadsheets/d/13rdpmsI5n0dnsb33u4YHGwI8VrWtCeLDWDELO_hC7Qs
1156,納,"PAY, OBTAIN, ACCEPT",KLC_01156,1,RAD_00120,糸,"thread, silk",RAD,,PRIMITIVE_OR_NONKLC,https://docs.google.com/spreadsheets/d/13rdpmsI5n0dnsb33u4YHGwI8VrWtCeLDWDELO_hC7Qs
1156,納,"PAY, OBTAIN, ACCEPT",KLC_01156,2,KLC_00215,内,INSIDE,KLC,215,EARLIER_OR_SAME_KLC,https://docs.google.com/spreadsheets/d/13rdpmsI5n0dnsb33u4YHGwI8VrWtCeLDWDELO_hC7Qs
1157,献,OFFER,KLC_01157,1,KLC_00794,南,SOUTH,KLC,794,EARLIER_OR_SAME_KLC,https://docs.google.com/spreadsheets/d/13rdpmsI5n0dnsb33u4YHGwI8VrWtCeLDWDELO_hC7Qs
1157,献,OFFER,KLC_01157,2,RAD_00094,犬,"dog, small animal",RAD,,PRIMITIVE_OR_NONKLC,https://docs.google.com/spreadsheets/d/13rdpmsI5n0dnsb33u4YHGwI8VrWtCeLDWDELO_hC7Qs
1158,貢,TRIBUTE,KLC_01158,1,RAD_00154,貝,"shellfish, money, wealth",RAD,,PRIMITIVE_OR_NONKLC,https://docs.google.com/spreadsheets/d/13rdpmsI5n0dnsb33u4YHGwI8VrWtCeLDWDELO_hC7Qs
1158,貢,TRIBUTE,KLC_01158,2,RAD_00048,工,"construction, craft, work",RAD,,PRIMITIVE_OR_NONKLC,https://docs.google.com/spreadsheets/d/13rdpmsI5n0dnsb33u4YHGwI8VrWtCeLDWDELO_hC7Qs
1159,貪,"COVET, ENVY",KLC_01159,1,RAD_00154,貝,"shellfish, money, wealth",RAD,,PRIMITIVE_OR_NONKLC,https://docs.google.com/spreadsheets/d/13rdpmsI5n0dnsb33u4YHGwI8VrWtCeLDWDELO_hC7Qs
1159,貪,"COVET, ENVY",KLC_01159,2,KLC_00228,今,"PRESENT, NOW, THIS",KLC,228,EARLIER_OR_SAME_KLC,https://docs.google.com/spreadsheets/d/13rdpmsI5n0dnsb33u4YHGwI8VrWtCeLDWDELO_hC7Qs
1160,貰,GET,KLC_01160,1,KLC_00604,世,"WORLD, AGE, GENERATION",KLC,604,EARLIER_OR_SAME_KLC,https://docs.google.com/spreadsheets/d/13rdpmsI5n0dnsb33u4YHGwI8VrWtCeLDWDELO_hC7Qs
1160,貰,GET,KLC_01160,2,RAD_00154,貝,"shellfish, money, wealth",RAD,,PRIMITIVE_OR_NONKLC,https://docs.google.com/spreadsheets/d/13rdpmsI5n0dnsb33u4YHGwI8VrWtCeLDWDELO_hC7Qs
1161,貧,POOR,KLC_01161,1,RAD_00154,貝,"shellfish, money, wealth",RAD,,PRIMITIVE_OR_NONKLC,https://docs.google.com/spreadsheets/d/13rdpmsI5n0dnsb33u4YHGwI8VrWtCeLDWDELO_hC7Qs
1161,貧,POOR,KLC_01161,2,KLC_00088,分,"DIVIDE, PART, MINUTE",KLC,88,EARLIER_OR_SAME_KLC,https://docs.google.com/spreadsheets/d/13rdpmsI5n0dnsb33u4YHGwI8VrWtCeLDWDELO_hC7Qs
1162,賃,"WAGES, FEE",KLC_01162,1,RAD_00154,貝,"shellfish, money, wealth",RAD,,PRIMITIVE_OR_NONKLC,https://docs.google.com/spreadsheets/d/13rdpmsI5n0dnsb33u4YHGwI8VrWtCeLDWDELO_hC7Qs
1162,賃,"WAGES, FEE",KLC_01162,2,KLC_00372,任,"OFFICE, ENTRUST, DUTY",KLC,372,EARLIER_OR_SAME_KLC,https://docs.google.com/spreadsheets/d/13rdpmsI5n0dnsb33u4YHGwI8VrWtCeLDWDELO_hC7Qs
1163,貸,"LEND, LOAN",KLC_01163,1,RAD_00154,貝,"shellfish, money, wealth",RAD,,PRIMITIVE_OR_NONKLC,https://docs.google.com/spreadsheets/d/13rdpmsI5n0dnsb33u4YHGwI8VrWtCeLDWDELO_hC7Qs
1163,貸,"LEND, LOAN",KLC_01163,2,KLC_00071,代,"SUBSTITUTE, REPLACE, GENERATION",KLC,71,EARLIER_OR_SAME_KLC,https://docs.google.com/spreadsheets/d/13rdpmsI5n0dnsb33u4YHGwI8VrWtCeLDWDELO_hC7Qs
1164,貨,"MONEY, GOODS",KLC_01164,1,RAD_00154,貝,"shellfish, money, wealth",RAD,,PRIMITIVE_OR_NONKLC,https://docs.google.com/spreadsheets/d/13rdpmsI5n0dnsb33u4YHGwI8VrWtCeLDWDELO_hC7Qs
1164,貨,"MONEY, GOODS",KLC_01164,2,KLC_00120,化,"CHANGE INTO, CONVERT",KLC,120,EARLIER_OR_SAME_KLC,https://docs.google.com/spreadsheets/d/13rdpmsI5n0dnsb33u4YHGwI8VrWtCeLDWDELO_hC7Qs
1165,資,"RESOURCES, CAPITAL",KLC_01165,1,RAD_00154,貝,"shellfish, money, wealth",RAD,,PRIMITIVE_OR_NONKLC,https://docs.google.com/spreadsheets/d/13rdpmsI5n0dnsb33u4YHGwI8VrWtCeLDWDELO_hC7Qs
1165,資,"RESOURCES, CAPITAL",KLC_01165,2,KLC_00278,次,"NEXT, SECONDARY",KLC,278,EARLIER_OR_SAME_KLC,https://docs.google.com/spreadsheets/d/13rdpmsI5n0dnsb33u4YHGwI8VrWtCeLDWDELO_hC7Qs
1166,賛,"APPROVE, PRAISE",KLC_01166,1,RAD_00154,貝,"shellfish, money, wealth",RAD,,PRIMITIVE_OR_NONKLC,https://docs.google.com/spreadsheets/d/13rdpmsI5n0dnsb33u4YHGwI8VrWtCeLDWDELO_hC7Qs
1166,賛,"APPROVE, PRAISE",KLC_01166,2,KLC_00565,夫,"HUSBAND, MAN LABORER",KLC,565,EARLIER_OR_SAME_KLC,https://docs.google.com/spreadsheets/d/13rdpmsI5n0dnsb33u4YHGwI8VrWtCeLDWDELO_hC7Qs
1167,替,REPLACE,KLC_01167,1,KLC_00565,夫,"HUSBAND, MAN LABORER",KLC,565,EARLIER_OR_SAME_KLC,https://docs.google.com/spreadsheets/d/13rdpmsI5n0dnsb33u4YHGwI8VrWtCeLDWDELO_hC7Qs
1167,替,REPLACE,KLC_01167,2,RAD_00072,日,"sun, day",RAD,,PRIMITIVE_OR_NONKLC,https://docs.google.com/spreadsheets/d/13rdpmsI5n0dnsb33u4YHGwI8VrWtCeLDWDELO_hC7Qs
1168,潜,"SUBMERGE, LURK",KLC_01168,1,KLC_01167,替,REPLACE,KLC,1167,EARLIER_OR_SAME_KLC,https://docs.google.com/spreadsheets/d/13rdpmsI5n0dnsb33u4YHGwI8VrWtCeLDWDELO_hC7Qs
1168,潜,"SUBMERGE, LURK",KLC_01168,2,RAD_00085,水,"water, *liquid*",RAD,,PRIMITIVE_OR_NONKLC,https://docs.google.com/spreadsheets/d/13rdpmsI5n0dnsb33u4YHGwI8VrWtCeLDWDELO_hC7Qs
1169,貿,TRADE,KLC_01169,1,RAD_00018,刀,"knife, sword, *cut*",RAD,,PRIMITIVE_OR_NONKLC,https://docs.google.com/spreadsheets/d/13rdpmsI5n0dnsb33u4YHGwI8VrWtCeLDWDELO_hC7Qs
1169,貿,TRADE,KLC_01169,2,RAD_00154,貝,"shellfish, money, wealth",RAD,,PRIMITIVE_OR_NONKLC,https://docs.google.com/spreadsheets/d/13rdpmsI5n0dnsb33u4YHGwI8VrWtCeLDWDELO_hC7Qs
1170,留,"KEEP IN PLACE, RESIDE",KLC_01170,1,RAD_00018,刀,"knife, sword, *cut*",RAD,,PRIMITIVE_OR_NONKLC,https://docs.google.com/spreadsheets/d/13rdpmsI5n0dnsb33u4YHGwI8VrWtCeLDWDELO_hC7Qs
1170,留,"KEEP IN PLACE, RESIDE",KLC_01170,2,RAD_00102,田,"rice field, *head*",RAD,,PRIMITIVE_OR_NONKLC,https://docs.google.com/spreadsheets/d/13rdpmsI5n0dnsb33u4YHGwI8VrWtCeLDWDELO_hC7Qs
1171,溜,"ACCUMULATE, GATHER",KLC_01171,1,RAD_00085,水,"water, *liquid*",RAD,,PRIMITIVE_OR_NONKLC,https://docs.google.com/spreadsheets/d/13rdpmsI5n0dnsb33u4YHGwI8VrWtCeLDWDELO_hC7Qs
1171,溜,"ACCUMULATE, GATHER",KLC_01171,2,KLC_01170,留,"KEEP IN PLACE, RESIDE",KLC,1170,EARLIER_OR_SAME_KLC,https://docs.google.com/spreadsheets/d/13rdpmsI5n0dnsb33u4YHGwI8VrWtCeLDWDELO_hC7Qs
1172,賀,CONGRATULATE,KLC_01172,1,KLC_01147,加,"ADD, INCLUDE",KLC,1147,EARLIER_OR_SAME_KLC,https://docs.google.com/spreadsheets/d/13rdpmsI5n0dnsb33u4YHGwI8VrWtCeLDWDELO_hC7Qs
1172,賀,CONGRATULATE,KLC_01172,2,RAD_00154,貝,"shellfish, money, wealth",RAD,,PRIMITIVE_OR_NONKLC,https://docs.google.com/spreadsheets/d/13rdpmsI5n0dnsb33u4YHGwI8VrWtCeLDWDELO_hC7Qs
1173,架,"LAY ACROSS, CONSTRUCT",KLC_01173,1,RAD_00075,木,tree,RAD,,PRIMITIVE_OR_NONKLC,https://docs.google.com/spreadsheets/d/13rdpmsI5n0dnsb33u4YHGwI8VrWtCeLDWDELO_hC7Qs
1173,架,"LAY ACROSS, CONSTRUCT",KLC_01173,2,KLC_01147,加,"ADD, INCLUDE",KLC,1147,EARLIER_OR_SAME_KLC,https://docs.google.com/spreadsheets/d/13rdpmsI5n0dnsb33u4YHGwI8VrWtCeLDWDELO_hC7Qs
1174,染,DYE,KLC_01174,1,RAD_00085,水,"water, *liquid*",RAD,,PRIMITIVE_OR_NONKLC,https://docs.google.com/spreadsheets/d/13rdpmsI5n0dnsb33u4YHGwI8VrWtCeLDWDELO_hC7Qs
1174,染,DYE,KLC_01174,2,RAD_00075,木,tree,RAD,,PRIMITIVE_OR_NONKLC,https://docs.google.com/spreadsheets/d/13rdpmsI5n0dnsb33u4YHGwI8VrWtCeLDWDELO_hC7Qs
1174,染,DYE,KLC_01174,3,KLC_00011,九,NINE,KLC,11,EARLIER_OR_SAME_KLC,https://docs.google.com/spreadsheets/d/13rdpmsI5n0dnsb33u4YHGwI8VrWtCeLDWDELO_hC7Qs
1175,梨,PEAR,KLC_01175,1,RAD_00075,木,tree,RAD,,PRIMITIVE_OR_NONKLC,https://docs.google.com/spreadsheets/d/13rdpmsI5n0dnsb33u4YHGwI8VrWtCeLDWDELO_hC7Qs
1175,梨,PEAR,KLC_01175,2,KLC_00412,利,"ADVANTAGE, PROFIT",KLC,412,EARLIER_OR_SAME_KLC,https://docs.google.com/spreadsheets/d/13rdpmsI5n0dnsb33u4YHGwI8VrWtCeLDWDELO_hC7Qs
1176,傑,"EXCELLENCE, GREATNESS",KLC_01176,1,RAD_00009,人,"person, *roof*",RAD,,PRIMITIVE_OR_NONKLC,https://docs.google.com/spreadsheets/d/13rdpmsI5n0dnsb33u4YHGwI8VrWtCeLDWDELO_hC7Qs
1176,傑,"EXCELLENCE, GREATNESS",KLC_01176,2,RAD_00136,舛,"oppose, dancing",RAD,,PRIMITIVE_OR_NONKLC,https://docs.google.com/spreadsheets/d/13rdpmsI5n0dnsb33u4YHGwI8VrWtCeLDWDELO_hC7Qs
1176,傑,"EXCELLENCE, GREATNESS",KLC_01176,3,RAD_00075,木,tree,RAD,,PRIMITIVE_OR_NONKLC,https://docs.google.com/spreadsheets/d/13rdpmsI5n0dnsb33u4YHGwI8VrWtCeLDWDELO_hC7Qs
1177,貴,"HONOR, PRECIOUS",KLC_01177,1,KLC_00035,中,"MIDDLE, IN, CHINA",KLC,35,EARLIER_OR_SAME_KLC,https://docs.google.com/spreadsheets/d/13rdpmsI5n0dnsb33u4YHGwI8VrWtCeLDWDELO_hC7Qs
1177,貴,"HONOR, PRECIOUS",KLC_01177,2,RAD_00154,貝,"shellfish, money, wealth",RAD,,PRIMITIVE_OR_NONKLC,https://docs.google.com/spreadsheets/d/13rdpmsI5n0dnsb33u4YHGwI8VrWtCeLDWDELO_hC7Qs
1178,潰,"CRUSH, SMASH",KLC_01178,1,KLC_01177,貴,"HONOR, PRECIOUS",KLC,1177,EARLIER_OR_SAME_KLC,https://docs.google.com/spreadsheets/d/13rdpmsI5n0dnsb33u4YHGwI8VrWtCeLDWDELO_hC7Qs
1178,潰,"CRUSH, SMASH",KLC_01178,2,RAD_00085,水,"water, *liquid*",RAD,,PRIMITIVE_OR_NONKLC,https://docs.google.com/spreadsheets/d/13rdpmsI5n0dnsb33u4YHGwI8VrWtCeLDWDELO_hC7Qs
1179,遺,"LEAVE BEHIND, BEQUEATH",KLC_01179,1,RAD_00162,辵,"walk, *transport*",RAD,,PRIMITIVE_OR_NONKLC,https://docs.google.com/spreadsheets/d/13rdpmsI5n0dnsb33u4YHGwI8VrWtCeLDWDELO_hC7Qs
1179,遺,"LEAVE BEHIND, BEQUEATH",KLC_01179,2,KLC_01177,貴,"HONOR, PRECIOUS",KLC,1177,EARLIER_OR_SAME_KLC,https://docs.google.com/spreadsheets/d/13rdpmsI5n0dnsb33u4YHGwI8VrWtCeLDWDELO_hC7Qs
1180,遣,"DISPATCH, DONATE, DO",KLC_01180,1,KLC_00290,官,"GOVERNMENT, GOVERNMENT OFFICIAL",KLC,290,EARLIER_OR_SAME_KLC,https://docs.google.com/spreadsheets/d/13rdpmsI5n0dnsb33u4YHGwI8VrWtCeLDWDELO_hC7Qs
1180,遣,"DISPATCH, DONATE, DO",KLC_01180,2,RAD_00162,辵,"walk, *transport*",RAD,,PRIMITIVE_OR_NONKLC,https://docs.google.com/spreadsheets/d/13rdpmsI5n0dnsb33u4YHGwI8VrWtCeLDWDELO_hC7Qs
1180,遣,"DISPATCH, DONATE, DO",KLC_01180,3,KLC_00035,中,"MIDDLE, IN, CHINA",KLC,35,EARLIER_OR_SAME_KLC,https://docs.google.com/spreadsheets/d/13rdpmsI5n0dnsb33u4YHGwI8VrWtCeLDWDELO_hC7Qs
1181,追,CHASE,KLC_01181,1,KLC_00290,官,"GOVERNMENT, GOVERNMENT OFFICIAL",KLC,290,EARLIER_OR_SAME_KLC,https://docs.google.com/spreadsheets/d/13rdpmsI5n0dnsb33u4YHGwI8VrWtCeLDWDELO_hC7Qs
1181,追,CHASE,KLC_01181,2,RAD_00162,辵,"walk, *transport*",RAD,,PRIMITIVE_OR_NONKLC,https://docs.google.com/spreadsheets/d/13rdpmsI5n0dnsb33u4YHGwI8VrWtCeLDWDELO_hC7Qs
1182,迫,"PRESS, URGE, IMMINENT",KLC_01182,1,RAD_00162,辵,"walk, *transport*",RAD,,PRIMITIVE_OR_NONKLC,https://docs.google.com/spreadsheets/d/13rdpmsI5n0dnsb33u4YHGwI8VrWtCeLDWDELO_hC7Qs
1182,迫,"PRESS, URGE, IMMINENT",KLC_01182,2,RAD_00106,白,white,RAD,,PRIMITIVE_OR_NONKLC,https://docs.google.com/spreadsheets/d/13rdpmsI5n0dnsb33u4YHGwI8VrWtCeLDWDELO_hC7Qs
1183,泊,STAY OVERNIGHT,KLC_01183,1,RAD_00106,白,white,RAD,,PRIMITIVE_OR_NONKLC,https://docs.google.com/spreadsheets/d/13rdpmsI5n0dnsb33u4YHGwI8VrWtCeLDWDELO_hC7Qs
1183,泊,STAY OVERNIGHT,KLC_01183,2,RAD_00085,水,"water, *liquid*",RAD,,PRIMITIVE_OR_NONKLC,https://docs.google.com/spreadsheets/d/13rdpmsI5n0dnsb33u4YHGwI8VrWtCeLDWDELO_hC7Qs
1184,伯,"CHIEF, EARL, UNCLE",KLC_01184,1,RAD_00106,白,white,RAD,,PRIMITIVE_OR_NONKLC,https://docs.google.com/spreadsheets/d/13rdpmsI5n0dnsb33u4YHGwI8VrWtCeLDWDELO_hC7Qs
1184,伯,"CHIEF, EARL, UNCLE",KLC_01184,2,RAD_00009,人,"person, *roof*",RAD,,PRIMITIVE_OR_NONKLC,https://docs.google.com/spreadsheets/d/13rdpmsI5n0dnsb33u4YHGwI8VrWtCeLDWDELO_hC7Qs
1185,拍,"BEAT, RHYTHM",KLC_01185,1,RAD_00064,手,"hand, performer of action",RAD,,PRIMITIVE_OR_NONKLC,https://docs.google.com/spreadsheets/d/13rdpmsI5n0dnsb33u4YHGwI8VrWtCeLDWDELO_hC7Qs
1185,拍,"BEAT, RHYTHM",KLC_01185,2,RAD_00106,白,white,RAD,,PRIMITIVE_OR_NONKLC,https://docs.google.com/spreadsheets/d/13rdpmsI5n0dnsb33u4YHGwI8VrWtCeLDWDELO_hC7Qs
1186,弔,"CONDOLE, MOURN",KLC_01186,1,RAD_00057,弓,bow,RAD,,PRIMITIVE_OR_NONKLC,https://docs.google.com/spreadsheets/d/13rdpmsI5n0dnsb33u4YHGwI8VrWtCeLDWDELO_hC7Qs
1187,沸,BOIL,KLC_01187,1,SUP_00035,弗,dollar,SUP,,PRIMITIVE_OR_NONKLC,https://docs.google.com/spreadsheets/d/13rdpmsI5n0dnsb33u4YHGwI8VrWtCeLDWDELO_hC7Qs
1187,沸,BOIL,KLC_01187,2,RAD_00085,水,"water, *liquid*",RAD,,PRIMITIVE_OR_NONKLC,https://docs.google.com/spreadsheets/d/13rdpmsI5n0dnsb33u4YHGwI8VrWtCeLDWDELO_hC7Qs
1188,煮,"BOIL, COOK",KLC_01188,1,RAD_00009,人,"person, *roof*",RAD,,PRIMITIVE_OR_NONKLC,https://docs.google.com/spreadsheets/d/13rdpmsI5n0dnsb33u4YHGwI8VrWtCeLDWDELO_hC7Qs
1188,煮,"BOIL, COOK",KLC_01188,2,RAD_00086,火,fire,RAD,,PRIMITIVE_OR_NONKLC,https://docs.google.com/spreadsheets/d/13rdpmsI5n0dnsb33u4YHGwI8VrWtCeLDWDELO_hC7Qs
1189,費,SPEND,KLC_01189,1,SUP_00035,弗,dollar,SUP,,PRIMITIVE_OR_NONKLC,https://docs.google.com/spreadsheets/d/13rdpmsI5n0dnsb33u4YHGwI8VrWtCeLDWDELO_hC7Qs
1189,費,SPEND,KLC_01189,2,RAD_00154,貝,"shellfish, money, wealth",RAD,,PRIMITIVE_OR_NONKLC,https://docs.google.com/spreadsheets/d/13rdpmsI5n0dnsb33u4YHGwI8VrWtCeLDWDELO_hC7Qs
1190,弟,YOUNGER BROTHER,KLC_01190,1,RAD_00057,弓,bow,RAD,,PRIMITIVE_OR_NONKLC,https://docs.google.com/spreadsheets/d/13rdpmsI5n0dnsb33u4YHGwI8VrWtCeLDWDELO_hC7Qs
1191,第,ORDINAL NUMBER PREFIX,KLC_01191,1,RAD_00118,竹,"bamboo, counting",RAD,,PRIMITIVE_OR_NONKLC,https://docs.google.com/spreadsheets/d/13rdpmsI5n0dnsb33u4YHGwI8VrWtCeLDWDELO_hC7Qs
1191,第,ORDINAL NUMBER PREFIX,KLC_01191,2,KLC_01190,弟,YOUNGER BROTHER,KLC,1190,EARLIER_OR_SAME_KLC,https://docs.google.com/spreadsheets/d/13rdpmsI5n0dnsb33u4YHGwI8VrWtCeLDWDELO_hC7Qs
1192,剃,SHAVE,KLC_01192,1,KLC_01190,弟,YOUNGER BROTHER,KLC,1190,EARLIER_OR_SAME_KLC,https://docs.google.com/spreadsheets/d/13rdpmsI5n0dnsb33u4YHGwI8VrWtCeLDWDELO_hC7Qs
1192,剃,SHAVE,KLC_01192,2,RAD_00018,刀,"knife, sword, *cut*",RAD,,PRIMITIVE_OR_NONKLC,https://docs.google.com/spreadsheets/d/13rdpmsI5n0dnsb33u4YHGwI8VrWtCeLDWDELO_hC7Qs
1193,兄,OLDER BROTHER,KLC_01193,1,RAD_00030,口,"mouth, *opening*",RAD,,PRIMITIVE_OR_NONKLC,https://docs.google.com/spreadsheets/d/13rdpmsI5n0dnsb33u4YHGwI8VrWtCeLDWDELO_hC7Qs
1193,兄,OLDER BROTHER,KLC_01193,2,RAD_00010,儿,"son, legs",RAD,,PRIMITIVE_OR_NONKLC,https://docs.google.com/spreadsheets/d/13rdpmsI5n0dnsb33u4YHGwI8VrWtCeLDWDELO_hC7Qs
1195,税,TAX,KLC_01195,1,RAD_00115,禾,grain,RAD,,PRIMITIVE_OR_NONKLC,https://docs.google.com/spreadsheets/d/13rdpmsI5n0dnsb33u4YHGwI8VrWtCeLDWDELO_hC7Qs
1195,税,TAX,KLC_01195,2,KLC_01193,兄,OLDER BROTHER,KLC,1193,EARLIER_OR_SAME_KLC,https://docs.google.com/spreadsheets/d/13rdpmsI5n0dnsb33u4YHGwI8VrWtCeLDWDELO_hC7Qs
1196,鋭,SHARP,KLC_01196,1,KLC_01193,兄,OLDER BROTHER,KLC,1193,EARLIER_OR_SAME_KLC,https://docs.google.com/spreadsheets/d/13rdpmsI5n0dnsb33u4YHGwI8VrWtCeLDWDELO_hC7Qs
1196,鋭,SHARP,KLC_01196,2,RAD_00167,金,"metal, gold, money",RAD,,PRIMITIVE_OR_NONKLC,https://docs.google.com/spreadsheets/d/13rdpmsI5n0dnsb33u4YHGwI8VrWtCeLDWDELO_hC7Qs
1197,説,"EXPLAIN, THEORY",KLC_01197,1,KLC_01193,兄,OLDER BROTHER,KLC,1193,EARLIER_OR_SAME_KLC,https://docs.google.com/spreadsheets/d/13rdpmsI5n0dnsb33u4YHGwI8VrWtCeLDWDELO_hC7Qs
1197,説,"EXPLAIN, THEORY",KLC_01197,2,RAD_00149,言,"speech, word, say",RAD,,PRIMITIVE_OR_NONKLC,https://docs.google.com/spreadsheets/d/13rdpmsI5n0dnsb33u4YHGwI8VrWtCeLDWDELO_hC7Qs
1198,脱,"REMOVE, ESCAPE FROM",KLC_01198,1,KLC_01193,兄,OLDER BROTHER,KLC,1193,EARLIER_OR_SAME_KLC,https://docs.google.com/spreadsheets/d/13rdpmsI5n0dnsb33u4YHGwI8VrWtCeLDWDELO_hC7Qs
1198,脱,"REMOVE, ESCAPE FROM",KLC_01198,2,RAD_00074,月,"moon, month, *flesh*, *body part*",RAD,,PRIMITIVE_OR_NONKLC,https://docs.google.com/spreadsheets/d/13rdpmsI5n0dnsb33u4YHGwI8VrWtCeLDWDELO_hC7Qs
1199,閲,"REVIEW, INSPECT",KLC_01199,1,KLC_01193,兄,OLDER BROTHER,KLC,1193,EARLIER_OR_SAME_KLC,https://docs.google.com/spreadsheets/d/13rdpmsI5n0dnsb33u4YHGwI8VrWtCeLDWDELO_hC7Qs
1199,閲,"REVIEW, INSPECT",KLC_01199,2,RAD_00169,門,gate,RAD,,PRIMITIVE_OR_NONKLC,https://docs.google.com/spreadsheets/d/13rdpmsI5n0dnsb33u4YHGwI8VrWtCeLDWDELO_hC7Qs
1200,祝,CELEBRATE,KLC_01200,1,KLC_01193,兄,OLDER BROTHER,KLC,1193,EARLIER_OR_SAME_KLC,https://docs.google.com/spreadsheets/d/13rdpmsI5n0dnsb33u4YHGwI8VrWtCeLDWDELO_hC7Qs
1200,祝,CELEBRATE,KLC_01200,2,RAD_00113,示,"spirit, sign, show",RAD,,PRIMITIVE_OR_NONKLC,https://docs.google.com/spreadsheets/d/13rdpmsI5n0dnsb33u4YHGwI8VrWtCeLDWDELO_hC7Qs
1201,況,"CONDITION, SITUATION",KLC_01201,1,RAD_00085,水,"water, *liquid*",RAD,,PRIMITIVE_OR_NONKLC,https://docs.google.com/spreadsheets/d/13rdpmsI5n0dnsb33u4YHGwI8VrWtCeLDWDELO_hC7Qs
1201,況,"CONDITION, SITUATION",KLC_01201,2,KLC_01193,兄,OLDER BROTHER,KLC,1193,EARLIER_OR_SAME_KLC,https://docs.google.com/spreadsheets/d/13rdpmsI5n0dnsb33u4YHGwI8VrWtCeLDWDELO_hC7Qs
1202,悦,"DELIGHT, JOY",KLC_01202,1,RAD_00061,心,"heart, mind, spirit",RAD,,PRIMITIVE_OR_NONKLC,https://docs.google.com/spreadsheets/d/13rdpmsI5n0dnsb33u4YHGwI8VrWtCeLDWDELO_hC7Qs
1202,悦,"DELIGHT, JOY",KLC_01202,2,KLC_01193,兄,OLDER BROTHER,KLC,1193,EARLIER_OR_SAME_KLC,https://docs.google.com/spreadsheets/d/13rdpmsI5n0dnsb33u4YHGwI8VrWtCeLDWDELO_hC7Qs
1203,克,OVERCOME,KLC_01203,1,KLC_01193,兄,OLDER BROTHER,KLC,1193,EARLIER_OR_SAME_KLC,https://docs.google.com/spreadsheets/d/13rdpmsI5n0dnsb33u4YHGwI8VrWtCeLDWDELO_hC7Qs
1203,克,OVERCOME,KLC_01203,2,RAD_00024,十,"ten, complete, *cross*, *needle*, *plant*",RAD,,PRIMITIVE_OR_NONKLC,https://docs.google.com/spreadsheets/d/13rdpmsI5n0dnsb33u4YHGwI8VrWtCeLDWDELO_hC7Qs
1204,競,COMPETE,KLC_01204,1,RAD_00117,立,stand,RAD,,PRIMITIVE_OR_NONKLC,https://docs.google.com/spreadsheets/d/13rdpmsI5n0dnsb33u4YHGwI8VrWtCeLDWDELO_hC7Qs
1204,競,COMPETE,KLC_01204,2,KLC_01193,兄,OLDER BROTHER,KLC,1193,EARLIER_OR_SAME_KLC,https://docs.google.com/spreadsheets/d/13rdpmsI5n0dnsb33u4YHGwI8VrWtCeLDWDELO_hC7Qs
1205,姉,OLDER SISTER,KLC_01205,1,RAD_00038,女,woman,RAD,,PRIMITIVE_OR_NONKLC,https://docs.google.com/spreadsheets/d/13rdpmsI5n0dnsb33u4YHGwI8VrWtCeLDWDELO_hC7Qs
1205,姉,OLDER SISTER,KLC_01205,2,KLC_00205,市,"CITY, MARKET",KLC,205,EARLIER_OR_SAME_KLC,https://docs.google.com/spreadsheets/d/13rdpmsI5n0dnsb33u4YHGwI8VrWtCeLDWDELO_hC7Qs
1206,妹,YOUNGER SISTER,KLC_01206,1,RAD_00038,女,woman,RAD,,PRIMITIVE_OR_NONKLC,https://docs.google.com/spreadsheets/d/13rdpmsI5n0dnsb33u4YHGwI8VrWtCeLDWDELO_hC7Qs
1206,妹,YOUNGER SISTER,KLC_01206,2,KLC_00271,未,NOT YET,KLC,271,EARLIER_OR_SAME_KLC,https://docs.google.com/spreadsheets/d/13rdpmsI5n0dnsb33u4YHGwI8VrWtCeLDWDELO_hC7Qs
1207,珠,PEARL,KLC_01207,1,RAD_00096,玉,"jewel, spherical object",RAD,,PRIMITIVE_OR_NONKLC,https://docs.google.com/spreadsheets/d/13rdpmsI5n0dnsb33u4YHGwI8VrWtCeLDWDELO_hC7Qs
1207,珠,PEARL,KLC_01207,2,KLC_00566,朱,VERMILION,KLC,566,EARLIER_OR_SAME_KLC,https://docs.google.com/spreadsheets/d/13rdpmsI5n0dnsb33u4YHGwI8VrWtCeLDWDELO_hC7Qs
1208,殊,SPECIAL,KLC_01208,1,KLC_00566,朱,VERMILION,KLC,566,EARLIER_OR_SAME_KLC,https://docs.google.com/spreadsheets/d/13rdpmsI5n0dnsb33u4YHGwI8VrWtCeLDWDELO_hC7Qs
1208,殊,SPECIAL,KLC_01208,2,RAD_00078,歹,death,RAD,,PRIMITIVE_OR_NONKLC,https://docs.google.com/spreadsheets/d/13rdpmsI5n0dnsb33u4YHGwI8VrWtCeLDWDELO_hC7Qs
1209,序,"PREFACE, BEGINNING",KLC_01209,1,KLC_00163,予,"BEFOREHAND, IN ADVANCE",KLC,163,EARLIER_OR_SAME_KLC,https://docs.google.com/spreadsheets/d/13rdpmsI5n0dnsb33u4YHGwI8VrWtCeLDWDELO_hC7Qs
1209,序,"PREFACE, BEGINNING",KLC_01209,2,RAD_00053,广,"dotted cliff, *shelter*",RAD,,PRIMITIVE_OR_NONKLC,https://docs.google.com/spreadsheets/d/13rdpmsI5n0dnsb33u4YHGwI8VrWtCeLDWDELO_hC7Qs
1210,秩,ORDER,KLC_01210,1,KLC_00563,失,"LOSE, SLIP",KLC,563,EARLIER_OR_SAME_KLC,https://docs.google.com/spreadsheets/d/13rdpmsI5n0dnsb33u4YHGwI8VrWtCeLDWDELO_hC7Qs
1210,秩,ORDER,KLC_01210,2,RAD_00115,禾,grain,RAD,,PRIMITIVE_OR_NONKLC,https://docs.google.com/spreadsheets/d/13rdpmsI5n0dnsb33u4YHGwI8VrWtCeLDWDELO_hC7Qs
1211,迭,ALTERNATE,KLC_01211,1,RAD_00162,辵,"walk, *transport*",RAD,,PRIMITIVE_OR_NONKLC,https://docs.google.com/spreadsheets/d/13rdpmsI5n0dnsb33u4YHGwI8VrWtCeLDWDELO_hC7Qs
1211,迭,ALTERNATE,KLC_01211,2,KLC_00563,失,"LOSE, SLIP",KLC,563,EARLIER_OR_SAME_KLC,https://docs.google.com/spreadsheets/d/13rdpmsI5n0dnsb33u4YHGwI8VrWtCeLDWDELO_hC7Qs
1212,喜,"HAPPY, PLEASURE",KLC_01212,1,RAD_00033,士,"scholar, military man",RAD,,PRIMITIVE_OR_NONKLC,https://docs.google.com/spreadsheets/d/13rdpmsI5n0dnsb33u4YHGwI8VrWtCeLDWDELO_hC7Qs
1212,喜,"HAPPY, PLEASURE",KLC_01212,2,RAD_00030,口,"mouth, *opening*",RAD,,PRIMITIVE_OR_NONKLC,https://docs.google.com/spreadsheets/d/13rdpmsI5n0dnsb33u4YHGwI8VrWtCeLDWDELO_hC7Qs
1213,善,"GOOD, VIRTUOUS",KLC_01213,1,RAD_00123,羊,sheep,RAD,,PRIMITIVE_OR_NONKLC,https://docs.google.com/spreadsheets/d/13rdpmsI5n0dnsb33u4YHGwI8VrWtCeLDWDELO_hC7Qs
1213,善,"GOOD, VIRTUOUS",KLC_01213,2,RAD_00117,立,stand,RAD,,PRIMITIVE_OR_NONKLC,https://docs.google.com/spreadsheets/d/13rdpmsI5n0dnsb33u4YHGwI8VrWtCeLDWDELO_hC7Qs
1213,善,"GOOD, VIRTUOUS",KLC_01213,3,RAD_00030,口,"mouth, *opening*",RAD,,PRIMITIVE_OR_NONKLC,https://docs.google.com/spreadsheets/d/13rdpmsI5n0dnsb33u4YHGwI8VrWtCeLDWDELO_hC7Qs
1214,繕,"MEND, REPAIR",KLC_01214,1,RAD_00120,糸,"thread, silk",RAD,,PRIMITIVE_OR_NONKLC,https://docs.google.com/spreadsheets/d/13rdpmsI5n0dnsb33u4YHGwI8VrWtCeLDWDELO_hC7Qs
1214,繕,"MEND, REPAIR",KLC_01214,2,KLC_01213,善,"GOOD, VIRTUOUS",KLC,1213,EARLIER_OR_SAME_KLC,https://docs.google.com/spreadsheets/d/13rdpmsI5n0dnsb33u4YHGwI8VrWtCeLDWDELO_hC7Qs
1215,膳,SMALL TABLE,KLC_01215,1,KLC_01213,善,"GOOD, VIRTUOUS",KLC,1213,EARLIER_OR_SAME_KLC,https://docs.google.com/spreadsheets/d/13rdpmsI5n0dnsb33u4YHGwI8VrWtCeLDWDELO_hC7Qs
1215,膳,SMALL TABLE,KLC_01215,2,RAD_00074,月,"moon, month, *flesh*, *body part*",RAD,,PRIMITIVE_OR_NONKLC,https://docs.google.com/spreadsheets/d/13rdpmsI5n0dnsb33u4YHGwI8VrWtCeLDWDELO_hC7Qs
1216,憾,"REMORSE, REGRET",KLC_01216,1,RAD_00061,心,"heart, mind, spirit",RAD,,PRIMITIVE_OR_NONKLC,https://docs.google.com/spreadsheets/d/13rdpmsI5n0dnsb33u4YHGwI8VrWtCeLDWDELO_hC7Qs
1216,憾,"REMORSE, REGRET",KLC_01216,2,KLC_00327,感,"SENSE, FEEL",KLC,327,EARLIER_OR_SAME_KLC,https://docs.google.com/spreadsheets/d/13rdpmsI5n0dnsb33u4YHGwI8VrWtCeLDWDELO_hC7Qs
1217,恨,"GRUDGE, RESENT",KLC_01217,1,RAD_00138,艮,stopping,RAD,,PRIMITIVE_OR_NONKLC,https://docs.google.com/spreadsheets/d/13rdpmsI5n0dnsb33u4YHGwI8VrWtCeLDWDELO_hC7Qs
1217,恨,"GRUDGE, RESENT",KLC_01217,2,RAD_00061,心,"heart, mind, spirit",RAD,,PRIMITIVE_OR_NONKLC,https://docs.google.com/spreadsheets/d/13rdpmsI5n0dnsb33u4YHGwI8VrWtCeLDWDELO_hC7Qs
1218,惜,"REGRET, PITY",KLC_01218,1,RAD_00061,心,"heart, mind, spirit",RAD,,PRIMITIVE_OR_NONKLC,https://docs.google.com/spreadsheets/d/13rdpmsI5n0dnsb33u4YHGwI8VrWtCeLDWDELO_hC7Qs
1218,惜,"REGRET, PITY",KLC_01218,2,KLC_00359,昔,"ANCIENT, FORMER TIMES",KLC,359,EARLIER_OR_SAME_KLC,https://docs.google.com/spreadsheets/d/13rdpmsI5n0dnsb33u4YHGwI8VrWtCeLDWDELO_hC7Qs
1219,措,"DISPOSE OF, GIVE UP",KLC_01219,1,RAD_00064,手,"hand, performer of action",RAD,,PRIMITIVE_OR_NONKLC,https://docs.google.com/spreadsheets/d/13rdpmsI5n0dnsb33u4YHGwI8VrWtCeLDWDELO_hC7Qs
1219,措,"DISPOSE OF, GIVE UP",KLC_01219,2,KLC_00359,昔,"ANCIENT, FORMER TIMES",KLC,359,EARLIER_OR_SAME_KLC,https://docs.google.com/spreadsheets/d/13rdpmsI5n0dnsb33u4YHGwI8VrWtCeLDWDELO_hC7Qs
1220,借,"BORROW, RENT",KLC_01220,1,RAD_00009,人,"person, *roof*",RAD,,PRIMITIVE_OR_NONKLC,https://docs.google.com/spreadsheets/d/13rdpmsI5n0dnsb33u4YHGwI8VrWtCeLDWDELO_hC7Qs
1220,借,"BORROW, RENT",KLC_01220,2,KLC_00359,昔,"ANCIENT, FORMER TIMES",KLC,359,EARLIER_OR_SAME_KLC,https://docs.google.com/spreadsheets/d/13rdpmsI5n0dnsb33u4YHGwI8VrWtCeLDWDELO_hC7Qs
1221,錯,"MIX, CONFUSED",KLC_01221,1,RAD_00167,金,"metal, gold, money",RAD,,PRIMITIVE_OR_NONKLC,https://docs.google.com/spreadsheets/d/13rdpmsI5n0dnsb33u4YHGwI8VrWtCeLDWDELO_hC7Qs
1221,錯,"MIX, CONFUSED",KLC_01221,2,KLC_00359,昔,"ANCIENT, FORMER TIMES",KLC,359,EARLIER_OR_SAME_KLC,https://docs.google.com/spreadsheets/d/13rdpmsI5n0dnsb33u4YHGwI8VrWtCeLDWDELO_hC7Qs
1223,増,INCREASE,KLC_01223,1,RAD_00032,土,"soil, earth",RAD,,PRIMITIVE_OR_NONKLC,https://docs.google.com/spreadsheets/d/13rdpmsI5n0dnsb33u4YHGwI8VrWtCeLDWDELO_hC7Qs
1223,増,INCREASE,KLC_01223,2,KLC_01222,曽,"BEFORE, *build up*",KLC,1222,EARLIER_OR_SAME_KLC,https://docs.google.com/spreadsheets/d/13rdpmsI5n0dnsb33u4YHGwI8VrWtCeLDWDELO_hC7Qs
1224,層,"STRATUM, SOCIAL CLASS",KLC_01224,1,KLC_01222,曽,"BEFORE, *build up*",KLC,1222,EARLIER_OR_SAME_KLC,https://docs.google.com/spreadsheets/d/13rdpmsI5n0dnsb33u4YHGwI8VrWtCeLDWDELO_hC7Qs
1224,層,"STRATUM, SOCIAL CLASS",KLC_01224,2,RAD_00044,尸,"corpse, *flag*",RAD,,PRIMITIVE_OR_NONKLC,https://docs.google.com/spreadsheets/d/13rdpmsI5n0dnsb33u4YHGwI8VrWtCeLDWDELO_hC7Qs
1225,憎,HATE,KLC_01225,1,RAD_00061,心,"heart, mind, spirit",RAD,,PRIMITIVE_OR_NONKLC,https://docs.google.com/spreadsheets/d/13rdpmsI5n0dnsb33u4YHGwI8VrWtCeLDWDELO_hC7Qs
1225,憎,HATE,KLC_01225,2,KLC_01222,曽,"BEFORE, *build up*",KLC,1222,EARLIER_OR_SAME_KLC,https://docs.google.com/spreadsheets/d/13rdpmsI5n0dnsb33u4YHGwI8VrWtCeLDWDELO_hC7Qs
1226,僧,"MONK, PRIEST",KLC_01226,1,RAD_00009,人,"person, *roof*",RAD,,PRIMITIVE_OR_NONKLC,https://docs.google.com/spreadsheets/d/13rdpmsI5n0dnsb33u4YHGwI8VrWtCeLDWDELO_hC7Qs
1226,僧,"MONK, PRIEST",KLC_01226,2,KLC_01222,曽,"BEFORE, *build up*",KLC,1222,EARLIER_OR_SAME_KLC,https://docs.google.com/spreadsheets/d/13rdpmsI5n0dnsb33u4YHGwI8VrWtCeLDWDELO_hC7Qs
1227,贈,PRESENT A GIFT,KLC_01227,1,RAD_00154,貝,"shellfish, money, wealth",RAD,,PRIMITIVE_OR_NONKLC,https://docs.google.com/spreadsheets/d/13rdpmsI5n0dnsb33u4YHGwI8VrWtCeLDWDELO_hC7Qs
1227,贈,PRESENT A GIFT,KLC_01227,2,KLC_01222,曽,"BEFORE, *build up*",KLC,1222,EARLIER_OR_SAME_KLC,https://docs.google.com/spreadsheets/d/13rdpmsI5n0dnsb33u4YHGwI8VrWtCeLDWDELO_hC7Qs
1228,賄,"BRIBE, SUPPLY",KLC_01228,1,RAD_00154,貝,"shellfish, money, wealth",RAD,,PRIMITIVE_OR_NONKLC,https://docs.google.com/spreadsheets/d/13rdpmsI5n0dnsb33u4YHGwI8VrWtCeLDWDELO_hC7Qs
1228,賄,"BRIBE, SUPPLY",KLC_01228,2,KLC_00400,有,"HAVE, EXIST",KLC,400,EARLIER_OR_SAME_KLC,https://docs.google.com/spreadsheets/d/13rdpmsI5n0dnsb33u4YHGwI8VrWtCeLDWDELO_hC7Qs
1229,賂,BRIBE,KLC_01229,1,RAD_00154,貝,"shellfish, money, wealth",RAD,,PRIMITIVE_OR_NONKLC,https://docs.google.com/spreadsheets/d/13rdpmsI5n0dnsb33u4YHGwI8VrWtCeLDWDELO_hC7Qs
1229,賂,BRIBE,KLC_01229,2,KLC_00786,各,"EACH, *cabin*",KLC,786,EARLIER_OR_SAME_KLC,https://docs.google.com/spreadsheets/d/13rdpmsI5n0dnsb33u4YHGwI8VrWtCeLDWDELO_hC7Qs
1230,賦,"INSTALLMENT, TRIBUTE",KLC_01230,1,RAD_00154,貝,"shellfish, money, wealth",RAD,,PRIMITIVE_OR_NONKLC,https://docs.google.com/spreadsheets/d/13rdpmsI5n0dnsb33u4YHGwI8VrWtCeLDWDELO_hC7Qs
1230,賦,"INSTALLMENT, TRIBUTE",KLC_01230,2,KLC_00111,武,"MILITARY, WARRIOR",KLC,111,EARLIER_OR_SAME_KLC,https://docs.google.com/spreadsheets/d/13rdpmsI5n0dnsb33u4YHGwI8VrWtCeLDWDELO_hC7Qs
1231,賊,BANDIT,KLC_01231,1,RAD_00154,貝,"shellfish, money, wealth",RAD,,PRIMITIVE_OR_NONKLC,https://docs.google.com/spreadsheets/d/13rdpmsI5n0dnsb33u4YHGwI8VrWtCeLDWDELO_hC7Qs
1231,賊,BANDIT,KLC_01231,2,RAD_00062,戈,"halberd, spear",RAD,,PRIMITIVE_OR_NONKLC,https://docs.google.com/spreadsheets/d/13rdpmsI5n0dnsb33u4YHGwI8VrWtCeLDWDELO_hC7Qs
1232,帯,"BELT, SASH, WEAR",KLC_01232,1,RAD_00050,巾,"cloth, towel, scarf",RAD,,PRIMITIVE_OR_NONKLC,https://docs.google.com/spreadsheets/d/13rdpmsI5n0dnsb33u4YHGwI8VrWtCeLDWDELO_hC7Qs
1232,帯,"BELT, SASH, WEAR",KLC_01232,2,RAD_00014,冖,cloth cover,RAD,,PRIMITIVE_OR_NONKLC,https://docs.google.com/spreadsheets/d/13rdpmsI5n0dnsb33u4YHGwI8VrWtCeLDWDELO_hC7Qs
1233,滞,"STAGNATE, STAY",KLC_01233,1,KLC_01232,帯,"BELT, SASH, WEAR",KLC,1232,EARLIER_OR_SAME_KLC,https://docs.google.com/spreadsheets/d/13rdpmsI5n0dnsb33u4YHGwI8VrWtCeLDWDELO_hC7Qs
1233,滞,"STAGNATE, STAY",KLC_01233,2,RAD_00085,水,"water, *liquid*",RAD,,PRIMITIVE_OR_NONKLC,https://docs.google.com/spreadsheets/d/13rdpmsI5n0dnsb33u4YHGwI8VrWtCeLDWDELO_hC7Qs
1234,渋,"ASTRINGENT [sour], RELUCTANT",KLC_01234,1,RAD_00077,止,stop,RAD,,PRIMITIVE_OR_NONKLC,https://docs.google.com/spreadsheets/d/13rdpmsI5n0dnsb33u4YHGwI8VrWtCeLDWDELO_hC7Qs
1234,渋,"ASTRINGENT [sour], RELUCTANT",KLC_01234,2,RAD_00085,水,"water, *liquid*",RAD,,PRIMITIVE_OR_NONKLC,https://docs.google.com/spreadsheets/d/13rdpmsI5n0dnsb33u4YHGwI8VrWtCeLDWDELO_hC7Qs
1235,摂,"TAKE IN, ACT AS REGENT",KLC_01235,1,RAD_00064,手,"hand, performer of action",RAD,,PRIMITIVE_OR_NONKLC,https://docs.google.com/spreadsheets/d/13rdpmsI5n0dnsb33u4YHGwI8VrWtCeLDWDELO_hC7Qs
1236,為,"DO, SAKE, BENEFIT",KLC_01236,1,RAD_00086,火,fire,RAD,,PRIMITIVE_OR_NONKLC,https://docs.google.com/spreadsheets/d/13rdpmsI5n0dnsb33u4YHGwI8VrWtCeLDWDELO_hC7Qs
1237,偽,"FALSIFY, DECEIVE",KLC_01237,1,RAD_00009,人,"person, *roof*",RAD,,PRIMITIVE_OR_NONKLC,https://docs.google.com/spreadsheets/d/13rdpmsI5n0dnsb33u4YHGwI8VrWtCeLDWDELO_hC7Qs
1237,偽,"FALSIFY, DECEIVE",KLC_01237,2,KLC_01236,為,"DO, SAKE, BENEFIT",KLC,1236,EARLIER_OR_SAME_KLC,https://docs.google.com/spreadsheets/d/13rdpmsI5n0dnsb33u4YHGwI8VrWtCeLDWDELO_hC7Qs
1238,参,"PARTICIPATE, VISIT",KLC_01238,1,RAD_00037,大,"big, university",RAD,,PRIMITIVE_OR_NONKLC,https://docs.google.com/spreadsheets/d/13rdpmsI5n0dnsb33u4YHGwI8VrWtCeLDWDELO_hC7Qs
1238,参,"PARTICIPATE, VISIT",KLC_01238,2,RAD_00028,厶,"private, *self*",RAD,,PRIMITIVE_OR_NONKLC,https://docs.google.com/spreadsheets/d/13rdpmsI5n0dnsb33u4YHGwI8VrWtCeLDWDELO_hC7Qs
1239,惨,"MISERABLE, CRUEL",KLC_01239,1,RAD_00061,心,"heart, mind, spirit",RAD,,PRIMITIVE_OR_NONKLC,https://docs.google.com/spreadsheets/d/13rdpmsI5n0dnsb33u4YHGwI8VrWtCeLDWDELO_hC7Qs
1241,侶,COMPANION,KLC_01241,1,RAD_00009,人,"person, *roof*",RAD,,PRIMITIVE_OR_NONKLC,https://docs.google.com/spreadsheets/d/13rdpmsI5n0dnsb33u4YHGwI8VrWtCeLDWDELO_hC7Qs
1244,蛍,FIREFLY,KLC_01244,1,RAD_00142,虫,"insect, worm",RAD,,PRIMITIVE_OR_NONKLC,https://docs.google.com/spreadsheets/d/13rdpmsI5n0dnsb33u4YHGwI8VrWtCeLDWDELO_hC7Qs
1245,栄,"FLOURISH, GLORY",KLC_01245,1,RAD_00075,木,tree,RAD,,PRIMITIVE_OR_NONKLC,https://docs.google.com/spreadsheets/d/13rdpmsI5n0dnsb33u4YHGwI8VrWtCeLDWDELO_hC7Qs
1246,誉,HONOR,KLC_01246,1,SUP_00007,龸,crown,SUP,,PRIMITIVE_OR_NONKLC,https://docs.google.com/spreadsheets/d/13rdpmsI5n0dnsb33u4YHGwI8VrWtCeLDWDELO_hC7Qs
1246,誉,HONOR,KLC_01246,2,RAD_00149,言,"speech, word, say",RAD,,PRIMITIVE_OR_NONKLC,https://docs.google.com/spreadsheets/d/13rdpmsI5n0dnsb33u4YHGwI8VrWtCeLDWDELO_hC7Qs
1247,挙,"PLAN, RAISE [one's hand]",KLC_01247,1,SUP_00007,龸,crown,SUP,,PRIMITIVE_OR_NONKLC,https://docs.google.com/spreadsheets/d/13rdpmsI5n0dnsb33u4YHGwI8VrWtCeLDWDELO_hC7Qs
1247,挙,"PLAN, RAISE [one's hand]",KLC_01247,2,RAD_00064,手,"hand, performer of action",RAD,,PRIMITIVE_OR_NONKLC,https://docs.google.com/spreadsheets/d/13rdpmsI5n0dnsb33u4YHGwI8VrWtCeLDWDELO_hC7Qs
1248,拳,FIST,KLC_01248,1,KLC_01247,挙,"PLAN, RAISE [one's hand]",KLC,1247,EARLIER_OR_SAME_KLC,https://docs.google.com/spreadsheets/d/13rdpmsI5n0dnsb33u4YHGwI8VrWtCeLDWDELO_hC7Qs
1249,桜,CHERRY,KLC_01249,1,RAD_00038,女,woman,RAD,,PRIMITIVE_OR_NONKLC,https://docs.google.com/spreadsheets/d/13rdpmsI5n0dnsb33u4YHGwI8VrWtCeLDWDELO_hC7Qs
1249,桜,CHERRY,KLC_01249,2,RAD_00075,木,tree,RAD,,PRIMITIVE_OR_NONKLC,https://docs.google.com/spreadsheets/d/13rdpmsI5n0dnsb33u4YHGwI8VrWtCeLDWDELO_hC7Qs
1250,妥,"GENTLE, PEACE",KLC_01250,1,RAD_00087,爪,claw,RAD,,PRIMITIVE_OR_NONKLC,https://docs.google.com/spreadsheets/d/13rdpmsI5n0dnsb33u4YHGwI8VrWtCeLDWDELO_hC7Qs
1250,妥,"GENTLE, PEACE",KLC_01250,2,RAD_00038,女,woman,RAD,,PRIMITIVE_OR_NONKLC,https://docs.google.com/spreadsheets/d/13rdpmsI5n0dnsb33u4YHGwI8VrWtCeLDWDELO_hC7Qs
1251,咲,BLOOM,KLC_01251,1,SUP_00010,关,angel,SUP,,PRIMITIVE_OR_NONKLC,https://docs.google.com/spreadsheets/d/13rdpmsI5n0dnsb33u4YHGwI8VrWtCeLDWDELO_hC7Qs
1251,咲,BLOOM,KLC_01251,2,RAD_00030,口,"mouth, *opening*",RAD,,PRIMITIVE_OR_NONKLC,https://docs.google.com/spreadsheets/d/13rdpmsI5n0dnsb33u4YHGwI8VrWtCeLDWDELO_hC7Qs
1252,朕,IMPERIAL WE [formal 1st person pronoun],KLC_01252,1,SUP_00010,关,angel,SUP,,PRIMITIVE_OR_NONKLC,https://docs.google.com/spreadsheets/d/13rdpmsI5n0dnsb33u4YHGwI8VrWtCeLDWDELO_hC7Qs
1252,朕,IMPERIAL WE [formal 1st person pronoun],KLC_01252,2,RAD_00074,月,"moon, month, *flesh*, *body part*",RAD,,PRIMITIVE_OR_NONKLC,https://docs.google.com/spreadsheets/d/13rdpmsI5n0dnsb33u4YHGwI8VrWtCeLDWDELO_hC7Qs
1253,茎,STEM,KLC_01253,1,SUP_00036,圣,straight,SUP,,PRIMITIVE_OR_NONKLC,https://docs.google.com/spreadsheets/d/13rdpmsI5n0dnsb33u4YHGwI8VrWtCeLDWDELO_hC7Qs
1253,茎,STEM,KLC_01253,2,RAD_00140,艸,"grass, vegetation",RAD,,PRIMITIVE_OR_NONKLC,https://docs.google.com/spreadsheets/d/13rdpmsI5n0dnsb33u4YHGwI8VrWtCeLDWDELO_hC7Qs
1254,径,"PATH, DIAMETER",KLC_01254,1,RAD_00060,彳,"linger, stop, go",RAD,,PRIMITIVE_OR_NONKLC,https://docs.google.com/spreadsheets/d/13rdpmsI5n0dnsb33u4YHGwI8VrWtCeLDWDELO_hC7Qs
1254,径,"PATH, DIAMETER",KLC_01254,2,SUP_00036,圣,straight,SUP,,PRIMITIVE_OR_NONKLC,https://docs.google.com/spreadsheets/d/13rdpmsI5n0dnsb33u4YHGwI8VrWtCeLDWDELO_hC7Qs
1255,怪,MYSTERIOUS,KLC_01255,1,RAD_00061,心,"heart, mind, spirit",RAD,,PRIMITIVE_OR_NONKLC,https://docs.google.com/spreadsheets/d/13rdpmsI5n0dnsb33u4YHGwI8VrWtCeLDWDELO_hC7Qs
1256,軽,LIGHT [weight/importance],KLC_01256,1,RAD_00159,車,"car, cart",RAD,,PRIMITIVE_OR_NONKLC,https://docs.google.com/spreadsheets/d/13rdpmsI5n0dnsb33u4YHGwI8VrWtCeLDWDELO_hC7Qs
1256,軽,LIGHT [weight/importance],KLC_01256,2,SUP_00036,圣,straight,SUP,,PRIMITIVE_OR_NONKLC,https://docs.google.com/spreadsheets/d/13rdpmsI5n0dnsb33u4YHGwI8VrWtCeLDWDELO_hC7Qs
1257,経,"PASS THROUGH, MANAGE",KLC_01257,1,RAD_00120,糸,"thread, silk",RAD,,PRIMITIVE_OR_NONKLC,https://docs.google.com/spreadsheets/d/13rdpmsI5n0dnsb33u4YHGwI8VrWtCeLDWDELO_hC7Qs
1257,経,"PASS THROUGH, MANAGE",KLC_01257,2,SUP_00036,圣,straight,SUP,,PRIMITIVE_OR_NONKLC,https://docs.google.com/spreadsheets/d/13rdpmsI5n0dnsb33u4YHGwI8VrWtCeLDWDELO_hC7Qs
1258,斉,EQUAL,KLC_01258,1,RAD_00067,文,"script, literature",RAD,,PRIMITIVE_OR_NONKLC,https://docs.google.com/spreadsheets/d/13rdpmsI5n0dnsb33u4YHGwI8VrWtCeLDWDELO_hC7Qs
1259,斎,"PURIFICATION, WORSHIP, STUDY [room]",KLC_01259,1,RAD_00067,文,"script, literature",RAD,,PRIMITIVE_OR_NONKLC,https://docs.google.com/spreadsheets/d/13rdpmsI5n0dnsb33u4YHGwI8VrWtCeLDWDELO_hC7Qs
1259,斎,"PURIFICATION, WORSHIP, STUDY [room]",KLC_01259,2,RAD_00113,示,"spirit, sign, show",RAD,,PRIMITIVE_OR_NONKLC,https://docs.google.com/spreadsheets/d/13rdpmsI5n0dnsb33u4YHGwI8VrWtCeLDWDELO_hC7Qs
1260,済,"SETTLE [debt], RELIEVE",KLC_01260,1,RAD_00085,水,"water, *liquid*",RAD,,PRIMITIVE_OR_NONKLC,https://docs.google.com/spreadsheets/d/13rdpmsI5n0dnsb33u4YHGwI8VrWtCeLDWDELO_hC7Qs
1260,済,"SETTLE [debt], RELIEVE",KLC_01260,2,KLC_01258,斉,EQUAL,KLC,1258,EARLIER_OR_SAME_KLC,https://docs.google.com/spreadsheets/d/13rdpmsI5n0dnsb33u4YHGwI8VrWtCeLDWDELO_hC7Qs
1261,剤,"DOSE, MEDICINE",KLC_01261,1,KLC_01258,斉,EQUAL,KLC,1258,EARLIER_OR_SAME_KLC,https://docs.google.com/spreadsheets/d/13rdpmsI5n0dnsb33u4YHGwI8VrWtCeLDWDELO_hC7Qs
1261,剤,"DOSE, MEDICINE",KLC_01261,2,RAD_00018,刀,"knife, sword, *cut*",RAD,,PRIMITIVE_OR_NONKLC,https://docs.google.com/spreadsheets/d/13rdpmsI5n0dnsb33u4YHGwI8VrWtCeLDWDELO_hC7Qs
1262,剖,"DISSECT, DIVIDE",KLC_01262,1,RAD_00117,立,stand,RAD,,PRIMITIVE_OR_NONKLC,https://docs.google.com/spreadsheets/d/13rdpmsI5n0dnsb33u4YHGwI8VrWtCeLDWDELO_hC7Qs
1262,剖,"DISSECT, DIVIDE",KLC_01262,2,RAD_00030,口,"mouth, *opening*",RAD,,PRIMITIVE_OR_NONKLC,https://docs.google.com/spreadsheets/d/13rdpmsI5n0dnsb33u4YHGwI8VrWtCeLDWDELO_hC7Qs
1262,剖,"DISSECT, DIVIDE",KLC_01262,3,RAD_00018,刀,"knife, sword, *cut*",RAD,,PRIMITIVE_OR_NONKLC,https://docs.google.com/spreadsheets/d/13rdpmsI5n0dnsb33u4YHGwI8VrWtCeLDWDELO_hC7Qs
1263,陪,"FOLLOW, ATTEND ON",KLC_01263,1,RAD_00117,立,stand,RAD,,PRIMITIVE_OR_NONKLC,https://docs.google.com/spreadsheets/d/13rdpmsI5n0dnsb33u4YHGwI8VrWtCeLDWDELO_hC7Qs
1263,陪,"FOLLOW, ATTEND ON",KLC_01263,2,RAD_00030,口,"mouth, *opening*",RAD,,PRIMITIVE_OR_NONKLC,https://docs.google.com/spreadsheets/d/13rdpmsI5n0dnsb33u4YHGwI8VrWtCeLDWDELO_hC7Qs
1263,陪,"FOLLOW, ATTEND ON",KLC_01263,3,RAD_00170,阜,hill [left of kanji],RAD,,PRIMITIVE_OR_NONKLC,https://docs.google.com/spreadsheets/d/13rdpmsI5n0dnsb33u4YHGwI8VrWtCeLDWDELO_hC7Qs
1264,培,CULTIVATE,KLC_01264,1,RAD_00117,立,stand,RAD,,PRIMITIVE_OR_NONKLC,https://docs.google.com/spreadsheets/d/13rdpmsI5n0dnsb33u4YHGwI8VrWtCeLDWDELO_hC7Qs
1264,培,CULTIVATE,KLC_01264,2,RAD_00030,口,"mouth, *opening*",RAD,,PRIMITIVE_OR_NONKLC,https://docs.google.com/spreadsheets/d/13rdpmsI5n0dnsb33u4YHGwI8VrWtCeLDWDELO_hC7Qs
1264,培,CULTIVATE,KLC_01264,3,RAD_00032,土,"soil, earth",RAD,,PRIMITIVE_OR_NONKLC,https://docs.google.com/spreadsheets/d/13rdpmsI5n0dnsb33u4YHGwI8VrWtCeLDWDELO_hC7Qs
1265,賠,"COMPENSATE, INDEMNIFY",KLC_01265,1,RAD_00117,立,stand,RAD,,PRIMITIVE_OR_NONKLC,https://docs.google.com/spreadsheets/d/13rdpmsI5n0dnsb33u4YHGwI8VrWtCeLDWDELO_hC7Qs
1265,賠,"COMPENSATE, INDEMNIFY",KLC_01265,2,RAD_00154,貝,"shellfish, money, wealth",RAD,,PRIMITIVE_OR_NONKLC,https://docs.google.com/spreadsheets/d/13rdpmsI5n0dnsb33u4YHGwI8VrWtCeLDWDELO_hC7Qs
1265,賠,"COMPENSATE, INDEMNIFY",KLC_01265,3,RAD_00030,口,"mouth, *opening*",RAD,,PRIMITIVE_OR_NONKLC,https://docs.google.com/spreadsheets/d/13rdpmsI5n0dnsb33u4YHGwI8VrWtCeLDWDELO_hC7Qs
1266,貼,"STICK, PASTE",KLC_01266,1,KLC_00348,占,"OCCUPY, DIVINE",KLC,348,EARLIER_OR_SAME_KLC,https://docs.google.com/spreadsheets/d/13rdpmsI5n0dnsb33u4YHGwI8VrWtCeLDWDELO_hC7Qs
1266,貼,"STICK, PASTE",KLC_01266,2,RAD_00154,貝,"shellfish, money, wealth",RAD,,PRIMITIVE_OR_NONKLC,https://docs.google.com/spreadsheets/d/13rdpmsI5n0dnsb33u4YHGwI8VrWtCeLDWDELO_hC7Qs
1267,粘,STICKY,KLC_01267,1,RAD_00119,米,rice,RAD,,PRIMITIVE_OR_NONKLC,https://docs.google.com/spreadsheets/d/13rdpmsI5n0dnsb33u4YHGwI8VrWtCeLDWDELO_hC7Qs
1267,粘,STICKY,KLC_01267,2,KLC_00348,占,"OCCUPY, DIVINE",KLC,348,EARLIER_OR_SAME_KLC,https://docs.google.com/spreadsheets/d/13rdpmsI5n0dnsb33u4YHGwI8VrWtCeLDWDELO_hC7Qs
1268,衡,"BALANCE, WEIGH",KLC_01268,1,RAD_00037,大,"big, university",RAD,,PRIMITIVE_OR_NONKLC,https://docs.google.com/spreadsheets/d/13rdpmsI5n0dnsb33u4YHGwI8VrWtCeLDWDELO_hC7Qs
1268,衡,"BALANCE, WEIGH",KLC_01268,2,RAD_00195,魚,fish,RAD,,PRIMITIVE_OR_NONKLC,https://docs.google.com/spreadsheets/d/13rdpmsI5n0dnsb33u4YHGwI8VrWtCeLDWDELO_hC7Qs
1269,換,"EXCHANGE, REPLACE",KLC_01269,1,RAD_00064,手,"hand, performer of action",RAD,,PRIMITIVE_OR_NONKLC,https://docs.google.com/spreadsheets/d/13rdpmsI5n0dnsb33u4YHGwI8VrWtCeLDWDELO_hC7Qs
1269,換,"EXCHANGE, REPLACE",KLC_01269,2,RAD_00037,大,"big, university",RAD,,PRIMITIVE_OR_NONKLC,https://docs.google.com/spreadsheets/d/13rdpmsI5n0dnsb33u4YHGwI8VrWtCeLDWDELO_hC7Qs
1269,換,"EXCHANGE, REPLACE",KLC_01269,3,RAD_00195,魚,fish,RAD,,PRIMITIVE_OR_NONKLC,https://docs.google.com/spreadsheets/d/13rdpmsI5n0dnsb33u4YHGwI8VrWtCeLDWDELO_hC7Qs
1270,喚,"CALL, SCREAM",KLC_01270,1,RAD_00037,大,"big, university",RAD,,PRIMITIVE_OR_NONKLC,https://docs.google.com/spreadsheets/d/13rdpmsI5n0dnsb33u4YHGwI8VrWtCeLDWDELO_hC7Qs
1270,喚,"CALL, SCREAM",KLC_01270,2,RAD_00195,魚,fish,RAD,,PRIMITIVE_OR_NONKLC,https://docs.google.com/spreadsheets/d/13rdpmsI5n0dnsb33u4YHGwI8VrWtCeLDWDELO_hC7Qs
1270,喚,"CALL, SCREAM",KLC_01270,3,RAD_00030,口,"mouth, *opening*",RAD,,PRIMITIVE_OR_NONKLC,https://docs.google.com/spreadsheets/d/13rdpmsI5n0dnsb33u4YHGwI8VrWtCeLDWDELO_hC7Qs
1271,絶,"BREAK OFF, COME TO AN END",KLC_01271,1,RAD_00139,色,color,RAD,,PRIMITIVE_OR_NONKLC,https://docs.google.com/spreadsheets/d/13rdpmsI5n0dnsb33u4YHGwI8VrWtCeLDWDELO_hC7Qs
1271,絶,"BREAK OFF, COME TO AN END",KLC_01271,2,RAD_00120,糸,"thread, silk",RAD,,PRIMITIVE_OR_NONKLC,https://docs.google.com/spreadsheets/d/13rdpmsI5n0dnsb33u4YHGwI8VrWtCeLDWDELO_hC7Qs
1272,免,"EXEMPTION, ESCAPE",KLC_01272,1,RAD_00010,儿,"son, legs",RAD,,PRIMITIVE_OR_NONKLC,https://docs.google.com/spreadsheets/d/13rdpmsI5n0dnsb33u4YHGwI8VrWtCeLDWDELO_hC7Qs
1273,逸,"EVADE, DEVIATE",KLC_01273,1,RAD_00162,辵,"walk, *transport*",RAD,,PRIMITIVE_OR_NONKLC,https://docs.google.com/spreadsheets/d/13rdpmsI5n0dnsb33u4YHGwI8VrWtCeLDWDELO_hC7Qs
1273,逸,"EVADE, DEVIATE",KLC_01273,2,KLC_01272,免,"EXEMPTION, ESCAPE",KLC,1272,EARLIER_OR_SAME_KLC,https://docs.google.com/spreadsheets/d/13rdpmsI5n0dnsb33u4YHGwI8VrWtCeLDWDELO_hC7Qs
1274,勉,"EXERTION, EFFORT",KLC_01274,1,RAD_00019,力,"power, strength",RAD,,PRIMITIVE_OR_NONKLC,https://docs.google.com/spreadsheets/d/13rdpmsI5n0dnsb33u4YHGwI8VrWtCeLDWDELO_hC7Qs
1274,勉,"EXERTION, EFFORT",KLC_01274,2,KLC_01272,免,"EXEMPTION, ESCAPE",KLC,1272,EARLIER_OR_SAME_KLC,https://docs.google.com/spreadsheets/d/13rdpmsI5n0dnsb33u4YHGwI8VrWtCeLDWDELO_hC7Qs
1275,晩,EVENING,KLC_01275,1,RAD_00072,日,"sun, day",RAD,,PRIMITIVE_OR_NONKLC,https://docs.google.com/spreadsheets/d/13rdpmsI5n0dnsb33u4YHGwI8VrWtCeLDWDELO_hC7Qs
1275,晩,EVENING,KLC_01275,2,KLC_01272,免,"EXEMPTION, ESCAPE",KLC,1272,EARLIER_OR_SAME_KLC,https://docs.google.com/spreadsheets/d/13rdpmsI5n0dnsb33u4YHGwI8VrWtCeLDWDELO_hC7Qs
1276,許,PERMIT,KLC_01276,1,RAD_00149,言,"speech, word, say",RAD,,PRIMITIVE_OR_NONKLC,https://docs.google.com/spreadsheets/d/13rdpmsI5n0dnsb33u4YHGwI8VrWtCeLDWDELO_hC7Qs
1276,許,PERMIT,KLC_01276,2,KLC_00115,午,"NOON, SIGN OF THE HORSE",KLC,115,EARLIER_OR_SAME_KLC,https://docs.google.com/spreadsheets/d/13rdpmsI5n0dnsb33u4YHGwI8VrWtCeLDWDELO_hC7Qs
1277,象,"PHENOMENON, ELEPHANT",KLC_01277,1,RAD_00152,豕,pig,RAD,,PRIMITIVE_OR_NONKLC,https://docs.google.com/spreadsheets/d/13rdpmsI5n0dnsb33u4YHGwI8VrWtCeLDWDELO_hC7Qs
1278,像,"IMAGE, LIKENESS",KLC_01278,1,RAD_00009,人,"person, *roof*",RAD,,PRIMITIVE_OR_NONKLC,https://docs.google.com/spreadsheets/d/13rdpmsI5n0dnsb33u4YHGwI8VrWtCeLDWDELO_hC7Qs
1278,像,"IMAGE, LIKENESS",KLC_01278,2,KLC_01277,象,"PHENOMENON, ELEPHANT",KLC,1277,EARLIER_OR_SAME_KLC,https://docs.google.com/spreadsheets/d/13rdpmsI5n0dnsb33u4YHGwI8VrWtCeLDWDELO_hC7Qs
1279,彫,"CARVE, ENGRAVE",KLC_01279,1,RAD_00059,彡,"hair, fur, *chisel*",RAD,,PRIMITIVE_OR_NONKLC,https://docs.google.com/spreadsheets/d/13rdpmsI5n0dnsb33u4YHGwI8VrWtCeLDWDELO_hC7Qs
1279,彫,"CARVE, ENGRAVE",KLC_01279,2,KLC_00304,周,"PERIPHERY, CIRCUMFERENCE",KLC,304,EARLIER_OR_SAME_KLC,https://docs.google.com/spreadsheets/d/13rdpmsI5n0dnsb33u4YHGwI8VrWtCeLDWDELO_hC7Qs
1280,景,"SCENE, VIEW",KLC_01280,1,KLC_00245,京,"CAPITAL, TŌKYŌ, KYŌTO",KLC,245,EARLIER_OR_SAME_KLC,https://docs.google.com/spreadsheets/d/13rdpmsI5n0dnsb33u4YHGwI8VrWtCeLDWDELO_hC7Qs
1280,景,"SCENE, VIEW",KLC_01280,2,RAD_00072,日,"sun, day",RAD,,PRIMITIVE_OR_NONKLC,https://docs.google.com/spreadsheets/d/13rdpmsI5n0dnsb33u4YHGwI8VrWtCeLDWDELO_hC7Qs
1281,影,SHADOW,KLC_01281,1,KLC_01280,景,"SCENE, VIEW",KLC,1280,EARLIER_OR_SAME_KLC,https://docs.google.com/spreadsheets/d/13rdpmsI5n0dnsb33u4YHGwI8VrWtCeLDWDELO_hC7Qs
1282,撮,PHOTOGRAPH,KLC_01282,1,RAD_00064,手,"hand, performer of action",RAD,,PRIMITIVE_OR_NONKLC,https://docs.google.com/spreadsheets/d/13rdpmsI5n0dnsb33u4YHGwI8VrWtCeLDWDELO_hC7Qs
1282,撮,PHOTOGRAPH,KLC_01282,2,KLC_00059,取,TAKE,KLC,59,EARLIER_OR_SAME_KLC,https://docs.google.com/spreadsheets/d/13rdpmsI5n0dnsb33u4YHGwI8VrWtCeLDWDELO_hC7Qs
1282,撮,PHOTOGRAPH,KLC_01282,3,RAD_00072,日,"sun, day",RAD,,PRIMITIVE_OR_NONKLC,https://docs.google.com/spreadsheets/d/13rdpmsI5n0dnsb33u4YHGwI8VrWtCeLDWDELO_hC7Qs
1283,就,"TAKE POSITION, DEPART",KLC_01283,1,KLC_00655,沈,SINK,KLC,655,EARLIER_OR_SAME_KLC,https://docs.google.com/spreadsheets/d/13rdpmsI5n0dnsb33u4YHGwI8VrWtCeLDWDELO_hC7Qs
1283,就,"TAKE POSITION, DEPART",KLC_01283,2,KLC_00245,京,"CAPITAL, TŌKYŌ, KYŌTO",KLC,245,EARLIER_OR_SAME_KLC,https://docs.google.com/spreadsheets/d/13rdpmsI5n0dnsb33u4YHGwI8VrWtCeLDWDELO_hC7Qs
1284,涼,"COOL, REFRESHING",KLC_01284,1,RAD_00085,水,"water, *liquid*",RAD,,PRIMITIVE_OR_NONKLC,https://docs.google.com/spreadsheets/d/13rdpmsI5n0dnsb33u4YHGwI8VrWtCeLDWDELO_hC7Qs
1284,涼,"COOL, REFRESHING",KLC_01284,2,KLC_00245,京,"CAPITAL, TŌKYŌ, KYŌTO",KLC,245,EARLIER_OR_SAME_KLC,https://docs.google.com/spreadsheets/d/13rdpmsI5n0dnsb33u4YHGwI8VrWtCeLDWDELO_hC7Qs
1285,鯨,WHALE,KLC_01285,1,RAD_00195,魚,fish,RAD,,PRIMITIVE_OR_NONKLC,https://docs.google.com/spreadsheets/d/13rdpmsI5n0dnsb33u4YHGwI8VrWtCeLDWDELO_hC7Qs
1285,鯨,WHALE,KLC_01285,2,KLC_00245,京,"CAPITAL, TŌKYŌ, KYŌTO",KLC,245,EARLIER_OR_SAME_KLC,https://docs.google.com/spreadsheets/d/13rdpmsI5n0dnsb33u4YHGwI8VrWtCeLDWDELO_hC7Qs
1286,隔,"SEPARATE, ISOLATE",KLC_01286,1,RAD_00193,鬲,cauldron,RAD,,PRIMITIVE_OR_NONKLC,https://docs.google.com/spreadsheets/d/13rdpmsI5n0dnsb33u4YHGwI8VrWtCeLDWDELO_hC7Qs
1286,隔,"SEPARATE, ISOLATE",KLC_01286,2,RAD_00170,阜,hill [left of kanji],RAD,,PRIMITIVE_OR_NONKLC,https://docs.google.com/spreadsheets/d/13rdpmsI5n0dnsb33u4YHGwI8VrWtCeLDWDELO_hC7Qs
1287,融,"FUSE, MELT",KLC_01287,1,RAD_00142,虫,"insect, worm",RAD,,PRIMITIVE_OR_NONKLC,https://docs.google.com/spreadsheets/d/13rdpmsI5n0dnsb33u4YHGwI8VrWtCeLDWDELO_hC7Qs
1287,融,"FUSE, MELT",KLC_01287,2,RAD_00193,鬲,cauldron,RAD,,PRIMITIVE_OR_NONKLC,https://docs.google.com/spreadsheets/d/13rdpmsI5n0dnsb33u4YHGwI8VrWtCeLDWDELO_hC7Qs
1288,肖,RESEMBLANCE,KLC_01288,1,RAD_00074,月,"moon, month, *flesh*, *body part*",RAD,,PRIMITIVE_OR_NONKLC,https://docs.google.com/spreadsheets/d/13rdpmsI5n0dnsb33u4YHGwI8VrWtCeLDWDELO_hC7Qs
1289,消,"EXTINGUISH, SPEND",KLC_01289,1,RAD_00085,水,"water, *liquid*",RAD,,PRIMITIVE_OR_NONKLC,https://docs.google.com/spreadsheets/d/13rdpmsI5n0dnsb33u4YHGwI8VrWtCeLDWDELO_hC7Qs
1289,消,"EXTINGUISH, SPEND",KLC_01289,2,KLC_01288,肖,RESEMBLANCE,KLC,1288,EARLIER_OR_SAME_KLC,https://docs.google.com/spreadsheets/d/13rdpmsI5n0dnsb33u4YHGwI8VrWtCeLDWDELO_hC7Qs
1290,硝,NITRATE,KLC_01290,1,KLC_01288,肖,RESEMBLANCE,KLC,1288,EARLIER_OR_SAME_KLC,https://docs.google.com/spreadsheets/d/13rdpmsI5n0dnsb33u4YHGwI8VrWtCeLDWDELO_hC7Qs
1290,硝,NITRATE,KLC_01290,2,RAD_00112,石,"stone, rock",RAD,,PRIMITIVE_OR_NONKLC,https://docs.google.com/spreadsheets/d/13rdpmsI5n0dnsb33u4YHGwI8VrWtCeLDWDELO_hC7Qs
1291,梢,TWIG,KLC_01291,1,KLC_01288,肖,RESEMBLANCE,KLC,1288,EARLIER_OR_SAME_KLC,https://docs.google.com/spreadsheets/d/13rdpmsI5n0dnsb33u4YHGwI8VrWtCeLDWDELO_hC7Qs
1291,梢,TWIG,KLC_01291,2,RAD_00075,木,tree,RAD,,PRIMITIVE_OR_NONKLC,https://docs.google.com/spreadsheets/d/13rdpmsI5n0dnsb33u4YHGwI8VrWtCeLDWDELO_hC7Qs
1292,削,CUT BY CHIPPING,KLC_01292,1,KLC_01288,肖,RESEMBLANCE,KLC,1288,EARLIER_OR_SAME_KLC,https://docs.google.com/spreadsheets/d/13rdpmsI5n0dnsb33u4YHGwI8VrWtCeLDWDELO_hC7Qs
1292,削,CUT BY CHIPPING,KLC_01292,2,RAD_00018,刀,"knife, sword, *cut*",RAD,,PRIMITIVE_OR_NONKLC,https://docs.google.com/spreadsheets/d/13rdpmsI5n0dnsb33u4YHGwI8VrWtCeLDWDELO_hC7Qs
1293,宵,EVENING,KLC_01293,1,RAD_00074,月,"moon, month, *flesh*, *body part*",RAD,,PRIMITIVE_OR_NONKLC,https://docs.google.com/spreadsheets/d/13rdpmsI5n0dnsb33u4YHGwI8VrWtCeLDWDELO_hC7Qs
1293,宵,EVENING,KLC_01293,2,RAD_00040,宀,roof,RAD,,PRIMITIVE_OR_NONKLC,https://docs.google.com/spreadsheets/d/13rdpmsI5n0dnsb33u4YHGwI8VrWtCeLDWDELO_hC7Qs
1294,宴,BANQUET,KLC_01294,1,RAD_00038,女,woman,RAD,,PRIMITIVE_OR_NONKLC,https://docs.google.com/spreadsheets/d/13rdpmsI5n0dnsb33u4YHGwI8VrWtCeLDWDELO_hC7Qs
1294,宴,BANQUET,KLC_01294,2,RAD_00040,宀,roof,RAD,,PRIMITIVE_OR_NONKLC,https://docs.google.com/spreadsheets/d/13rdpmsI5n0dnsb33u4YHGwI8VrWtCeLDWDELO_hC7Qs
1294,宴,BANQUET,KLC_01294,3,RAD_00072,日,"sun, day",RAD,,PRIMITIVE_OR_NONKLC,https://docs.google.com/spreadsheets/d/13rdpmsI5n0dnsb33u4YHGwI8VrWtCeLDWDELO_hC7Qs
1295,郷,HOMETOWN,KLC_01295,1,RAD_00052,幺,"short thread, *child*",RAD,,PRIMITIVE_OR_NONKLC,https://docs.google.com/spreadsheets/d/13rdpmsI5n0dnsb33u4YHGwI8VrWtCeLDWDELO_hC7Qs
1295,郷,HOMETOWN,KLC_01295,2,RAD_00138,艮,stopping,RAD,,PRIMITIVE_OR_NONKLC,https://docs.google.com/spreadsheets/d/13rdpmsI5n0dnsb33u4YHGwI8VrWtCeLDWDELO_hC7Qs
1295,郷,HOMETOWN,KLC_01295,3,RAD_00163,邑,city [right of kanji],RAD,,PRIMITIVE_OR_NONKLC,https://docs.google.com/spreadsheets/d/13rdpmsI5n0dnsb33u4YHGwI8VrWtCeLDWDELO_hC7Qs
1296,饗,BANQUET,KLC_01296,1,RAD_00184,食,eat,RAD,,PRIMITIVE_OR_NONKLC,https://docs.google.com/spreadsheets/d/13rdpmsI5n0dnsb33u4YHGwI8VrWtCeLDWDELO_hC7Qs
1296,饗,BANQUET,KLC_01296,2,KLC_01295,郷,HOMETOWN,KLC,1295,EARLIER_OR_SAME_KLC,https://docs.google.com/spreadsheets/d/13rdpmsI5n0dnsb33u4YHGwI8VrWtCeLDWDELO_hC7Qs
1297,響,REVERBERATE,KLC_01297,1,KLC_01295,郷,HOMETOWN,KLC,1295,EARLIER_OR_SAME_KLC,https://docs.google.com/spreadsheets/d/13rdpmsI5n0dnsb33u4YHGwI8VrWtCeLDWDELO_hC7Qs
1297,響,REVERBERATE,KLC_01297,2,RAD_00180,音,sound,RAD,,PRIMITIVE_OR_NONKLC,https://docs.google.com/spreadsheets/d/13rdpmsI5n0dnsb33u4YHGwI8VrWtCeLDWDELO_hC7Qs
1298,城,CASTLE,KLC_01298,1,RAD_00032,土,"soil, earth",RAD,,PRIMITIVE_OR_NONKLC,https://docs.google.com/spreadsheets/d/13rdpmsI5n0dnsb33u4YHGwI8VrWtCeLDWDELO_hC7Qs
1298,城,CASTLE,KLC_01298,2,KLC_00070,成,"BECOME, ACHIEVE",KLC,70,EARLIER_OR_SAME_KLC,https://docs.google.com/spreadsheets/d/13rdpmsI5n0dnsb33u4YHGwI8VrWtCeLDWDELO_hC7Qs
1299,誠,SINCERITY,KLC_01299,1,KLC_00070,成,"BECOME, ACHIEVE",KLC,70,EARLIER_OR_SAME_KLC,https://docs.google.com/spreadsheets/d/13rdpmsI5n0dnsb33u4YHGwI8VrWtCeLDWDELO_hC7Qs
1299,誠,SINCERITY,KLC_01299,2,RAD_00149,言,"speech, word, say",RAD,,PRIMITIVE_OR_NONKLC,https://docs.google.com/spreadsheets/d/13rdpmsI5n0dnsb33u4YHGwI8VrWtCeLDWDELO_hC7Qs
1300,盛,PROSPER,KLC_01300,1,RAD_00108,皿,"plate, dish",RAD,,PRIMITIVE_OR_NONKLC,https://docs.google.com/spreadsheets/d/13rdpmsI5n0dnsb33u4YHGwI8VrWtCeLDWDELO_hC7Qs
1300,盛,PROSPER,KLC_01300,2,KLC_00070,成,"BECOME, ACHIEVE",KLC,70,EARLIER_OR_SAME_KLC,https://docs.google.com/spreadsheets/d/13rdpmsI5n0dnsb33u4YHGwI8VrWtCeLDWDELO_hC7Qs
1301,旺,"FLOURISHING, VIGOROUS",KLC_01301,1,RAD_00072,日,"sun, day",RAD,,PRIMITIVE_OR_NONKLC,https://docs.google.com/spreadsheets/d/13rdpmsI5n0dnsb33u4YHGwI8VrWtCeLDWDELO_hC7Qs
1301,旺,"FLOURISHING, VIGOROUS",KLC_01301,2,KLC_00072,王,KING,KLC,72,EARLIER_OR_SAME_KLC,https://docs.google.com/spreadsheets/d/13rdpmsI5n0dnsb33u4YHGwI8VrWtCeLDWDELO_hC7Qs
1302,盆,TRAY,KLC_01302,1,RAD_00108,皿,"plate, dish",RAD,,PRIMITIVE_OR_NONKLC,https://docs.google.com/spreadsheets/d/13rdpmsI5n0dnsb33u4YHGwI8VrWtCeLDWDELO_hC7Qs
1302,盆,TRAY,KLC_01302,2,KLC_00088,分,"DIVIDE, PART, MINUTE",KLC,88,EARLIER_OR_SAME_KLC,https://docs.google.com/spreadsheets/d/13rdpmsI5n0dnsb33u4YHGwI8VrWtCeLDWDELO_hC7Qs
1303,蓋,LID,KLC_01303,1,RAD_00108,皿,"plate, dish",RAD,,PRIMITIVE_OR_NONKLC,https://docs.google.com/spreadsheets/d/13rdpmsI5n0dnsb33u4YHGwI8VrWtCeLDWDELO_hC7Qs
1303,蓋,LID,KLC_01303,2,KLC_00138,去,"GONE, LEAVE, PAST",KLC,138,EARLIER_OR_SAME_KLC,https://docs.google.com/spreadsheets/d/13rdpmsI5n0dnsb33u4YHGwI8VrWtCeLDWDELO_hC7Qs
1304,盗,STEAL,KLC_01304,1,KLC_00278,次,"NEXT, SECONDARY",KLC,278,EARLIER_OR_SAME_KLC,https://docs.google.com/spreadsheets/d/13rdpmsI5n0dnsb33u4YHGwI8VrWtCeLDWDELO_hC7Qs
1304,盗,STEAL,KLC_01304,2,RAD_00108,皿,"plate, dish",RAD,,PRIMITIVE_OR_NONKLC,https://docs.google.com/spreadsheets/d/13rdpmsI5n0dnsb33u4YHGwI8VrWtCeLDWDELO_hC7Qs
1305,盟,"ALLIANCE, PACT",KLC_01305,1,RAD_00072,日,"sun, day",RAD,,PRIMITIVE_OR_NONKLC,https://docs.google.com/spreadsheets/d/13rdpmsI5n0dnsb33u4YHGwI8VrWtCeLDWDELO_hC7Qs
1305,盟,"ALLIANCE, PACT",KLC_01305,2,RAD_00074,月,"moon, month, *flesh*, *body part*",RAD,,PRIMITIVE_OR_NONKLC,https://docs.google.com/spreadsheets/d/13rdpmsI5n0dnsb33u4YHGwI8VrWtCeLDWDELO_hC7Qs
1305,盟,"ALLIANCE, PACT",KLC_01305,3,RAD_00108,皿,"plate, dish",RAD,,PRIMITIVE_OR_NONKLC,https://docs.google.com/spreadsheets/d/13rdpmsI5n0dnsb33u4YHGwI8VrWtCeLDWDELO_hC7Qs
1306,塩,SALT,KLC_01306,1,SUP_00000,𠂉,"resting person, rod",SUP,,PRIMITIVE_OR_NONKLC,https://docs.google.com/spreadsheets/d/13rdpmsI5n0dnsb33u4YHGwI8VrWtCeLDWDELO_hC7Qs
1306,塩,SALT,KLC_01306,2,RAD_00032,土,"soil, earth",RAD,,PRIMITIVE_OR_NONKLC,https://docs.google.com/spreadsheets/d/13rdpmsI5n0dnsb33u4YHGwI8VrWtCeLDWDELO_hC7Qs
1306,塩,SALT,KLC_01306,3,RAD_00108,皿,"plate, dish",RAD,,PRIMITIVE_OR_NONKLC,https://docs.google.com/spreadsheets/d/13rdpmsI5n0dnsb33u4YHGwI8VrWtCeLDWDELO_hC7Qs
1306,塩,SALT,KLC_01306,4,RAD_00030,口,"mouth, *opening*",RAD,,PRIMITIVE_OR_NONKLC,https://docs.google.com/spreadsheets/d/13rdpmsI5n0dnsb33u4YHGwI8VrWtCeLDWDELO_hC7Qs
1307,傷,"WOUND, SCAR",KLC_01307,1,RAD_00009,人,"person, *roof*",RAD,,PRIMITIVE_OR_NONKLC,https://docs.google.com/spreadsheets/d/13rdpmsI5n0dnsb33u4YHGwI8VrWtCeLDWDELO_hC7Qs
1307,傷,"WOUND, SCAR",KLC_01307,2,SUP_00009,昜,difficult,SUP,,PRIMITIVE_OR_NONKLC,https://docs.google.com/spreadsheets/d/13rdpmsI5n0dnsb33u4YHGwI8VrWtCeLDWDELO_hC7Qs
1307,傷,"WOUND, SCAR",KLC_01307,3,SUP_00000,𠂉,"resting person, rod",SUP,,PRIMITIVE_OR_NONKLC,https://docs.google.com/spreadsheets/d/13rdpmsI5n0dnsb33u4YHGwI8VrWtCeLDWDELO_hC7Qs
1308,揚,"RAISE, FRY",KLC_01308,1,RAD_00064,手,"hand, performer of action",RAD,,PRIMITIVE_OR_NONKLC,https://docs.google.com/spreadsheets/d/13rdpmsI5n0dnsb33u4YHGwI8VrWtCeLDWDELO_hC7Qs
1308,揚,"RAISE, FRY",KLC_01308,2,SUP_00009,昜,difficult,SUP,,PRIMITIVE_OR_NONKLC,https://docs.google.com/spreadsheets/d/13rdpmsI5n0dnsb33u4YHGwI8VrWtCeLDWDELO_hC7Qs
1309,暢,FLUENT,KLC_01309,1,KLC_00315,申,"REPORT, SPEAK HUMBLY, SIGN OF THE MONKEY",KLC,315,EARLIER_OR_SAME_KLC,https://docs.google.com/spreadsheets/d/13rdpmsI5n0dnsb33u4YHGwI8VrWtCeLDWDELO_hC7Qs
1309,暢,FLUENT,KLC_01309,2,SUP_00009,昜,difficult,SUP,,PRIMITIVE_OR_NONKLC,https://docs.google.com/spreadsheets/d/13rdpmsI5n0dnsb33u4YHGwI8VrWtCeLDWDELO_hC7Qs
1310,陽,"SUN, POSITIVE",KLC_01310,1,KLC_01311,陰,"SHADOW, NEGATIVE",KLC,1311,LATER_KLC_MNEMONIC_REF,https://docs.google.com/spreadsheets/d/13rdpmsI5n0dnsb33u4YHGwI8VrWtCeLDWDELO_hC7Qs
1310,陽,"SUN, POSITIVE",KLC_01310,2,RAD_00170,阜,hill [left of kanji],RAD,,PRIMITIVE_OR_NONKLC,https://docs.google.com/spreadsheets/d/13rdpmsI5n0dnsb33u4YHGwI8VrWtCeLDWDELO_hC7Qs
1310,陽,"SUN, POSITIVE",KLC_01310,3,RAD_00072,日,"sun, day",RAD,,PRIMITIVE_OR_NONKLC,https://docs.google.com/spreadsheets/d/13rdpmsI5n0dnsb33u4YHGwI8VrWtCeLDWDELO_hC7Qs
1311,陰,"SHADOW, NEGATIVE",KLC_01311,1,KLC_01310,陽,"SUN, POSITIVE",KLC,1310,EARLIER_OR_SAME_KLC,https://docs.google.com/spreadsheets/d/13rdpmsI5n0dnsb33u4YHGwI8VrWtCeLDWDELO_hC7Qs
1311,陰,"SHADOW, NEGATIVE",KLC_01311,2,RAD_00170,阜,hill [left of kanji],RAD,,PRIMITIVE_OR_NONKLC,https://docs.google.com/spreadsheets/d/13rdpmsI5n0dnsb33u4YHGwI8VrWtCeLDWDELO_hC7Qs
1311,陰,"SHADOW, NEGATIVE",KLC_01311,3,SUP_00005,云,cloud,SUP,,PRIMITIVE_OR_NONKLC,https://docs.google.com/spreadsheets/d/13rdpmsI5n0dnsb33u4YHGwI8VrWtCeLDWDELO_hC7Qs
1312,隠,HIDE [conceal],KLC_01312,1,KLC_00971,急,"URGENT, HURRY, SUDDEN",KLC,971,EARLIER_OR_SAME_KLC,https://docs.google.com/spreadsheets/d/13rdpmsI5n0dnsb33u4YHGwI8VrWtCeLDWDELO_hC7Qs
1312,隠,HIDE [conceal],KLC_01312,2,RAD_00170,阜,hill [left of kanji],RAD,,PRIMITIVE_OR_NONKLC,https://docs.google.com/spreadsheets/d/13rdpmsI5n0dnsb33u4YHGwI8VrWtCeLDWDELO_hC7Qs
1313,穏,"CALM, MILD",KLC_01313,1,RAD_00115,禾,grain,RAD,,PRIMITIVE_OR_NONKLC,https://docs.google.com/spreadsheets/d/13rdpmsI5n0dnsb33u4YHGwI8VrWtCeLDWDELO_hC7Qs
1313,穏,"CALM, MILD",KLC_01313,2,KLC_00971,急,"URGENT, HURRY, SUDDEN",KLC,971,EARLIER_OR_SAME_KLC,https://docs.google.com/spreadsheets/d/13rdpmsI5n0dnsb33u4YHGwI8VrWtCeLDWDELO_hC7Qs
1314,穂,EAR OF GRAIN,KLC_01314,1,RAD_00115,禾,grain,RAD,,PRIMITIVE_OR_NONKLC,https://docs.google.com/spreadsheets/d/13rdpmsI5n0dnsb33u4YHGwI8VrWtCeLDWDELO_hC7Qs
1314,穂,EAR OF GRAIN,KLC_01314,2,KLC_00581,恵,"FAVOR, BLESSING",KLC,581,EARLIER_OR_SAME_KLC,https://docs.google.com/spreadsheets/d/13rdpmsI5n0dnsb33u4YHGwI8VrWtCeLDWDELO_hC7Qs
1315,稲,RICE PLANT,KLC_01315,1,RAD_00115,禾,grain,RAD,,PRIMITIVE_OR_NONKLC,https://docs.google.com/spreadsheets/d/13rdpmsI5n0dnsb33u4YHGwI8VrWtCeLDWDELO_hC7Qs
1315,稲,RICE PLANT,KLC_01315,2,RAD_00087,爪,claw,RAD,,PRIMITIVE_OR_NONKLC,https://docs.google.com/spreadsheets/d/13rdpmsI5n0dnsb33u4YHGwI8VrWtCeLDWDELO_hC7Qs
1315,稲,RICE PLANT,KLC_01315,3,KLC_00771,旧,"FORMER, OLD",KLC,771,EARLIER_OR_SAME_KLC,https://docs.google.com/spreadsheets/d/13rdpmsI5n0dnsb33u4YHGwI8VrWtCeLDWDELO_hC7Qs
1316,愁,MELANCHOLY,KLC_01316,1,KLC_00364,秋,AUTUMN,KLC,364,EARLIER_OR_SAME_KLC,https://docs.google.com/spreadsheets/d/13rdpmsI5n0dnsb33u4YHGwI8VrWtCeLDWDELO_hC7Qs
1316,愁,MELANCHOLY,KLC_01316,2,RAD_00061,心,"heart, mind, spirit",RAD,,PRIMITIVE_OR_NONKLC,https://docs.google.com/spreadsheets/d/13rdpmsI5n0dnsb33u4YHGwI8VrWtCeLDWDELO_hC7Qs
1317,裁,"CUT [tailor], JUDGE",KLC_01317,1,RAD_00062,戈,"halberd, spear",RAD,,PRIMITIVE_OR_NONKLC,https://docs.google.com/spreadsheets/d/13rdpmsI5n0dnsb33u4YHGwI8VrWtCeLDWDELO_hC7Qs
1317,裁,"CUT [tailor], JUDGE",KLC_01317,2,RAD_00145,衣,"clothes, garment",RAD,,PRIMITIVE_OR_NONKLC,https://docs.google.com/spreadsheets/d/13rdpmsI5n0dnsb33u4YHGwI8VrWtCeLDWDELO_hC7Qs
1318,載,"LOAD, RIDE, PUBLISH",KLC_01318,1,RAD_00062,戈,"halberd, spear",RAD,,PRIMITIVE_OR_NONKLC,https://docs.google.com/spreadsheets/d/13rdpmsI5n0dnsb33u4YHGwI8VrWtCeLDWDELO_hC7Qs
1318,載,"LOAD, RIDE, PUBLISH",KLC_01318,2,RAD_00159,車,"car, cart",RAD,,PRIMITIVE_OR_NONKLC,https://docs.google.com/spreadsheets/d/13rdpmsI5n0dnsb33u4YHGwI8VrWtCeLDWDELO_hC7Qs
1319,栽,PLANTING,KLC_01319,1,RAD_00062,戈,"halberd, spear",RAD,,PRIMITIVE_OR_NONKLC,https://docs.google.com/spreadsheets/d/13rdpmsI5n0dnsb33u4YHGwI8VrWtCeLDWDELO_hC7Qs
1319,栽,PLANTING,KLC_01319,2,RAD_00075,木,tree,RAD,,PRIMITIVE_OR_NONKLC,https://docs.google.com/spreadsheets/d/13rdpmsI5n0dnsb33u4YHGwI8VrWtCeLDWDELO_hC7Qs
1320,赦,"AMNESTY, FORGIVENESS",KLC_01320,1,RAD_00066,攴,"hit, strike, *action*",RAD,,PRIMITIVE_OR_NONKLC,https://docs.google.com/spreadsheets/d/13rdpmsI5n0dnsb33u4YHGwI8VrWtCeLDWDELO_hC7Qs
1320,赦,"AMNESTY, FORGIVENESS",KLC_01320,2,RAD_00155,赤,red,RAD,,PRIMITIVE_OR_NONKLC,https://docs.google.com/spreadsheets/d/13rdpmsI5n0dnsb33u4YHGwI8VrWtCeLDWDELO_hC7Qs
1321,跡,"TRACE, FOOTPRINT",KLC_01321,1,RAD_00157,足,"foot, suffice",RAD,,PRIMITIVE_OR_NONKLC,https://docs.google.com/spreadsheets/d/13rdpmsI5n0dnsb33u4YHGwI8VrWtCeLDWDELO_hC7Qs
1321,跡,"TRACE, FOOTPRINT",KLC_01321,2,RAD_00155,赤,red,RAD,,PRIMITIVE_OR_NONKLC,https://docs.google.com/spreadsheets/d/13rdpmsI5n0dnsb33u4YHGwI8VrWtCeLDWDELO_hC7Qs
1322,踪,"TRACE, FOOTPRINT",KLC_01322,1,RAD_00157,足,"foot, suffice",RAD,,PRIMITIVE_OR_NONKLC,https://docs.google.com/spreadsheets/d/13rdpmsI5n0dnsb33u4YHGwI8VrWtCeLDWDELO_hC7Qs
1322,踪,"TRACE, FOOTPRINT",KLC_01322,2,RAD_00155,赤,red,RAD,,PRIMITIVE_OR_NONKLC,https://docs.google.com/spreadsheets/d/13rdpmsI5n0dnsb33u4YHGwI8VrWtCeLDWDELO_hC7Qs
1323,痕,"SCAR, FOOTPRINT",KLC_01323,1,RAD_00138,艮,stopping,RAD,,PRIMITIVE_OR_NONKLC,https://docs.google.com/spreadsheets/d/13rdpmsI5n0dnsb33u4YHGwI8VrWtCeLDWDELO_hC7Qs
1323,痕,"SCAR, FOOTPRINT",KLC_01323,2,RAD_00104,疒,"sickness, illness",RAD,,PRIMITIVE_OR_NONKLC,https://docs.google.com/spreadsheets/d/13rdpmsI5n0dnsb33u4YHGwI8VrWtCeLDWDELO_hC7Qs
1324,蹴,KICK,KLC_01324,1,RAD_00157,足,"foot, suffice",RAD,,PRIMITIVE_OR_NONKLC,https://docs.google.com/spreadsheets/d/13rdpmsI5n0dnsb33u4YHGwI8VrWtCeLDWDELO_hC7Qs
1324,蹴,KICK,KLC_01324,2,KLC_01283,就,"TAKE POSITION, DEPART",KLC,1283,EARLIER_OR_SAME_KLC,https://docs.google.com/spreadsheets/d/13rdpmsI5n0dnsb33u4YHGwI8VrWtCeLDWDELO_hC7Qs
1325,踊,"DANCE, LEAP",KLC_01325,1,SUP_00016,甬,move forward,SUP,,PRIMITIVE_OR_NONKLC,https://docs.google.com/spreadsheets/d/13rdpmsI5n0dnsb33u4YHGwI8VrWtCeLDWDELO_hC7Qs
1325,踊,"DANCE, LEAP",KLC_01325,2,RAD_00057,弓,bow,RAD,,PRIMITIVE_OR_NONKLC,https://docs.google.com/spreadsheets/d/13rdpmsI5n0dnsb33u4YHGwI8VrWtCeLDWDELO_hC7Qs
1326,踏,"STEP, TRAMPLE",KLC_01326,1,RAD_00157,足,"foot, suffice",RAD,,PRIMITIVE_OR_NONKLC,https://docs.google.com/spreadsheets/d/13rdpmsI5n0dnsb33u4YHGwI8VrWtCeLDWDELO_hC7Qs
1326,踏,"STEP, TRAMPLE",KLC_01326,2,RAD_00085,水,"water, *liquid*",RAD,,PRIMITIVE_OR_NONKLC,https://docs.google.com/spreadsheets/d/13rdpmsI5n0dnsb33u4YHGwI8VrWtCeLDWDELO_hC7Qs
1327,躍,LEAP,KLC_01327,1,RAD_00057,弓,bow,RAD,,PRIMITIVE_OR_NONKLC,https://docs.google.com/spreadsheets/d/13rdpmsI5n0dnsb33u4YHGwI8VrWtCeLDWDELO_hC7Qs
1327,躍,LEAP,KLC_01327,2,RAD_00172,隹,small bird,RAD,,PRIMITIVE_OR_NONKLC,https://docs.google.com/spreadsheets/d/13rdpmsI5n0dnsb33u4YHGwI8VrWtCeLDWDELO_hC7Qs
1328,濯,"LAUNDRY, WASH",KLC_01328,1,RAD_00172,隹,small bird,RAD,,PRIMITIVE_OR_NONKLC,https://docs.google.com/spreadsheets/d/13rdpmsI5n0dnsb33u4YHGwI8VrWtCeLDWDELO_hC7Qs
1328,濯,"LAUNDRY, WASH",KLC_01328,2,RAD_00085,水,"water, *liquid*",RAD,,PRIMITIVE_OR_NONKLC,https://docs.google.com/spreadsheets/d/13rdpmsI5n0dnsb33u4YHGwI8VrWtCeLDWDELO_hC7Qs
1329,奇,"UNUSUAL, STRANGE",KLC_01329,1,KLC_00814,可,"POSSIBLE, APPROVE, -ABLE",KLC,814,EARLIER_OR_SAME_KLC,https://docs.google.com/spreadsheets/d/13rdpmsI5n0dnsb33u4YHGwI8VrWtCeLDWDELO_hC7Qs
1329,奇,"UNUSUAL, STRANGE",KLC_01329,2,RAD_00037,大,"big, university",RAD,,PRIMITIVE_OR_NONKLC,https://docs.google.com/spreadsheets/d/13rdpmsI5n0dnsb33u4YHGwI8VrWtCeLDWDELO_hC7Qs
1330,寄,"CONTRIBUTE, DRAW NEAR",KLC_01330,1,RAD_00040,宀,roof,RAD,,PRIMITIVE_OR_NONKLC,https://docs.google.com/spreadsheets/d/13rdpmsI5n0dnsb33u4YHGwI8VrWtCeLDWDELO_hC7Qs
1330,寄,"CONTRIBUTE, DRAW NEAR",KLC_01330,2,KLC_01329,奇,"UNUSUAL, STRANGE",KLC,1329,EARLIER_OR_SAME_KLC,https://docs.google.com/spreadsheets/d/13rdpmsI5n0dnsb33u4YHGwI8VrWtCeLDWDELO_hC7Qs
1331,騎,RIDE ON HORSEBACK,KLC_01331,1,KLC_01329,奇,"UNUSUAL, STRANGE",KLC,1329,EARLIER_OR_SAME_KLC,https://docs.google.com/spreadsheets/d/13rdpmsI5n0dnsb33u4YHGwI8VrWtCeLDWDELO_hC7Qs
1331,騎,RIDE ON HORSEBACK,KLC_01331,2,RAD_00187,馬,horse,RAD,,PRIMITIVE_OR_NONKLC,https://docs.google.com/spreadsheets/d/13rdpmsI5n0dnsb33u4YHGwI8VrWtCeLDWDELO_hC7Qs
1332,椅,CHAIR,KLC_01332,1,RAD_00075,木,tree,RAD,,PRIMITIVE_OR_NONKLC,https://docs.google.com/spreadsheets/d/13rdpmsI5n0dnsb33u4YHGwI8VrWtCeLDWDELO_hC7Qs
1332,椅,CHAIR,KLC_01332,2,KLC_01329,奇,"UNUSUAL, STRANGE",KLC,1329,EARLIER_OR_SAME_KLC,https://docs.google.com/spreadsheets/d/13rdpmsI5n0dnsb33u4YHGwI8VrWtCeLDWDELO_hC7Qs
1333,崎,PROMONTORY,KLC_01333,1,KLC_01329,奇,"UNUSUAL, STRANGE",KLC,1329,EARLIER_OR_SAME_KLC,https://docs.google.com/spreadsheets/d/13rdpmsI5n0dnsb33u4YHGwI8VrWtCeLDWDELO_hC7Qs
1333,崎,PROMONTORY,KLC_01333,2,RAD_00046,山,mountain,RAD,,PRIMITIVE_OR_NONKLC,https://docs.google.com/spreadsheets/d/13rdpmsI5n0dnsb33u4YHGwI8VrWtCeLDWDELO_hC7Qs
1334,埼,PROMONTORY,KLC_01334,1,KLC_01329,奇,"UNUSUAL, STRANGE",KLC,1329,EARLIER_OR_SAME_KLC,https://docs.google.com/spreadsheets/d/13rdpmsI5n0dnsb33u4YHGwI8VrWtCeLDWDELO_hC7Qs
1334,埼,PROMONTORY,KLC_01334,2,RAD_00032,土,"soil, earth",RAD,,PRIMITIVE_OR_NONKLC,https://docs.google.com/spreadsheets/d/13rdpmsI5n0dnsb33u4YHGwI8VrWtCeLDWDELO_hC7Qs
1335,岬,"CAPE, PROMONTORY",KLC_01335,1,RAD_00046,山,mountain,RAD,,PRIMITIVE_OR_NONKLC,https://docs.google.com/spreadsheets/d/13rdpmsI5n0dnsb33u4YHGwI8VrWtCeLDWDELO_hC7Qs
1336,模,"PATTERN, COPY",KLC_01336,1,OTR_00005,莫,"NOT, MUST NOT",OTR,,PRIMITIVE_OR_NONKLC,https://docs.google.com/spreadsheets/d/13rdpmsI5n0dnsb33u4YHGwI8VrWtCeLDWDELO_hC7Qs
1336,模,"PATTERN, COPY",KLC_01336,2,RAD_00075,木,tree,RAD,,PRIMITIVE_OR_NONKLC,https://docs.google.com/spreadsheets/d/13rdpmsI5n0dnsb33u4YHGwI8VrWtCeLDWDELO_hC7Qs
1337,膜,MEMBRANE,KLC_01337,1,RAD_00074,月,"moon, month, *flesh*, *body part*",RAD,,PRIMITIVE_OR_NONKLC,https://docs.google.com/spreadsheets/d/13rdpmsI5n0dnsb33u4YHGwI8VrWtCeLDWDELO_hC7Qs
1337,膜,MEMBRANE,KLC_01337,2,OTR_00005,莫,"NOT, MUST NOT",OTR,,PRIMITIVE_OR_NONKLC,https://docs.google.com/spreadsheets/d/13rdpmsI5n0dnsb33u4YHGwI8VrWtCeLDWDELO_hC7Qs
1338,漠,"DESERT, OBSCURE",KLC_01338,1,RAD_00085,水,"water, *liquid*",RAD,,PRIMITIVE_OR_NONKLC,https://docs.google.com/spreadsheets/d/13rdpmsI5n0dnsb33u4YHGwI8VrWtCeLDWDELO_hC7Qs
1338,漠,"DESERT, OBSCURE",KLC_01338,2,OTR_00005,莫,"NOT, MUST NOT",OTR,,PRIMITIVE_OR_NONKLC,https://docs.google.com/spreadsheets/d/13rdpmsI5n0dnsb33u4YHGwI8VrWtCeLDWDELO_hC7Qs
1339,幕,"CURTAIN, SHOGUNATE",KLC_01339,1,RAD_00050,巾,"cloth, towel, scarf",RAD,,PRIMITIVE_OR_NONKLC,https://docs.google.com/spreadsheets/d/13rdpmsI5n0dnsb33u4YHGwI8VrWtCeLDWDELO_hC7Qs
1339,幕,"CURTAIN, SHOGUNATE",KLC_01339,2,OTR_00005,莫,"NOT, MUST NOT",OTR,,PRIMITIVE_OR_NONKLC,https://docs.google.com/spreadsheets/d/13rdpmsI5n0dnsb33u4YHGwI8VrWtCeLDWDELO_hC7Qs
1340,墓,GRAVE,KLC_01340,1,RAD_00032,土,"soil, earth",RAD,,PRIMITIVE_OR_NONKLC,https://docs.google.com/spreadsheets/d/13rdpmsI5n0dnsb33u4YHGwI8VrWtCeLDWDELO_hC7Qs
1340,墓,GRAVE,KLC_01340,2,OTR_00005,莫,"NOT, MUST NOT",OTR,,PRIMITIVE_OR_NONKLC,https://docs.google.com/spreadsheets/d/13rdpmsI5n0dnsb33u4YHGwI8VrWtCeLDWDELO_hC7Qs
1341,募,RAISE,KLC_01341,1,RAD_00019,力,"power, strength",RAD,,PRIMITIVE_OR_NONKLC,https://docs.google.com/spreadsheets/d/13rdpmsI5n0dnsb33u4YHGwI8VrWtCeLDWDELO_hC7Qs
1341,募,RAISE,KLC_01341,2,OTR_00005,莫,"NOT, MUST NOT",OTR,,PRIMITIVE_OR_NONKLC,https://docs.google.com/spreadsheets/d/13rdpmsI5n0dnsb33u4YHGwI8VrWtCeLDWDELO_hC7Qs
1342,暮,"DUSK, LIVE",KLC_01342,1,RAD_00072,日,"sun, day",RAD,,PRIMITIVE_OR_NONKLC,https://docs.google.com/spreadsheets/d/13rdpmsI5n0dnsb33u4YHGwI8VrWtCeLDWDELO_hC7Qs
1342,暮,"DUSK, LIVE",KLC_01342,2,OTR_00005,莫,"NOT, MUST NOT",OTR,,PRIMITIVE_OR_NONKLC,https://docs.google.com/spreadsheets/d/13rdpmsI5n0dnsb33u4YHGwI8VrWtCeLDWDELO_hC7Qs
1343,慕,ADORE,KLC_01343,1,RAD_00061,心,"heart, mind, spirit",RAD,,PRIMITIVE_OR_NONKLC,https://docs.google.com/spreadsheets/d/13rdpmsI5n0dnsb33u4YHGwI8VrWtCeLDWDELO_hC7Qs
1343,慕,ADORE,KLC_01343,2,OTR_00005,莫,"NOT, MUST NOT",OTR,,PRIMITIVE_OR_NONKLC,https://docs.google.com/spreadsheets/d/13rdpmsI5n0dnsb33u4YHGwI8VrWtCeLDWDELO_hC7Qs
1344,添,"ADD TO, ACCOMPANY",KLC_01344,1,RAD_00061,心,"heart, mind, spirit",RAD,,PRIMITIVE_OR_NONKLC,https://docs.google.com/spreadsheets/d/13rdpmsI5n0dnsb33u4YHGwI8VrWtCeLDWDELO_hC7Qs
1344,添,"ADD TO, ACCOMPANY",KLC_01344,2,RAD_00085,水,"water, *liquid*",RAD,,PRIMITIVE_OR_NONKLC,https://docs.google.com/spreadsheets/d/13rdpmsI5n0dnsb33u4YHGwI8VrWtCeLDWDELO_hC7Qs
1344,添,"ADD TO, ACCOMPANY",KLC_01344,3,KLC_00270,天,"HEAVEN, WEATHER",KLC,270,EARLIER_OR_SAME_KLC,https://docs.google.com/spreadsheets/d/13rdpmsI5n0dnsb33u4YHGwI8VrWtCeLDWDELO_hC7Qs
1345,恭,RESPECTFUL,KLC_01345,1,RAD_00061,心,"heart, mind, spirit",RAD,,PRIMITIVE_OR_NONKLC,https://docs.google.com/spreadsheets/d/13rdpmsI5n0dnsb33u4YHGwI8VrWtCeLDWDELO_hC7Qs
1345,恭,RESPECTFUL,KLC_01345,2,KLC_00356,共,"JOINT, TOGETHER",KLC,356,EARLIER_OR_SAME_KLC,https://docs.google.com/spreadsheets/d/13rdpmsI5n0dnsb33u4YHGwI8VrWtCeLDWDELO_hC7Qs
1346,暴,"VIOLENT, DISCLOSE",KLC_01346,1,RAD_00072,日,"sun, day",RAD,,PRIMITIVE_OR_NONKLC,https://docs.google.com/spreadsheets/d/13rdpmsI5n0dnsb33u4YHGwI8VrWtCeLDWDELO_hC7Qs
1346,暴,"VIOLENT, DISCLOSE",KLC_01346,2,RAD_00085,水,"water, *liquid*",RAD,,PRIMITIVE_OR_NONKLC,https://docs.google.com/spreadsheets/d/13rdpmsI5n0dnsb33u4YHGwI8VrWtCeLDWDELO_hC7Qs
1346,暴,"VIOLENT, DISCLOSE",KLC_01346,3,KLC_00356,共,"JOINT, TOGETHER",KLC,356,EARLIER_OR_SAME_KLC,https://docs.google.com/spreadsheets/d/13rdpmsI5n0dnsb33u4YHGwI8VrWtCeLDWDELO_hC7Qs
1347,爆,EXPLODE,KLC_01347,1,RAD_00086,火,fire,RAD,,PRIMITIVE_OR_NONKLC,https://docs.google.com/spreadsheets/d/13rdpmsI5n0dnsb33u4YHGwI8VrWtCeLDWDELO_hC7Qs
1347,爆,EXPLODE,KLC_01347,2,KLC_01346,暴,"VIOLENT, DISCLOSE",KLC,1346,EARLIER_OR_SAME_KLC,https://docs.google.com/spreadsheets/d/13rdpmsI5n0dnsb33u4YHGwI8VrWtCeLDWDELO_hC7Qs
1348,沿,ALONG[SIDE],KLC_01348,1,RAD_00085,水,"water, *liquid*",RAD,,PRIMITIVE_OR_NONKLC,https://docs.google.com/spreadsheets/d/13rdpmsI5n0dnsb33u4YHGwI8VrWtCeLDWDELO_hC7Qs
1349,礎,FOUNDATION STONE,KLC_01349,1,RAD_00112,石,"stone, rock",RAD,,PRIMITIVE_OR_NONKLC,https://docs.google.com/spreadsheets/d/13rdpmsI5n0dnsb33u4YHGwI8VrWtCeLDWDELO_hC7Qs
1349,礎,FOUNDATION STONE,KLC_01349,2,RAD_00075,木,tree,RAD,,PRIMITIVE_OR_NONKLC,https://docs.google.com/spreadsheets/d/13rdpmsI5n0dnsb33u4YHGwI8VrWtCeLDWDELO_hC7Qs
1349,礎,FOUNDATION STONE,KLC_01349,3,RAD_00103,疋,bolt of cloth,RAD,,PRIMITIVE_OR_NONKLC,https://docs.google.com/spreadsheets/d/13rdpmsI5n0dnsb33u4YHGwI8VrWtCeLDWDELO_hC7Qs
1350,疑,"DOUBT, DISTRUST",KLC_01350,1,RAD_00111,矢,"arrow, *straight*",RAD,,PRIMITIVE_OR_NONKLC,https://docs.google.com/spreadsheets/d/13rdpmsI5n0dnsb33u4YHGwI8VrWtCeLDWDELO_hC7Qs
1351,凝,"FREEZE, STIFF",KLC_01351,1,KLC_01350,疑,"DOUBT, DISTRUST",KLC,1350,EARLIER_OR_SAME_KLC,https://docs.google.com/spreadsheets/d/13rdpmsI5n0dnsb33u4YHGwI8VrWtCeLDWDELO_hC7Qs
1351,凝,"FREEZE, STIFF",KLC_01351,2,RAD_00015,冫,ice,RAD,,PRIMITIVE_OR_NONKLC,https://docs.google.com/spreadsheets/d/13rdpmsI5n0dnsb33u4YHGwI8VrWtCeLDWDELO_hC7Qs
1352,擬,IMITATE,KLC_01352,1,RAD_00064,手,"hand, performer of action",RAD,,PRIMITIVE_OR_NONKLC,https://docs.google.com/spreadsheets/d/13rdpmsI5n0dnsb33u4YHGwI8VrWtCeLDWDELO_hC7Qs
1352,擬,IMITATE,KLC_01352,2,KLC_01350,疑,"DOUBT, DISTRUST",KLC,1350,EARLIER_OR_SAME_KLC,https://docs.google.com/spreadsheets/d/13rdpmsI5n0dnsb33u4YHGwI8VrWtCeLDWDELO_hC7Qs
1353,倣,IMITATE,KLC_01353,1,RAD_00009,人,"person, *roof*",RAD,,PRIMITIVE_OR_NONKLC,https://docs.google.com/spreadsheets/d/13rdpmsI5n0dnsb33u4YHGwI8VrWtCeLDWDELO_hC7Qs
1353,倣,IMITATE,KLC_01353,2,KLC_00574,放,RELEASE,KLC,574,EARLIER_OR_SAME_KLC,https://docs.google.com/spreadsheets/d/13rdpmsI5n0dnsb33u4YHGwI8VrWtCeLDWDELO_hC7Qs
1355,俵,"BAG, SACK",KLC_01355,1,RAD_00009,人,"person, *roof*",RAD,,PRIMITIVE_OR_NONKLC,https://docs.google.com/spreadsheets/d/13rdpmsI5n0dnsb33u4YHGwI8VrWtCeLDWDELO_hC7Qs
1355,俵,"BAG, SACK",KLC_01355,2,RAD_00100,生,"life, student, *growing plant*",RAD,,PRIMITIVE_OR_NONKLC,https://docs.google.com/spreadsheets/d/13rdpmsI5n0dnsb33u4YHGwI8VrWtCeLDWDELO_hC7Qs
1355,俵,"BAG, SACK",KLC_01355,3,RAD_00145,衣,"clothes, garment",RAD,,PRIMITIVE_OR_NONKLC,https://docs.google.com/spreadsheets/d/13rdpmsI5n0dnsb33u4YHGwI8VrWtCeLDWDELO_hC7Qs
1356,俺,I [masculine],KLC_01356,1,RAD_00037,大,"big, university",RAD,,PRIMITIVE_OR_NONKLC,https://docs.google.com/spreadsheets/d/13rdpmsI5n0dnsb33u4YHGwI8VrWtCeLDWDELO_hC7Qs
1356,俺,I [masculine],KLC_01356,2,KLC_00155,電,ELECTRICITY,KLC,155,EARLIER_OR_SAME_KLC,https://docs.google.com/spreadsheets/d/13rdpmsI5n0dnsb33u4YHGwI8VrWtCeLDWDELO_hC7Qs
1356,俺,I [masculine],KLC_01356,3,RAD_00009,人,"person, *roof*",RAD,,PRIMITIVE_OR_NONKLC,https://docs.google.com/spreadsheets/d/13rdpmsI5n0dnsb33u4YHGwI8VrWtCeLDWDELO_hC7Qs
1357,庵,"HERMITAGE, RETREAT",KLC_01357,1,RAD_00037,大,"big, university",RAD,,PRIMITIVE_OR_NONKLC,https://docs.google.com/spreadsheets/d/13rdpmsI5n0dnsb33u4YHGwI8VrWtCeLDWDELO_hC7Qs
1357,庵,"HERMITAGE, RETREAT",KLC_01357,2,KLC_00155,電,ELECTRICITY,KLC,155,EARLIER_OR_SAME_KLC,https://docs.google.com/spreadsheets/d/13rdpmsI5n0dnsb33u4YHGwI8VrWtCeLDWDELO_hC7Qs
1357,庵,"HERMITAGE, RETREAT",KLC_01357,3,RAD_00053,广,"dotted cliff, *shelter*",RAD,,PRIMITIVE_OR_NONKLC,https://docs.google.com/spreadsheets/d/13rdpmsI5n0dnsb33u4YHGwI8VrWtCeLDWDELO_hC7Qs
1358,僕,"I [familiar], MANSERVANT",KLC_01358,1,RAD_00009,人,"person, *roof*",RAD,,PRIMITIVE_OR_NONKLC,https://docs.google.com/spreadsheets/d/13rdpmsI5n0dnsb33u4YHGwI8VrWtCeLDWDELO_hC7Qs
1358,僕,"I [familiar], MANSERVANT",KLC_01358,2,KLC_00498,業,"WORK, BUSINESS",KLC,498,EARLIER_OR_SAME_KLC,https://docs.google.com/spreadsheets/d/13rdpmsI5n0dnsb33u4YHGwI8VrWtCeLDWDELO_hC7Qs
1359,撲,"STRIKE, HIT",KLC_01359,1,RAD_00064,手,"hand, performer of action",RAD,,PRIMITIVE_OR_NONKLC,https://docs.google.com/spreadsheets/d/13rdpmsI5n0dnsb33u4YHGwI8VrWtCeLDWDELO_hC7Qs
1359,撲,"STRIKE, HIT",KLC_01359,2,KLC_00498,業,"WORK, BUSINESS",KLC,498,EARLIER_OR_SAME_KLC,https://docs.google.com/spreadsheets/d/13rdpmsI5n0dnsb33u4YHGwI8VrWtCeLDWDELO_hC7Qs
1360,叩,"STRIKE, SLAP",KLC_01360,1,RAD_00030,口,"mouth, *opening*",RAD,,PRIMITIVE_OR_NONKLC,https://docs.google.com/spreadsheets/d/13rdpmsI5n0dnsb33u4YHGwI8VrWtCeLDWDELO_hC7Qs
1361,伐,"STRIKE, ATTACK",KLC_01361,1,RAD_00009,人,"person, *roof*",RAD,,PRIMITIVE_OR_NONKLC,https://docs.google.com/spreadsheets/d/13rdpmsI5n0dnsb33u4YHGwI8VrWtCeLDWDELO_hC7Qs
1361,伐,"STRIKE, ATTACK",KLC_01361,2,RAD_00062,戈,"halberd, spear",RAD,,PRIMITIVE_OR_NONKLC,https://docs.google.com/spreadsheets/d/13rdpmsI5n0dnsb33u4YHGwI8VrWtCeLDWDELO_hC7Qs
1362,閥,"CLIQUE, CLAN",KLC_01362,1,KLC_01361,伐,"STRIKE, ATTACK",KLC,1361,EARLIER_OR_SAME_KLC,https://docs.google.com/spreadsheets/d/13rdpmsI5n0dnsb33u4YHGwI8VrWtCeLDWDELO_hC7Qs
1362,閥,"CLIQUE, CLAN",KLC_01362,2,RAD_00169,門,gate,RAD,,PRIMITIVE_OR_NONKLC,https://docs.google.com/spreadsheets/d/13rdpmsI5n0dnsb33u4YHGwI8VrWtCeLDWDELO_hC7Qs
1363,闘,FIGHT,KLC_01363,1,RAD_00151,豆,"bean, pea, small thing",RAD,,PRIMITIVE_OR_NONKLC,https://docs.google.com/spreadsheets/d/13rdpmsI5n0dnsb33u4YHGwI8VrWtCeLDWDELO_hC7Qs
1363,闘,FIGHT,KLC_01363,2,RAD_00169,門,gate,RAD,,PRIMITIVE_OR_NONKLC,https://docs.google.com/spreadsheets/d/13rdpmsI5n0dnsb33u4YHGwI8VrWtCeLDWDELO_hC7Qs
1364,闇,DARK,KLC_01364,1,RAD_00180,音,sound,RAD,,PRIMITIVE_OR_NONKLC,https://docs.google.com/spreadsheets/d/13rdpmsI5n0dnsb33u4YHGwI8VrWtCeLDWDELO_hC7Qs
1364,闇,DARK,KLC_01364,2,RAD_00169,門,gate,RAD,,PRIMITIVE_OR_NONKLC,https://docs.google.com/spreadsheets/d/13rdpmsI5n0dnsb33u4YHGwI8VrWtCeLDWDELO_hC7Qs
1365,閑,"LEISURE, QUIET",KLC_01365,1,RAD_00169,門,gate,RAD,,PRIMITIVE_OR_NONKLC,https://docs.google.com/spreadsheets/d/13rdpmsI5n0dnsb33u4YHGwI8VrWtCeLDWDELO_hC7Qs
1365,閑,"LEISURE, QUIET",KLC_01365,2,RAD_00075,木,tree,RAD,,PRIMITIVE_OR_NONKLC,https://docs.google.com/spreadsheets/d/13rdpmsI5n0dnsb33u4YHGwI8VrWtCeLDWDELO_hC7Qs
1366,脈,"VEIN, PULSE",KLC_01366,1,RAD_00074,月,"moon, month, *flesh*, *body part*",RAD,,PRIMITIVE_OR_NONKLC,https://docs.google.com/spreadsheets/d/13rdpmsI5n0dnsb33u4YHGwI8VrWtCeLDWDELO_hC7Qs
1367,派,"SECT, GROUP",KLC_01367,1,RAD_00085,水,"water, *liquid*",RAD,,PRIMITIVE_OR_NONKLC,https://docs.google.com/spreadsheets/d/13rdpmsI5n0dnsb33u4YHGwI8VrWtCeLDWDELO_hC7Qs
1369,揺,SHAKE,KLC_01369,1,RAD_00064,手,"hand, performer of action",RAD,,PRIMITIVE_OR_NONKLC,https://docs.google.com/spreadsheets/d/13rdpmsI5n0dnsb33u4YHGwI8VrWtCeLDWDELO_hC7Qs
1369,揺,SHAKE,KLC_01369,2,RAD_00087,爪,claw,RAD,,PRIMITIVE_OR_NONKLC,https://docs.google.com/spreadsheets/d/13rdpmsI5n0dnsb33u4YHGwI8VrWtCeLDWDELO_hC7Qs
1369,揺,SHAKE,KLC_01369,3,RAD_00121,缶,"jar, can",RAD,,PRIMITIVE_OR_NONKLC,https://docs.google.com/spreadsheets/d/13rdpmsI5n0dnsb33u4YHGwI8VrWtCeLDWDELO_hC7Qs
1370,謡,"SONG, CHANTING",KLC_01370,1,RAD_00087,爪,claw,RAD,,PRIMITIVE_OR_NONKLC,https://docs.google.com/spreadsheets/d/13rdpmsI5n0dnsb33u4YHGwI8VrWtCeLDWDELO_hC7Qs
1370,謡,"SONG, CHANTING",KLC_01370,2,RAD_00121,缶,"jar, can",RAD,,PRIMITIVE_OR_NONKLC,https://docs.google.com/spreadsheets/d/13rdpmsI5n0dnsb33u4YHGwI8VrWtCeLDWDELO_hC7Qs
1370,謡,"SONG, CHANTING",KLC_01370,3,RAD_00149,言,"speech, word, say",RAD,,PRIMITIVE_OR_NONKLC,https://docs.google.com/spreadsheets/d/13rdpmsI5n0dnsb33u4YHGwI8VrWtCeLDWDELO_hC7Qs
1371,遥,FAR,KLC_01371,1,RAD_00087,爪,claw,RAD,,PRIMITIVE_OR_NONKLC,https://docs.google.com/spreadsheets/d/13rdpmsI5n0dnsb33u4YHGwI8VrWtCeLDWDELO_hC7Qs
1371,遥,FAR,KLC_01371,2,RAD_00121,缶,"jar, can",RAD,,PRIMITIVE_OR_NONKLC,https://docs.google.com/spreadsheets/d/13rdpmsI5n0dnsb33u4YHGwI8VrWtCeLDWDELO_hC7Qs
1371,遥,FAR,KLC_01371,3,RAD_00162,辵,"walk, *transport*",RAD,,PRIMITIVE_OR_NONKLC,https://docs.google.com/spreadsheets/d/13rdpmsI5n0dnsb33u4YHGwI8VrWtCeLDWDELO_hC7Qs
1372,陶,POTTERY,KLC_01372,1,RAD_00170,阜,hill [left of kanji],RAD,,PRIMITIVE_OR_NONKLC,https://docs.google.com/spreadsheets/d/13rdpmsI5n0dnsb33u4YHGwI8VrWtCeLDWDELO_hC7Qs
1372,陶,POTTERY,KLC_01372,2,RAD_00020,勹,"wrap, *elephant*",RAD,,PRIMITIVE_OR_NONKLC,https://docs.google.com/spreadsheets/d/13rdpmsI5n0dnsb33u4YHGwI8VrWtCeLDWDELO_hC7Qs
1372,陶,POTTERY,KLC_01372,3,RAD_00121,缶,"jar, can",RAD,,PRIMITIVE_OR_NONKLC,https://docs.google.com/spreadsheets/d/13rdpmsI5n0dnsb33u4YHGwI8VrWtCeLDWDELO_hC7Qs
1373,陳,"EXHIBIT, EXPLAIN",KLC_01373,1,KLC_00032,東,EAST,KLC,32,EARLIER_OR_SAME_KLC,https://docs.google.com/spreadsheets/d/13rdpmsI5n0dnsb33u4YHGwI8VrWtCeLDWDELO_hC7Qs
1373,陳,"EXHIBIT, EXPLAIN",KLC_01373,2,RAD_00170,阜,hill [left of kanji],RAD,,PRIMITIVE_OR_NONKLC,https://docs.google.com/spreadsheets/d/13rdpmsI5n0dnsb33u4YHGwI8VrWtCeLDWDELO_hC7Qs
1374,陣,"BATTLE FORMATION, CAMP",KLC_01374,1,RAD_00159,車,"car, cart",RAD,,PRIMITIVE_OR_NONKLC,https://docs.google.com/spreadsheets/d/13rdpmsI5n0dnsb33u4YHGwI8VrWtCeLDWDELO_hC7Qs
1374,陣,"BATTLE FORMATION, CAMP",KLC_01374,2,RAD_00170,阜,hill [left of kanji],RAD,,PRIMITIVE_OR_NONKLC,https://docs.google.com/spreadsheets/d/13rdpmsI5n0dnsb33u4YHGwI8VrWtCeLDWDELO_hC7Qs
1375,陥,"FALL INTO, COLLAPSE",KLC_01375,1,KLC_00771,旧,"FORMER, OLD",KLC,771,EARLIER_OR_SAME_KLC,https://docs.google.com/spreadsheets/d/13rdpmsI5n0dnsb33u4YHGwI8VrWtCeLDWDELO_hC7Qs
1375,陥,"FALL INTO, COLLAPSE",KLC_01375,2,RAD_00170,阜,hill [left of kanji],RAD,,PRIMITIVE_OR_NONKLC,https://docs.google.com/spreadsheets/d/13rdpmsI5n0dnsb33u4YHGwI8VrWtCeLDWDELO_hC7Qs
1376,隆,"PROSPER, RISE",KLC_01376,1,RAD_00034,夂,"winter, go, *rooftop*, *crossed legs*",RAD,,PRIMITIVE_OR_NONKLC,https://docs.google.com/spreadsheets/d/13rdpmsI5n0dnsb33u4YHGwI8VrWtCeLDWDELO_hC7Qs
1376,隆,"PROSPER, RISE",KLC_01376,2,RAD_00100,生,"life, student, *growing plant*",RAD,,PRIMITIVE_OR_NONKLC,https://docs.google.com/spreadsheets/d/13rdpmsI5n0dnsb33u4YHGwI8VrWtCeLDWDELO_hC7Qs
1376,隆,"PROSPER, RISE",KLC_01376,3,RAD_00170,阜,hill [left of kanji],RAD,,PRIMITIVE_OR_NONKLC,https://docs.google.com/spreadsheets/d/13rdpmsI5n0dnsb33u4YHGwI8VrWtCeLDWDELO_hC7Qs
1377,降,"DESCEND, UNLOAD",KLC_01377,1,RAD_00034,夂,"winter, go, *rooftop*, *crossed legs*",RAD,,PRIMITIVE_OR_NONKLC,https://docs.google.com/spreadsheets/d/13rdpmsI5n0dnsb33u4YHGwI8VrWtCeLDWDELO_hC7Qs
1377,降,"DESCEND, UNLOAD",KLC_01377,2,RAD_00170,阜,hill [left of kanji],RAD,,PRIMITIVE_OR_NONKLC,https://docs.google.com/spreadsheets/d/13rdpmsI5n0dnsb33u4YHGwI8VrWtCeLDWDELO_hC7Qs
1378,峰,PEAK,KLC_01378,1,RAD_00046,山,mountain,RAD,,PRIMITIVE_OR_NONKLC,https://docs.google.com/spreadsheets/d/13rdpmsI5n0dnsb33u4YHGwI8VrWtCeLDWDELO_hC7Qs
1378,峰,PEAK,KLC_01378,2,RAD_00034,夂,"winter, go, *rooftop*, *crossed legs*",RAD,,PRIMITIVE_OR_NONKLC,https://docs.google.com/spreadsheets/d/13rdpmsI5n0dnsb33u4YHGwI8VrWtCeLDWDELO_hC7Qs
1379,逢,MEET,KLC_01379,1,RAD_00034,夂,"winter, go, *rooftop*, *crossed legs*",RAD,,PRIMITIVE_OR_NONKLC,https://docs.google.com/spreadsheets/d/13rdpmsI5n0dnsb33u4YHGwI8VrWtCeLDWDELO_hC7Qs
1379,逢,MEET,KLC_01379,2,RAD_00162,辵,"walk, *transport*",RAD,,PRIMITIVE_OR_NONKLC,https://docs.google.com/spreadsheets/d/13rdpmsI5n0dnsb33u4YHGwI8VrWtCeLDWDELO_hC7Qs
1380,縫,SEW,KLC_01380,1,KLC_01379,逢,MEET,KLC,1379,EARLIER_OR_SAME_KLC,https://docs.google.com/spreadsheets/d/13rdpmsI5n0dnsb33u4YHGwI8VrWtCeLDWDELO_hC7Qs
1380,縫,SEW,KLC_01380,2,RAD_00120,糸,"thread, silk",RAD,,PRIMITIVE_OR_NONKLC,https://docs.google.com/spreadsheets/d/13rdpmsI5n0dnsb33u4YHGwI8VrWtCeLDWDELO_hC7Qs
1381,蜂,BEE,KLC_01381,1,RAD_00142,虫,"insect, worm",RAD,,PRIMITIVE_OR_NONKLC,https://docs.google.com/spreadsheets/d/13rdpmsI5n0dnsb33u4YHGwI8VrWtCeLDWDELO_hC7Qs
1382,蜜,"HONEY, NECTAR",KLC_01382,1,RAD_00142,虫,"insect, worm",RAD,,PRIMITIVE_OR_NONKLC,https://docs.google.com/spreadsheets/d/13rdpmsI5n0dnsb33u4YHGwI8VrWtCeLDWDELO_hC7Qs
1382,蜜,"HONEY, NECTAR",KLC_01382,2,RAD_00040,宀,roof,RAD,,PRIMITIVE_OR_NONKLC,https://docs.google.com/spreadsheets/d/13rdpmsI5n0dnsb33u4YHGwI8VrWtCeLDWDELO_hC7Qs
1382,蜜,"HONEY, NECTAR",KLC_01382,3,KLC_00549,必,CERTAIN,KLC,549,EARLIER_OR_SAME_KLC,https://docs.google.com/spreadsheets/d/13rdpmsI5n0dnsb33u4YHGwI8VrWtCeLDWDELO_hC7Qs
1383,密,"CLOSE, SECRET",KLC_01383,1,RAD_00040,宀,roof,RAD,,PRIMITIVE_OR_NONKLC,https://docs.google.com/spreadsheets/d/13rdpmsI5n0dnsb33u4YHGwI8VrWtCeLDWDELO_hC7Qs
1383,密,"CLOSE, SECRET",KLC_01383,2,RAD_00046,山,mountain,RAD,,PRIMITIVE_OR_NONKLC,https://docs.google.com/spreadsheets/d/13rdpmsI5n0dnsb33u4YHGwI8VrWtCeLDWDELO_hC7Qs
1383,密,"CLOSE, SECRET",KLC_01383,3,KLC_00549,必,CERTAIN,KLC,549,EARLIER_OR_SAME_KLC,https://docs.google.com/spreadsheets/d/13rdpmsI5n0dnsb33u4YHGwI8VrWtCeLDWDELO_hC7Qs
1384,秘,SECRET,KLC_01384,1,RAD_00115,禾,grain,RAD,,PRIMITIVE_OR_NONKLC,https://docs.google.com/spreadsheets/d/13rdpmsI5n0dnsb33u4YHGwI8VrWtCeLDWDELO_hC7Qs
1384,秘,SECRET,KLC_01384,2,KLC_00549,必,CERTAIN,KLC,549,EARLIER_OR_SAME_KLC,https://docs.google.com/spreadsheets/d/13rdpmsI5n0dnsb33u4YHGwI8VrWtCeLDWDELO_hC7Qs
1385,欧,EUROPE,KLC_01385,1,RAD_00076,欠,"lack, *open mouth*",RAD,,PRIMITIVE_OR_NONKLC,https://docs.google.com/spreadsheets/d/13rdpmsI5n0dnsb33u4YHGwI8VrWtCeLDWDELO_hC7Qs
1385,欧,EUROPE,KLC_01385,2,KLC_00297,区,"DIVIDE INTO SECTIONS, DISTRICT",KLC,297,EARLIER_OR_SAME_KLC,https://docs.google.com/spreadsheets/d/13rdpmsI5n0dnsb33u4YHGwI8VrWtCeLDWDELO_hC7Qs
1386,枢,PIVOT,KLC_01386,1,RAD_00075,木,tree,RAD,,PRIMITIVE_OR_NONKLC,https://docs.google.com/spreadsheets/d/13rdpmsI5n0dnsb33u4YHGwI8VrWtCeLDWDELO_hC7Qs
1386,枢,PIVOT,KLC_01386,2,KLC_00297,区,"DIVIDE INTO SECTIONS, DISTRICT",KLC,297,EARLIER_OR_SAME_KLC,https://docs.google.com/spreadsheets/d/13rdpmsI5n0dnsb33u4YHGwI8VrWtCeLDWDELO_hC7Qs
1387,殴,"BEAT, ASSAULT",KLC_01387,1,RAD_00079,殳,weapon,RAD,,PRIMITIVE_OR_NONKLC,https://docs.google.com/spreadsheets/d/13rdpmsI5n0dnsb33u4YHGwI8VrWtCeLDWDELO_hC7Qs
1387,殴,"BEAT, ASSAULT",KLC_01387,2,KLC_00297,区,"DIVIDE INTO SECTIONS, DISTRICT",KLC,297,EARLIER_OR_SAME_KLC,https://docs.google.com/spreadsheets/d/13rdpmsI5n0dnsb33u4YHGwI8VrWtCeLDWDELO_hC7Qs
1388,駆,"DRIVE, GALLOP",KLC_01388,1,RAD_00187,馬,horse,RAD,,PRIMITIVE_OR_NONKLC,https://docs.google.com/spreadsheets/d/13rdpmsI5n0dnsb33u4YHGwI8VrWtCeLDWDELO_hC7Qs
1388,駆,"DRIVE, GALLOP",KLC_01388,2,KLC_00297,区,"DIVIDE INTO SECTIONS, DISTRICT",KLC,297,EARLIER_OR_SAME_KLC,https://docs.google.com/spreadsheets/d/13rdpmsI5n0dnsb33u4YHGwI8VrWtCeLDWDELO_hC7Qs
1389,馳,"GALLOP, RUN",KLC_01389,1,RAD_00187,馬,horse,RAD,,PRIMITIVE_OR_NONKLC,https://docs.google.com/spreadsheets/d/13rdpmsI5n0dnsb33u4YHGwI8VrWtCeLDWDELO_hC7Qs
1389,馳,"GALLOP, RUN",KLC_01389,2,OTR_00004,也,TO BE,OTR,,PRIMITIVE_OR_NONKLC,https://docs.google.com/spreadsheets/d/13rdpmsI5n0dnsb33u4YHGwI8VrWtCeLDWDELO_hC7Qs
1390,騒,"CLAMOR, DISTURB",KLC_01390,1,RAD_00187,馬,horse,RAD,,PRIMITIVE_OR_NONKLC,https://docs.google.com/spreadsheets/d/13rdpmsI5n0dnsb33u4YHGwI8VrWtCeLDWDELO_hC7Qs
1390,騒,"CLAMOR, DISTURB",KLC_01390,2,RAD_00142,虫,"insect, worm",RAD,,PRIMITIVE_OR_NONKLC,https://docs.google.com/spreadsheets/d/13rdpmsI5n0dnsb33u4YHGwI8VrWtCeLDWDELO_hC7Qs
1390,騒,"CLAMOR, DISTURB",KLC_01390,3,RAD_00029,又,"again, or, *hand*",RAD,,PRIMITIVE_OR_NONKLC,https://docs.google.com/spreadsheets/d/13rdpmsI5n0dnsb33u4YHGwI8VrWtCeLDWDELO_hC7Qs
1391,旭,RISING SUN,KLC_01391,1,RAD_00072,日,"sun, day",RAD,,PRIMITIVE_OR_NONKLC,https://docs.google.com/spreadsheets/d/13rdpmsI5n0dnsb33u4YHGwI8VrWtCeLDWDELO_hC7Qs
1391,旭,RISING SUN,KLC_01391,2,KLC_00011,九,NINE,KLC,11,EARLIER_OR_SAME_KLC,https://docs.google.com/spreadsheets/d/13rdpmsI5n0dnsb33u4YHGwI8VrWtCeLDWDELO_hC7Qs
1392,旦,DAWN,KLC_01392,1,RAD_00072,日,"sun, day",RAD,,PRIMITIVE_OR_NONKLC,https://docs.google.com/spreadsheets/d/13rdpmsI5n0dnsb33u4YHGwI8VrWtCeLDWDELO_hC7Qs
1393,但,"PROVIDED THAT, HOWEVER",KLC_01393,1,RAD_00009,人,"person, *roof*",RAD,,PRIMITIVE_OR_NONKLC,https://docs.google.com/spreadsheets/d/13rdpmsI5n0dnsb33u4YHGwI8VrWtCeLDWDELO_hC7Qs
1393,但,"PROVIDED THAT, HOWEVER",KLC_01393,2,KLC_01392,旦,DAWN,KLC,1392,EARLIER_OR_SAME_KLC,https://docs.google.com/spreadsheets/d/13rdpmsI5n0dnsb33u4YHGwI8VrWtCeLDWDELO_hC7Qs
1394,担,"[BEAR ON] SHOULDER, UNDERTAKE",KLC_01394,1,RAD_00064,手,"hand, performer of action",RAD,,PRIMITIVE_OR_NONKLC,https://docs.google.com/spreadsheets/d/13rdpmsI5n0dnsb33u4YHGwI8VrWtCeLDWDELO_hC7Qs
1394,担,"[BEAR ON] SHOULDER, UNDERTAKE",KLC_01394,2,KLC_01392,旦,DAWN,KLC,1392,EARLIER_OR_SAME_KLC,https://docs.google.com/spreadsheets/d/13rdpmsI5n0dnsb33u4YHGwI8VrWtCeLDWDELO_hC7Qs
1395,亘,SPAN,KLC_01395,1,RAD_00072,日,"sun, day",RAD,,PRIMITIVE_OR_NONKLC,https://docs.google.com/spreadsheets/d/13rdpmsI5n0dnsb33u4YHGwI8VrWtCeLDWDELO_hC7Qs
1396,恒,"CONSTANT, PERMANENT",KLC_01396,1,RAD_00061,心,"heart, mind, spirit",RAD,,PRIMITIVE_OR_NONKLC,https://docs.google.com/spreadsheets/d/13rdpmsI5n0dnsb33u4YHGwI8VrWtCeLDWDELO_hC7Qs
1396,恒,"CONSTANT, PERMANENT",KLC_01396,2,KLC_01395,亘,SPAN,KLC,1395,EARLIER_OR_SAME_KLC,https://docs.google.com/spreadsheets/d/13rdpmsI5n0dnsb33u4YHGwI8VrWtCeLDWDELO_hC7Qs
1397,垣,"FENCE, WALL",KLC_01397,1,RAD_00032,土,"soil, earth",RAD,,PRIMITIVE_OR_NONKLC,https://docs.google.com/spreadsheets/d/13rdpmsI5n0dnsb33u4YHGwI8VrWtCeLDWDELO_hC7Qs
1397,垣,"FENCE, WALL",KLC_01397,2,KLC_01395,亘,SPAN,KLC,1395,EARLIER_OR_SAME_KLC,https://docs.google.com/spreadsheets/d/13rdpmsI5n0dnsb33u4YHGwI8VrWtCeLDWDELO_hC7Qs
1398,宣,PROCLAIM,KLC_01398,1,KLC_01395,亘,SPAN,KLC,1395,EARLIER_OR_SAME_KLC,https://docs.google.com/spreadsheets/d/13rdpmsI5n0dnsb33u4YHGwI8VrWtCeLDWDELO_hC7Qs
1398,宣,PROCLAIM,KLC_01398,2,RAD_00040,宀,roof,RAD,,PRIMITIVE_OR_NONKLC,https://docs.google.com/spreadsheets/d/13rdpmsI5n0dnsb33u4YHGwI8VrWtCeLDWDELO_hC7Qs
1399,喧,CLAMOROUS,KLC_01399,1,RAD_00030,口,"mouth, *opening*",RAD,,PRIMITIVE_OR_NONKLC,https://docs.google.com/spreadsheets/d/13rdpmsI5n0dnsb33u4YHGwI8VrWtCeLDWDELO_hC7Qs
1399,喧,CLAMOROUS,KLC_01399,2,KLC_01398,宣,PROCLAIM,KLC,1398,EARLIER_OR_SAME_KLC,https://docs.google.com/spreadsheets/d/13rdpmsI5n0dnsb33u4YHGwI8VrWtCeLDWDELO_hC7Qs
1400,嘩,NOISY,KLC_01400,1,RAD_00030,口,"mouth, *opening*",RAD,,PRIMITIVE_OR_NONKLC,https://docs.google.com/spreadsheets/d/13rdpmsI5n0dnsb33u4YHGwI8VrWtCeLDWDELO_hC7Qs
1400,嘩,NOISY,KLC_01400,2,KLC_01012,華,"FLOWER, MAGNIFICENT, CHINA",KLC,1012,EARLIER_OR_SAME_KLC,https://docs.google.com/spreadsheets/d/13rdpmsI5n0dnsb33u4YHGwI8VrWtCeLDWDELO_hC7Qs
1401,唾,SALIVA,KLC_01401,1,KLC_01004,垂,"DROOP, DANGLE",KLC,1004,EARLIER_OR_SAME_KLC,https://docs.google.com/spreadsheets/d/13rdpmsI5n0dnsb33u4YHGwI8VrWtCeLDWDELO_hC7Qs
1401,唾,SALIVA,KLC_01401,2,RAD_00030,口,"mouth, *opening*",RAD,,PRIMITIVE_OR_NONKLC,https://docs.google.com/spreadsheets/d/13rdpmsI5n0dnsb33u4YHGwI8VrWtCeLDWDELO_hC7Qs
1402,壷,JAR,KLC_01402,1,RAD_00033,士,"scholar, military man",RAD,,PRIMITIVE_OR_NONKLC,https://docs.google.com/spreadsheets/d/13rdpmsI5n0dnsb33u4YHGwI8VrWtCeLDWDELO_hC7Qs
1402,壷,JAR,KLC_01402,2,KLC_00545,亜,"SUB-, COME AFTER",KLC,545,EARLIER_OR_SAME_KLC,https://docs.google.com/spreadsheets/d/13rdpmsI5n0dnsb33u4YHGwI8VrWtCeLDWDELO_hC7Qs
1403,坪,TSUBO [AREA],KLC_01403,1,KLC_00334,平,"FLAT, CALM",KLC,334,EARLIER_OR_SAME_KLC,https://docs.google.com/spreadsheets/d/13rdpmsI5n0dnsb33u4YHGwI8VrWtCeLDWDELO_hC7Qs
1403,坪,TSUBO [AREA],KLC_01403,2,RAD_00032,土,"soil, earth",RAD,,PRIMITIVE_OR_NONKLC,https://docs.google.com/spreadsheets/d/13rdpmsI5n0dnsb33u4YHGwI8VrWtCeLDWDELO_hC7Qs
1404,畔,WATERSIDE,KLC_01404,1,RAD_00102,田,"rice field, *head*",RAD,,PRIMITIVE_OR_NONKLC,https://docs.google.com/spreadsheets/d/13rdpmsI5n0dnsb33u4YHGwI8VrWtCeLDWDELO_hC7Qs
1404,畔,WATERSIDE,KLC_01404,2,KLC_00335,半,HALF,KLC,335,EARLIER_OR_SAME_KLC,https://docs.google.com/spreadsheets/d/13rdpmsI5n0dnsb33u4YHGwI8VrWtCeLDWDELO_hC7Qs
1405,衆,MULTITUDE,KLC_01405,1,RAD_00143,血,blood,RAD,,PRIMITIVE_OR_NONKLC,https://docs.google.com/spreadsheets/d/13rdpmsI5n0dnsb33u4YHGwI8VrWtCeLDWDELO_hC7Qs
1407,君,"RULER, FAMILIAR TITLE, YOU",KLC_01407,1,RAD_00030,口,"mouth, *opening*",RAD,,PRIMITIVE_OR_NONKLC,https://docs.google.com/spreadsheets/d/13rdpmsI5n0dnsb33u4YHGwI8VrWtCeLDWDELO_hC7Qs
1408,群,"GROUP, FLOCK",KLC_01408,1,RAD_00123,羊,sheep,RAD,,PRIMITIVE_OR_NONKLC,https://docs.google.com/spreadsheets/d/13rdpmsI5n0dnsb33u4YHGwI8VrWtCeLDWDELO_hC7Qs
1408,群,"GROUP, FLOCK",KLC_01408,2,KLC_01407,君,"RULER, FAMILIAR TITLE, YOU",KLC,1407,EARLIER_OR_SAME_KLC,https://docs.google.com/spreadsheets/d/13rdpmsI5n0dnsb33u4YHGwI8VrWtCeLDWDELO_hC7Qs
1409,郡,COUNTY,KLC_01409,1,KLC_01407,君,"RULER, FAMILIAR TITLE, YOU",KLC,1407,EARLIER_OR_SAME_KLC,https://docs.google.com/spreadsheets/d/13rdpmsI5n0dnsb33u4YHGwI8VrWtCeLDWDELO_hC7Qs
1409,郡,COUNTY,KLC_01409,2,RAD_00163,邑,city [right of kanji],RAD,,PRIMITIVE_OR_NONKLC,https://docs.google.com/spreadsheets/d/13rdpmsI5n0dnsb33u4YHGwI8VrWtCeLDWDELO_hC7Qs
1411,邦,"STATE, JAPAN",KLC_01411,1,RAD_00163,邑,city [right of kanji],RAD,,PRIMITIVE_OR_NONKLC,https://docs.google.com/spreadsheets/d/13rdpmsI5n0dnsb33u4YHGwI8VrWtCeLDWDELO_hC7Qs
1412,郊,SUBURB,KLC_01412,1,KLC_00102,交,"MIXING, CROSS, ASSOCIATION",KLC,102,EARLIER_OR_SAME_KLC,https://docs.google.com/spreadsheets/d/13rdpmsI5n0dnsb33u4YHGwI8VrWtCeLDWDELO_hC7Qs
1412,郊,SUBURB,KLC_01412,2,RAD_00163,邑,city [right of kanji],RAD,,PRIMITIVE_OR_NONKLC,https://docs.google.com/spreadsheets/d/13rdpmsI5n0dnsb33u4YHGwI8VrWtCeLDWDELO_hC7Qs
1413,効,"EFFECT, EFFICACY",KLC_01413,1,KLC_00102,交,"MIXING, CROSS, ASSOCIATION",KLC,102,EARLIER_OR_SAME_KLC,https://docs.google.com/spreadsheets/d/13rdpmsI5n0dnsb33u4YHGwI8VrWtCeLDWDELO_hC7Qs
1413,効,"EFFECT, EFFICACY",KLC_01413,2,RAD_00019,力,"power, strength",RAD,,PRIMITIVE_OR_NONKLC,https://docs.google.com/spreadsheets/d/13rdpmsI5n0dnsb33u4YHGwI8VrWtCeLDWDELO_hC7Qs
1414,絞,"STRANGLE, WRING",KLC_01414,1,RAD_00120,糸,"thread, silk",RAD,,PRIMITIVE_OR_NONKLC,https://docs.google.com/spreadsheets/d/13rdpmsI5n0dnsb33u4YHGwI8VrWtCeLDWDELO_hC7Qs
1414,絞,"STRANGLE, WRING",KLC_01414,2,KLC_00102,交,"MIXING, CROSS, ASSOCIATION",KLC,102,EARLIER_OR_SAME_KLC,https://docs.google.com/spreadsheets/d/13rdpmsI5n0dnsb33u4YHGwI8VrWtCeLDWDELO_hC7Qs
1415,搾,"SQUEEZE, EXTRACT",KLC_01415,1,RAD_00064,手,"hand, performer of action",RAD,,PRIMITIVE_OR_NONKLC,https://docs.google.com/spreadsheets/d/13rdpmsI5n0dnsb33u4YHGwI8VrWtCeLDWDELO_hC7Qs
1415,搾,"SQUEEZE, EXTRACT",KLC_01415,2,SUP_00003,乍,saw,SUP,,PRIMITIVE_OR_NONKLC,https://docs.google.com/spreadsheets/d/13rdpmsI5n0dnsb33u4YHGwI8VrWtCeLDWDELO_hC7Qs
1415,搾,"SQUEEZE, EXTRACT",KLC_01415,3,RAD_00116,穴,"cave, hole",RAD,,PRIMITIVE_OR_NONKLC,https://docs.google.com/spreadsheets/d/13rdpmsI5n0dnsb33u4YHGwI8VrWtCeLDWDELO_hC7Qs
1416,紋,CREST,KLC_01416,1,RAD_00120,糸,"thread, silk",RAD,,PRIMITIVE_OR_NONKLC,https://docs.google.com/spreadsheets/d/13rdpmsI5n0dnsb33u4YHGwI8VrWtCeLDWDELO_hC7Qs
1416,紋,CREST,KLC_01416,2,RAD_00067,文,"script, literature",RAD,,PRIMITIVE_OR_NONKLC,https://docs.google.com/spreadsheets/d/13rdpmsI5n0dnsb33u4YHGwI8VrWtCeLDWDELO_hC7Qs
1417,菊,CHRYSANTHEMUM,KLC_01417,1,RAD_00140,艸,"grass, vegetation",RAD,,PRIMITIVE_OR_NONKLC,https://docs.google.com/spreadsheets/d/13rdpmsI5n0dnsb33u4YHGwI8VrWtCeLDWDELO_hC7Qs
1417,菊,CHRYSANTHEMUM,KLC_01417,2,RAD_00020,勹,"wrap, *elephant*",RAD,,PRIMITIVE_OR_NONKLC,https://docs.google.com/spreadsheets/d/13rdpmsI5n0dnsb33u4YHGwI8VrWtCeLDWDELO_hC7Qs
1418,帝,EMPEROR [imperial],KLC_01418,1,RAD_00117,立,stand,RAD,,PRIMITIVE_OR_NONKLC,https://docs.google.com/spreadsheets/d/13rdpmsI5n0dnsb33u4YHGwI8VrWtCeLDWDELO_hC7Qs
1418,帝,EMPEROR [imperial],KLC_01418,2,RAD_00050,巾,"cloth, towel, scarf",RAD,,PRIMITIVE_OR_NONKLC,https://docs.google.com/spreadsheets/d/13rdpmsI5n0dnsb33u4YHGwI8VrWtCeLDWDELO_hC7Qs
1419,締,"CONCLUDE, TIGHTEN",KLC_01419,1,RAD_00120,糸,"thread, silk",RAD,,PRIMITIVE_OR_NONKLC,https://docs.google.com/spreadsheets/d/13rdpmsI5n0dnsb33u4YHGwI8VrWtCeLDWDELO_hC7Qs
1419,締,"CONCLUDE, TIGHTEN",KLC_01419,2,KLC_01418,帝,EMPEROR [imperial],KLC,1418,EARLIER_OR_SAME_KLC,https://docs.google.com/spreadsheets/d/13rdpmsI5n0dnsb33u4YHGwI8VrWtCeLDWDELO_hC7Qs
1420,諦,GIVE UP,KLC_01420,1,KLC_01418,帝,EMPEROR [imperial],KLC,1418,EARLIER_OR_SAME_KLC,https://docs.google.com/spreadsheets/d/13rdpmsI5n0dnsb33u4YHGwI8VrWtCeLDWDELO_hC7Qs
1420,諦,GIVE UP,KLC_01420,2,RAD_00149,言,"speech, word, say",RAD,,PRIMITIVE_OR_NONKLC,https://docs.google.com/spreadsheets/d/13rdpmsI5n0dnsb33u4YHGwI8VrWtCeLDWDELO_hC7Qs
1421,享,"ENJOY, RECEIVE",KLC_01421,1,RAD_00039,子,child,RAD,,PRIMITIVE_OR_NONKLC,https://docs.google.com/spreadsheets/d/13rdpmsI5n0dnsb33u4YHGwI8VrWtCeLDWDELO_hC7Qs
1421,享,"ENJOY, RECEIVE",KLC_01421,2,RAD_00008,亠,lid,RAD,,PRIMITIVE_OR_NONKLC,https://docs.google.com/spreadsheets/d/13rdpmsI5n0dnsb33u4YHGwI8VrWtCeLDWDELO_hC7Qs
1421,享,"ENJOY, RECEIVE",KLC_01421,3,RAD_00030,口,"mouth, *opening*",RAD,,PRIMITIVE_OR_NONKLC,https://docs.google.com/spreadsheets/d/13rdpmsI5n0dnsb33u4YHGwI8VrWtCeLDWDELO_hC7Qs
1422,郭,OUTER ENCLOSURE,KLC_01422,1,RAD_00163,邑,city [right of kanji],RAD,,PRIMITIVE_OR_NONKLC,https://docs.google.com/spreadsheets/d/13rdpmsI5n0dnsb33u4YHGwI8VrWtCeLDWDELO_hC7Qs
1422,郭,OUTER ENCLOSURE,KLC_01422,2,KLC_01421,享,"ENJOY, RECEIVE",KLC,1421,EARLIER_OR_SAME_KLC,https://docs.google.com/spreadsheets/d/13rdpmsI5n0dnsb33u4YHGwI8VrWtCeLDWDELO_hC7Qs
1423,亭,"INN, PSEUDONYM SUFFIX",KLC_01423,1,KLC_00437,丁,"TOWN SUBSECTION, ROAD, MISCELLANEOUS COUNTER",KLC,437,EARLIER_OR_SAME_KLC,https://docs.google.com/spreadsheets/d/13rdpmsI5n0dnsb33u4YHGwI8VrWtCeLDWDELO_hC7Qs
1423,亭,"INN, PSEUDONYM SUFFIX",KLC_01423,2,RAD_00189,高,"high, amount, tall",RAD,,PRIMITIVE_OR_NONKLC,https://docs.google.com/spreadsheets/d/13rdpmsI5n0dnsb33u4YHGwI8VrWtCeLDWDELO_hC7Qs
1424,停,HALT,KLC_01424,1,RAD_00009,人,"person, *roof*",RAD,,PRIMITIVE_OR_NONKLC,https://docs.google.com/spreadsheets/d/13rdpmsI5n0dnsb33u4YHGwI8VrWtCeLDWDELO_hC7Qs
1424,停,HALT,KLC_01424,2,KLC_01423,亭,"INN, PSEUDONYM SUFFIX",KLC,1423,EARLIER_OR_SAME_KLC,https://docs.google.com/spreadsheets/d/13rdpmsI5n0dnsb33u4YHGwI8VrWtCeLDWDELO_hC7Qs
1425,昆,INSECT,KLC_01425,1,RAD_00072,日,"sun, day",RAD,,PRIMITIVE_OR_NONKLC,https://docs.google.com/spreadsheets/d/13rdpmsI5n0dnsb33u4YHGwI8VrWtCeLDWDELO_hC7Qs
1426,混,"MIX, BLEND",KLC_01426,1,KLC_01425,昆,INSECT,KLC,1425,EARLIER_OR_SAME_KLC,https://docs.google.com/spreadsheets/d/13rdpmsI5n0dnsb33u4YHGwI8VrWtCeLDWDELO_hC7Qs
1426,混,"MIX, BLEND",KLC_01426,2,RAD_00085,水,"water, *liquid*",RAD,,PRIMITIVE_OR_NONKLC,https://docs.google.com/spreadsheets/d/13rdpmsI5n0dnsb33u4YHGwI8VrWtCeLDWDELO_hC7Qs
1427,皆,"ALL, EVERYTHING",KLC_01427,1,RAD_00081,比,"compare, contrast",RAD,,PRIMITIVE_OR_NONKLC,https://docs.google.com/spreadsheets/d/13rdpmsI5n0dnsb33u4YHGwI8VrWtCeLDWDELO_hC7Qs
1427,皆,"ALL, EVERYTHING",KLC_01427,2,RAD_00106,白,white,RAD,,PRIMITIVE_OR_NONKLC,https://docs.google.com/spreadsheets/d/13rdpmsI5n0dnsb33u4YHGwI8VrWtCeLDWDELO_hC7Qs
1428,楷,BLOCK CHARACTER STYLE,KLC_01428,1,KLC_01427,皆,"ALL, EVERYTHING",KLC,1427,EARLIER_OR_SAME_KLC,https://docs.google.com/spreadsheets/d/13rdpmsI5n0dnsb33u4YHGwI8VrWtCeLDWDELO_hC7Qs
1428,楷,BLOCK CHARACTER STYLE,KLC_01428,2,RAD_00075,木,tree,RAD,,PRIMITIVE_OR_NONKLC,https://docs.google.com/spreadsheets/d/13rdpmsI5n0dnsb33u4YHGwI8VrWtCeLDWDELO_hC7Qs
1429,諧,HARMONY,KLC_01429,1,RAD_00149,言,"speech, word, say",RAD,,PRIMITIVE_OR_NONKLC,https://docs.google.com/spreadsheets/d/13rdpmsI5n0dnsb33u4YHGwI8VrWtCeLDWDELO_hC7Qs
1429,諧,HARMONY,KLC_01429,2,KLC_01427,皆,"ALL, EVERYTHING",KLC,1427,EARLIER_OR_SAME_KLC,https://docs.google.com/spreadsheets/d/13rdpmsI5n0dnsb33u4YHGwI8VrWtCeLDWDELO_hC7Qs
1430,階,"FLOOR, RANK [building]",KLC_01430,1,KLC_01427,皆,"ALL, EVERYTHING",KLC,1427,EARLIER_OR_SAME_KLC,https://docs.google.com/spreadsheets/d/13rdpmsI5n0dnsb33u4YHGwI8VrWtCeLDWDELO_hC7Qs
1430,階,"FLOOR, RANK [building]",KLC_01430,2,RAD_00170,阜,hill [left of kanji],RAD,,PRIMITIVE_OR_NONKLC,https://docs.google.com/spreadsheets/d/13rdpmsI5n0dnsb33u4YHGwI8VrWtCeLDWDELO_hC7Qs
1431,陛,IMPERIAL PALACE STEPS,KLC_01431,1,RAD_00170,阜,hill [left of kanji],RAD,,PRIMITIVE_OR_NONKLC,https://docs.google.com/spreadsheets/d/13rdpmsI5n0dnsb33u4YHGwI8VrWtCeLDWDELO_hC7Qs
1431,陛,IMPERIAL PALACE STEPS,KLC_01431,2,RAD_00081,比,"compare, contrast",RAD,,PRIMITIVE_OR_NONKLC,https://docs.google.com/spreadsheets/d/13rdpmsI5n0dnsb33u4YHGwI8VrWtCeLDWDELO_hC7Qs
1431,陛,IMPERIAL PALACE STEPS,KLC_01431,3,RAD_00032,土,"soil, earth",RAD,,PRIMITIVE_OR_NONKLC,https://docs.google.com/spreadsheets/d/13rdpmsI5n0dnsb33u4YHGwI8VrWtCeLDWDELO_hC7Qs
1432,陸,LAND,KLC_01432,1,KLC_00134,先,"AHEAD OF, PREVIOUS",KLC,134,EARLIER_OR_SAME_KLC,https://docs.google.com/spreadsheets/d/13rdpmsI5n0dnsb33u4YHGwI8VrWtCeLDWDELO_hC7Qs
1432,陸,LAND,KLC_01432,2,RAD_00032,土,"soil, earth",RAD,,PRIMITIVE_OR_NONKLC,https://docs.google.com/spreadsheets/d/13rdpmsI5n0dnsb33u4YHGwI8VrWtCeLDWDELO_hC7Qs
1432,陸,LAND,KLC_01432,3,RAD_00170,阜,hill [left of kanji],RAD,,PRIMITIVE_OR_NONKLC,https://docs.google.com/spreadsheets/d/13rdpmsI5n0dnsb33u4YHGwI8VrWtCeLDWDELO_hC7Qs
1433,睦,"FRIENDLY, INTIMATE",KLC_01433,1,RAD_00109,目,eye,RAD,,PRIMITIVE_OR_NONKLC,https://docs.google.com/spreadsheets/d/13rdpmsI5n0dnsb33u4YHGwI8VrWtCeLDWDELO_hC7Qs
1433,睦,"FRIENDLY, INTIMATE",KLC_01433,2,SUP_00040,坴,earth's crust,SUP,,PRIMITIVE_OR_NONKLC,https://docs.google.com/spreadsheets/d/13rdpmsI5n0dnsb33u4YHGwI8VrWtCeLDWDELO_hC7Qs
1434,勢,"POWER, CONDITION",KLC_01434,1,RAD_00019,力,"power, strength",RAD,,PRIMITIVE_OR_NONKLC,https://docs.google.com/spreadsheets/d/13rdpmsI5n0dnsb33u4YHGwI8VrWtCeLDWDELO_hC7Qs
1434,勢,"POWER, CONDITION",KLC_01434,2,SUP_00040,坴,earth's crust,SUP,,PRIMITIVE_OR_NONKLC,https://docs.google.com/spreadsheets/d/13rdpmsI5n0dnsb33u4YHGwI8VrWtCeLDWDELO_hC7Qs
1434,勢,"POWER, CONDITION",KLC_01434,3,KLC_00012,丸,ROUND,KLC,12,EARLIER_OR_SAME_KLC,https://docs.google.com/spreadsheets/d/13rdpmsI5n0dnsb33u4YHGwI8VrWtCeLDWDELO_hC7Qs
1435,熱,HEAT,KLC_01435,1,RAD_00086,火,fire,RAD,,PRIMITIVE_OR_NONKLC,https://docs.google.com/spreadsheets/d/13rdpmsI5n0dnsb33u4YHGwI8VrWtCeLDWDELO_hC7Qs
1435,熱,HEAT,KLC_01435,2,SUP_00040,坴,earth's crust,SUP,,PRIMITIVE_OR_NONKLC,https://docs.google.com/spreadsheets/d/13rdpmsI5n0dnsb33u4YHGwI8VrWtCeLDWDELO_hC7Qs
1435,熱,HEAT,KLC_01435,3,KLC_00012,丸,ROUND,KLC,12,EARLIER_OR_SAME_KLC,https://docs.google.com/spreadsheets/d/13rdpmsI5n0dnsb33u4YHGwI8VrWtCeLDWDELO_hC7Qs
1436,熟,"MATURE, RIPE",KLC_01436,1,KLC_01421,享,"ENJOY, RECEIVE",KLC,1421,EARLIER_OR_SAME_KLC,https://docs.google.com/spreadsheets/d/13rdpmsI5n0dnsb33u4YHGwI8VrWtCeLDWDELO_hC7Qs
1436,熟,"MATURE, RIPE",KLC_01436,2,KLC_00012,丸,ROUND,KLC,12,EARLIER_OR_SAME_KLC,https://docs.google.com/spreadsheets/d/13rdpmsI5n0dnsb33u4YHGwI8VrWtCeLDWDELO_hC7Qs
1436,熟,"MATURE, RIPE",KLC_01436,3,RAD_00086,火,fire,RAD,,PRIMITIVE_OR_NONKLC,https://docs.google.com/spreadsheets/d/13rdpmsI5n0dnsb33u4YHGwI8VrWtCeLDWDELO_hC7Qs
1437,塾,PRIVATE SCHOOL,KLC_01437,1,RAD_00032,土,"soil, earth",RAD,,PRIMITIVE_OR_NONKLC,https://docs.google.com/spreadsheets/d/13rdpmsI5n0dnsb33u4YHGwI8VrWtCeLDWDELO_hC7Qs
1437,塾,PRIVATE SCHOOL,KLC_01437,2,KLC_01421,享,"ENJOY, RECEIVE",KLC,1421,EARLIER_OR_SAME_KLC,https://docs.google.com/spreadsheets/d/13rdpmsI5n0dnsb33u4YHGwI8VrWtCeLDWDELO_hC7Qs
1437,塾,PRIVATE SCHOOL,KLC_01437,3,KLC_00012,丸,ROUND,KLC,12,EARLIER_OR_SAME_KLC,https://docs.google.com/spreadsheets/d/13rdpmsI5n0dnsb33u4YHGwI8VrWtCeLDWDELO_hC7Qs
1438,陵,"IMPERIAL MAUSOLEUM, HILL",KLC_01438,1,RAD_00170,阜,hill [left of kanji],RAD,,PRIMITIVE_OR_NONKLC,https://docs.google.com/spreadsheets/d/13rdpmsI5n0dnsb33u4YHGwI8VrWtCeLDWDELO_hC7Qs
1438,陵,"IMPERIAL MAUSOLEUM, HILL",KLC_01438,2,RAD_00034,夂,"winter, go, *rooftop*, *crossed legs*",RAD,,PRIMITIVE_OR_NONKLC,https://docs.google.com/spreadsheets/d/13rdpmsI5n0dnsb33u4YHGwI8VrWtCeLDWDELO_hC7Qs
1440,俊,BRILLIANT PERSON,KLC_01440,1,RAD_00009,人,"person, *roof*",RAD,,PRIMITIVE_OR_NONKLC,https://docs.google.com/spreadsheets/d/13rdpmsI5n0dnsb33u4YHGwI8VrWtCeLDWDELO_hC7Qs
1440,俊,BRILLIANT PERSON,KLC_01440,2,SUP_00041,夋,sharp stimulus,SUP,,PRIMITIVE_OR_NONKLC,https://docs.google.com/spreadsheets/d/13rdpmsI5n0dnsb33u4YHGwI8VrWtCeLDWDELO_hC7Qs
1441,唆,"INSTIGATE, SEDUCE",KLC_01441,1,RAD_00030,口,"mouth, *opening*",RAD,,PRIMITIVE_OR_NONKLC,https://docs.google.com/spreadsheets/d/13rdpmsI5n0dnsb33u4YHGwI8VrWtCeLDWDELO_hC7Qs
1441,唆,"INSTIGATE, SEDUCE",KLC_01441,2,SUP_00041,夋,sharp stimulus,SUP,,PRIMITIVE_OR_NONKLC,https://docs.google.com/spreadsheets/d/13rdpmsI5n0dnsb33u4YHGwI8VrWtCeLDWDELO_hC7Qs
1442,筈,TO BE EXPECTED,KLC_01442,1,RAD_00135,舌,tongue,RAD,,PRIMITIVE_OR_NONKLC,https://docs.google.com/spreadsheets/d/13rdpmsI5n0dnsb33u4YHGwI8VrWtCeLDWDELO_hC7Qs
1442,筈,TO BE EXPECTED,KLC_01442,2,RAD_00118,竹,"bamboo, counting",RAD,,PRIMITIVE_OR_NONKLC,https://docs.google.com/spreadsheets/d/13rdpmsI5n0dnsb33u4YHGwI8VrWtCeLDWDELO_hC7Qs
1443,箸,CHOPSTICKS,KLC_01443,1,RAD_00118,竹,"bamboo, counting",RAD,,PRIMITIVE_OR_NONKLC,https://docs.google.com/spreadsheets/d/13rdpmsI5n0dnsb33u4YHGwI8VrWtCeLDWDELO_hC7Qs
1443,箸,CHOPSTICKS,KLC_01443,2,RAD_00009,人,"person, *roof*",RAD,,PRIMITIVE_OR_NONKLC,https://docs.google.com/spreadsheets/d/13rdpmsI5n0dnsb33u4YHGwI8VrWtCeLDWDELO_hC7Qs
1444,暑,HOT,KLC_01444,1,RAD_00072,日,"sun, day",RAD,,PRIMITIVE_OR_NONKLC,https://docs.google.com/spreadsheets/d/13rdpmsI5n0dnsb33u4YHGwI8VrWtCeLDWDELO_hC7Qs
1444,暑,HOT,KLC_01444,2,RAD_00009,人,"person, *roof*",RAD,,PRIMITIVE_OR_NONKLC,https://docs.google.com/spreadsheets/d/13rdpmsI5n0dnsb33u4YHGwI8VrWtCeLDWDELO_hC7Qs
1445,署,"GOVERNMENT OFFICE, SIGNATURE",KLC_01445,1,RAD_00009,人,"person, *roof*",RAD,,PRIMITIVE_OR_NONKLC,https://docs.google.com/spreadsheets/d/13rdpmsI5n0dnsb33u4YHGwI8VrWtCeLDWDELO_hC7Qs
1445,署,"GOVERNMENT OFFICE, SIGNATURE",KLC_01445,2,RAD_00122,网,"net, *law*",RAD,,PRIMITIVE_OR_NONKLC,https://docs.google.com/spreadsheets/d/13rdpmsI5n0dnsb33u4YHGwI8VrWtCeLDWDELO_hC7Qs
1446,曙,"DAWN, BEGINNING",KLC_01446,1,KLC_01445,署,"GOVERNMENT OFFICE, SIGNATURE",KLC,1445,EARLIER_OR_SAME_KLC,https://docs.google.com/spreadsheets/d/13rdpmsI5n0dnsb33u4YHGwI8VrWtCeLDWDELO_hC7Qs
1446,曙,"DAWN, BEGINNING",KLC_01446,2,RAD_00072,日,"sun, day",RAD,,PRIMITIVE_OR_NONKLC,https://docs.google.com/spreadsheets/d/13rdpmsI5n0dnsb33u4YHGwI8VrWtCeLDWDELO_hC7Qs
1447,賭,WAGER,KLC_01447,1,KLC_00107,者,"PERSON, SOMEBODY",KLC,107,EARLIER_OR_SAME_KLC,https://docs.google.com/spreadsheets/d/13rdpmsI5n0dnsb33u4YHGwI8VrWtCeLDWDELO_hC7Qs
1447,賭,WAGER,KLC_01447,2,RAD_00154,貝,"shellfish, money, wealth",RAD,,PRIMITIVE_OR_NONKLC,https://docs.google.com/spreadsheets/d/13rdpmsI5n0dnsb33u4YHGwI8VrWtCeLDWDELO_hC7Qs
1448,諸,VARIOUS,KLC_01448,1,RAD_00149,言,"speech, word, say",RAD,,PRIMITIVE_OR_NONKLC,https://docs.google.com/spreadsheets/d/13rdpmsI5n0dnsb33u4YHGwI8VrWtCeLDWDELO_hC7Qs
1448,諸,VARIOUS,KLC_01448,2,KLC_00107,者,"PERSON, SOMEBODY",KLC,107,EARLIER_OR_SAME_KLC,https://docs.google.com/spreadsheets/d/13rdpmsI5n0dnsb33u4YHGwI8VrWtCeLDWDELO_hC7Qs
1449,儲,PROFIT,KLC_01449,1,KLC_00107,者,"PERSON, SOMEBODY",KLC,107,EARLIER_OR_SAME_KLC,https://docs.google.com/spreadsheets/d/13rdpmsI5n0dnsb33u4YHGwI8VrWtCeLDWDELO_hC7Qs
1449,儲,PROFIT,KLC_01449,2,RAD_00149,言,"speech, word, say",RAD,,PRIMITIVE_OR_NONKLC,https://docs.google.com/spreadsheets/d/13rdpmsI5n0dnsb33u4YHGwI8VrWtCeLDWDELO_hC7Qs
1450,緒,"BEGINNING, LINE",KLC_01450,1,KLC_00107,者,"PERSON, SOMEBODY",KLC,107,EARLIER_OR_SAME_KLC,https://docs.google.com/spreadsheets/d/13rdpmsI5n0dnsb33u4YHGwI8VrWtCeLDWDELO_hC7Qs
1450,緒,"BEGINNING, LINE",KLC_01450,2,RAD_00120,糸,"thread, silk",RAD,,PRIMITIVE_OR_NONKLC,https://docs.google.com/spreadsheets/d/13rdpmsI5n0dnsb33u4YHGwI8VrWtCeLDWDELO_hC7Qs
1451,翁,OLD MAN,KLC_01451,1,RAD_00124,羽,"feather, wing",RAD,,PRIMITIVE_OR_NONKLC,https://docs.google.com/spreadsheets/d/13rdpmsI5n0dnsb33u4YHGwI8VrWtCeLDWDELO_hC7Qs
1452,婆,OLD WOMAN,KLC_01452,1,RAD_00038,女,woman,RAD,,PRIMITIVE_OR_NONKLC,https://docs.google.com/spreadsheets/d/13rdpmsI5n0dnsb33u4YHGwI8VrWtCeLDWDELO_hC7Qs
1452,婆,OLD WOMAN,KLC_01452,2,KLC_00598,波,WAVE,KLC,598,EARLIER_OR_SAME_KLC,https://docs.google.com/spreadsheets/d/13rdpmsI5n0dnsb33u4YHGwI8VrWtCeLDWDELO_hC7Qs
1453,姿,"FIGURE, POSTURE",KLC_01453,1,RAD_00038,女,woman,RAD,,PRIMITIVE_OR_NONKLC,https://docs.google.com/spreadsheets/d/13rdpmsI5n0dnsb33u4YHGwI8VrWtCeLDWDELO_hC7Qs
1453,姿,"FIGURE, POSTURE",KLC_01453,2,KLC_00278,次,"NEXT, SECONDARY",KLC,278,EARLIER_OR_SAME_KLC,https://docs.google.com/spreadsheets/d/13rdpmsI5n0dnsb33u4YHGwI8VrWtCeLDWDELO_hC7Qs
1454,恣,ARBITRARY,KLC_01454,1,RAD_00061,心,"heart, mind, spirit",RAD,,PRIMITIVE_OR_NONKLC,https://docs.google.com/spreadsheets/d/13rdpmsI5n0dnsb33u4YHGwI8VrWtCeLDWDELO_hC7Qs
1454,恣,ARBITRARY,KLC_01454,2,KLC_00278,次,"NEXT, SECONDARY",KLC,278,EARLIER_OR_SAME_KLC,https://docs.google.com/spreadsheets/d/13rdpmsI5n0dnsb33u4YHGwI8VrWtCeLDWDELO_hC7Qs
1455,妄,"DELUSION, RECKLESS",KLC_01455,1,RAD_00038,女,woman,RAD,,PRIMITIVE_OR_NONKLC,https://docs.google.com/spreadsheets/d/13rdpmsI5n0dnsb33u4YHGwI8VrWtCeLDWDELO_hC7Qs
1455,妄,"DELUSION, RECKLESS",KLC_01455,2,KLC_00233,亡,DECEASED,KLC,233,EARLIER_OR_SAME_KLC,https://docs.google.com/spreadsheets/d/13rdpmsI5n0dnsb33u4YHGwI8VrWtCeLDWDELO_hC7Qs
1456,萎,"WILT, WITHER",KLC_01456,1,KLC_00396,委,"COMMIT, LEAVE TO",KLC,396,EARLIER_OR_SAME_KLC,https://docs.google.com/spreadsheets/d/13rdpmsI5n0dnsb33u4YHGwI8VrWtCeLDWDELO_hC7Qs
1456,萎,"WILT, WITHER",KLC_01456,2,RAD_00140,艸,"grass, vegetation",RAD,,PRIMITIVE_OR_NONKLC,https://docs.google.com/spreadsheets/d/13rdpmsI5n0dnsb33u4YHGwI8VrWtCeLDWDELO_hC7Qs
1457,妻,WIFE,KLC_01457,1,RAD_00038,女,woman,RAD,,PRIMITIVE_OR_NONKLC,https://docs.google.com/spreadsheets/d/13rdpmsI5n0dnsb33u4YHGwI8VrWtCeLDWDELO_hC7Qs
1457,妻,WIFE,KLC_01457,2,SUP_00024,ヨ,"nails, pierce",SUP,,PRIMITIVE_OR_NONKLC,https://docs.google.com/spreadsheets/d/13rdpmsI5n0dnsb33u4YHGwI8VrWtCeLDWDELO_hC7Qs
1458,凄,"TREMENDOUS, INCREDIBLE",KLC_01458,1,KLC_01457,妻,WIFE,KLC,1457,EARLIER_OR_SAME_KLC,https://docs.google.com/spreadsheets/d/13rdpmsI5n0dnsb33u4YHGwI8VrWtCeLDWDELO_hC7Qs
1458,凄,"TREMENDOUS, INCREDIBLE",KLC_01458,2,RAD_00015,冫,ice,RAD,,PRIMITIVE_OR_NONKLC,https://docs.google.com/spreadsheets/d/13rdpmsI5n0dnsb33u4YHGwI8VrWtCeLDWDELO_hC7Qs
1459,章,"CHAPTER, BADGE",KLC_01459,1,RAD_00180,音,sound,RAD,,PRIMITIVE_OR_NONKLC,https://docs.google.com/spreadsheets/d/13rdpmsI5n0dnsb33u4YHGwI8VrWtCeLDWDELO_hC7Qs
1459,章,"CHAPTER, BADGE",KLC_01459,2,RAD_00024,十,"ten, complete, *cross*, *needle*, *plant*",RAD,,PRIMITIVE_OR_NONKLC,https://docs.google.com/spreadsheets/d/13rdpmsI5n0dnsb33u4YHGwI8VrWtCeLDWDELO_hC7Qs
1460,彰,"PROCLAIM MERITS, PATENT",KLC_01460,1,KLC_01459,章,"CHAPTER, BADGE",KLC,1459,EARLIER_OR_SAME_KLC,https://docs.google.com/spreadsheets/d/13rdpmsI5n0dnsb33u4YHGwI8VrWtCeLDWDELO_hC7Qs
1461,障,HINDRANCE,KLC_01461,1,KLC_01459,章,"CHAPTER, BADGE",KLC,1459,EARLIER_OR_SAME_KLC,https://docs.google.com/spreadsheets/d/13rdpmsI5n0dnsb33u4YHGwI8VrWtCeLDWDELO_hC7Qs
1461,障,HINDRANCE,KLC_01461,2,RAD_00170,阜,hill [left of kanji],RAD,,PRIMITIVE_OR_NONKLC,https://docs.google.com/spreadsheets/d/13rdpmsI5n0dnsb33u4YHGwI8VrWtCeLDWDELO_hC7Qs
1462,辛,"spicy, bitter, painful",RAD_00160,1,RAD_00117,立,stand,RAD,,PRIMITIVE_OR_NONKLC,https://docs.google.com/spreadsheets/d/13rdpmsI5n0dnsb33u4YHGwI8VrWtCeLDWDELO_hC7Qs
1462,辛,"spicy, bitter, painful",RAD_00160,2,RAD_00024,十,"ten, complete, *cross*, *needle*, *plant*",RAD,,PRIMITIVE_OR_NONKLC,https://docs.google.com/spreadsheets/d/13rdpmsI5n0dnsb33u4YHGwI8VrWtCeLDWDELO_hC7Qs
1463,宰,"PRESIDE, MANAGE",KLC_01463,1,RAD_00040,宀,roof,RAD,,PRIMITIVE_OR_NONKLC,https://docs.google.com/spreadsheets/d/13rdpmsI5n0dnsb33u4YHGwI8VrWtCeLDWDELO_hC7Qs
1463,宰,"PRESIDE, MANAGE",KLC_01463,2,RAD_00160,辛,"spicy, bitter, painful",RAD,,PRIMITIVE_OR_NONKLC,https://docs.google.com/spreadsheets/d/13rdpmsI5n0dnsb33u4YHGwI8VrWtCeLDWDELO_hC7Qs
1464,辣,"SHARP, SPICY",KLC_01464,1,KLC_00307,束,"TIE UP, BUNDLE",KLC,307,EARLIER_OR_SAME_KLC,https://docs.google.com/spreadsheets/d/13rdpmsI5n0dnsb33u4YHGwI8VrWtCeLDWDELO_hC7Qs
1464,辣,"SHARP, SPICY",KLC_01464,2,RAD_00160,辛,"spicy, bitter, painful",RAD,,PRIMITIVE_OR_NONKLC,https://docs.google.com/spreadsheets/d/13rdpmsI5n0dnsb33u4YHGwI8VrWtCeLDWDELO_hC7Qs
1465,辞,"WORD, RESIGN",KLC_01465,1,RAD_00135,舌,tongue,RAD,,PRIMITIVE_OR_NONKLC,https://docs.google.com/spreadsheets/d/13rdpmsI5n0dnsb33u4YHGwI8VrWtCeLDWDELO_hC7Qs
1465,辞,"WORD, RESIGN",KLC_01465,2,RAD_00160,辛,"spicy, bitter, painful",RAD,,PRIMITIVE_OR_NONKLC,https://docs.google.com/spreadsheets/d/13rdpmsI5n0dnsb33u4YHGwI8VrWtCeLDWDELO_hC7Qs
1466,壁,WALL,KLC_01466,1,SUP_00042,辟,criminal,SUP,,PRIMITIVE_OR_NONKLC,https://docs.google.com/spreadsheets/d/13rdpmsI5n0dnsb33u4YHGwI8VrWtCeLDWDELO_hC7Qs
1466,壁,WALL,KLC_01466,2,RAD_00032,土,"soil, earth",RAD,,PRIMITIVE_OR_NONKLC,https://docs.google.com/spreadsheets/d/13rdpmsI5n0dnsb33u4YHGwI8VrWtCeLDWDELO_hC7Qs
1467,璧,MAGNIFICENT JEWEL,KLC_01467,1,SUP_00042,辟,criminal,SUP,,PRIMITIVE_OR_NONKLC,https://docs.google.com/spreadsheets/d/13rdpmsI5n0dnsb33u4YHGwI8VrWtCeLDWDELO_hC7Qs
1467,璧,MAGNIFICENT JEWEL,KLC_01467,2,RAD_00096,玉,"jewel, spherical object",RAD,,PRIMITIVE_OR_NONKLC,https://docs.google.com/spreadsheets/d/13rdpmsI5n0dnsb33u4YHGwI8VrWtCeLDWDELO_hC7Qs
1468,癖,HABIT,KLC_01468,1,RAD_00104,疒,"sickness, illness",RAD,,PRIMITIVE_OR_NONKLC,https://docs.google.com/spreadsheets/d/13rdpmsI5n0dnsb33u4YHGwI8VrWtCeLDWDELO_hC7Qs
1468,癖,HABIT,KLC_01468,2,SUP_00042,辟,criminal,SUP,,PRIMITIVE_OR_NONKLC,https://docs.google.com/spreadsheets/d/13rdpmsI5n0dnsb33u4YHGwI8VrWtCeLDWDELO_hC7Qs
1469,避,AVOID,KLC_01469,1,SUP_00042,辟,criminal,SUP,,PRIMITIVE_OR_NONKLC,https://docs.google.com/spreadsheets/d/13rdpmsI5n0dnsb33u4YHGwI8VrWtCeLDWDELO_hC7Qs
1469,避,AVOID,KLC_01469,2,RAD_00162,辵,"walk, *transport*",RAD,,PRIMITIVE_OR_NONKLC,https://docs.google.com/spreadsheets/d/13rdpmsI5n0dnsb33u4YHGwI8VrWtCeLDWDELO_hC7Qs
1470,幸,"GOOD FORTUNE, HAPPINESS",KLC_01470,1,RAD_00160,辛,"spicy, bitter, painful",RAD,,PRIMITIVE_OR_NONKLC,https://docs.google.com/spreadsheets/d/13rdpmsI5n0dnsb33u4YHGwI8VrWtCeLDWDELO_hC7Qs
1470,幸,"GOOD FORTUNE, HAPPINESS",KLC_01470,2,RAD_00032,土,"soil, earth",RAD,,PRIMITIVE_OR_NONKLC,https://docs.google.com/spreadsheets/d/13rdpmsI5n0dnsb33u4YHGwI8VrWtCeLDWDELO_hC7Qs
1471,服,"CLOTHES, SUBMIT",KLC_01471,1,SUP_00043,𠬝,coat rack,SUP,,PRIMITIVE_OR_NONKLC,https://docs.google.com/spreadsheets/d/13rdpmsI5n0dnsb33u4YHGwI8VrWtCeLDWDELO_hC7Qs
1472,報,"REPORT, NEWS",KLC_01472,1,KLC_01470,幸,"GOOD FORTUNE, HAPPINESS",KLC,1470,EARLIER_OR_SAME_KLC,https://docs.google.com/spreadsheets/d/13rdpmsI5n0dnsb33u4YHGwI8VrWtCeLDWDELO_hC7Qs
1472,報,"REPORT, NEWS",KLC_01472,2,SUP_00043,𠬝,coat rack,SUP,,PRIMITIVE_OR_NONKLC,https://docs.google.com/spreadsheets/d/13rdpmsI5n0dnsb33u4YHGwI8VrWtCeLDWDELO_hC7Qs
1473,執,"EXECUTE, SEIZE",KLC_01473,1,KLC_01470,幸,"GOOD FORTUNE, HAPPINESS",KLC,1470,EARLIER_OR_SAME_KLC,https://docs.google.com/spreadsheets/d/13rdpmsI5n0dnsb33u4YHGwI8VrWtCeLDWDELO_hC7Qs
1473,執,"EXECUTE, SEIZE",KLC_01473,2,KLC_00012,丸,ROUND,KLC,12,EARLIER_OR_SAME_KLC,https://docs.google.com/spreadsheets/d/13rdpmsI5n0dnsb33u4YHGwI8VrWtCeLDWDELO_hC7Qs
1474,摯,SINCERE,KLC_01474,1,KLC_01473,執,"EXECUTE, SEIZE",KLC,1473,EARLIER_OR_SAME_KLC,https://docs.google.com/spreadsheets/d/13rdpmsI5n0dnsb33u4YHGwI8VrWtCeLDWDELO_hC7Qs
1474,摯,SINCERE,KLC_01474,2,RAD_00064,手,"hand, performer of action",RAD,,PRIMITIVE_OR_NONKLC,https://docs.google.com/spreadsheets/d/13rdpmsI5n0dnsb33u4YHGwI8VrWtCeLDWDELO_hC7Qs
1475,達,"ATTAIN, REACH, PLURAL SUFFIX",KLC_01475,1,RAD_00162,辵,"walk, *transport*",RAD,,PRIMITIVE_OR_NONKLC,https://docs.google.com/spreadsheets/d/13rdpmsI5n0dnsb33u4YHGwI8VrWtCeLDWDELO_hC7Qs
1475,達,"ATTAIN, REACH, PLURAL SUFFIX",KLC_01475,2,KLC_01470,幸,"GOOD FORTUNE, HAPPINESS",KLC,1470,EARLIER_OR_SAME_KLC,https://docs.google.com/spreadsheets/d/13rdpmsI5n0dnsb33u4YHGwI8VrWtCeLDWDELO_hC7Qs
1476,朗,"CHEERFUL, CLEAR",KLC_01476,1,KLC_00285,良,GOOD,KLC,285,EARLIER_OR_SAME_KLC,https://docs.google.com/spreadsheets/d/13rdpmsI5n0dnsb33u4YHGwI8VrWtCeLDWDELO_hC7Qs
1476,朗,"CHEERFUL, CLEAR",KLC_01476,2,RAD_00074,月,"moon, month, *flesh*, *body part*",RAD,,PRIMITIVE_OR_NONKLC,https://docs.google.com/spreadsheets/d/13rdpmsI5n0dnsb33u4YHGwI8VrWtCeLDWDELO_hC7Qs
1477,浪,"WANDERING, WAVE",KLC_01477,1,KLC_00285,良,GOOD,KLC,285,EARLIER_OR_SAME_KLC,https://docs.google.com/spreadsheets/d/13rdpmsI5n0dnsb33u4YHGwI8VrWtCeLDWDELO_hC7Qs
1477,浪,"WANDERING, WAVE",KLC_01477,2,RAD_00085,水,"water, *liquid*",RAD,,PRIMITIVE_OR_NONKLC,https://docs.google.com/spreadsheets/d/13rdpmsI5n0dnsb33u4YHGwI8VrWtCeLDWDELO_hC7Qs
1479,娯,ENJOYMENT,KLC_01479,1,RAD_00038,女,woman,RAD,,PRIMITIVE_OR_NONKLC,https://docs.google.com/spreadsheets/d/13rdpmsI5n0dnsb33u4YHGwI8VrWtCeLDWDELO_hC7Qs
1479,娯,ENJOYMENT,KLC_01479,2,KLC_01478,呉,"GIVE, DO SOMETHING FOR",KLC,1478,EARLIER_OR_SAME_KLC,https://docs.google.com/spreadsheets/d/13rdpmsI5n0dnsb33u4YHGwI8VrWtCeLDWDELO_hC7Qs
1480,誤,MISTAKE,KLC_01480,1,KLC_01478,呉,"GIVE, DO SOMETHING FOR",KLC,1478,EARLIER_OR_SAME_KLC,https://docs.google.com/spreadsheets/d/13rdpmsI5n0dnsb33u4YHGwI8VrWtCeLDWDELO_hC7Qs
1480,誤,MISTAKE,KLC_01480,2,RAD_00149,言,"speech, word, say",RAD,,PRIMITIVE_OR_NONKLC,https://docs.google.com/spreadsheets/d/13rdpmsI5n0dnsb33u4YHGwI8VrWtCeLDWDELO_hC7Qs
1481,富,"RICH, ABUNDANT",KLC_01481,1,SUP_00044,畐,supply shack,SUP,,PRIMITIVE_OR_NONKLC,https://docs.google.com/spreadsheets/d/13rdpmsI5n0dnsb33u4YHGwI8VrWtCeLDWDELO_hC7Qs
1481,富,"RICH, ABUNDANT",KLC_01481,2,RAD_00040,宀,roof,RAD,,PRIMITIVE_OR_NONKLC,https://docs.google.com/spreadsheets/d/13rdpmsI5n0dnsb33u4YHGwI8VrWtCeLDWDELO_hC7Qs
1482,副,"SECONDARY, COPY",KLC_01482,1,RAD_00018,刀,"knife, sword, *cut*",RAD,,PRIMITIVE_OR_NONKLC,https://docs.google.com/spreadsheets/d/13rdpmsI5n0dnsb33u4YHGwI8VrWtCeLDWDELO_hC7Qs
1482,副,"SECONDARY, COPY",KLC_01482,2,SUP_00044,畐,supply shack,SUP,,PRIMITIVE_OR_NONKLC,https://docs.google.com/spreadsheets/d/13rdpmsI5n0dnsb33u4YHGwI8VrWtCeLDWDELO_hC7Qs
1483,幅,WIDTH,KLC_01483,1,RAD_00050,巾,"cloth, towel, scarf",RAD,,PRIMITIVE_OR_NONKLC,https://docs.google.com/spreadsheets/d/13rdpmsI5n0dnsb33u4YHGwI8VrWtCeLDWDELO_hC7Qs
1483,幅,WIDTH,KLC_01483,2,SUP_00044,畐,supply shack,SUP,,PRIMITIVE_OR_NONKLC,https://docs.google.com/spreadsheets/d/13rdpmsI5n0dnsb33u4YHGwI8VrWtCeLDWDELO_hC7Qs
1484,福,FORTUNE,KLC_01484,1,SUP_00044,畐,supply shack,SUP,,PRIMITIVE_OR_NONKLC,https://docs.google.com/spreadsheets/d/13rdpmsI5n0dnsb33u4YHGwI8VrWtCeLDWDELO_hC7Qs
1484,福,FORTUNE,KLC_01484,2,RAD_00113,示,"spirit, sign, show",RAD,,PRIMITIVE_OR_NONKLC,https://docs.google.com/spreadsheets/d/13rdpmsI5n0dnsb33u4YHGwI8VrWtCeLDWDELO_hC7Qs
1485,祉,"BLESSEDNESS, HAPPINESS",KLC_01485,1,RAD_00113,示,"spirit, sign, show",RAD,,PRIMITIVE_OR_NONKLC,https://docs.google.com/spreadsheets/d/13rdpmsI5n0dnsb33u4YHGwI8VrWtCeLDWDELO_hC7Qs
1485,祉,"BLESSEDNESS, HAPPINESS",KLC_01485,2,RAD_00077,止,stop,RAD,,PRIMITIVE_OR_NONKLC,https://docs.google.com/spreadsheets/d/13rdpmsI5n0dnsb33u4YHGwI8VrWtCeLDWDELO_hC7Qs
1486,禍,CALAMITY,KLC_01486,1,RAD_00113,示,"spirit, sign, show",RAD,,PRIMITIVE_OR_NONKLC,https://docs.google.com/spreadsheets/d/13rdpmsI5n0dnsb33u4YHGwI8VrWtCeLDWDELO_hC7Qs
1486,禍,CALAMITY,KLC_01486,2,RAD_00013,冂,wide,RAD,,PRIMITIVE_OR_NONKLC,https://docs.google.com/spreadsheets/d/13rdpmsI5n0dnsb33u4YHGwI8VrWtCeLDWDELO_hC7Qs
1486,禍,CALAMITY,KLC_01486,3,RAD_00030,口,"mouth, *opening*",RAD,,PRIMITIVE_OR_NONKLC,https://docs.google.com/spreadsheets/d/13rdpmsI5n0dnsb33u4YHGwI8VrWtCeLDWDELO_hC7Qs
1487,渦,WHIRLPOOL,KLC_01487,1,RAD_00013,冂,wide,RAD,,PRIMITIVE_OR_NONKLC,https://docs.google.com/spreadsheets/d/13rdpmsI5n0dnsb33u4YHGwI8VrWtCeLDWDELO_hC7Qs
1487,渦,WHIRLPOOL,KLC_01487,2,RAD_00030,口,"mouth, *opening*",RAD,,PRIMITIVE_OR_NONKLC,https://docs.google.com/spreadsheets/d/13rdpmsI5n0dnsb33u4YHGwI8VrWtCeLDWDELO_hC7Qs
1487,渦,WHIRLPOOL,KLC_01487,3,RAD_00085,水,"water, *liquid*",RAD,,PRIMITIVE_OR_NONKLC,https://docs.google.com/spreadsheets/d/13rdpmsI5n0dnsb33u4YHGwI8VrWtCeLDWDELO_hC7Qs
1488,鍋,"POT, PAN",KLC_01488,1,RAD_00167,金,"metal, gold, money",RAD,,PRIMITIVE_OR_NONKLC,https://docs.google.com/spreadsheets/d/13rdpmsI5n0dnsb33u4YHGwI8VrWtCeLDWDELO_hC7Qs
1488,鍋,"POT, PAN",KLC_01488,2,RAD_00013,冂,wide,RAD,,PRIMITIVE_OR_NONKLC,https://docs.google.com/spreadsheets/d/13rdpmsI5n0dnsb33u4YHGwI8VrWtCeLDWDELO_hC7Qs
1488,鍋,"POT, PAN",KLC_01488,3,RAD_00030,口,"mouth, *opening*",RAD,,PRIMITIVE_OR_NONKLC,https://docs.google.com/spreadsheets/d/13rdpmsI5n0dnsb33u4YHGwI8VrWtCeLDWDELO_hC7Qs
1489,蘭,"ORCHID, HOLLAND",KLC_01489,1,RAD_00140,艸,"grass, vegetation",RAD,,PRIMITIVE_OR_NONKLC,https://docs.google.com/spreadsheets/d/13rdpmsI5n0dnsb33u4YHGwI8VrWtCeLDWDELO_hC7Qs
1489,蘭,"ORCHID, HOLLAND",KLC_01489,2,KLC_00032,東,EAST,KLC,32,EARLIER_OR_SAME_KLC,https://docs.google.com/spreadsheets/d/13rdpmsI5n0dnsb33u4YHGwI8VrWtCeLDWDELO_hC7Qs
1489,蘭,"ORCHID, HOLLAND",KLC_01489,3,RAD_00169,門,gate,RAD,,PRIMITIVE_OR_NONKLC,https://docs.google.com/spreadsheets/d/13rdpmsI5n0dnsb33u4YHGwI8VrWtCeLDWDELO_hC7Qs
1490,欄,COLUMN,KLC_01490,1,KLC_00032,東,EAST,KLC,32,EARLIER_OR_SAME_KLC,https://docs.google.com/spreadsheets/d/13rdpmsI5n0dnsb33u4YHGwI8VrWtCeLDWDELO_hC7Qs
1490,欄,COLUMN,KLC_01490,2,RAD_00169,門,gate,RAD,,PRIMITIVE_OR_NONKLC,https://docs.google.com/spreadsheets/d/13rdpmsI5n0dnsb33u4YHGwI8VrWtCeLDWDELO_hC7Qs
1490,欄,COLUMN,KLC_01490,3,RAD_00075,木,tree,RAD,,PRIMITIVE_OR_NONKLC,https://docs.google.com/spreadsheets/d/13rdpmsI5n0dnsb33u4YHGwI8VrWtCeLDWDELO_hC7Qs
1491,潤,MOIST,KLC_01491,1,KLC_00072,王,KING,KLC,72,EARLIER_OR_SAME_KLC,https://docs.google.com/spreadsheets/d/13rdpmsI5n0dnsb33u4YHGwI8VrWtCeLDWDELO_hC7Qs
1491,潤,MOIST,KLC_01491,2,RAD_00169,門,gate,RAD,,PRIMITIVE_OR_NONKLC,https://docs.google.com/spreadsheets/d/13rdpmsI5n0dnsb33u4YHGwI8VrWtCeLDWDELO_hC7Qs
1491,潤,MOIST,KLC_01491,3,RAD_00085,水,"water, *liquid*",RAD,,PRIMITIVE_OR_NONKLC,https://docs.google.com/spreadsheets/d/13rdpmsI5n0dnsb33u4YHGwI8VrWtCeLDWDELO_hC7Qs
1492,淵,"EDGE, ABYSS",KLC_01492,1,SUP_00045,𣶒,complete,SUP,,PRIMITIVE_OR_NONKLC,https://docs.google.com/spreadsheets/d/13rdpmsI5n0dnsb33u4YHGwI8VrWtCeLDWDELO_hC7Qs
1492,淵,"EDGE, ABYSS",KLC_01492,2,RAD_00085,水,"water, *liquid*",RAD,,PRIMITIVE_OR_NONKLC,https://docs.google.com/spreadsheets/d/13rdpmsI5n0dnsb33u4YHGwI8VrWtCeLDWDELO_hC7Qs
1493,滑,"SLIDE, SMOOTH",KLC_01493,1,RAD_00085,水,"water, *liquid*",RAD,,PRIMITIVE_OR_NONKLC,https://docs.google.com/spreadsheets/d/13rdpmsI5n0dnsb33u4YHGwI8VrWtCeLDWDELO_hC7Qs
1493,滑,"SLIDE, SMOOTH",KLC_01493,2,RAD_00188,骨,bone,RAD,,PRIMITIVE_OR_NONKLC,https://docs.google.com/spreadsheets/d/13rdpmsI5n0dnsb33u4YHGwI8VrWtCeLDWDELO_hC7Qs
1496,脅,THREATEN,KLC_01496,1,RAD_00019,力,"power, strength",RAD,,PRIMITIVE_OR_NONKLC,https://docs.google.com/spreadsheets/d/13rdpmsI5n0dnsb33u4YHGwI8VrWtCeLDWDELO_hC7Qs
1496,脅,THREATEN,KLC_01496,2,RAD_00074,月,"moon, month, *flesh*, *body part*",RAD,,PRIMITIVE_OR_NONKLC,https://docs.google.com/spreadsheets/d/13rdpmsI5n0dnsb33u4YHGwI8VrWtCeLDWDELO_hC7Qs
1497,肯,CONSENT,KLC_01497,1,RAD_00074,月,"moon, month, *flesh*, *body part*",RAD,,PRIMITIVE_OR_NONKLC,https://docs.google.com/spreadsheets/d/13rdpmsI5n0dnsb33u4YHGwI8VrWtCeLDWDELO_hC7Qs
1497,肯,CONSENT,KLC_01497,2,RAD_00077,止,stop,RAD,,PRIMITIVE_OR_NONKLC,https://docs.google.com/spreadsheets/d/13rdpmsI5n0dnsb33u4YHGwI8VrWtCeLDWDELO_hC7Qs
1498,双,PAIR,KLC_01498,1,RAD_00029,又,"again, or, *hand*",RAD,,PRIMITIVE_OR_NONKLC,https://docs.google.com/spreadsheets/d/13rdpmsI5n0dnsb33u4YHGwI8VrWtCeLDWDELO_hC7Qs
1499,江,"CREEK, BAY",KLC_01499,1,RAD_00085,水,"water, *liquid*",RAD,,PRIMITIVE_OR_NONKLC,https://docs.google.com/spreadsheets/d/13rdpmsI5n0dnsb33u4YHGwI8VrWtCeLDWDELO_hC7Qs
1500,湾,"BAY, GULF",KLC_01500,1,RAD_00085,水,"water, *liquid*",RAD,,PRIMITIVE_OR_NONKLC,https://docs.google.com/spreadsheets/d/13rdpmsI5n0dnsb33u4YHGwI8VrWtCeLDWDELO_hC7Qs
1500,湾,"BAY, GULF",KLC_01500,2,RAD_00057,弓,bow,RAD,,PRIMITIVE_OR_NONKLC,https://docs.google.com/spreadsheets/d/13rdpmsI5n0dnsb33u4YHGwI8VrWtCeLDWDELO_hC7Qs
1501,港,PORT,KLC_01501,1,KLC_00356,共,"JOINT, TOGETHER",KLC,356,EARLIER_OR_SAME_KLC,https://docs.google.com/spreadsheets/d/13rdpmsI5n0dnsb33u4YHGwI8VrWtCeLDWDELO_hC7Qs
1501,港,PORT,KLC_01501,2,RAD_00085,水,"water, *liquid*",RAD,,PRIMITIVE_OR_NONKLC,https://docs.google.com/spreadsheets/d/13rdpmsI5n0dnsb33u4YHGwI8VrWtCeLDWDELO_hC7Qs
1502,選,"SELECT, CHOOSE",KLC_01502,1,RAD_00049,己,"oneself, *roll*",RAD,,PRIMITIVE_OR_NONKLC,https://docs.google.com/spreadsheets/d/13rdpmsI5n0dnsb33u4YHGwI8VrWtCeLDWDELO_hC7Qs
1502,選,"SELECT, CHOOSE",KLC_01502,2,KLC_00356,共,"JOINT, TOGETHER",KLC,356,EARLIER_OR_SAME_KLC,https://docs.google.com/spreadsheets/d/13rdpmsI5n0dnsb33u4YHGwI8VrWtCeLDWDELO_hC7Qs
1502,選,"SELECT, CHOOSE",KLC_01502,3,RAD_00162,辵,"walk, *transport*",RAD,,PRIMITIVE_OR_NONKLC,https://docs.google.com/spreadsheets/d/13rdpmsI5n0dnsb33u4YHGwI8VrWtCeLDWDELO_hC7Qs
1503,択,SELECT,KLC_01503,1,RAD_00064,手,"hand, performer of action",RAD,,PRIMITIVE_OR_NONKLC,https://docs.google.com/spreadsheets/d/13rdpmsI5n0dnsb33u4YHGwI8VrWtCeLDWDELO_hC7Qs
1503,択,SELECT,KLC_01503,2,KLC_00337,尺,"SHAKU [length], MEASURE",KLC,337,EARLIER_OR_SAME_KLC,https://docs.google.com/spreadsheets/d/13rdpmsI5n0dnsb33u4YHGwI8VrWtCeLDWDELO_hC7Qs
1504,沢,"SWAMP, ABUNDANT",KLC_01504,1,RAD_00085,水,"water, *liquid*",RAD,,PRIMITIVE_OR_NONKLC,https://docs.google.com/spreadsheets/d/13rdpmsI5n0dnsb33u4YHGwI8VrWtCeLDWDELO_hC7Qs
1504,沢,"SWAMP, ABUNDANT",KLC_01504,2,KLC_00337,尺,"SHAKU [length], MEASURE",KLC,337,EARLIER_OR_SAME_KLC,https://docs.google.com/spreadsheets/d/13rdpmsI5n0dnsb33u4YHGwI8VrWtCeLDWDELO_hC7Qs
1505,訳,"TRANSLATE, SENSE",KLC_01505,1,RAD_00149,言,"speech, word, say",RAD,,PRIMITIVE_OR_NONKLC,https://docs.google.com/spreadsheets/d/13rdpmsI5n0dnsb33u4YHGwI8VrWtCeLDWDELO_hC7Qs
1505,訳,"TRANSLATE, SENSE",KLC_01505,2,KLC_00337,尺,"SHAKU [length], MEASURE",KLC,337,EARLIER_OR_SAME_KLC,https://docs.google.com/spreadsheets/d/13rdpmsI5n0dnsb33u4YHGwI8VrWtCeLDWDELO_hC7Qs
1506,釈,"ELUCIDATE, RELEASE",KLC_01506,1,RAD_00165,釆,distinguish,RAD,,PRIMITIVE_OR_NONKLC,https://docs.google.com/spreadsheets/d/13rdpmsI5n0dnsb33u4YHGwI8VrWtCeLDWDELO_hC7Qs
1506,釈,"ELUCIDATE, RELEASE",KLC_01506,2,KLC_00337,尺,"SHAKU [length], MEASURE",KLC,337,EARLIER_OR_SAME_KLC,https://docs.google.com/spreadsheets/d/13rdpmsI5n0dnsb33u4YHGwI8VrWtCeLDWDELO_hC7Qs
1507,敷,"LAY, SPREAD",KLC_01507,1,RAD_00009,人,"person, *roof*",RAD,,PRIMITIVE_OR_NONKLC,https://docs.google.com/spreadsheets/d/13rdpmsI5n0dnsb33u4YHGwI8VrWtCeLDWDELO_hC7Qs
1507,敷,"LAY, SPREAD",KLC_01507,2,RAD_00066,攴,"hit, strike, *action*",RAD,,PRIMITIVE_OR_NONKLC,https://docs.google.com/spreadsheets/d/13rdpmsI5n0dnsb33u4YHGwI8VrWtCeLDWDELO_hC7Qs
1508,傲,"ARROGANT, PROUD",KLC_01508,1,RAD_00009,人,"person, *roof*",RAD,,PRIMITIVE_OR_NONKLC,https://docs.google.com/spreadsheets/d/13rdpmsI5n0dnsb33u4YHGwI8VrWtCeLDWDELO_hC7Qs
1508,傲,"ARROGANT, PROUD",KLC_01508,2,RAD_00066,攴,"hit, strike, *action*",RAD,,PRIMITIVE_OR_NONKLC,https://docs.google.com/spreadsheets/d/13rdpmsI5n0dnsb33u4YHGwI8VrWtCeLDWDELO_hC7Qs
1508,傲,"ARROGANT, PROUD",KLC_01508,3,RAD_00032,土,"soil, earth",RAD,,PRIMITIVE_OR_NONKLC,https://docs.google.com/spreadsheets/d/13rdpmsI5n0dnsb33u4YHGwI8VrWtCeLDWDELO_hC7Qs
1508,傲,"ARROGANT, PROUD",KLC_01508,4,RAD_00070,方,"direction, person, square",RAD,,PRIMITIVE_OR_NONKLC,https://docs.google.com/spreadsheets/d/13rdpmsI5n0dnsb33u4YHGwI8VrWtCeLDWDELO_hC7Qs
1509,贅,LUXURY,KLC_01509,1,RAD_00154,貝,"shellfish, money, wealth",RAD,,PRIMITIVE_OR_NONKLC,https://docs.google.com/spreadsheets/d/13rdpmsI5n0dnsb33u4YHGwI8VrWtCeLDWDELO_hC7Qs
1509,贅,LUXURY,KLC_01509,2,KLC_01508,傲,"ARROGANT, PROUD",KLC,1508,EARLIER_OR_SAME_KLC,https://docs.google.com/spreadsheets/d/13rdpmsI5n0dnsb33u4YHGwI8VrWtCeLDWDELO_hC7Qs
1510,審,"EXAMINE CAREFULLY, TRY",KLC_01510,1,RAD_00040,宀,roof,RAD,,PRIMITIVE_OR_NONKLC,https://docs.google.com/spreadsheets/d/13rdpmsI5n0dnsb33u4YHGwI8VrWtCeLDWDELO_hC7Qs
1510,審,"EXAMINE CAREFULLY, TRY",KLC_01510,2,KLC_00299,番,"NUMERICAL ORDER, WATCH [over]",KLC,299,EARLIER_OR_SAME_KLC,https://docs.google.com/spreadsheets/d/13rdpmsI5n0dnsb33u4YHGwI8VrWtCeLDWDELO_hC7Qs
1511,藩,FEUDAL DOMAIN,KLC_01511,1,RAD_00140,艸,"grass, vegetation",RAD,,PRIMITIVE_OR_NONKLC,https://docs.google.com/spreadsheets/d/13rdpmsI5n0dnsb33u4YHGwI8VrWtCeLDWDELO_hC7Qs
1511,藩,FEUDAL DOMAIN,KLC_01511,2,RAD_00085,水,"water, *liquid*",RAD,,PRIMITIVE_OR_NONKLC,https://docs.google.com/spreadsheets/d/13rdpmsI5n0dnsb33u4YHGwI8VrWtCeLDWDELO_hC7Qs
1511,藩,FEUDAL DOMAIN,KLC_01511,3,KLC_00299,番,"NUMERICAL ORDER, WATCH [over]",KLC,299,EARLIER_OR_SAME_KLC,https://docs.google.com/spreadsheets/d/13rdpmsI5n0dnsb33u4YHGwI8VrWtCeLDWDELO_hC7Qs
1512,翻,"TURN OVER, CHANGE",KLC_01512,1,KLC_00299,番,"NUMERICAL ORDER, WATCH [over]",KLC,299,EARLIER_OR_SAME_KLC,https://docs.google.com/spreadsheets/d/13rdpmsI5n0dnsb33u4YHGwI8VrWtCeLDWDELO_hC7Qs
1512,翻,"TURN OVER, CHANGE",KLC_01512,2,RAD_00124,羽,"feather, wing",RAD,,PRIMITIVE_OR_NONKLC,https://docs.google.com/spreadsheets/d/13rdpmsI5n0dnsb33u4YHGwI8VrWtCeLDWDELO_hC7Qs
1513,翔,SOAR,KLC_01513,1,RAD_00124,羽,"feather, wing",RAD,,PRIMITIVE_OR_NONKLC,https://docs.google.com/spreadsheets/d/13rdpmsI5n0dnsb33u4YHGwI8VrWtCeLDWDELO_hC7Qs
1513,翔,SOAR,KLC_01513,2,RAD_00123,羊,sheep,RAD,,PRIMITIVE_OR_NONKLC,https://docs.google.com/spreadsheets/d/13rdpmsI5n0dnsb33u4YHGwI8VrWtCeLDWDELO_hC7Qs
1514,査,"LOOK INTO, INSPECT",KLC_01514,1,KLC_00263,且,"AS WELL AS, MOREOVER, *ladder*",KLC,263,EARLIER_OR_SAME_KLC,https://docs.google.com/spreadsheets/d/13rdpmsI5n0dnsb33u4YHGwI8VrWtCeLDWDELO_hC7Qs
1514,査,"LOOK INTO, INSPECT",KLC_01514,2,RAD_00075,木,tree,RAD,,PRIMITIVE_OR_NONKLC,https://docs.google.com/spreadsheets/d/13rdpmsI5n0dnsb33u4YHGwI8VrWtCeLDWDELO_hC7Qs
1515,租,LAND TAX,KLC_01515,1,RAD_00115,禾,grain,RAD,,PRIMITIVE_OR_NONKLC,https://docs.google.com/spreadsheets/d/13rdpmsI5n0dnsb33u4YHGwI8VrWtCeLDWDELO_hC7Qs
1515,租,LAND TAX,KLC_01515,2,KLC_00263,且,"AS WELL AS, MOREOVER, *ladder*",KLC,263,EARLIER_OR_SAME_KLC,https://docs.google.com/spreadsheets/d/13rdpmsI5n0dnsb33u4YHGwI8VrWtCeLDWDELO_hC7Qs
1516,粗,COARSE,KLC_01516,1,KLC_01515,租,LAND TAX,KLC,1515,EARLIER_OR_SAME_KLC,https://docs.google.com/spreadsheets/d/13rdpmsI5n0dnsb33u4YHGwI8VrWtCeLDWDELO_hC7Qs
1517,阻,"OBSTRUCT, SEPARATE FROM",KLC_01517,1,KLC_00263,且,"AS WELL AS, MOREOVER, *ladder*",KLC,263,EARLIER_OR_SAME_KLC,https://docs.google.com/spreadsheets/d/13rdpmsI5n0dnsb33u4YHGwI8VrWtCeLDWDELO_hC7Qs
1517,阻,"OBSTRUCT, SEPARATE FROM",KLC_01517,2,RAD_00170,阜,hill [left of kanji],RAD,,PRIMITIVE_OR_NONKLC,https://docs.google.com/spreadsheets/d/13rdpmsI5n0dnsb33u4YHGwI8VrWtCeLDWDELO_hC7Qs
1518,狙,AIM AT,KLC_01518,1,RAD_00094,犬,"dog, small animal",RAD,,PRIMITIVE_OR_NONKLC,https://docs.google.com/spreadsheets/d/13rdpmsI5n0dnsb33u4YHGwI8VrWtCeLDWDELO_hC7Qs
1518,狙,AIM AT,KLC_01518,2,KLC_00263,且,"AS WELL AS, MOREOVER, *ladder*",KLC,263,EARLIER_OR_SAME_KLC,https://docs.google.com/spreadsheets/d/13rdpmsI5n0dnsb33u4YHGwI8VrWtCeLDWDELO_hC7Qs
1519,宜,"RIGHT, SUITABLE",KLC_01519,1,KLC_00263,且,"AS WELL AS, MOREOVER, *ladder*",KLC,263,EARLIER_OR_SAME_KLC,https://docs.google.com/spreadsheets/d/13rdpmsI5n0dnsb33u4YHGwI8VrWtCeLDWDELO_hC7Qs
1519,宜,"RIGHT, SUITABLE",KLC_01519,2,RAD_00040,宀,roof,RAD,,PRIMITIVE_OR_NONKLC,https://docs.google.com/spreadsheets/d/13rdpmsI5n0dnsb33u4YHGwI8VrWtCeLDWDELO_hC7Qs
1520,畳,"TATAMI MAT, FOLD UP",KLC_01520,1,KLC_00263,且,"AS WELL AS, MOREOVER, *ladder*",KLC,263,EARLIER_OR_SAME_KLC,https://docs.google.com/spreadsheets/d/13rdpmsI5n0dnsb33u4YHGwI8VrWtCeLDWDELO_hC7Qs
1524,柄,"CHARACTER, STATUS, HANDLE",KLC_01524,1,RAD_00075,木,tree,RAD,,PRIMITIVE_OR_NONKLC,https://docs.google.com/spreadsheets/d/13rdpmsI5n0dnsb33u4YHGwI8VrWtCeLDWDELO_hC7Qs
1524,柄,"CHARACTER, STATUS, HANDLE",KLC_01524,2,KLC_00215,内,INSIDE,KLC,215,EARLIER_OR_SAME_KLC,https://docs.google.com/spreadsheets/d/13rdpmsI5n0dnsb33u4YHGwI8VrWtCeLDWDELO_hC7Qs
1525,押,"PUSH, PRESS DOWN",KLC_01525,1,RAD_00064,手,"hand, performer of action",RAD,,PRIMITIVE_OR_NONKLC,https://docs.google.com/spreadsheets/d/13rdpmsI5n0dnsb33u4YHGwI8VrWtCeLDWDELO_hC7Qs
1525,押,"PUSH, PRESS DOWN",KLC_01525,2,KLC_01521,甲,"SHELL, FIRST IN A SERIES",KLC,1521,EARLIER_OR_SAME_KLC,https://docs.google.com/spreadsheets/d/13rdpmsI5n0dnsb33u4YHGwI8VrWtCeLDWDELO_hC7Qs
1526,抽,"DRAW OUT, PULL",KLC_01526,1,KLC_01525,押,"PUSH, PRESS DOWN",KLC,1525,EARLIER_OR_SAME_KLC,https://docs.google.com/spreadsheets/d/13rdpmsI5n0dnsb33u4YHGwI8VrWtCeLDWDELO_hC7Qs
1527,捜,LOOK FOR,KLC_01527,1,KLC_00315,申,"REPORT, SPEAK HUMBLY, SIGN OF THE MONKEY",KLC,315,EARLIER_OR_SAME_KLC,https://docs.google.com/spreadsheets/d/13rdpmsI5n0dnsb33u4YHGwI8VrWtCeLDWDELO_hC7Qs
1527,捜,LOOK FOR,KLC_01527,2,RAD_00029,又,"again, or, *hand*",RAD,,PRIMITIVE_OR_NONKLC,https://docs.google.com/spreadsheets/d/13rdpmsI5n0dnsb33u4YHGwI8VrWtCeLDWDELO_hC7Qs
1527,捜,LOOK FOR,KLC_01527,3,RAD_00064,手,"hand, performer of action",RAD,,PRIMITIVE_OR_NONKLC,https://docs.google.com/spreadsheets/d/13rdpmsI5n0dnsb33u4YHGwI8VrWtCeLDWDELO_hC7Qs
1528,届,"DELIVER, REACH",KLC_01528,1,RAD_00063,戸,door,RAD,,PRIMITIVE_OR_NONKLC,https://docs.google.com/spreadsheets/d/13rdpmsI5n0dnsb33u4YHGwI8VrWtCeLDWDELO_hC7Qs
1529,宙,"SPACE, MIDAIR",KLC_01529,1,KLC_00432,由,REASON [cause],KLC,432,EARLIER_OR_SAME_KLC,https://docs.google.com/spreadsheets/d/13rdpmsI5n0dnsb33u4YHGwI8VrWtCeLDWDELO_hC7Qs
1529,宙,"SPACE, MIDAIR",KLC_01529,2,RAD_00040,宀,roof,RAD,,PRIMITIVE_OR_NONKLC,https://docs.google.com/spreadsheets/d/13rdpmsI5n0dnsb33u4YHGwI8VrWtCeLDWDELO_hC7Qs
1530,笛,"FLUTE, WHISTLE",KLC_01530,1,RAD_00118,竹,"bamboo, counting",RAD,,PRIMITIVE_OR_NONKLC,https://docs.google.com/spreadsheets/d/13rdpmsI5n0dnsb33u4YHGwI8VrWtCeLDWDELO_hC7Qs
1531,袖,SLEEVE,KLC_01531,1,RAD_00145,衣,"clothes, garment",RAD,,PRIMITIVE_OR_NONKLC,https://docs.google.com/spreadsheets/d/13rdpmsI5n0dnsb33u4YHGwI8VrWtCeLDWDELO_hC7Qs
1532,襟,COLLAR,KLC_01532,1,RAD_00145,衣,"clothes, garment",RAD,,PRIMITIVE_OR_NONKLC,https://docs.google.com/spreadsheets/d/13rdpmsI5n0dnsb33u4YHGwI8VrWtCeLDWDELO_hC7Qs
1532,襟,COLLAR,KLC_01532,2,KLC_00312,禁,PROHIBIT,KLC,312,EARLIER_OR_SAME_KLC,https://docs.google.com/spreadsheets/d/13rdpmsI5n0dnsb33u4YHGwI8VrWtCeLDWDELO_hC7Qs
1533,衿,COLLAR,KLC_01533,1,RAD_00145,衣,"clothes, garment",RAD,,PRIMITIVE_OR_NONKLC,https://docs.google.com/spreadsheets/d/13rdpmsI5n0dnsb33u4YHGwI8VrWtCeLDWDELO_hC7Qs
1533,衿,COLLAR,KLC_01533,2,KLC_00228,今,"PRESENT, NOW, THIS",KLC,228,EARLIER_OR_SAME_KLC,https://docs.google.com/spreadsheets/d/13rdpmsI5n0dnsb33u4YHGwI8VrWtCeLDWDELO_hC7Qs
1534,裾,CUFF,KLC_01534,1,RAD_00145,衣,"clothes, garment",RAD,,PRIMITIVE_OR_NONKLC,https://docs.google.com/spreadsheets/d/13rdpmsI5n0dnsb33u4YHGwI8VrWtCeLDWDELO_hC7Qs
1534,裾,CUFF,KLC_01534,2,KLC_00255,居,"BE PRESENT, RESIDE",KLC,255,EARLIER_OR_SAME_KLC,https://docs.google.com/spreadsheets/d/13rdpmsI5n0dnsb33u4YHGwI8VrWtCeLDWDELO_hC7Qs
1535,据,"SET UP, INSTALL",KLC_01535,1,RAD_00064,手,"hand, performer of action",RAD,,PRIMITIVE_OR_NONKLC,https://docs.google.com/spreadsheets/d/13rdpmsI5n0dnsb33u4YHGwI8VrWtCeLDWDELO_hC7Qs
1535,据,"SET UP, INSTALL",KLC_01535,2,KLC_00255,居,"BE PRESENT, RESIDE",KLC,255,EARLIER_OR_SAME_KLC,https://docs.google.com/spreadsheets/d/13rdpmsI5n0dnsb33u4YHGwI8VrWtCeLDWDELO_hC7Qs
1536,握,"GRASP, SEIZE",KLC_01536,1,RAD_00064,手,"hand, performer of action",RAD,,PRIMITIVE_OR_NONKLC,https://docs.google.com/spreadsheets/d/13rdpmsI5n0dnsb33u4YHGwI8VrWtCeLDWDELO_hC7Qs
1536,握,"GRASP, SEIZE",KLC_01536,2,KLC_00252,屋,"HOUSE, SMALL SHOP",KLC,252,EARLIER_OR_SAME_KLC,https://docs.google.com/spreadsheets/d/13rdpmsI5n0dnsb33u4YHGwI8VrWtCeLDWDELO_hC7Qs
1537,揃,"BE COMPLETE, UNIFORM",KLC_01537,1,RAD_00064,手,"hand, performer of action",RAD,,PRIMITIVE_OR_NONKLC,https://docs.google.com/spreadsheets/d/13rdpmsI5n0dnsb33u4YHGwI8VrWtCeLDWDELO_hC7Qs
1537,揃,"BE COMPLETE, UNIFORM",KLC_01537,2,KLC_00113,前,"BEFORE, AHEAD",KLC,113,EARLIER_OR_SAME_KLC,https://docs.google.com/spreadsheets/d/13rdpmsI5n0dnsb33u4YHGwI8VrWtCeLDWDELO_hC7Qs
1538,撫,"STROKE, SOOTHE",KLC_01538,1,RAD_00064,手,"hand, performer of action",RAD,,PRIMITIVE_OR_NONKLC,https://docs.google.com/spreadsheets/d/13rdpmsI5n0dnsb33u4YHGwI8VrWtCeLDWDELO_hC7Qs
1538,撫,"STROKE, SOOTHE",KLC_01538,2,KLC_00048,無,"WITHOUT, NOTHING",KLC,48,EARLIER_OR_SAME_KLC,https://docs.google.com/spreadsheets/d/13rdpmsI5n0dnsb33u4YHGwI8VrWtCeLDWDELO_hC7Qs
1539,託,ENTRUST,KLC_01539,1,RAD_00149,言,"speech, word, say",RAD,,PRIMITIVE_OR_NONKLC,https://docs.google.com/spreadsheets/d/13rdpmsI5n0dnsb33u4YHGwI8VrWtCeLDWDELO_hC7Qs
1540,宅,HOME,KLC_01540,1,RAD_00040,宀,roof,RAD,,PRIMITIVE_OR_NONKLC,https://docs.google.com/spreadsheets/d/13rdpmsI5n0dnsb33u4YHGwI8VrWtCeLDWDELO_hC7Qs
1541,詫,APOLOGIZE,KLC_01541,1,RAD_00149,言,"speech, word, say",RAD,,PRIMITIVE_OR_NONKLC,https://docs.google.com/spreadsheets/d/13rdpmsI5n0dnsb33u4YHGwI8VrWtCeLDWDELO_hC7Qs
1541,詫,APOLOGIZE,KLC_01541,2,KLC_01540,宅,HOME,KLC,1540,EARLIER_OR_SAME_KLC,https://docs.google.com/spreadsheets/d/13rdpmsI5n0dnsb33u4YHGwI8VrWtCeLDWDELO_hC7Qs
1542,宇,UNIVERSE,KLC_01542,1,RAD_00040,宀,roof,RAD,,PRIMITIVE_OR_NONKLC,https://docs.google.com/spreadsheets/d/13rdpmsI5n0dnsb33u4YHGwI8VrWtCeLDWDELO_hC7Qs
1543,芋,POTATO,KLC_01543,1,RAD_00140,艸,"grass, vegetation",RAD,,PRIMITIVE_OR_NONKLC,https://docs.google.com/spreadsheets/d/13rdpmsI5n0dnsb33u4YHGwI8VrWtCeLDWDELO_hC7Qs
1544,寿,"LONGEVITY, CONGRATULATIONS",KLC_01544,1,RAD_00041,寸,"measurement, tenth of shaku, a bit of",RAD,,PRIMITIVE_OR_NONKLC,https://docs.google.com/spreadsheets/d/13rdpmsI5n0dnsb33u4YHGwI8VrWtCeLDWDELO_hC7Qs
1545,鋳,CAST [metal],KLC_01545,1,KLC_01544,寿,"LONGEVITY, CONGRATULATIONS",KLC,1544,EARLIER_OR_SAME_KLC,https://docs.google.com/spreadsheets/d/13rdpmsI5n0dnsb33u4YHGwI8VrWtCeLDWDELO_hC7Qs
1545,鋳,CAST [metal],KLC_01545,2,RAD_00167,金,"metal, gold, money",RAD,,PRIMITIVE_OR_NONKLC,https://docs.google.com/spreadsheets/d/13rdpmsI5n0dnsb33u4YHGwI8VrWtCeLDWDELO_hC7Qs
1546,銘,INSCRIPTION,KLC_01546,1,KLC_00269,名,"NAME, FAME",KLC,269,EARLIER_OR_SAME_KLC,https://docs.google.com/spreadsheets/d/13rdpmsI5n0dnsb33u4YHGwI8VrWtCeLDWDELO_hC7Qs
1546,銘,INSCRIPTION,KLC_01546,2,RAD_00167,金,"metal, gold, money",RAD,,PRIMITIVE_OR_NONKLC,https://docs.google.com/spreadsheets/d/13rdpmsI5n0dnsb33u4YHGwI8VrWtCeLDWDELO_hC7Qs
1547,鏡,"MIRROR, OPTICAL INSTRUMENT",KLC_01547,1,RAD_00117,立,stand,RAD,,PRIMITIVE_OR_NONKLC,https://docs.google.com/spreadsheets/d/13rdpmsI5n0dnsb33u4YHGwI8VrWtCeLDWDELO_hC7Qs
1547,鏡,"MIRROR, OPTICAL INSTRUMENT",KLC_01547,2,RAD_00147,見,see,RAD,,PRIMITIVE_OR_NONKLC,https://docs.google.com/spreadsheets/d/13rdpmsI5n0dnsb33u4YHGwI8VrWtCeLDWDELO_hC7Qs
1547,鏡,"MIRROR, OPTICAL INSTRUMENT",KLC_01547,3,RAD_00167,金,"metal, gold, money",RAD,,PRIMITIVE_OR_NONKLC,https://docs.google.com/spreadsheets/d/13rdpmsI5n0dnsb33u4YHGwI8VrWtCeLDWDELO_hC7Qs
1548,境,"BOUNDARY, SITUATION",KLC_01548,1,RAD_00117,立,stand,RAD,,PRIMITIVE_OR_NONKLC,https://docs.google.com/spreadsheets/d/13rdpmsI5n0dnsb33u4YHGwI8VrWtCeLDWDELO_hC7Qs
1548,境,"BOUNDARY, SITUATION",KLC_01548,2,RAD_00147,見,see,RAD,,PRIMITIVE_OR_NONKLC,https://docs.google.com/spreadsheets/d/13rdpmsI5n0dnsb33u4YHGwI8VrWtCeLDWDELO_hC7Qs
1548,境,"BOUNDARY, SITUATION",KLC_01548,3,RAD_00032,土,"soil, earth",RAD,,PRIMITIVE_OR_NONKLC,https://docs.google.com/spreadsheets/d/13rdpmsI5n0dnsb33u4YHGwI8VrWtCeLDWDELO_hC7Qs
1549,環,"RING, SURROUND",KLC_01549,1,RAD_00096,玉,"jewel, spherical object",RAD,,PRIMITIVE_OR_NONKLC,https://docs.google.com/spreadsheets/d/13rdpmsI5n0dnsb33u4YHGwI8VrWtCeLDWDELO_hC7Qs
1549,環,"RING, SURROUND",KLC_01549,2,RAD_00145,衣,"clothes, garment",RAD,,PRIMITIVE_OR_NONKLC,https://docs.google.com/spreadsheets/d/13rdpmsI5n0dnsb33u4YHGwI8VrWtCeLDWDELO_hC7Qs
1549,環,"RING, SURROUND",KLC_01549,3,RAD_00122,网,"net, *law*",RAD,,PRIMITIVE_OR_NONKLC,https://docs.google.com/spreadsheets/d/13rdpmsI5n0dnsb33u4YHGwI8VrWtCeLDWDELO_hC7Qs
1550,還,RETURN,KLC_01550,1,RAD_00162,辵,"walk, *transport*",RAD,,PRIMITIVE_OR_NONKLC,https://docs.google.com/spreadsheets/d/13rdpmsI5n0dnsb33u4YHGwI8VrWtCeLDWDELO_hC7Qs
1550,還,RETURN,KLC_01550,2,KLC_01549,環,"RING, SURROUND",KLC,1549,EARLIER_OR_SAME_KLC,https://docs.google.com/spreadsheets/d/13rdpmsI5n0dnsb33u4YHGwI8VrWtCeLDWDELO_hC7Qs
1551,盾,SHIELD,KLC_01551,1,RAD_00053,广,"dotted cliff, *shelter*",RAD,,PRIMITIVE_OR_NONKLC,https://docs.google.com/spreadsheets/d/13rdpmsI5n0dnsb33u4YHGwI8VrWtCeLDWDELO_hC7Qs
1552,循,CIRCULATE,KLC_01552,1,KLC_01551,盾,SHIELD,KLC,1551,EARLIER_OR_SAME_KLC,https://docs.google.com/spreadsheets/d/13rdpmsI5n0dnsb33u4YHGwI8VrWtCeLDWDELO_hC7Qs
1552,循,CIRCULATE,KLC_01552,2,RAD_00060,彳,"linger, stop, go",RAD,,PRIMITIVE_OR_NONKLC,https://docs.google.com/spreadsheets/d/13rdpmsI5n0dnsb33u4YHGwI8VrWtCeLDWDELO_hC7Qs
1553,巡,"PATROL, GO AROUND",KLC_01553,1,RAD_00162,辵,"walk, *transport*",RAD,,PRIMITIVE_OR_NONKLC,https://docs.google.com/spreadsheets/d/13rdpmsI5n0dnsb33u4YHGwI8VrWtCeLDWDELO_hC7Qs
1554,這,CRAWL,KLC_01554,1,RAD_00162,辵,"walk, *transport*",RAD,,PRIMITIVE_OR_NONKLC,https://docs.google.com/spreadsheets/d/13rdpmsI5n0dnsb33u4YHGwI8VrWtCeLDWDELO_hC7Qs
1554,這,CRAWL,KLC_01554,2,RAD_00149,言,"speech, word, say",RAD,,PRIMITIVE_OR_NONKLC,https://docs.google.com/spreadsheets/d/13rdpmsI5n0dnsb33u4YHGwI8VrWtCeLDWDELO_hC7Qs
1555,逓,"RELAY, SEND",KLC_01555,1,RAD_00162,辵,"walk, *transport*",RAD,,PRIMITIVE_OR_NONKLC,https://docs.google.com/spreadsheets/d/13rdpmsI5n0dnsb33u4YHGwI8VrWtCeLDWDELO_hC7Qs
1556,息,BREATH,KLC_01556,1,RAD_00061,心,"heart, mind, spirit",RAD,,PRIMITIVE_OR_NONKLC,https://docs.google.com/spreadsheets/d/13rdpmsI5n0dnsb33u4YHGwI8VrWtCeLDWDELO_hC7Qs
1556,息,BREATH,KLC_01556,2,RAD_00132,自,self,RAD,,PRIMITIVE_OR_NONKLC,https://docs.google.com/spreadsheets/d/13rdpmsI5n0dnsb33u4YHGwI8VrWtCeLDWDELO_hC7Qs
1557,憩,TAKE A REST,KLC_01557,1,KLC_01556,息,BREATH,KLC,1556,EARLIER_OR_SAME_KLC,https://docs.google.com/spreadsheets/d/13rdpmsI5n0dnsb33u4YHGwI8VrWtCeLDWDELO_hC7Qs
1557,憩,TAKE A REST,KLC_01557,2,RAD_00135,舌,tongue,RAD,,PRIMITIVE_OR_NONKLC,https://docs.google.com/spreadsheets/d/13rdpmsI5n0dnsb33u4YHGwI8VrWtCeLDWDELO_hC7Qs
1559,孔,HOLE,KLC_01559,1,RAD_00039,子,child,RAD,,PRIMITIVE_OR_NONKLC,https://docs.google.com/spreadsheets/d/13rdpmsI5n0dnsb33u4YHGwI8VrWtCeLDWDELO_hC7Qs
1559,孔,HOLE,KLC_01559,2,RAD_00006,亅,"hook, barb",RAD,,PRIMITIVE_OR_NONKLC,https://docs.google.com/spreadsheets/d/13rdpmsI5n0dnsb33u4YHGwI8VrWtCeLDWDELO_hC7Qs
1560,臭,BAD SMELL,KLC_01560,1,RAD_00037,大,"big, university",RAD,,PRIMITIVE_OR_NONKLC,https://docs.google.com/spreadsheets/d/13rdpmsI5n0dnsb33u4YHGwI8VrWtCeLDWDELO_hC7Qs
1560,臭,BAD SMELL,KLC_01560,2,RAD_00132,自,self,RAD,,PRIMITIVE_OR_NONKLC,https://docs.google.com/spreadsheets/d/13rdpmsI5n0dnsb33u4YHGwI8VrWtCeLDWDELO_hC7Qs
1561,嗅,"SMELL, SNIFF",KLC_01561,1,KLC_01560,臭,BAD SMELL,KLC,1560,EARLIER_OR_SAME_KLC,https://docs.google.com/spreadsheets/d/13rdpmsI5n0dnsb33u4YHGwI8VrWtCeLDWDELO_hC7Qs
1561,嗅,"SMELL, SNIFF",KLC_01561,2,RAD_00030,口,"mouth, *opening*",RAD,,PRIMITIVE_OR_NONKLC,https://docs.google.com/spreadsheets/d/13rdpmsI5n0dnsb33u4YHGwI8VrWtCeLDWDELO_hC7Qs
1562,奥,"INTERIOR, HEART",KLC_01562,1,RAD_00119,米,rice,RAD,,PRIMITIVE_OR_NONKLC,https://docs.google.com/spreadsheets/d/13rdpmsI5n0dnsb33u4YHGwI8VrWtCeLDWDELO_hC7Qs
1563,尖,POINTY,KLC_01563,1,RAD_00037,大,"big, university",RAD,,PRIMITIVE_OR_NONKLC,https://docs.google.com/spreadsheets/d/13rdpmsI5n0dnsb33u4YHGwI8VrWtCeLDWDELO_hC7Qs
1563,尖,POINTY,KLC_01563,2,RAD_00042,小,small,RAD,,PRIMITIVE_OR_NONKLC,https://docs.google.com/spreadsheets/d/13rdpmsI5n0dnsb33u4YHGwI8VrWtCeLDWDELO_hC7Qs
1564,突,"THRUST, STAB",KLC_01564,1,RAD_00116,穴,"cave, hole",RAD,,PRIMITIVE_OR_NONKLC,https://docs.google.com/spreadsheets/d/13rdpmsI5n0dnsb33u4YHGwI8VrWtCeLDWDELO_hC7Qs
1565,窒,"OBSTRUCT, NITROGEN",KLC_01565,1,RAD_00133,至,"arrive, utmost",RAD,,PRIMITIVE_OR_NONKLC,https://docs.google.com/spreadsheets/d/13rdpmsI5n0dnsb33u4YHGwI8VrWtCeLDWDELO_hC7Qs
1565,窒,"OBSTRUCT, NITROGEN",KLC_01565,2,RAD_00116,穴,"cave, hole",RAD,,PRIMITIVE_OR_NONKLC,https://docs.google.com/spreadsheets/d/13rdpmsI5n0dnsb33u4YHGwI8VrWtCeLDWDELO_hC7Qs
1566,窃,STEAL,KLC_01566,1,RAD_00018,刀,"knife, sword, *cut*",RAD,,PRIMITIVE_OR_NONKLC,https://docs.google.com/spreadsheets/d/13rdpmsI5n0dnsb33u4YHGwI8VrWtCeLDWDELO_hC7Qs
1566,窃,STEAL,KLC_01566,2,RAD_00116,穴,"cave, hole",RAD,,PRIMITIVE_OR_NONKLC,https://docs.google.com/spreadsheets/d/13rdpmsI5n0dnsb33u4YHGwI8VrWtCeLDWDELO_hC7Qs
1567,衝,COLLIDE,KLC_01567,1,KLC_00539,重,HEAVY,KLC,539,EARLIER_OR_SAME_KLC,https://docs.google.com/spreadsheets/d/13rdpmsI5n0dnsb33u4YHGwI8VrWtCeLDWDELO_hC7Qs
1567,衝,COLLIDE,KLC_01567,2,RAD_00060,彳,"linger, stop, go",RAD,,PRIMITIVE_OR_NONKLC,https://docs.google.com/spreadsheets/d/13rdpmsI5n0dnsb33u4YHGwI8VrWtCeLDWDELO_hC7Qs
1568,契,PLEDGE,KLC_01568,1,RAD_00037,大,"big, university",RAD,,PRIMITIVE_OR_NONKLC,https://docs.google.com/spreadsheets/d/13rdpmsI5n0dnsb33u4YHGwI8VrWtCeLDWDELO_hC7Qs
1568,契,PLEDGE,KLC_01568,2,RAD_00018,刀,"knife, sword, *cut*",RAD,,PRIMITIVE_OR_NONKLC,https://docs.google.com/spreadsheets/d/13rdpmsI5n0dnsb33u4YHGwI8VrWtCeLDWDELO_hC7Qs
1568,契,PLEDGE,KLC_01568,3,KLC_00072,王,KING,KLC,72,EARLIER_OR_SAME_KLC,https://docs.google.com/spreadsheets/d/13rdpmsI5n0dnsb33u4YHGwI8VrWtCeLDWDELO_hC7Qs
1569,喫,INGEST,KLC_01569,1,KLC_01568,契,PLEDGE,KLC,1568,EARLIER_OR_SAME_KLC,https://docs.google.com/spreadsheets/d/13rdpmsI5n0dnsb33u4YHGwI8VrWtCeLDWDELO_hC7Qs
1569,喫,INGEST,KLC_01569,2,RAD_00030,口,"mouth, *opening*",RAD,,PRIMITIVE_OR_NONKLC,https://docs.google.com/spreadsheets/d/13rdpmsI5n0dnsb33u4YHGwI8VrWtCeLDWDELO_hC7Qs
1570,潔,IMMACULATE,KLC_01570,1,RAD_00100,生,"life, student, *growing plant*",RAD,,PRIMITIVE_OR_NONKLC,https://docs.google.com/spreadsheets/d/13rdpmsI5n0dnsb33u4YHGwI8VrWtCeLDWDELO_hC7Qs
1570,潔,IMMACULATE,KLC_01570,2,RAD_00018,刀,"knife, sword, *cut*",RAD,,PRIMITIVE_OR_NONKLC,https://docs.google.com/spreadsheets/d/13rdpmsI5n0dnsb33u4YHGwI8VrWtCeLDWDELO_hC7Qs
1570,潔,IMMACULATE,KLC_01570,3,RAD_00085,水,"water, *liquid*",RAD,,PRIMITIVE_OR_NONKLC,https://docs.google.com/spreadsheets/d/13rdpmsI5n0dnsb33u4YHGwI8VrWtCeLDWDELO_hC7Qs
1570,潔,IMMACULATE,KLC_01570,4,RAD_00120,糸,"thread, silk",RAD,,PRIMITIVE_OR_NONKLC,https://docs.google.com/spreadsheets/d/13rdpmsI5n0dnsb33u4YHGwI8VrWtCeLDWDELO_hC7Qs
1571,侮,"INSULT, DESPISE",KLC_01571,1,KLC_00105,毎,"EVERY, EACH",KLC,105,EARLIER_OR_SAME_KLC,https://docs.google.com/spreadsheets/d/13rdpmsI5n0dnsb33u4YHGwI8VrWtCeLDWDELO_hC7Qs
1571,侮,"INSULT, DESPISE",KLC_01571,2,RAD_00009,人,"person, *roof*",RAD,,PRIMITIVE_OR_NONKLC,https://docs.google.com/spreadsheets/d/13rdpmsI5n0dnsb33u4YHGwI8VrWtCeLDWDELO_hC7Qs
1572,梅,JAPANESE APRICOT,KLC_01572,1,RAD_00075,木,tree,RAD,,PRIMITIVE_OR_NONKLC,https://docs.google.com/spreadsheets/d/13rdpmsI5n0dnsb33u4YHGwI8VrWtCeLDWDELO_hC7Qs
1572,梅,JAPANESE APRICOT,KLC_01572,2,KLC_00105,毎,"EVERY, EACH",KLC,105,EARLIER_OR_SAME_KLC,https://docs.google.com/spreadsheets/d/13rdpmsI5n0dnsb33u4YHGwI8VrWtCeLDWDELO_hC7Qs
1573,悔,"REPENT, REGRET",KLC_01573,1,KLC_00105,毎,"EVERY, EACH",KLC,105,EARLIER_OR_SAME_KLC,https://docs.google.com/spreadsheets/d/13rdpmsI5n0dnsb33u4YHGwI8VrWtCeLDWDELO_hC7Qs
1573,悔,"REPENT, REGRET",KLC_01573,2,RAD_00061,心,"heart, mind, spirit",RAD,,PRIMITIVE_OR_NONKLC,https://docs.google.com/spreadsheets/d/13rdpmsI5n0dnsb33u4YHGwI8VrWtCeLDWDELO_hC7Qs
1574,敏,"NIMBLE, ALERT",KLC_01574,1,KLC_00105,毎,"EVERY, EACH",KLC,105,EARLIER_OR_SAME_KLC,https://docs.google.com/spreadsheets/d/13rdpmsI5n0dnsb33u4YHGwI8VrWtCeLDWDELO_hC7Qs
1574,敏,"NIMBLE, ALERT",KLC_01574,2,RAD_00066,攴,"hit, strike, *action*",RAD,,PRIMITIVE_OR_NONKLC,https://docs.google.com/spreadsheets/d/13rdpmsI5n0dnsb33u4YHGwI8VrWtCeLDWDELO_hC7Qs
1575,繁,"THRIVE, BUSY, NUMEROUS",KLC_01575,1,KLC_01574,敏,"NIMBLE, ALERT",KLC,1574,EARLIER_OR_SAME_KLC,https://docs.google.com/spreadsheets/d/13rdpmsI5n0dnsb33u4YHGwI8VrWtCeLDWDELO_hC7Qs
1575,繁,"THRIVE, BUSY, NUMEROUS",KLC_01575,2,RAD_00120,糸,"thread, silk",RAD,,PRIMITIVE_OR_NONKLC,https://docs.google.com/spreadsheets/d/13rdpmsI5n0dnsb33u4YHGwI8VrWtCeLDWDELO_hC7Qs
1576,繋,CONNECT,KLC_01576,1,RAD_00079,殳,weapon,RAD,,PRIMITIVE_OR_NONKLC,https://docs.google.com/spreadsheets/d/13rdpmsI5n0dnsb33u4YHGwI8VrWtCeLDWDELO_hC7Qs
1576,繋,CONNECT,KLC_01576,2,RAD_00159,車,"car, cart",RAD,,PRIMITIVE_OR_NONKLC,https://docs.google.com/spreadsheets/d/13rdpmsI5n0dnsb33u4YHGwI8VrWtCeLDWDELO_hC7Qs
1576,繋,CONNECT,KLC_01576,3,RAD_00120,糸,"thread, silk",RAD,,PRIMITIVE_OR_NONKLC,https://docs.google.com/spreadsheets/d/13rdpmsI5n0dnsb33u4YHGwI8VrWtCeLDWDELO_hC7Qs
1577,茂,GROW THICK,KLC_01577,1,RAD_00140,艸,"grass, vegetation",RAD,,PRIMITIVE_OR_NONKLC,https://docs.google.com/spreadsheets/d/13rdpmsI5n0dnsb33u4YHGwI8VrWtCeLDWDELO_hC7Qs
1577,茂,GROW THICK,KLC_01577,2,SUP_00017,戊,scythe,SUP,,PRIMITIVE_OR_NONKLC,https://docs.google.com/spreadsheets/d/13rdpmsI5n0dnsb33u4YHGwI8VrWtCeLDWDELO_hC7Qs
1578,橋,BRIDGE,KLC_01578,1,RAD_00189,高,"high, amount, tall",RAD,,PRIMITIVE_OR_NONKLC,https://docs.google.com/spreadsheets/d/13rdpmsI5n0dnsb33u4YHGwI8VrWtCeLDWDELO_hC7Qs
1578,橋,BRIDGE,KLC_01578,2,RAD_00075,木,tree,RAD,,PRIMITIVE_OR_NONKLC,https://docs.google.com/spreadsheets/d/13rdpmsI5n0dnsb33u4YHGwI8VrWtCeLDWDELO_hC7Qs
1579,矯,"RECTIFY, STRAIGHTEN",KLC_01579,1,RAD_00111,矢,"arrow, *straight*",RAD,,PRIMITIVE_OR_NONKLC,https://docs.google.com/spreadsheets/d/13rdpmsI5n0dnsb33u4YHGwI8VrWtCeLDWDELO_hC7Qs
1579,矯,"RECTIFY, STRAIGHTEN",KLC_01579,2,RAD_00189,高,"high, amount, tall",RAD,,PRIMITIVE_OR_NONKLC,https://docs.google.com/spreadsheets/d/13rdpmsI5n0dnsb33u4YHGwI8VrWtCeLDWDELO_hC7Qs
1580,稿,MANUSCRIPT,KLC_01580,1,RAD_00189,高,"high, amount, tall",RAD,,PRIMITIVE_OR_NONKLC,https://docs.google.com/spreadsheets/d/13rdpmsI5n0dnsb33u4YHGwI8VrWtCeLDWDELO_hC7Qs
1580,稿,MANUSCRIPT,KLC_01580,2,RAD_00115,禾,grain,RAD,,PRIMITIVE_OR_NONKLC,https://docs.google.com/spreadsheets/d/13rdpmsI5n0dnsb33u4YHGwI8VrWtCeLDWDELO_hC7Qs
1581,縞,STRIPE,KLC_01581,1,RAD_00189,高,"high, amount, tall",RAD,,PRIMITIVE_OR_NONKLC,https://docs.google.com/spreadsheets/d/13rdpmsI5n0dnsb33u4YHGwI8VrWtCeLDWDELO_hC7Qs
1581,縞,STRIPE,KLC_01581,2,RAD_00120,糸,"thread, silk",RAD,,PRIMITIVE_OR_NONKLC,https://docs.google.com/spreadsheets/d/13rdpmsI5n0dnsb33u4YHGwI8VrWtCeLDWDELO_hC7Qs
1582,箋,"WRITING PAPER, LABEL",KLC_01582,1,RAD_00118,竹,"bamboo, counting",RAD,,PRIMITIVE_OR_NONKLC,https://docs.google.com/spreadsheets/d/13rdpmsI5n0dnsb33u4YHGwI8VrWtCeLDWDELO_hC7Qs
1582,箋,"WRITING PAPER, LABEL",KLC_01582,2,RAD_00062,戈,"halberd, spear",RAD,,PRIMITIVE_OR_NONKLC,https://docs.google.com/spreadsheets/d/13rdpmsI5n0dnsb33u4YHGwI8VrWtCeLDWDELO_hC7Qs
1583,残,"REMAIN, LEFTOVER, RUTHLESS",KLC_01583,1,RAD_00062,戈,"halberd, spear",RAD,,PRIMITIVE_OR_NONKLC,https://docs.google.com/spreadsheets/d/13rdpmsI5n0dnsb33u4YHGwI8VrWtCeLDWDELO_hC7Qs
1583,残,"REMAIN, LEFTOVER, RUTHLESS",KLC_01583,2,RAD_00078,歹,death,RAD,,PRIMITIVE_OR_NONKLC,https://docs.google.com/spreadsheets/d/13rdpmsI5n0dnsb33u4YHGwI8VrWtCeLDWDELO_hC7Qs
1584,桟,SCAFFOLD,KLC_01584,1,RAD_00075,木,tree,RAD,,PRIMITIVE_OR_NONKLC,https://docs.google.com/spreadsheets/d/13rdpmsI5n0dnsb33u4YHGwI8VrWtCeLDWDELO_hC7Qs
1584,桟,SCAFFOLD,KLC_01584,2,RAD_00062,戈,"halberd, spear",RAD,,PRIMITIVE_OR_NONKLC,https://docs.google.com/spreadsheets/d/13rdpmsI5n0dnsb33u4YHGwI8VrWtCeLDWDELO_hC7Qs
1585,銭,"COIN, SEN [0.01 yen]",KLC_01585,1,RAD_00167,金,"metal, gold, money",RAD,,PRIMITIVE_OR_NONKLC,https://docs.google.com/spreadsheets/d/13rdpmsI5n0dnsb33u4YHGwI8VrWtCeLDWDELO_hC7Qs
1585,銭,"COIN, SEN [0.01 yen]",KLC_01585,2,RAD_00062,戈,"halberd, spear",RAD,,PRIMITIVE_OR_NONKLC,https://docs.google.com/spreadsheets/d/13rdpmsI5n0dnsb33u4YHGwI8VrWtCeLDWDELO_hC7Qs
1586,践,"IMPLEMENT, PRACTICE",KLC_01586,1,RAD_00157,足,"foot, suffice",RAD,,PRIMITIVE_OR_NONKLC,https://docs.google.com/spreadsheets/d/13rdpmsI5n0dnsb33u4YHGwI8VrWtCeLDWDELO_hC7Qs
1586,践,"IMPLEMENT, PRACTICE",KLC_01586,2,RAD_00062,戈,"halberd, spear",RAD,,PRIMITIVE_OR_NONKLC,https://docs.google.com/spreadsheets/d/13rdpmsI5n0dnsb33u4YHGwI8VrWtCeLDWDELO_hC7Qs
1587,浅,SHALLOW,KLC_01587,1,RAD_00085,水,"water, *liquid*",RAD,,PRIMITIVE_OR_NONKLC,https://docs.google.com/spreadsheets/d/13rdpmsI5n0dnsb33u4YHGwI8VrWtCeLDWDELO_hC7Qs
1588,洩,"LEAK, ESCAPE",KLC_01588,1,OTR_00006,曳,PULL,OTR,,PRIMITIVE_OR_NONKLC,https://docs.google.com/spreadsheets/d/13rdpmsI5n0dnsb33u4YHGwI8VrWtCeLDWDELO_hC7Qs
1588,洩,"LEAK, ESCAPE",KLC_01588,2,RAD_00085,水,"water, *liquid*",RAD,,PRIMITIVE_OR_NONKLC,https://docs.google.com/spreadsheets/d/13rdpmsI5n0dnsb33u4YHGwI8VrWtCeLDWDELO_hC7Qs
1589,壮,"VIGOROUS, HEROIC",KLC_01589,1,RAD_00033,士,"scholar, military man",RAD,,PRIMITIVE_OR_NONKLC,https://docs.google.com/spreadsheets/d/13rdpmsI5n0dnsb33u4YHGwI8VrWtCeLDWDELO_hC7Qs
1589,壮,"VIGOROUS, HEROIC",KLC_01589,2,RAD_00090,爿,"split wood, *wooden tablet*",RAD,,PRIMITIVE_OR_NONKLC,https://docs.google.com/spreadsheets/d/13rdpmsI5n0dnsb33u4YHGwI8VrWtCeLDWDELO_hC7Qs
1590,荘,"VILLA, DIGNIFIED",KLC_01590,1,RAD_00140,艸,"grass, vegetation",RAD,,PRIMITIVE_OR_NONKLC,https://docs.google.com/spreadsheets/d/13rdpmsI5n0dnsb33u4YHGwI8VrWtCeLDWDELO_hC7Qs
1590,荘,"VILLA, DIGNIFIED",KLC_01590,2,KLC_01589,壮,"VIGOROUS, HEROIC",KLC,1589,EARLIER_OR_SAME_KLC,https://docs.google.com/spreadsheets/d/13rdpmsI5n0dnsb33u4YHGwI8VrWtCeLDWDELO_hC7Qs
1591,装,"DRESS, DISGUISE",KLC_01591,1,KLC_01589,壮,"VIGOROUS, HEROIC",KLC,1589,EARLIER_OR_SAME_KLC,https://docs.google.com/spreadsheets/d/13rdpmsI5n0dnsb33u4YHGwI8VrWtCeLDWDELO_hC7Qs
1591,装,"DRESS, DISGUISE",KLC_01591,2,RAD_00145,衣,"clothes, garment",RAD,,PRIMITIVE_OR_NONKLC,https://docs.google.com/spreadsheets/d/13rdpmsI5n0dnsb33u4YHGwI8VrWtCeLDWDELO_hC7Qs
1592,冥,"DARK, WORLD OF THE DEAD",KLC_01592,1,RAD_00072,日,"sun, day",RAD,,PRIMITIVE_OR_NONKLC,https://docs.google.com/spreadsheets/d/13rdpmsI5n0dnsb33u4YHGwI8VrWtCeLDWDELO_hC7Qs
1592,冥,"DARK, WORLD OF THE DEAD",KLC_01592,2,RAD_00014,冖,cloth cover,RAD,,PRIMITIVE_OR_NONKLC,https://docs.google.com/spreadsheets/d/13rdpmsI5n0dnsb33u4YHGwI8VrWtCeLDWDELO_hC7Qs
1592,冥,"DARK, WORLD OF THE DEAD",KLC_01592,3,KLC_00008,六,SIX,KLC,8,EARLIER_OR_SAME_KLC,https://docs.google.com/spreadsheets/d/13rdpmsI5n0dnsb33u4YHGwI8VrWtCeLDWDELO_hC7Qs
1593,暗,"DARK, DIM",KLC_01593,1,RAD_00072,日,"sun, day",RAD,,PRIMITIVE_OR_NONKLC,https://docs.google.com/spreadsheets/d/13rdpmsI5n0dnsb33u4YHGwI8VrWtCeLDWDELO_hC7Qs
1593,暗,"DARK, DIM",KLC_01593,2,RAD_00180,音,sound,RAD,,PRIMITIVE_OR_NONKLC,https://docs.google.com/spreadsheets/d/13rdpmsI5n0dnsb33u4YHGwI8VrWtCeLDWDELO_hC7Qs
1594,韻,RHYME,KLC_01594,1,RAD_00180,音,sound,RAD,,PRIMITIVE_OR_NONKLC,https://docs.google.com/spreadsheets/d/13rdpmsI5n0dnsb33u4YHGwI8VrWtCeLDWDELO_hC7Qs
1594,韻,RHYME,KLC_01594,2,KLC_00317,員,"MEMBER, PERSONNEL",KLC,317,EARLIER_OR_SAME_KLC,https://docs.google.com/spreadsheets/d/13rdpmsI5n0dnsb33u4YHGwI8VrWtCeLDWDELO_hC7Qs
1595,損,"LOSS, DISADVANTAGE",KLC_01595,1,RAD_00064,手,"hand, performer of action",RAD,,PRIMITIVE_OR_NONKLC,https://docs.google.com/spreadsheets/d/13rdpmsI5n0dnsb33u4YHGwI8VrWtCeLDWDELO_hC7Qs
1595,損,"LOSS, DISADVANTAGE",KLC_01595,2,KLC_00317,員,"MEMBER, PERSONNEL",KLC,317,EARLIER_OR_SAME_KLC,https://docs.google.com/spreadsheets/d/13rdpmsI5n0dnsb33u4YHGwI8VrWtCeLDWDELO_hC7Qs
1596,捕,"CATCH, SEIZE",KLC_01596,1,RAD_00064,手,"hand, performer of action",RAD,,PRIMITIVE_OR_NONKLC,https://docs.google.com/spreadsheets/d/13rdpmsI5n0dnsb33u4YHGwI8VrWtCeLDWDELO_hC7Qs
1596,捕,"CATCH, SEIZE",KLC_01596,2,SUP_00039,甫,fishing net,SUP,,PRIMITIVE_OR_NONKLC,https://docs.google.com/spreadsheets/d/13rdpmsI5n0dnsb33u4YHGwI8VrWtCeLDWDELO_hC7Qs
1597,挿,INSERT,KLC_01597,1,RAD_00064,手,"hand, performer of action",RAD,,PRIMITIVE_OR_NONKLC,https://docs.google.com/spreadsheets/d/13rdpmsI5n0dnsb33u4YHGwI8VrWtCeLDWDELO_hC7Qs
1598,補,"SUPPLEMENT, REPLENISH",KLC_01598,1,SUP_00039,甫,fishing net,SUP,,PRIMITIVE_OR_NONKLC,https://docs.google.com/spreadsheets/d/13rdpmsI5n0dnsb33u4YHGwI8VrWtCeLDWDELO_hC7Qs
1598,補,"SUPPLEMENT, REPLENISH",KLC_01598,2,RAD_00145,衣,"clothes, garment",RAD,,PRIMITIVE_OR_NONKLC,https://docs.google.com/spreadsheets/d/13rdpmsI5n0dnsb33u4YHGwI8VrWtCeLDWDELO_hC7Qs
1599,浦,"SEASIDE, SMALL BAY",KLC_01599,1,SUP_00039,甫,fishing net,SUP,,PRIMITIVE_OR_NONKLC,https://docs.google.com/spreadsheets/d/13rdpmsI5n0dnsb33u4YHGwI8VrWtCeLDWDELO_hC7Qs
1599,浦,"SEASIDE, SMALL BAY",KLC_01599,2,RAD_00085,水,"water, *liquid*",RAD,,PRIMITIVE_OR_NONKLC,https://docs.google.com/spreadsheets/d/13rdpmsI5n0dnsb33u4YHGwI8VrWtCeLDWDELO_hC7Qs
1600,哺,SUCKLE,KLC_01600,1,RAD_00030,口,"mouth, *opening*",RAD,,PRIMITIVE_OR_NONKLC,https://docs.google.com/spreadsheets/d/13rdpmsI5n0dnsb33u4YHGwI8VrWtCeLDWDELO_hC7Qs
1601,舗,"PAVE, SHOP",KLC_01601,1,KLC_00910,舎,HUT,KLC,910,EARLIER_OR_SAME_KLC,https://docs.google.com/spreadsheets/d/13rdpmsI5n0dnsb33u4YHGwI8VrWtCeLDWDELO_hC7Qs
1601,舗,"PAVE, SHOP",KLC_01601,2,SUP_00039,甫,fishing net,SUP,,PRIMITIVE_OR_NONKLC,https://docs.google.com/spreadsheets/d/13rdpmsI5n0dnsb33u4YHGwI8VrWtCeLDWDELO_hC7Qs
1602,掴,GRASP,KLC_01602,1,RAD_00064,手,"hand, performer of action",RAD,,PRIMITIVE_OR_NONKLC,https://docs.google.com/spreadsheets/d/13rdpmsI5n0dnsb33u4YHGwI8VrWtCeLDWDELO_hC7Qs
1602,掴,GRASP,KLC_01602,2,KLC_00075,国,COUNTRY,KLC,75,EARLIER_OR_SAME_KLC,https://docs.google.com/spreadsheets/d/13rdpmsI5n0dnsb33u4YHGwI8VrWtCeLDWDELO_hC7Qs
1603,捉,"CATCH, GRASP [ideas]",KLC_01603,1,RAD_00057,弓,bow,RAD,,PRIMITIVE_OR_NONKLC,https://docs.google.com/spreadsheets/d/13rdpmsI5n0dnsb33u4YHGwI8VrWtCeLDWDELO_hC7Qs
1603,捉,"CATCH, GRASP [ideas]",KLC_01603,2,RAD_00064,手,"hand, performer of action",RAD,,PRIMITIVE_OR_NONKLC,https://docs.google.com/spreadsheets/d/13rdpmsI5n0dnsb33u4YHGwI8VrWtCeLDWDELO_hC7Qs
1604,促,"HASTEN, URGE",KLC_01604,1,RAD_00009,人,"person, *roof*",RAD,,PRIMITIVE_OR_NONKLC,https://docs.google.com/spreadsheets/d/13rdpmsI5n0dnsb33u4YHGwI8VrWtCeLDWDELO_hC7Qs
1604,促,"HASTEN, URGE",KLC_01604,2,RAD_00057,弓,bow,RAD,,PRIMITIVE_OR_NONKLC,https://docs.google.com/spreadsheets/d/13rdpmsI5n0dnsb33u4YHGwI8VrWtCeLDWDELO_hC7Qs
1605,筆,"BRUSH, WRITING",KLC_01605,1,RAD_00118,竹,"bamboo, counting",RAD,,PRIMITIVE_OR_NONKLC,https://docs.google.com/spreadsheets/d/13rdpmsI5n0dnsb33u4YHGwI8VrWtCeLDWDELO_hC7Qs
1605,筆,"BRUSH, WRITING",KLC_01605,2,RAD_00129,聿,brush,RAD,,PRIMITIVE_OR_NONKLC,https://docs.google.com/spreadsheets/d/13rdpmsI5n0dnsb33u4YHGwI8VrWtCeLDWDELO_hC7Qs
1606,津,"HARBOR, FERRY",KLC_01606,1,RAD_00129,聿,brush,RAD,,PRIMITIVE_OR_NONKLC,https://docs.google.com/spreadsheets/d/13rdpmsI5n0dnsb33u4YHGwI8VrWtCeLDWDELO_hC7Qs
1606,津,"HARBOR, FERRY",KLC_01606,2,RAD_00085,水,"water, *liquid*",RAD,,PRIMITIVE_OR_NONKLC,https://docs.google.com/spreadsheets/d/13rdpmsI5n0dnsb33u4YHGwI8VrWtCeLDWDELO_hC7Qs
1607,律,"LAW, RHYTHM",KLC_01607,1,RAD_00060,彳,"linger, stop, go",RAD,,PRIMITIVE_OR_NONKLC,https://docs.google.com/spreadsheets/d/13rdpmsI5n0dnsb33u4YHGwI8VrWtCeLDWDELO_hC7Qs
1607,律,"LAW, RHYTHM",KLC_01607,2,RAD_00129,聿,brush,RAD,,PRIMITIVE_OR_NONKLC,https://docs.google.com/spreadsheets/d/13rdpmsI5n0dnsb33u4YHGwI8VrWtCeLDWDELO_hC7Qs
1608,逮,CATCH A CRIMINAL,KLC_01608,1,RAD_00085,水,"water, *liquid*",RAD,,PRIMITIVE_OR_NONKLC,https://docs.google.com/spreadsheets/d/13rdpmsI5n0dnsb33u4YHGwI8VrWtCeLDWDELO_hC7Qs
1608,逮,CATCH A CRIMINAL,KLC_01608,2,RAD_00162,辵,"walk, *transport*",RAD,,PRIMITIVE_OR_NONKLC,https://docs.google.com/spreadsheets/d/13rdpmsI5n0dnsb33u4YHGwI8VrWtCeLDWDELO_hC7Qs
1609,建,BUILD,KLC_01609,1,RAD_00054,廴,"long stride, stretch",RAD,,PRIMITIVE_OR_NONKLC,https://docs.google.com/spreadsheets/d/13rdpmsI5n0dnsb33u4YHGwI8VrWtCeLDWDELO_hC7Qs
1609,建,BUILD,KLC_01609,2,RAD_00129,聿,brush,RAD,,PRIMITIVE_OR_NONKLC,https://docs.google.com/spreadsheets/d/13rdpmsI5n0dnsb33u4YHGwI8VrWtCeLDWDELO_hC7Qs
1610,健,"ROBUST, HEALTHY",KLC_01610,1,RAD_00009,人,"person, *roof*",RAD,,PRIMITIVE_OR_NONKLC,https://docs.google.com/spreadsheets/d/13rdpmsI5n0dnsb33u4YHGwI8VrWtCeLDWDELO_hC7Qs
1610,健,"ROBUST, HEALTHY",KLC_01610,2,KLC_01609,建,BUILD,KLC,1609,EARLIER_OR_SAME_KLC,https://docs.google.com/spreadsheets/d/13rdpmsI5n0dnsb33u4YHGwI8VrWtCeLDWDELO_hC7Qs
1611,康,HEALTHY,KLC_01611,1,RAD_00053,广,"dotted cliff, *shelter*",RAD,,PRIMITIVE_OR_NONKLC,https://docs.google.com/spreadsheets/d/13rdpmsI5n0dnsb33u4YHGwI8VrWtCeLDWDELO_hC7Qs
1611,康,HEALTHY,KLC_01611,2,RAD_00085,水,"water, *liquid*",RAD,,PRIMITIVE_OR_NONKLC,https://docs.google.com/spreadsheets/d/13rdpmsI5n0dnsb33u4YHGwI8VrWtCeLDWDELO_hC7Qs
1612,庸,MEDIOCRE,KLC_01612,1,RAD_00053,广,"dotted cliff, *shelter*",RAD,,PRIMITIVE_OR_NONKLC,https://docs.google.com/spreadsheets/d/13rdpmsI5n0dnsb33u4YHGwI8VrWtCeLDWDELO_hC7Qs
1612,庸,MEDIOCRE,KLC_01612,2,RAD_00129,聿,brush,RAD,,PRIMITIVE_OR_NONKLC,https://docs.google.com/spreadsheets/d/13rdpmsI5n0dnsb33u4YHGwI8VrWtCeLDWDELO_hC7Qs
1612,庸,MEDIOCRE,KLC_01612,3,RAD_00074,月,"moon, month, *flesh*, *body part*",RAD,,PRIMITIVE_OR_NONKLC,https://docs.google.com/spreadsheets/d/13rdpmsI5n0dnsb33u4YHGwI8VrWtCeLDWDELO_hC7Qs
1613,粛,"PURGE, SOFTLY",KLC_01613,1,RAD_00129,聿,brush,RAD,,PRIMITIVE_OR_NONKLC,https://docs.google.com/spreadsheets/d/13rdpmsI5n0dnsb33u4YHGwI8VrWtCeLDWDELO_hC7Qs
1613,粛,"PURGE, SOFTLY",KLC_01613,2,RAD_00119,米,rice,RAD,,PRIMITIVE_OR_NONKLC,https://docs.google.com/spreadsheets/d/13rdpmsI5n0dnsb33u4YHGwI8VrWtCeLDWDELO_hC7Qs
1614,繍,"EMBROIDERY, SEW",KLC_01614,1,KLC_01613,粛,"PURGE, SOFTLY",KLC,1613,EARLIER_OR_SAME_KLC,https://docs.google.com/spreadsheets/d/13rdpmsI5n0dnsb33u4YHGwI8VrWtCeLDWDELO_hC7Qs
1614,繍,"EMBROIDERY, SEW",KLC_01614,2,RAD_00120,糸,"thread, silk",RAD,,PRIMITIVE_OR_NONKLC,https://docs.google.com/spreadsheets/d/13rdpmsI5n0dnsb33u4YHGwI8VrWtCeLDWDELO_hC7Qs
1615,唐,TANG DYNASTY,KLC_01615,1,RAD_00053,广,"dotted cliff, *shelter*",RAD,,PRIMITIVE_OR_NONKLC,https://docs.google.com/spreadsheets/d/13rdpmsI5n0dnsb33u4YHGwI8VrWtCeLDWDELO_hC7Qs
1615,唐,TANG DYNASTY,KLC_01615,2,RAD_00129,聿,brush,RAD,,PRIMITIVE_OR_NONKLC,https://docs.google.com/spreadsheets/d/13rdpmsI5n0dnsb33u4YHGwI8VrWtCeLDWDELO_hC7Qs
1615,唐,TANG DYNASTY,KLC_01615,3,RAD_00030,口,"mouth, *opening*",RAD,,PRIMITIVE_OR_NONKLC,https://docs.google.com/spreadsheets/d/13rdpmsI5n0dnsb33u4YHGwI8VrWtCeLDWDELO_hC7Qs
1616,糖,SUGAR,KLC_01616,1,RAD_00119,米,rice,RAD,,PRIMITIVE_OR_NONKLC,https://docs.google.com/spreadsheets/d/13rdpmsI5n0dnsb33u4YHGwI8VrWtCeLDWDELO_hC7Qs
1617,粧,APPLY MAKEUP,KLC_01617,1,RAD_00032,土,"soil, earth",RAD,,PRIMITIVE_OR_NONKLC,https://docs.google.com/spreadsheets/d/13rdpmsI5n0dnsb33u4YHGwI8VrWtCeLDWDELO_hC7Qs
1617,粧,APPLY MAKEUP,KLC_01617,2,RAD_00053,广,"dotted cliff, *shelter*",RAD,,PRIMITIVE_OR_NONKLC,https://docs.google.com/spreadsheets/d/13rdpmsI5n0dnsb33u4YHGwI8VrWtCeLDWDELO_hC7Qs
1617,粧,APPLY MAKEUP,KLC_01617,3,RAD_00119,米,rice,RAD,,PRIMITIVE_OR_NONKLC,https://docs.google.com/spreadsheets/d/13rdpmsI5n0dnsb33u4YHGwI8VrWtCeLDWDELO_hC7Qs
1618,糧,FOOD PROVISIONS,KLC_01618,1,RAD_00119,米,rice,RAD,,PRIMITIVE_OR_NONKLC,https://docs.google.com/spreadsheets/d/13rdpmsI5n0dnsb33u4YHGwI8VrWtCeLDWDELO_hC7Qs
1618,糧,FOOD PROVISIONS,KLC_01618,2,KLC_00538,量,"QUANTITY, AMOUNT, WEIGHT",KLC,538,EARLIER_OR_SAME_KLC,https://docs.google.com/spreadsheets/d/13rdpmsI5n0dnsb33u4YHGwI8VrWtCeLDWDELO_hC7Qs
1619,粉,POWDER,KLC_01619,1,RAD_00119,米,rice,RAD,,PRIMITIVE_OR_NONKLC,https://docs.google.com/spreadsheets/d/13rdpmsI5n0dnsb33u4YHGwI8VrWtCeLDWDELO_hC7Qs
1619,粉,POWDER,KLC_01619,2,KLC_00088,分,"DIVIDE, PART, MINUTE",KLC,88,EARLIER_OR_SAME_KLC,https://docs.google.com/spreadsheets/d/13rdpmsI5n0dnsb33u4YHGwI8VrWtCeLDWDELO_hC7Qs
1620,紛,CONFUSED,KLC_01620,1,RAD_00120,糸,"thread, silk",RAD,,PRIMITIVE_OR_NONKLC,https://docs.google.com/spreadsheets/d/13rdpmsI5n0dnsb33u4YHGwI8VrWtCeLDWDELO_hC7Qs
1620,紛,CONFUSED,KLC_01620,2,KLC_00088,分,"DIVIDE, PART, MINUTE",KLC,88,EARLIER_OR_SAME_KLC,https://docs.google.com/spreadsheets/d/13rdpmsI5n0dnsb33u4YHGwI8VrWtCeLDWDELO_hC7Qs
1621,糾,INVESTIGATE,KLC_01621,1,RAD_00120,糸,"thread, silk",RAD,,PRIMITIVE_OR_NONKLC,https://docs.google.com/spreadsheets/d/13rdpmsI5n0dnsb33u4YHGwI8VrWtCeLDWDELO_hC7Qs
1622,粋,REFINED,KLC_01622,1,RAD_00119,米,rice,RAD,,PRIMITIVE_OR_NONKLC,https://docs.google.com/spreadsheets/d/13rdpmsI5n0dnsb33u4YHGwI8VrWtCeLDWDELO_hC7Qs
1623,砕,"CRUSH, BREAK",KLC_01623,1,RAD_00112,石,"stone, rock",RAD,,PRIMITIVE_OR_NONKLC,https://docs.google.com/spreadsheets/d/13rdpmsI5n0dnsb33u4YHGwI8VrWtCeLDWDELO_hC7Qs
1624,枠,FRAME,KLC_01624,1,RAD_00075,木,tree,RAD,,PRIMITIVE_OR_NONKLC,https://docs.google.com/spreadsheets/d/13rdpmsI5n0dnsb33u4YHGwI8VrWtCeLDWDELO_hC7Qs
1625,酔,"DRUNK, INTOXICATED",KLC_01625,1,RAD_00164,酉,"wine, liquor, *bottle*",RAD,,PRIMITIVE_OR_NONKLC,https://docs.google.com/spreadsheets/d/13rdpmsI5n0dnsb33u4YHGwI8VrWtCeLDWDELO_hC7Qs
1626,醒,WAKE UP,KLC_01626,1,RAD_00164,酉,"wine, liquor, *bottle*",RAD,,PRIMITIVE_OR_NONKLC,https://docs.google.com/spreadsheets/d/13rdpmsI5n0dnsb33u4YHGwI8VrWtCeLDWDELO_hC7Qs
1626,醒,WAKE UP,KLC_01626,2,RAD_00072,日,"sun, day",RAD,,PRIMITIVE_OR_NONKLC,https://docs.google.com/spreadsheets/d/13rdpmsI5n0dnsb33u4YHGwI8VrWtCeLDWDELO_hC7Qs
1627,酬,"RECIPROCATE, REWARD",KLC_01627,1,RAD_00164,酉,"wine, liquor, *bottle*",RAD,,PRIMITIVE_OR_NONKLC,https://docs.google.com/spreadsheets/d/13rdpmsI5n0dnsb33u4YHGwI8VrWtCeLDWDELO_hC7Qs
1627,酬,"RECIPROCATE, REWARD",KLC_01627,2,KLC_00845,州,"STATE, PROVINCE",KLC,845,EARLIER_OR_SAME_KLC,https://docs.google.com/spreadsheets/d/13rdpmsI5n0dnsb33u4YHGwI8VrWtCeLDWDELO_hC7Qs
1628,酷,"SEVERE, CRUEL",KLC_01628,1,RAD_00164,酉,"wine, liquor, *bottle*",RAD,,PRIMITIVE_OR_NONKLC,https://docs.google.com/spreadsheets/d/13rdpmsI5n0dnsb33u4YHGwI8VrWtCeLDWDELO_hC7Qs
1628,酷,"SEVERE, CRUEL",KLC_01628,2,KLC_00698,告,"NOTIFY, ACCUSE",KLC,698,EARLIER_OR_SAME_KLC,https://docs.google.com/spreadsheets/d/13rdpmsI5n0dnsb33u4YHGwI8VrWtCeLDWDELO_hC7Qs
1629,凡,"COMMONPLACE, ORDINARY",KLC_01629,1,RAD_00016,几,"table, wind",RAD,,PRIMITIVE_OR_NONKLC,https://docs.google.com/spreadsheets/d/13rdpmsI5n0dnsb33u4YHGwI8VrWtCeLDWDELO_hC7Qs
1630,凧,KITE,KLC_01630,1,RAD_00016,几,"table, wind",RAD,,PRIMITIVE_OR_NONKLC,https://docs.google.com/spreadsheets/d/13rdpmsI5n0dnsb33u4YHGwI8VrWtCeLDWDELO_hC7Qs
1630,凧,KITE,KLC_01630,2,RAD_00050,巾,"cloth, towel, scarf",RAD,,PRIMITIVE_OR_NONKLC,https://docs.google.com/spreadsheets/d/13rdpmsI5n0dnsb33u4YHGwI8VrWtCeLDWDELO_hC7Qs
1631,帆,SAIL,KLC_01631,1,KLC_01629,凡,"COMMONPLACE, ORDINARY",KLC,1629,EARLIER_OR_SAME_KLC,https://docs.google.com/spreadsheets/d/13rdpmsI5n0dnsb33u4YHGwI8VrWtCeLDWDELO_hC7Qs
1631,帆,SAIL,KLC_01631,2,RAD_00050,巾,"cloth, towel, scarf",RAD,,PRIMITIVE_OR_NONKLC,https://docs.google.com/spreadsheets/d/13rdpmsI5n0dnsb33u4YHGwI8VrWtCeLDWDELO_hC7Qs
1632,汎,PAN [all],KLC_01632,1,RAD_00085,水,"water, *liquid*",RAD,,PRIMITIVE_OR_NONKLC,https://docs.google.com/spreadsheets/d/13rdpmsI5n0dnsb33u4YHGwI8VrWtCeLDWDELO_hC7Qs
1632,汎,PAN [all],KLC_01632,2,KLC_01629,凡,"COMMONPLACE, ORDINARY",KLC,1629,EARLIER_OR_SAME_KLC,https://docs.google.com/spreadsheets/d/13rdpmsI5n0dnsb33u4YHGwI8VrWtCeLDWDELO_hC7Qs
1633,恐,"FEAR, AWE",KLC_01633,1,RAD_00061,心,"heart, mind, spirit",RAD,,PRIMITIVE_OR_NONKLC,https://docs.google.com/spreadsheets/d/13rdpmsI5n0dnsb33u4YHGwI8VrWtCeLDWDELO_hC7Qs
1633,恐,"FEAR, AWE",KLC_01633,2,RAD_00048,工,"construction, craft, work",RAD,,PRIMITIVE_OR_NONKLC,https://docs.google.com/spreadsheets/d/13rdpmsI5n0dnsb33u4YHGwI8VrWtCeLDWDELO_hC7Qs
1633,恐,"FEAR, AWE",KLC_01633,3,KLC_01629,凡,"COMMONPLACE, ORDINARY",KLC,1629,EARLIER_OR_SAME_KLC,https://docs.google.com/spreadsheets/d/13rdpmsI5n0dnsb33u4YHGwI8VrWtCeLDWDELO_hC7Qs
1634,怖,FEARFUL,KLC_01634,1,RAD_00061,心,"heart, mind, spirit",RAD,,PRIMITIVE_OR_NONKLC,https://docs.google.com/spreadsheets/d/13rdpmsI5n0dnsb33u4YHGwI8VrWtCeLDWDELO_hC7Qs
1634,怖,FEARFUL,KLC_01634,2,RAD_00050,巾,"cloth, towel, scarf",RAD,,PRIMITIVE_OR_NONKLC,https://docs.google.com/spreadsheets/d/13rdpmsI5n0dnsb33u4YHGwI8VrWtCeLDWDELO_hC7Qs
1635,築,CONSTRUCT,KLC_01635,1,RAD_00075,木,tree,RAD,,PRIMITIVE_OR_NONKLC,https://docs.google.com/spreadsheets/d/13rdpmsI5n0dnsb33u4YHGwI8VrWtCeLDWDELO_hC7Qs
1635,築,CONSTRUCT,KLC_01635,2,RAD_00118,竹,"bamboo, counting",RAD,,PRIMITIVE_OR_NONKLC,https://docs.google.com/spreadsheets/d/13rdpmsI5n0dnsb33u4YHGwI8VrWtCeLDWDELO_hC7Qs
1635,築,CONSTRUCT,KLC_01635,3,RAD_00048,工,"construction, craft, work",RAD,,PRIMITIVE_OR_NONKLC,https://docs.google.com/spreadsheets/d/13rdpmsI5n0dnsb33u4YHGwI8VrWtCeLDWDELO_hC7Qs
1635,築,CONSTRUCT,KLC_01635,4,KLC_01629,凡,"COMMONPLACE, ORDINARY",KLC,1629,EARLIER_OR_SAME_KLC,https://docs.google.com/spreadsheets/d/13rdpmsI5n0dnsb33u4YHGwI8VrWtCeLDWDELO_hC7Qs
1636,尋,"INQUIRE, LOOK FOR",KLC_01636,1,SUP_00024,ヨ,"nails, pierce",SUP,,PRIMITIVE_OR_NONKLC,https://docs.google.com/spreadsheets/d/13rdpmsI5n0dnsb33u4YHGwI8VrWtCeLDWDELO_hC7Qs
1636,尋,"INQUIRE, LOOK FOR",KLC_01636,2,RAD_00041,寸,"measurement, tenth of shaku, a bit of",RAD,,PRIMITIVE_OR_NONKLC,https://docs.google.com/spreadsheets/d/13rdpmsI5n0dnsb33u4YHGwI8VrWtCeLDWDELO_hC7Qs
1636,尋,"INQUIRE, LOOK FOR",KLC_01636,3,RAD_00030,口,"mouth, *opening*",RAD,,PRIMITIVE_OR_NONKLC,https://docs.google.com/spreadsheets/d/13rdpmsI5n0dnsb33u4YHGwI8VrWtCeLDWDELO_hC7Qs
1636,尋,"INQUIRE, LOOK FOR",KLC_01636,4,RAD_00048,工,"construction, craft, work",RAD,,PRIMITIVE_OR_NONKLC,https://docs.google.com/spreadsheets/d/13rdpmsI5n0dnsb33u4YHGwI8VrWtCeLDWDELO_hC7Qs
1637,訊,INTERROGATE,KLC_01637,1,RAD_00149,言,"speech, word, say",RAD,,PRIMITIVE_OR_NONKLC,https://docs.google.com/spreadsheets/d/13rdpmsI5n0dnsb33u4YHGwI8VrWtCeLDWDELO_hC7Qs
1638,諮,CONSULT,KLC_01638,1,RAD_00030,口,"mouth, *opening*",RAD,,PRIMITIVE_OR_NONKLC,https://docs.google.com/spreadsheets/d/13rdpmsI5n0dnsb33u4YHGwI8VrWtCeLDWDELO_hC7Qs
1638,諮,CONSULT,KLC_01638,2,KLC_00278,次,"NEXT, SECONDARY",KLC,278,EARLIER_OR_SAME_KLC,https://docs.google.com/spreadsheets/d/13rdpmsI5n0dnsb33u4YHGwI8VrWtCeLDWDELO_hC7Qs
1638,諮,CONSULT,KLC_01638,3,RAD_00149,言,"speech, word, say",RAD,,PRIMITIVE_OR_NONKLC,https://docs.google.com/spreadsheets/d/13rdpmsI5n0dnsb33u4YHGwI8VrWtCeLDWDELO_hC7Qs
1639,抗,RESIST,KLC_01639,1,RAD_00064,手,"hand, performer of action",RAD,,PRIMITIVE_OR_NONKLC,https://docs.google.com/spreadsheets/d/13rdpmsI5n0dnsb33u4YHGwI8VrWtCeLDWDELO_hC7Qs
1639,抗,RESIST,KLC_01639,2,RAD_00008,亠,lid,RAD,,PRIMITIVE_OR_NONKLC,https://docs.google.com/spreadsheets/d/13rdpmsI5n0dnsb33u4YHGwI8VrWtCeLDWDELO_hC7Qs
1639,抗,RESIST,KLC_01639,3,RAD_00016,几,"table, wind",RAD,,PRIMITIVE_OR_NONKLC,https://docs.google.com/spreadsheets/d/13rdpmsI5n0dnsb33u4YHGwI8VrWtCeLDWDELO_hC7Qs
1640,航,NAVIGATE,KLC_01640,1,RAD_00137,舟,boat,RAD,,PRIMITIVE_OR_NONKLC,https://docs.google.com/spreadsheets/d/13rdpmsI5n0dnsb33u4YHGwI8VrWtCeLDWDELO_hC7Qs
1640,航,NAVIGATE,KLC_01640,2,RAD_00016,几,"table, wind",RAD,,PRIMITIVE_OR_NONKLC,https://docs.google.com/spreadsheets/d/13rdpmsI5n0dnsb33u4YHGwI8VrWtCeLDWDELO_hC7Qs
1641,坑,PIT [of a mine],KLC_01641,1,RAD_00032,土,"soil, earth",RAD,,PRIMITIVE_OR_NONKLC,https://docs.google.com/spreadsheets/d/13rdpmsI5n0dnsb33u4YHGwI8VrWtCeLDWDELO_hC7Qs
1641,坑,PIT [of a mine],KLC_01641,2,RAD_00008,亠,lid,RAD,,PRIMITIVE_OR_NONKLC,https://docs.google.com/spreadsheets/d/13rdpmsI5n0dnsb33u4YHGwI8VrWtCeLDWDELO_hC7Qs
1641,坑,PIT [of a mine],KLC_01641,3,RAD_00016,几,"table, wind",RAD,,PRIMITIVE_OR_NONKLC,https://docs.google.com/spreadsheets/d/13rdpmsI5n0dnsb33u4YHGwI8VrWtCeLDWDELO_hC7Qs
1642,拝,"WORSHIP, HUMBLY",KLC_01642,1,RAD_00064,手,"hand, performer of action",RAD,,PRIMITIVE_OR_NONKLC,https://docs.google.com/spreadsheets/d/13rdpmsI5n0dnsb33u4YHGwI8VrWtCeLDWDELO_hC7Qs
1643,耕,TILL,KLC_01643,1,RAD_00127,耒,"plough, *rotary tiller*",RAD,,PRIMITIVE_OR_NONKLC,https://docs.google.com/spreadsheets/d/13rdpmsI5n0dnsb33u4YHGwI8VrWtCeLDWDELO_hC7Qs
1644,耗,"WEAR AWAY, DECREASE",KLC_01644,1,RAD_00127,耒,"plough, *rotary tiller*",RAD,,PRIMITIVE_OR_NONKLC,https://docs.google.com/spreadsheets/d/13rdpmsI5n0dnsb33u4YHGwI8VrWtCeLDWDELO_hC7Qs
1644,耗,"WEAR AWAY, DECREASE",KLC_01644,2,RAD_00082,毛,"fur, hair",RAD,,PRIMITIVE_OR_NONKLC,https://docs.google.com/spreadsheets/d/13rdpmsI5n0dnsb33u4YHGwI8VrWtCeLDWDELO_hC7Qs
1645,崇,REVERENCE,KLC_01645,1,RAD_00113,示,"spirit, sign, show",RAD,,PRIMITIVE_OR_NONKLC,https://docs.google.com/spreadsheets/d/13rdpmsI5n0dnsb33u4YHGwI8VrWtCeLDWDELO_hC7Qs
1645,崇,REVERENCE,KLC_01645,2,RAD_00040,宀,roof,RAD,,PRIMITIVE_OR_NONKLC,https://docs.google.com/spreadsheets/d/13rdpmsI5n0dnsb33u4YHGwI8VrWtCeLDWDELO_hC7Qs
1645,崇,REVERENCE,KLC_01645,3,RAD_00046,山,mountain,RAD,,PRIMITIVE_OR_NONKLC,https://docs.google.com/spreadsheets/d/13rdpmsI5n0dnsb33u4YHGwI8VrWtCeLDWDELO_hC7Qs
1646,灰,ASH,KLC_01646,1,RAD_00086,火,fire,RAD,,PRIMITIVE_OR_NONKLC,https://docs.google.com/spreadsheets/d/13rdpmsI5n0dnsb33u4YHGwI8VrWtCeLDWDELO_hC7Qs
1646,灰,ASH,KLC_01646,2,RAD_00027,厂,cliff,RAD,,PRIMITIVE_OR_NONKLC,https://docs.google.com/spreadsheets/d/13rdpmsI5n0dnsb33u4YHGwI8VrWtCeLDWDELO_hC7Qs
1647,炭,"CHARCOAL, CARBON",KLC_01647,1,RAD_00046,山,mountain,RAD,,PRIMITIVE_OR_NONKLC,https://docs.google.com/spreadsheets/d/13rdpmsI5n0dnsb33u4YHGwI8VrWtCeLDWDELO_hC7Qs
1647,炭,"CHARCOAL, CARBON",KLC_01647,2,KLC_01646,灰,ASH,KLC,1646,EARLIER_OR_SAME_KLC,https://docs.google.com/spreadsheets/d/13rdpmsI5n0dnsb33u4YHGwI8VrWtCeLDWDELO_hC7Qs
1648,岸,"SHORE, BEACH",KLC_01648,1,RAD_00051,干,dry,RAD,,PRIMITIVE_OR_NONKLC,https://docs.google.com/spreadsheets/d/13rdpmsI5n0dnsb33u4YHGwI8VrWtCeLDWDELO_hC7Qs
1648,岸,"SHORE, BEACH",KLC_01648,2,RAD_00027,厂,cliff,RAD,,PRIMITIVE_OR_NONKLC,https://docs.google.com/spreadsheets/d/13rdpmsI5n0dnsb33u4YHGwI8VrWtCeLDWDELO_hC7Qs
1648,岸,"SHORE, BEACH",KLC_01648,3,RAD_00046,山,mountain,RAD,,PRIMITIVE_OR_NONKLC,https://docs.google.com/spreadsheets/d/13rdpmsI5n0dnsb33u4YHGwI8VrWtCeLDWDELO_hC7Qs
1649,岩,ROCK,KLC_01649,1,RAD_00112,石,"stone, rock",RAD,,PRIMITIVE_OR_NONKLC,https://docs.google.com/spreadsheets/d/13rdpmsI5n0dnsb33u4YHGwI8VrWtCeLDWDELO_hC7Qs
1649,岩,ROCK,KLC_01649,2,RAD_00046,山,mountain,RAD,,PRIMITIVE_OR_NONKLC,https://docs.google.com/spreadsheets/d/13rdpmsI5n0dnsb33u4YHGwI8VrWtCeLDWDELO_hC7Qs
1650,崩,CRUMBLE,KLC_01650,1,RAD_00046,山,mountain,RAD,,PRIMITIVE_OR_NONKLC,https://docs.google.com/spreadsheets/d/13rdpmsI5n0dnsb33u4YHGwI8VrWtCeLDWDELO_hC7Qs
1651,嵐,STORM,KLC_01651,1,RAD_00046,山,mountain,RAD,,PRIMITIVE_OR_NONKLC,https://docs.google.com/spreadsheets/d/13rdpmsI5n0dnsb33u4YHGwI8VrWtCeLDWDELO_hC7Qs
1651,嵐,STORM,KLC_01651,2,RAD_00016,几,"table, wind",RAD,,PRIMITIVE_OR_NONKLC,https://docs.google.com/spreadsheets/d/13rdpmsI5n0dnsb33u4YHGwI8VrWtCeLDWDELO_hC7Qs
1652,崖,CLIFF,KLC_01652,1,RAD_00032,土,"soil, earth",RAD,,PRIMITIVE_OR_NONKLC,https://docs.google.com/spreadsheets/d/13rdpmsI5n0dnsb33u4YHGwI8VrWtCeLDWDELO_hC7Qs
1652,崖,CLIFF,KLC_01652,2,RAD_00027,厂,cliff,RAD,,PRIMITIVE_OR_NONKLC,https://docs.google.com/spreadsheets/d/13rdpmsI5n0dnsb33u4YHGwI8VrWtCeLDWDELO_hC7Qs
1652,崖,CLIFF,KLC_01652,3,RAD_00046,山,mountain,RAD,,PRIMITIVE_OR_NONKLC,https://docs.google.com/spreadsheets/d/13rdpmsI5n0dnsb33u4YHGwI8VrWtCeLDWDELO_hC7Qs
1653,催,"SPONSOR, HOLD [event]",KLC_01653,1,RAD_00009,人,"person, *roof*",RAD,,PRIMITIVE_OR_NONKLC,https://docs.google.com/spreadsheets/d/13rdpmsI5n0dnsb33u4YHGwI8VrWtCeLDWDELO_hC7Qs
1653,催,"SPONSOR, HOLD [event]",KLC_01653,2,RAD_00172,隹,small bird,RAD,,PRIMITIVE_OR_NONKLC,https://docs.google.com/spreadsheets/d/13rdpmsI5n0dnsb33u4YHGwI8VrWtCeLDWDELO_hC7Qs
1653,催,"SPONSOR, HOLD [event]",KLC_01653,3,RAD_00046,山,mountain,RAD,,PRIMITIVE_OR_NONKLC,https://docs.google.com/spreadsheets/d/13rdpmsI5n0dnsb33u4YHGwI8VrWtCeLDWDELO_hC7Qs
1654,焦,"SCORCH, IMPATIENT",KLC_01654,1,RAD_00172,隹,small bird,RAD,,PRIMITIVE_OR_NONKLC,https://docs.google.com/spreadsheets/d/13rdpmsI5n0dnsb33u4YHGwI8VrWtCeLDWDELO_hC7Qs
1654,焦,"SCORCH, IMPATIENT",KLC_01654,2,RAD_00086,火,fire,RAD,,PRIMITIVE_OR_NONKLC,https://docs.google.com/spreadsheets/d/13rdpmsI5n0dnsb33u4YHGwI8VrWtCeLDWDELO_hC7Qs
1655,礁,REEF,KLC_01655,1,RAD_00112,石,"stone, rock",RAD,,PRIMITIVE_OR_NONKLC,https://docs.google.com/spreadsheets/d/13rdpmsI5n0dnsb33u4YHGwI8VrWtCeLDWDELO_hC7Qs
1655,礁,REEF,KLC_01655,2,KLC_01654,焦,"SCORCH, IMPATIENT",KLC,1654,EARLIER_OR_SAME_KLC,https://docs.google.com/spreadsheets/d/13rdpmsI5n0dnsb33u4YHGwI8VrWtCeLDWDELO_hC7Qs
1656,奮,"ROUSE UP, INVIGORATED",KLC_01656,1,RAD_00172,隹,small bird,RAD,,PRIMITIVE_OR_NONKLC,https://docs.google.com/spreadsheets/d/13rdpmsI5n0dnsb33u4YHGwI8VrWtCeLDWDELO_hC7Qs
1656,奮,"ROUSE UP, INVIGORATED",KLC_01656,2,RAD_00102,田,"rice field, *head*",RAD,,PRIMITIVE_OR_NONKLC,https://docs.google.com/spreadsheets/d/13rdpmsI5n0dnsb33u4YHGwI8VrWtCeLDWDELO_hC7Qs
1656,奮,"ROUSE UP, INVIGORATED",KLC_01656,3,RAD_00037,大,"big, university",RAD,,PRIMITIVE_OR_NONKLC,https://docs.google.com/spreadsheets/d/13rdpmsI5n0dnsb33u4YHGwI8VrWtCeLDWDELO_hC7Qs
1657,奪,"ROB, SNATCH",KLC_01657,1,RAD_00037,大,"big, university",RAD,,PRIMITIVE_OR_NONKLC,https://docs.google.com/spreadsheets/d/13rdpmsI5n0dnsb33u4YHGwI8VrWtCeLDWDELO_hC7Qs
1657,奪,"ROB, SNATCH",KLC_01657,2,RAD_00172,隹,small bird,RAD,,PRIMITIVE_OR_NONKLC,https://docs.google.com/spreadsheets/d/13rdpmsI5n0dnsb33u4YHGwI8VrWtCeLDWDELO_hC7Qs
1657,奪,"ROB, SNATCH",KLC_01657,3,RAD_00041,寸,"measurement, tenth of shaku, a bit of",RAD,,PRIMITIVE_OR_NONKLC,https://docs.google.com/spreadsheets/d/13rdpmsI5n0dnsb33u4YHGwI8VrWtCeLDWDELO_hC7Qs
1658,隻,"ONE OF A PAIR, SHIP COUNTER",KLC_01658,1,KLC_01498,双,PAIR,KLC,1498,EARLIER_OR_SAME_KLC,https://docs.google.com/spreadsheets/d/13rdpmsI5n0dnsb33u4YHGwI8VrWtCeLDWDELO_hC7Qs
1658,隻,"ONE OF A PAIR, SHIP COUNTER",KLC_01658,2,RAD_00029,又,"again, or, *hand*",RAD,,PRIMITIVE_OR_NONKLC,https://docs.google.com/spreadsheets/d/13rdpmsI5n0dnsb33u4YHGwI8VrWtCeLDWDELO_hC7Qs
1658,隻,"ONE OF A PAIR, SHIP COUNTER",KLC_01658,3,RAD_00172,隹,small bird,RAD,,PRIMITIVE_OR_NONKLC,https://docs.google.com/spreadsheets/d/13rdpmsI5n0dnsb33u4YHGwI8VrWtCeLDWDELO_hC7Qs
1659,獲,CATCH GAME,KLC_01659,1,RAD_00172,隹,small bird,RAD,,PRIMITIVE_OR_NONKLC,https://docs.google.com/spreadsheets/d/13rdpmsI5n0dnsb33u4YHGwI8VrWtCeLDWDELO_hC7Qs
1659,獲,CATCH GAME,KLC_01659,2,RAD_00094,犬,"dog, small animal",RAD,,PRIMITIVE_OR_NONKLC,https://docs.google.com/spreadsheets/d/13rdpmsI5n0dnsb33u4YHGwI8VrWtCeLDWDELO_hC7Qs
1659,獲,CATCH GAME,KLC_01659,3,RAD_00140,艸,"grass, vegetation",RAD,,PRIMITIVE_OR_NONKLC,https://docs.google.com/spreadsheets/d/13rdpmsI5n0dnsb33u4YHGwI8VrWtCeLDWDELO_hC7Qs
1659,獲,CATCH GAME,KLC_01659,4,RAD_00029,又,"again, or, *hand*",RAD,,PRIMITIVE_OR_NONKLC,https://docs.google.com/spreadsheets/d/13rdpmsI5n0dnsb33u4YHGwI8VrWtCeLDWDELO_hC7Qs
1660,穫,HARVEST,KLC_01660,1,RAD_00172,隹,small bird,RAD,,PRIMITIVE_OR_NONKLC,https://docs.google.com/spreadsheets/d/13rdpmsI5n0dnsb33u4YHGwI8VrWtCeLDWDELO_hC7Qs
1660,穫,HARVEST,KLC_01660,2,RAD_00115,禾,grain,RAD,,PRIMITIVE_OR_NONKLC,https://docs.google.com/spreadsheets/d/13rdpmsI5n0dnsb33u4YHGwI8VrWtCeLDWDELO_hC7Qs
1660,穫,HARVEST,KLC_01660,3,RAD_00140,艸,"grass, vegetation",RAD,,PRIMITIVE_OR_NONKLC,https://docs.google.com/spreadsheets/d/13rdpmsI5n0dnsb33u4YHGwI8VrWtCeLDWDELO_hC7Qs
1660,穫,HARVEST,KLC_01660,4,RAD_00029,又,"again, or, *hand*",RAD,,PRIMITIVE_OR_NONKLC,https://docs.google.com/spreadsheets/d/13rdpmsI5n0dnsb33u4YHGwI8VrWtCeLDWDELO_hC7Qs
1661,護,PROTECT,KLC_01661,1,RAD_00172,隹,small bird,RAD,,PRIMITIVE_OR_NONKLC,https://docs.google.com/spreadsheets/d/13rdpmsI5n0dnsb33u4YHGwI8VrWtCeLDWDELO_hC7Qs
1661,護,PROTECT,KLC_01661,2,RAD_00149,言,"speech, word, say",RAD,,PRIMITIVE_OR_NONKLC,https://docs.google.com/spreadsheets/d/13rdpmsI5n0dnsb33u4YHGwI8VrWtCeLDWDELO_hC7Qs
1661,護,PROTECT,KLC_01661,3,RAD_00140,艸,"grass, vegetation",RAD,,PRIMITIVE_OR_NONKLC,https://docs.google.com/spreadsheets/d/13rdpmsI5n0dnsb33u4YHGwI8VrWtCeLDWDELO_hC7Qs
1661,護,PROTECT,KLC_01661,4,RAD_00029,又,"again, or, *hand*",RAD,,PRIMITIVE_OR_NONKLC,https://docs.google.com/spreadsheets/d/13rdpmsI5n0dnsb33u4YHGwI8VrWtCeLDWDELO_hC7Qs
1662,譲,"CEDE, YIELD",KLC_01662,1,RAD_00149,言,"speech, word, say",RAD,,PRIMITIVE_OR_NONKLC,https://docs.google.com/spreadsheets/d/13rdpmsI5n0dnsb33u4YHGwI8VrWtCeLDWDELO_hC7Qs
1662,譲,"CEDE, YIELD",KLC_01662,2,SUP_00038,㐮,padded/repaired garment,SUP,,PRIMITIVE_OR_NONKLC,https://docs.google.com/spreadsheets/d/13rdpmsI5n0dnsb33u4YHGwI8VrWtCeLDWDELO_hC7Qs
1663,嬢,YOUNG LADY,KLC_01663,1,RAD_00038,女,woman,RAD,,PRIMITIVE_OR_NONKLC,https://docs.google.com/spreadsheets/d/13rdpmsI5n0dnsb33u4YHGwI8VrWtCeLDWDELO_hC7Qs
1663,嬢,YOUNG LADY,KLC_01663,2,SUP_00038,㐮,padded/repaired garment,SUP,,PRIMITIVE_OR_NONKLC,https://docs.google.com/spreadsheets/d/13rdpmsI5n0dnsb33u4YHGwI8VrWtCeLDWDELO_hC7Qs
1664,醸,BREW,KLC_01664,1,SUP_00038,㐮,padded/repaired garment,SUP,,PRIMITIVE_OR_NONKLC,https://docs.google.com/spreadsheets/d/13rdpmsI5n0dnsb33u4YHGwI8VrWtCeLDWDELO_hC7Qs
1664,醸,BREW,KLC_01664,2,RAD_00164,酉,"wine, liquor, *bottle*",RAD,,PRIMITIVE_OR_NONKLC,https://docs.google.com/spreadsheets/d/13rdpmsI5n0dnsb33u4YHGwI8VrWtCeLDWDELO_hC7Qs
1665,壌,ARABLE SOIL,KLC_01665,1,SUP_00038,㐮,padded/repaired garment,SUP,,PRIMITIVE_OR_NONKLC,https://docs.google.com/spreadsheets/d/13rdpmsI5n0dnsb33u4YHGwI8VrWtCeLDWDELO_hC7Qs
1665,壌,ARABLE SOIL,KLC_01665,2,RAD_00032,土,"soil, earth",RAD,,PRIMITIVE_OR_NONKLC,https://docs.google.com/spreadsheets/d/13rdpmsI5n0dnsb33u4YHGwI8VrWtCeLDWDELO_hC7Qs
1666,壊,BREAK DOWN,KLC_01666,1,RAD_00145,衣,"clothes, garment",RAD,,PRIMITIVE_OR_NONKLC,https://docs.google.com/spreadsheets/d/13rdpmsI5n0dnsb33u4YHGwI8VrWtCeLDWDELO_hC7Qs
1666,壊,BREAK DOWN,KLC_01666,2,RAD_00032,土,"soil, earth",RAD,,PRIMITIVE_OR_NONKLC,https://docs.google.com/spreadsheets/d/13rdpmsI5n0dnsb33u4YHGwI8VrWtCeLDWDELO_hC7Qs
1666,壊,BREAK DOWN,KLC_01666,3,RAD_00122,网,"net, *law*",RAD,,PRIMITIVE_OR_NONKLC,https://docs.google.com/spreadsheets/d/13rdpmsI5n0dnsb33u4YHGwI8VrWtCeLDWDELO_hC7Qs
1667,懐,"BOSOM, YEARN",KLC_01667,1,RAD_00145,衣,"clothes, garment",RAD,,PRIMITIVE_OR_NONKLC,https://docs.google.com/spreadsheets/d/13rdpmsI5n0dnsb33u4YHGwI8VrWtCeLDWDELO_hC7Qs
1667,懐,"BOSOM, YEARN",KLC_01667,2,RAD_00061,心,"heart, mind, spirit",RAD,,PRIMITIVE_OR_NONKLC,https://docs.google.com/spreadsheets/d/13rdpmsI5n0dnsb33u4YHGwI8VrWtCeLDWDELO_hC7Qs
1668,徳,VIRTUE,KLC_01668,1,KLC_00839,直,"DIRECT, REPAIR, STRAIGHT",KLC,839,EARLIER_OR_SAME_KLC,https://docs.google.com/spreadsheets/d/13rdpmsI5n0dnsb33u4YHGwI8VrWtCeLDWDELO_hC7Qs
1668,徳,VIRTUE,KLC_01668,2,RAD_00061,心,"heart, mind, spirit",RAD,,PRIMITIVE_OR_NONKLC,https://docs.google.com/spreadsheets/d/13rdpmsI5n0dnsb33u4YHGwI8VrWtCeLDWDELO_hC7Qs
1668,徳,VIRTUE,KLC_01668,3,RAD_00060,彳,"linger, stop, go",RAD,,PRIMITIVE_OR_NONKLC,https://docs.google.com/spreadsheets/d/13rdpmsI5n0dnsb33u4YHGwI8VrWtCeLDWDELO_hC7Qs
1669,聴,LISTEN,KLC_01669,1,KLC_00839,直,"DIRECT, REPAIR, STRAIGHT",KLC,839,EARLIER_OR_SAME_KLC,https://docs.google.com/spreadsheets/d/13rdpmsI5n0dnsb33u4YHGwI8VrWtCeLDWDELO_hC7Qs
1669,聴,LISTEN,KLC_01669,2,RAD_00061,心,"heart, mind, spirit",RAD,,PRIMITIVE_OR_NONKLC,https://docs.google.com/spreadsheets/d/13rdpmsI5n0dnsb33u4YHGwI8VrWtCeLDWDELO_hC7Qs
1669,聴,LISTEN,KLC_01669,3,RAD_00128,耳,"ear, hearing",RAD,,PRIMITIVE_OR_NONKLC,https://docs.google.com/spreadsheets/d/13rdpmsI5n0dnsb33u4YHGwI8VrWtCeLDWDELO_hC7Qs
1670,恥,SHAME,KLC_01670,1,RAD_00128,耳,"ear, hearing",RAD,,PRIMITIVE_OR_NONKLC,https://docs.google.com/spreadsheets/d/13rdpmsI5n0dnsb33u4YHGwI8VrWtCeLDWDELO_hC7Qs
1670,恥,SHAME,KLC_01670,2,RAD_00061,心,"heart, mind, spirit",RAD,,PRIMITIVE_OR_NONKLC,https://docs.google.com/spreadsheets/d/13rdpmsI5n0dnsb33u4YHGwI8VrWtCeLDWDELO_hC7Qs
1671,羞,SHAME,KLC_01671,1,KLC_00590,丑,SIGN OF THE OX,KLC,590,EARLIER_OR_SAME_KLC,https://docs.google.com/spreadsheets/d/13rdpmsI5n0dnsb33u4YHGwI8VrWtCeLDWDELO_hC7Qs
1671,羞,SHAME,KLC_01671,2,RAD_00123,羊,sheep,RAD,,PRIMITIVE_OR_NONKLC,https://docs.google.com/spreadsheets/d/13rdpmsI5n0dnsb33u4YHGwI8VrWtCeLDWDELO_hC7Qs
1672,爵,RANK OF NOBILITY,KLC_01672,1,RAD_00041,寸,"measurement, tenth of shaku, a bit of",RAD,,PRIMITIVE_OR_NONKLC,https://docs.google.com/spreadsheets/d/13rdpmsI5n0dnsb33u4YHGwI8VrWtCeLDWDELO_hC7Qs
1672,爵,RANK OF NOBILITY,KLC_01672,2,RAD_00138,艮,stopping,RAD,,PRIMITIVE_OR_NONKLC,https://docs.google.com/spreadsheets/d/13rdpmsI5n0dnsb33u4YHGwI8VrWtCeLDWDELO_hC7Qs
1673,侯,FEUDAL LORD,KLC_01673,1,RAD_00111,矢,"arrow, *straight*",RAD,,PRIMITIVE_OR_NONKLC,https://docs.google.com/spreadsheets/d/13rdpmsI5n0dnsb33u4YHGwI8VrWtCeLDWDELO_hC7Qs
1673,侯,FEUDAL LORD,KLC_01673,2,RAD_00009,人,"person, *roof*",RAD,,PRIMITIVE_OR_NONKLC,https://docs.google.com/spreadsheets/d/13rdpmsI5n0dnsb33u4YHGwI8VrWtCeLDWDELO_hC7Qs
1674,喉,THROAT [choked],KLC_01674,1,KLC_01673,侯,FEUDAL LORD,KLC,1673,EARLIER_OR_SAME_KLC,https://docs.google.com/spreadsheets/d/13rdpmsI5n0dnsb33u4YHGwI8VrWtCeLDWDELO_hC7Qs
1674,喉,THROAT [choked],KLC_01674,2,RAD_00030,口,"mouth, *opening*",RAD,,PRIMITIVE_OR_NONKLC,https://docs.google.com/spreadsheets/d/13rdpmsI5n0dnsb33u4YHGwI8VrWtCeLDWDELO_hC7Qs
1675,候,"CLIMATE, WEATHER",KLC_01675,1,KLC_01673,侯,FEUDAL LORD,KLC,1673,EARLIER_OR_SAME_KLC,https://docs.google.com/spreadsheets/d/13rdpmsI5n0dnsb33u4YHGwI8VrWtCeLDWDELO_hC7Qs
1676,修,"DISCIPLINE, REPAIR, STUDY",KLC_01676,1,RAD_00009,人,"person, *roof*",RAD,,PRIMITIVE_OR_NONKLC,https://docs.google.com/spreadsheets/d/13rdpmsI5n0dnsb33u4YHGwI8VrWtCeLDWDELO_hC7Qs
1676,修,"DISCIPLINE, REPAIR, STUDY",KLC_01676,2,RAD_00066,攴,"hit, strike, *action*",RAD,,PRIMITIVE_OR_NONKLC,https://docs.google.com/spreadsheets/d/13rdpmsI5n0dnsb33u4YHGwI8VrWtCeLDWDELO_hC7Qs
1677,悠,"LEISURELY, SERENE",KLC_01677,1,RAD_00009,人,"person, *roof*",RAD,,PRIMITIVE_OR_NONKLC,https://docs.google.com/spreadsheets/d/13rdpmsI5n0dnsb33u4YHGwI8VrWtCeLDWDELO_hC7Qs
1677,悠,"LEISURELY, SERENE",KLC_01677,2,RAD_00066,攴,"hit, strike, *action*",RAD,,PRIMITIVE_OR_NONKLC,https://docs.google.com/spreadsheets/d/13rdpmsI5n0dnsb33u4YHGwI8VrWtCeLDWDELO_hC7Qs
1677,悠,"LEISURELY, SERENE",KLC_01677,3,RAD_00061,心,"heart, mind, spirit",RAD,,PRIMITIVE_OR_NONKLC,https://docs.google.com/spreadsheets/d/13rdpmsI5n0dnsb33u4YHGwI8VrWtCeLDWDELO_hC7Qs
1678,是,"RIGHT, CORRECT",KLC_01678,1,RAD_00103,疋,bolt of cloth,RAD,,PRIMITIVE_OR_NONKLC,https://docs.google.com/spreadsheets/d/13rdpmsI5n0dnsb33u4YHGwI8VrWtCeLDWDELO_hC7Qs
1678,是,"RIGHT, CORRECT",KLC_01678,2,RAD_00072,日,"sun, day",RAD,,PRIMITIVE_OR_NONKLC,https://docs.google.com/spreadsheets/d/13rdpmsI5n0dnsb33u4YHGwI8VrWtCeLDWDELO_hC7Qs
1679,提,"PRESENT, CARRY IN HAND",KLC_01679,1,RAD_00064,手,"hand, performer of action",RAD,,PRIMITIVE_OR_NONKLC,https://docs.google.com/spreadsheets/d/13rdpmsI5n0dnsb33u4YHGwI8VrWtCeLDWDELO_hC7Qs
1679,提,"PRESENT, CARRY IN HAND",KLC_01679,2,KLC_01678,是,"RIGHT, CORRECT",KLC,1678,EARLIER_OR_SAME_KLC,https://docs.google.com/spreadsheets/d/13rdpmsI5n0dnsb33u4YHGwI8VrWtCeLDWDELO_hC7Qs
1680,堤,"EMBANKMENT, DIKE",KLC_01680,1,KLC_01678,是,"RIGHT, CORRECT",KLC,1678,EARLIER_OR_SAME_KLC,https://docs.google.com/spreadsheets/d/13rdpmsI5n0dnsb33u4YHGwI8VrWtCeLDWDELO_hC7Qs
1680,堤,"EMBANKMENT, DIKE",KLC_01680,2,RAD_00032,土,"soil, earth",RAD,,PRIMITIVE_OR_NONKLC,https://docs.google.com/spreadsheets/d/13rdpmsI5n0dnsb33u4YHGwI8VrWtCeLDWDELO_hC7Qs
1681,題,"TOPIC, PROBLEM",KLC_01681,1,RAD_00181,頁,"leaf, page, *head*",RAD,,PRIMITIVE_OR_NONKLC,https://docs.google.com/spreadsheets/d/13rdpmsI5n0dnsb33u4YHGwI8VrWtCeLDWDELO_hC7Qs
1681,題,"TOPIC, PROBLEM",KLC_01681,2,KLC_01678,是,"RIGHT, CORRECT",KLC,1678,EARLIER_OR_SAME_KLC,https://docs.google.com/spreadsheets/d/13rdpmsI5n0dnsb33u4YHGwI8VrWtCeLDWDELO_hC7Qs
1682,匙,SPOON,KLC_01682,1,KLC_01678,是,"RIGHT, CORRECT",KLC,1678,EARLIER_OR_SAME_KLC,https://docs.google.com/spreadsheets/d/13rdpmsI5n0dnsb33u4YHGwI8VrWtCeLDWDELO_hC7Qs
1682,匙,SPOON,KLC_01682,2,RAD_00021,匕,"spoon, *seated person*",RAD,,PRIMITIVE_OR_NONKLC,https://docs.google.com/spreadsheets/d/13rdpmsI5n0dnsb33u4YHGwI8VrWtCeLDWDELO_hC7Qs
1683,冒,"RISK, DEFY",KLC_01683,1,RAD_00109,目,eye,RAD,,PRIMITIVE_OR_NONKLC,https://docs.google.com/spreadsheets/d/13rdpmsI5n0dnsb33u4YHGwI8VrWtCeLDWDELO_hC7Qs
1683,冒,"RISK, DEFY",KLC_01683,2,RAD_00072,日,"sun, day",RAD,,PRIMITIVE_OR_NONKLC,https://docs.google.com/spreadsheets/d/13rdpmsI5n0dnsb33u4YHGwI8VrWtCeLDWDELO_hC7Qs
1684,昌,"CLEAR, BRIGHT, PROSPEROUS",KLC_01684,1,RAD_00072,日,"sun, day",RAD,,PRIMITIVE_OR_NONKLC,https://docs.google.com/spreadsheets/d/13rdpmsI5n0dnsb33u4YHGwI8VrWtCeLDWDELO_hC7Qs
1685,唱,SING,KLC_01685,1,RAD_00030,口,"mouth, *opening*",RAD,,PRIMITIVE_OR_NONKLC,https://docs.google.com/spreadsheets/d/13rdpmsI5n0dnsb33u4YHGwI8VrWtCeLDWDELO_hC7Qs
1685,唱,SING,KLC_01685,2,KLC_01684,昌,"CLEAR, BRIGHT, PROSPEROUS",KLC,1684,EARLIER_OR_SAME_KLC,https://docs.google.com/spreadsheets/d/13rdpmsI5n0dnsb33u4YHGwI8VrWtCeLDWDELO_hC7Qs
1686,晶,CRYSTAL,KLC_01686,1,RAD_00072,日,"sun, day",RAD,,PRIMITIVE_OR_NONKLC,https://docs.google.com/spreadsheets/d/13rdpmsI5n0dnsb33u4YHGwI8VrWtCeLDWDELO_hC7Qs
1687,帽,HEADGEAR,KLC_01687,1,RAD_00050,巾,"cloth, towel, scarf",RAD,,PRIMITIVE_OR_NONKLC,https://docs.google.com/spreadsheets/d/13rdpmsI5n0dnsb33u4YHGwI8VrWtCeLDWDELO_hC7Qs
1687,帽,HEADGEAR,KLC_01687,2,RAD_00109,目,eye,RAD,,PRIMITIVE_OR_NONKLC,https://docs.google.com/spreadsheets/d/13rdpmsI5n0dnsb33u4YHGwI8VrWtCeLDWDELO_hC7Qs
1687,帽,HEADGEAR,KLC_01687,3,RAD_00072,日,"sun, day",RAD,,PRIMITIVE_OR_NONKLC,https://docs.google.com/spreadsheets/d/13rdpmsI5n0dnsb33u4YHGwI8VrWtCeLDWDELO_hC7Qs
1688,棟,"BUILDING, RIDGEPOLE",KLC_01688,1,RAD_00075,木,tree,RAD,,PRIMITIVE_OR_NONKLC,https://docs.google.com/spreadsheets/d/13rdpmsI5n0dnsb33u4YHGwI8VrWtCeLDWDELO_hC7Qs
1689,凍,FREEZE,KLC_01689,1,RAD_00015,冫,ice,RAD,,PRIMITIVE_OR_NONKLC,https://docs.google.com/spreadsheets/d/13rdpmsI5n0dnsb33u4YHGwI8VrWtCeLDWDELO_hC7Qs
1689,凍,FREEZE,KLC_01689,2,KLC_00032,東,EAST,KLC,32,EARLIER_OR_SAME_KLC,https://docs.google.com/spreadsheets/d/13rdpmsI5n0dnsb33u4YHGwI8VrWtCeLDWDELO_hC7Qs
1690,氷,ICE,KLC_01690,1,RAD_00085,水,"water, *liquid*",RAD,,PRIMITIVE_OR_NONKLC,https://docs.google.com/spreadsheets/d/13rdpmsI5n0dnsb33u4YHGwI8VrWtCeLDWDELO_hC7Qs
1692,泳,SWIM,KLC_01692,1,RAD_00085,水,"water, *liquid*",RAD,,PRIMITIVE_OR_NONKLC,https://docs.google.com/spreadsheets/d/13rdpmsI5n0dnsb33u4YHGwI8VrWtCeLDWDELO_hC7Qs
1692,泳,SWIM,KLC_01692,2,KLC_01691,永,"ETERNAL, LONG",KLC,1691,EARLIER_OR_SAME_KLC,https://docs.google.com/spreadsheets/d/13rdpmsI5n0dnsb33u4YHGwI8VrWtCeLDWDELO_hC7Qs
1693,詠,"RECITE POEM, COMPOSE",KLC_01693,1,KLC_01691,永,"ETERNAL, LONG",KLC,1691,EARLIER_OR_SAME_KLC,https://docs.google.com/spreadsheets/d/13rdpmsI5n0dnsb33u4YHGwI8VrWtCeLDWDELO_hC7Qs
1693,詠,"RECITE POEM, COMPOSE",KLC_01693,2,RAD_00149,言,"speech, word, say",RAD,,PRIMITIVE_OR_NONKLC,https://docs.google.com/spreadsheets/d/13rdpmsI5n0dnsb33u4YHGwI8VrWtCeLDWDELO_hC7Qs
1694,札,"TAG, LABEL",KLC_01694,1,RAD_00075,木,tree,RAD,,PRIMITIVE_OR_NONKLC,https://docs.google.com/spreadsheets/d/13rdpmsI5n0dnsb33u4YHGwI8VrWtCeLDWDELO_hC7Qs
1694,札,"TAG, LABEL",KLC_01694,2,RAD_00006,亅,"hook, barb",RAD,,PRIMITIVE_OR_NONKLC,https://docs.google.com/spreadsheets/d/13rdpmsI5n0dnsb33u4YHGwI8VrWtCeLDWDELO_hC7Qs
1695,枚,COUNTER FOR FLAT THINGS,KLC_01695,1,RAD_00066,攴,"hit, strike, *action*",RAD,,PRIMITIVE_OR_NONKLC,https://docs.google.com/spreadsheets/d/13rdpmsI5n0dnsb33u4YHGwI8VrWtCeLDWDELO_hC7Qs
1695,枚,COUNTER FOR FLAT THINGS,KLC_01695,2,RAD_00075,木,tree,RAD,,PRIMITIVE_OR_NONKLC,https://docs.google.com/spreadsheets/d/13rdpmsI5n0dnsb33u4YHGwI8VrWtCeLDWDELO_hC7Qs
1696,杯,CUP,KLC_01696,1,KLC_00049,不,"NOT, UN-",KLC,49,EARLIER_OR_SAME_KLC,https://docs.google.com/spreadsheets/d/13rdpmsI5n0dnsb33u4YHGwI8VrWtCeLDWDELO_hC7Qs
1696,杯,CUP,KLC_01696,2,RAD_00075,木,tree,RAD,,PRIMITIVE_OR_NONKLC,https://docs.google.com/spreadsheets/d/13rdpmsI5n0dnsb33u4YHGwI8VrWtCeLDWDELO_hC7Qs
1697,析,ANALYZE,KLC_01697,1,RAD_00075,木,tree,RAD,,PRIMITIVE_OR_NONKLC,https://docs.google.com/spreadsheets/d/13rdpmsI5n0dnsb33u4YHGwI8VrWtCeLDWDELO_hC7Qs
1697,析,ANALYZE,KLC_01697,2,RAD_00069,斤,"axe, kin [600 grams]",RAD,,PRIMITIVE_OR_NONKLC,https://docs.google.com/spreadsheets/d/13rdpmsI5n0dnsb33u4YHGwI8VrWtCeLDWDELO_hC7Qs
1698,折,"BREAK, FOLD",KLC_01698,1,RAD_00064,手,"hand, performer of action",RAD,,PRIMITIVE_OR_NONKLC,https://docs.google.com/spreadsheets/d/13rdpmsI5n0dnsb33u4YHGwI8VrWtCeLDWDELO_hC7Qs
1698,折,"BREAK, FOLD",KLC_01698,2,RAD_00069,斤,"axe, kin [600 grams]",RAD,,PRIMITIVE_OR_NONKLC,https://docs.google.com/spreadsheets/d/13rdpmsI5n0dnsb33u4YHGwI8VrWtCeLDWDELO_hC7Qs
1699,挫,"SPRAIN, BREAK",KLC_01699,1,KLC_00749,座,"SEAT, SIT",KLC,749,EARLIER_OR_SAME_KLC,https://docs.google.com/spreadsheets/d/13rdpmsI5n0dnsb33u4YHGwI8VrWtCeLDWDELO_hC7Qs
1699,挫,"SPRAIN, BREAK",KLC_01699,2,RAD_00064,手,"hand, performer of action",RAD,,PRIMITIVE_OR_NONKLC,https://docs.google.com/spreadsheets/d/13rdpmsI5n0dnsb33u4YHGwI8VrWtCeLDWDELO_hC7Qs
1700,捻,TWIST,KLC_01700,1,RAD_00064,手,"hand, performer of action",RAD,,PRIMITIVE_OR_NONKLC,https://docs.google.com/spreadsheets/d/13rdpmsI5n0dnsb33u4YHGwI8VrWtCeLDWDELO_hC7Qs
1700,捻,TWIST,KLC_01700,2,KLC_00230,念,"THOUGHTS, MIND",KLC,230,EARLIER_OR_SAME_KLC,https://docs.google.com/spreadsheets/d/13rdpmsI5n0dnsb33u4YHGwI8VrWtCeLDWDELO_hC7Qs
1701,誓,"SWEAR, VOW",KLC_01701,1,RAD_00149,言,"speech, word, say",RAD,,PRIMITIVE_OR_NONKLC,https://docs.google.com/spreadsheets/d/13rdpmsI5n0dnsb33u4YHGwI8VrWtCeLDWDELO_hC7Qs
1701,誓,"SWEAR, VOW",KLC_01701,2,KLC_01698,折,"BREAK, FOLD",KLC,1698,EARLIER_OR_SAME_KLC,https://docs.google.com/spreadsheets/d/13rdpmsI5n0dnsb33u4YHGwI8VrWtCeLDWDELO_hC7Qs
1702,逝,DEPART THIS LIFE,KLC_01702,1,RAD_00162,辵,"walk, *transport*",RAD,,PRIMITIVE_OR_NONKLC,https://docs.google.com/spreadsheets/d/13rdpmsI5n0dnsb33u4YHGwI8VrWtCeLDWDELO_hC7Qs
1702,逝,DEPART THIS LIFE,KLC_01702,2,KLC_01698,折,"BREAK, FOLD",KLC,1698,EARLIER_OR_SAME_KLC,https://docs.google.com/spreadsheets/d/13rdpmsI5n0dnsb33u4YHGwI8VrWtCeLDWDELO_hC7Qs
1703,哲,"SAGACIOUS, PHILOSOPHY",KLC_01703,1,KLC_01698,折,"BREAK, FOLD",KLC,1698,EARLIER_OR_SAME_KLC,https://docs.google.com/spreadsheets/d/13rdpmsI5n0dnsb33u4YHGwI8VrWtCeLDWDELO_hC7Qs
1703,哲,"SAGACIOUS, PHILOSOPHY",KLC_01703,2,RAD_00030,口,"mouth, *opening*",RAD,,PRIMITIVE_OR_NONKLC,https://docs.google.com/spreadsheets/d/13rdpmsI5n0dnsb33u4YHGwI8VrWtCeLDWDELO_hC7Qs
1704,斬,"KILL, CUT DOWN",KLC_01704,1,RAD_00069,斤,"axe, kin [600 grams]",RAD,,PRIMITIVE_OR_NONKLC,https://docs.google.com/spreadsheets/d/13rdpmsI5n0dnsb33u4YHGwI8VrWtCeLDWDELO_hC7Qs
1704,斬,"KILL, CUT DOWN",KLC_01704,2,RAD_00159,車,"car, cart",RAD,,PRIMITIVE_OR_NONKLC,https://docs.google.com/spreadsheets/d/13rdpmsI5n0dnsb33u4YHGwI8VrWtCeLDWDELO_hC7Qs
1705,漸,GRADUALLY,KLC_01705,1,KLC_01704,斬,"KILL, CUT DOWN",KLC,1704,EARLIER_OR_SAME_KLC,https://docs.google.com/spreadsheets/d/13rdpmsI5n0dnsb33u4YHGwI8VrWtCeLDWDELO_hC7Qs
1705,漸,GRADUALLY,KLC_01705,2,RAD_00085,水,"water, *liquid*",RAD,,PRIMITIVE_OR_NONKLC,https://docs.google.com/spreadsheets/d/13rdpmsI5n0dnsb33u4YHGwI8VrWtCeLDWDELO_hC7Qs
1706,暫,"TEMPORARY, SHORT WHILE",KLC_01706,1,KLC_01704,斬,"KILL, CUT DOWN",KLC,1704,EARLIER_OR_SAME_KLC,https://docs.google.com/spreadsheets/d/13rdpmsI5n0dnsb33u4YHGwI8VrWtCeLDWDELO_hC7Qs
1706,暫,"TEMPORARY, SHORT WHILE",KLC_01706,2,RAD_00072,日,"sun, day",RAD,,PRIMITIVE_OR_NONKLC,https://docs.google.com/spreadsheets/d/13rdpmsI5n0dnsb33u4YHGwI8VrWtCeLDWDELO_hC7Qs
1707,斥,"EXPEL, REJECT",KLC_01707,1,RAD_00069,斤,"axe, kin [600 grams]",RAD,,PRIMITIVE_OR_NONKLC,https://docs.google.com/spreadsheets/d/13rdpmsI5n0dnsb33u4YHGwI8VrWtCeLDWDELO_hC7Qs
1708,訴,"ACCUSATION, SUE",KLC_01708,1,RAD_00149,言,"speech, word, say",RAD,,PRIMITIVE_OR_NONKLC,https://docs.google.com/spreadsheets/d/13rdpmsI5n0dnsb33u4YHGwI8VrWtCeLDWDELO_hC7Qs
1708,訴,"ACCUSATION, SUE",KLC_01708,2,KLC_01707,斥,"EXPEL, REJECT",KLC,1707,EARLIER_OR_SAME_KLC,https://docs.google.com/spreadsheets/d/13rdpmsI5n0dnsb33u4YHGwI8VrWtCeLDWDELO_hC7Qs
1709,訟,"LITIGATE, SUE",KLC_01709,1,RAD_00149,言,"speech, word, say",RAD,,PRIMITIVE_OR_NONKLC,https://docs.google.com/spreadsheets/d/13rdpmsI5n0dnsb33u4YHGwI8VrWtCeLDWDELO_hC7Qs
1709,訟,"LITIGATE, SUE",KLC_01709,2,KLC_00089,公,PUBLIC,KLC,89,EARLIER_OR_SAME_KLC,https://docs.google.com/spreadsheets/d/13rdpmsI5n0dnsb33u4YHGwI8VrWtCeLDWDELO_hC7Qs
1710,究,"STUDY, RESEARCH",KLC_01710,1,RAD_00116,穴,"cave, hole",RAD,,PRIMITIVE_OR_NONKLC,https://docs.google.com/spreadsheets/d/13rdpmsI5n0dnsb33u4YHGwI8VrWtCeLDWDELO_hC7Qs
1710,究,"STUDY, RESEARCH",KLC_01710,2,KLC_00011,九,NINE,KLC,11,EARLIER_OR_SAME_KLC,https://docs.google.com/spreadsheets/d/13rdpmsI5n0dnsb33u4YHGwI8VrWtCeLDWDELO_hC7Qs
1711,窮,PUSHED TO THE LIMIT,KLC_01711,1,RAD_00158,身,"body, social position",RAD,,PRIMITIVE_OR_NONKLC,https://docs.google.com/spreadsheets/d/13rdpmsI5n0dnsb33u4YHGwI8VrWtCeLDWDELO_hC7Qs
1711,窮,PUSHED TO THE LIMIT,KLC_01711,2,RAD_00057,弓,bow,RAD,,PRIMITIVE_OR_NONKLC,https://docs.google.com/spreadsheets/d/13rdpmsI5n0dnsb33u4YHGwI8VrWtCeLDWDELO_hC7Qs
1711,窮,PUSHED TO THE LIMIT,KLC_01711,3,RAD_00116,穴,"cave, hole",RAD,,PRIMITIVE_OR_NONKLC,https://docs.google.com/spreadsheets/d/13rdpmsI5n0dnsb33u4YHGwI8VrWtCeLDWDELO_hC7Qs
1712,極,"EXTREME, POLE",KLC_01712,1,RAD_00075,木,tree,RAD,,PRIMITIVE_OR_NONKLC,https://docs.google.com/spreadsheets/d/13rdpmsI5n0dnsb33u4YHGwI8VrWtCeLDWDELO_hC7Qs
1714,探,"PROBE, LOOK FOR",KLC_01714,1,RAD_00116,穴,"cave, hole",RAD,,PRIMITIVE_OR_NONKLC,https://docs.google.com/spreadsheets/d/13rdpmsI5n0dnsb33u4YHGwI8VrWtCeLDWDELO_hC7Qs
1714,探,"PROBE, LOOK FOR",KLC_01714,2,RAD_00075,木,tree,RAD,,PRIMITIVE_OR_NONKLC,https://docs.google.com/spreadsheets/d/13rdpmsI5n0dnsb33u4YHGwI8VrWtCeLDWDELO_hC7Qs
1714,探,"PROBE, LOOK FOR",KLC_01714,3,RAD_00064,手,"hand, performer of action",RAD,,PRIMITIVE_OR_NONKLC,https://docs.google.com/spreadsheets/d/13rdpmsI5n0dnsb33u4YHGwI8VrWtCeLDWDELO_hC7Qs
1715,深,DEEP,KLC_01715,1,RAD_00075,木,tree,RAD,,PRIMITIVE_OR_NONKLC,https://docs.google.com/spreadsheets/d/13rdpmsI5n0dnsb33u4YHGwI8VrWtCeLDWDELO_hC7Qs
1715,深,DEEP,KLC_01715,2,RAD_00116,穴,"cave, hole",RAD,,PRIMITIVE_OR_NONKLC,https://docs.google.com/spreadsheets/d/13rdpmsI5n0dnsb33u4YHGwI8VrWtCeLDWDELO_hC7Qs
1715,深,DEEP,KLC_01715,3,RAD_00085,水,"water, *liquid*",RAD,,PRIMITIVE_OR_NONKLC,https://docs.google.com/spreadsheets/d/13rdpmsI5n0dnsb33u4YHGwI8VrWtCeLDWDELO_hC7Qs
1716,慄,"TREMBLE, FEAR",KLC_01716,1,KLC_00781,栗,CHESTNUT,KLC,781,EARLIER_OR_SAME_KLC,https://docs.google.com/spreadsheets/d/13rdpmsI5n0dnsb33u4YHGwI8VrWtCeLDWDELO_hC7Qs
1716,慄,"TREMBLE, FEAR",KLC_01716,2,RAD_00061,心,"heart, mind, spirit",RAD,,PRIMITIVE_OR_NONKLC,https://docs.google.com/spreadsheets/d/13rdpmsI5n0dnsb33u4YHGwI8VrWtCeLDWDELO_hC7Qs
1717,惧,FEAR,KLC_01717,1,RAD_00061,心,"heart, mind, spirit",RAD,,PRIMITIVE_OR_NONKLC,https://docs.google.com/spreadsheets/d/13rdpmsI5n0dnsb33u4YHGwI8VrWtCeLDWDELO_hC7Qs
1717,惧,FEAR,KLC_01717,2,KLC_00837,具,TOOL,KLC,837,EARLIER_OR_SAME_KLC,https://docs.google.com/spreadsheets/d/13rdpmsI5n0dnsb33u4YHGwI8VrWtCeLDWDELO_hC7Qs
1718,慎,"PRUDENT, HUMILITY",KLC_01718,1,KLC_00838,真,TRUE,KLC,838,EARLIER_OR_SAME_KLC,https://docs.google.com/spreadsheets/d/13rdpmsI5n0dnsb33u4YHGwI8VrWtCeLDWDELO_hC7Qs
1718,慎,"PRUDENT, HUMILITY",KLC_01718,2,RAD_00061,心,"heart, mind, spirit",RAD,,PRIMITIVE_OR_NONKLC,https://docs.google.com/spreadsheets/d/13rdpmsI5n0dnsb33u4YHGwI8VrWtCeLDWDELO_hC7Qs
1719,鎮,"QUELL, TRANQUILLIZE",KLC_01719,1,KLC_00838,真,TRUE,KLC,838,EARLIER_OR_SAME_KLC,https://docs.google.com/spreadsheets/d/13rdpmsI5n0dnsb33u4YHGwI8VrWtCeLDWDELO_hC7Qs
1719,鎮,"QUELL, TRANQUILLIZE",KLC_01719,2,RAD_00167,金,"metal, gold, money",RAD,,PRIMITIVE_OR_NONKLC,https://docs.google.com/spreadsheets/d/13rdpmsI5n0dnsb33u4YHGwI8VrWtCeLDWDELO_hC7Qs
1720,填,FILL [in],KLC_01720,1,RAD_00032,土,"soil, earth",RAD,,PRIMITIVE_OR_NONKLC,https://docs.google.com/spreadsheets/d/13rdpmsI5n0dnsb33u4YHGwI8VrWtCeLDWDELO_hC7Qs
1720,填,FILL [in],KLC_01720,2,KLC_00838,真,TRUE,KLC,838,EARLIER_OR_SAME_KLC,https://docs.google.com/spreadsheets/d/13rdpmsI5n0dnsb33u4YHGwI8VrWtCeLDWDELO_hC7Qs
1721,婚,MARRY,KLC_01721,1,RAD_00038,女,woman,RAD,,PRIMITIVE_OR_NONKLC,https://docs.google.com/spreadsheets/d/13rdpmsI5n0dnsb33u4YHGwI8VrWtCeLDWDELO_hC7Qs
1721,婚,MARRY,KLC_01721,2,RAD_00083,氏,"family, clan",RAD,,PRIMITIVE_OR_NONKLC,https://docs.google.com/spreadsheets/d/13rdpmsI5n0dnsb33u4YHGwI8VrWtCeLDWDELO_hC7Qs
1721,婚,MARRY,KLC_01721,3,RAD_00072,日,"sun, day",RAD,,PRIMITIVE_OR_NONKLC,https://docs.google.com/spreadsheets/d/13rdpmsI5n0dnsb33u4YHGwI8VrWtCeLDWDELO_hC7Qs
1722,囚,PRISONER,KLC_01722,1,RAD_00009,人,"person, *roof*",RAD,,PRIMITIVE_OR_NONKLC,https://docs.google.com/spreadsheets/d/13rdpmsI5n0dnsb33u4YHGwI8VrWtCeLDWDELO_hC7Qs
1723,困,"BE IN TROUBLE, DISTRESSED",KLC_01723,1,RAD_00075,木,tree,RAD,,PRIMITIVE_OR_NONKLC,https://docs.google.com/spreadsheets/d/13rdpmsI5n0dnsb33u4YHGwI8VrWtCeLDWDELO_hC7Qs
1724,梱,PACKAGE,KLC_01724,1,RAD_00075,木,tree,RAD,,PRIMITIVE_OR_NONKLC,https://docs.google.com/spreadsheets/d/13rdpmsI5n0dnsb33u4YHGwI8VrWtCeLDWDELO_hC7Qs
1725,因,CAUSE,KLC_01725,1,RAD_00037,大,"big, university",RAD,,PRIMITIVE_OR_NONKLC,https://docs.google.com/spreadsheets/d/13rdpmsI5n0dnsb33u4YHGwI8VrWtCeLDWDELO_hC7Qs
1725,因,CAUSE,KLC_01725,2,RAD_00031,囗,"box enclosure, *borders*",RAD,,PRIMITIVE_OR_NONKLC,https://docs.google.com/spreadsheets/d/13rdpmsI5n0dnsb33u4YHGwI8VrWtCeLDWDELO_hC7Qs
1726,姻,MARRIAGE,KLC_01726,1,RAD_00038,女,woman,RAD,,PRIMITIVE_OR_NONKLC,https://docs.google.com/spreadsheets/d/13rdpmsI5n0dnsb33u4YHGwI8VrWtCeLDWDELO_hC7Qs
1726,姻,MARRIAGE,KLC_01726,2,KLC_01725,因,CAUSE,KLC,1725,EARLIER_OR_SAME_KLC,https://docs.google.com/spreadsheets/d/13rdpmsI5n0dnsb33u4YHGwI8VrWtCeLDWDELO_hC7Qs
1727,咽,THROAT,KLC_01727,1,RAD_00030,口,"mouth, *opening*",RAD,,PRIMITIVE_OR_NONKLC,https://docs.google.com/spreadsheets/d/13rdpmsI5n0dnsb33u4YHGwI8VrWtCeLDWDELO_hC7Qs
1728,恩,"GRACE, GRATITUDE",KLC_01728,1,KLC_01725,因,CAUSE,KLC,1725,EARLIER_OR_SAME_KLC,https://docs.google.com/spreadsheets/d/13rdpmsI5n0dnsb33u4YHGwI8VrWtCeLDWDELO_hC7Qs
1728,恩,"GRACE, GRATITUDE",KLC_01728,2,RAD_00061,心,"heart, mind, spirit",RAD,,PRIMITIVE_OR_NONKLC,https://docs.google.com/spreadsheets/d/13rdpmsI5n0dnsb33u4YHGwI8VrWtCeLDWDELO_hC7Qs
1729,菌,BACTERIA,KLC_01729,1,RAD_00031,囗,"box enclosure, *borders*",RAD,,PRIMITIVE_OR_NONKLC,https://docs.google.com/spreadsheets/d/13rdpmsI5n0dnsb33u4YHGwI8VrWtCeLDWDELO_hC7Qs
1729,菌,BACTERIA,KLC_01729,2,RAD_00115,禾,grain,RAD,,PRIMITIVE_OR_NONKLC,https://docs.google.com/spreadsheets/d/13rdpmsI5n0dnsb33u4YHGwI8VrWtCeLDWDELO_hC7Qs
1730,漢,"[ancient] CHINESE, FELLOW",KLC_01730,1,RAD_00085,水,"water, *liquid*",RAD,,PRIMITIVE_OR_NONKLC,https://docs.google.com/spreadsheets/d/13rdpmsI5n0dnsb33u4YHGwI8VrWtCeLDWDELO_hC7Qs
1731,嘆,"SIGH, LAMENT",KLC_01731,1,RAD_00030,口,"mouth, *opening*",RAD,,PRIMITIVE_OR_NONKLC,https://docs.google.com/spreadsheets/d/13rdpmsI5n0dnsb33u4YHGwI8VrWtCeLDWDELO_hC7Qs
1732,勤,"SERVICE, WORK",KLC_01732,1,RAD_00019,力,"power, strength",RAD,,PRIMITIVE_OR_NONKLC,https://docs.google.com/spreadsheets/d/13rdpmsI5n0dnsb33u4YHGwI8VrWtCeLDWDELO_hC7Qs
1733,謹,RESPECTFULLY,KLC_01733,1,RAD_00149,言,"speech, word, say",RAD,,PRIMITIVE_OR_NONKLC,https://docs.google.com/spreadsheets/d/13rdpmsI5n0dnsb33u4YHGwI8VrWtCeLDWDELO_hC7Qs
1734,僅,"A LITTLE,  A FEW",KLC_01734,1,RAD_00009,人,"person, *roof*",RAD,,PRIMITIVE_OR_NONKLC,https://docs.google.com/spreadsheets/d/13rdpmsI5n0dnsb33u4YHGwI8VrWtCeLDWDELO_hC7Qs
1735,索,SEARCH FOR,KLC_01735,1,RAD_00040,宀,roof,RAD,,PRIMITIVE_OR_NONKLC,https://docs.google.com/spreadsheets/d/13rdpmsI5n0dnsb33u4YHGwI8VrWtCeLDWDELO_hC7Qs
1735,索,SEARCH FOR,KLC_01735,2,RAD_00024,十,"ten, complete, *cross*, *needle*, *plant*",RAD,,PRIMITIVE_OR_NONKLC,https://docs.google.com/spreadsheets/d/13rdpmsI5n0dnsb33u4YHGwI8VrWtCeLDWDELO_hC7Qs
1735,索,SEARCH FOR,KLC_01735,3,RAD_00120,糸,"thread, silk",RAD,,PRIMITIVE_OR_NONKLC,https://docs.google.com/spreadsheets/d/13rdpmsI5n0dnsb33u4YHGwI8VrWtCeLDWDELO_hC7Qs
1736,牽,"DRAW, PULL",KLC_01736,1,RAD_00052,幺,"short thread, *child*",RAD,,PRIMITIVE_OR_NONKLC,https://docs.google.com/spreadsheets/d/13rdpmsI5n0dnsb33u4YHGwI8VrWtCeLDWDELO_hC7Qs
1736,牽,"DRAW, PULL",KLC_01736,2,RAD_00093,牛,"cow, cattle",RAD,,PRIMITIVE_OR_NONKLC,https://docs.google.com/spreadsheets/d/13rdpmsI5n0dnsb33u4YHGwI8VrWtCeLDWDELO_hC7Qs
1737,牢,"PRISON, HARDNESS",KLC_01737,1,RAD_00093,牛,"cow, cattle",RAD,,PRIMITIVE_OR_NONKLC,https://docs.google.com/spreadsheets/d/13rdpmsI5n0dnsb33u4YHGwI8VrWtCeLDWDELO_hC7Qs
1737,牢,"PRISON, HARDNESS",KLC_01737,2,RAD_00040,宀,roof,RAD,,PRIMITIVE_OR_NONKLC,https://docs.google.com/spreadsheets/d/13rdpmsI5n0dnsb33u4YHGwI8VrWtCeLDWDELO_hC7Qs
1738,啓,"ENLIGHTEN, ADDRESS RESPECTFULLY",KLC_01738,1,RAD_00030,口,"mouth, *opening*",RAD,,PRIMITIVE_OR_NONKLC,https://docs.google.com/spreadsheets/d/13rdpmsI5n0dnsb33u4YHGwI8VrWtCeLDWDELO_hC7Qs
1738,啓,"ENLIGHTEN, ADDRESS RESPECTFULLY",KLC_01738,2,RAD_00066,攴,"hit, strike, *action*",RAD,,PRIMITIVE_OR_NONKLC,https://docs.google.com/spreadsheets/d/13rdpmsI5n0dnsb33u4YHGwI8VrWtCeLDWDELO_hC7Qs
1739,庶,"MANIFOLD, COMMONER",KLC_01739,1,RAD_00086,火,fire,RAD,,PRIMITIVE_OR_NONKLC,https://docs.google.com/spreadsheets/d/13rdpmsI5n0dnsb33u4YHGwI8VrWtCeLDWDELO_hC7Qs
1739,庶,"MANIFOLD, COMMONER",KLC_01739,2,SUP_00006,廿,stove,SUP,,PRIMITIVE_OR_NONKLC,https://docs.google.com/spreadsheets/d/13rdpmsI5n0dnsb33u4YHGwI8VrWtCeLDWDELO_hC7Qs
1739,庶,"MANIFOLD, COMMONER",KLC_01739,3,RAD_00053,广,"dotted cliff, *shelter*",RAD,,PRIMITIVE_OR_NONKLC,https://docs.google.com/spreadsheets/d/13rdpmsI5n0dnsb33u4YHGwI8VrWtCeLDWDELO_hC7Qs
1740,遮,"INTERRUPT, CUT OFF",KLC_01740,1,KLC_01739,庶,"MANIFOLD, COMMONER",KLC,1739,EARLIER_OR_SAME_KLC,https://docs.google.com/spreadsheets/d/13rdpmsI5n0dnsb33u4YHGwI8VrWtCeLDWDELO_hC7Qs
1740,遮,"INTERRUPT, CUT OFF",KLC_01740,2,RAD_00162,辵,"walk, *transport*",RAD,,PRIMITIVE_OR_NONKLC,https://docs.google.com/spreadsheets/d/13rdpmsI5n0dnsb33u4YHGwI8VrWtCeLDWDELO_hC7Qs
1742,雀,"SPARROW, MAHJONG",KLC_01742,1,KLC_00677,少,"LITTLE, FEW",KLC,677,EARLIER_OR_SAME_KLC,https://docs.google.com/spreadsheets/d/13rdpmsI5n0dnsb33u4YHGwI8VrWtCeLDWDELO_hC7Qs
1742,雀,"SPARROW, MAHJONG",KLC_01742,2,RAD_00172,隹,small bird,RAD,,PRIMITIVE_OR_NONKLC,https://docs.google.com/spreadsheets/d/13rdpmsI5n0dnsb33u4YHGwI8VrWtCeLDWDELO_hC7Qs
1743,劣,INFERIOR,KLC_01743,1,KLC_00677,少,"LITTLE, FEW",KLC,677,EARLIER_OR_SAME_KLC,https://docs.google.com/spreadsheets/d/13rdpmsI5n0dnsb33u4YHGwI8VrWtCeLDWDELO_hC7Qs
1743,劣,INFERIOR,KLC_01743,2,RAD_00019,力,"power, strength",RAD,,PRIMITIVE_OR_NONKLC,https://docs.google.com/spreadsheets/d/13rdpmsI5n0dnsb33u4YHGwI8VrWtCeLDWDELO_hC7Qs
1744,抄,"EXTRACT, SELECTION",KLC_01744,1,RAD_00064,手,"hand, performer of action",RAD,,PRIMITIVE_OR_NONKLC,https://docs.google.com/spreadsheets/d/13rdpmsI5n0dnsb33u4YHGwI8VrWtCeLDWDELO_hC7Qs
1744,抄,"EXTRACT, SELECTION",KLC_01744,2,KLC_00677,少,"LITTLE, FEW",KLC,677,EARLIER_OR_SAME_KLC,https://docs.google.com/spreadsheets/d/13rdpmsI5n0dnsb33u4YHGwI8VrWtCeLDWDELO_hC7Qs
1745,秒,SECOND [time unit],KLC_01745,1,KLC_00677,少,"LITTLE, FEW",KLC,677,EARLIER_OR_SAME_KLC,https://docs.google.com/spreadsheets/d/13rdpmsI5n0dnsb33u4YHGwI8VrWtCeLDWDELO_hC7Qs
1745,秒,SECOND [time unit],KLC_01745,2,RAD_00115,禾,grain,RAD,,PRIMITIVE_OR_NONKLC,https://docs.google.com/spreadsheets/d/13rdpmsI5n0dnsb33u4YHGwI8VrWtCeLDWDELO_hC7Qs
1746,妙,"MARVELOUS, STRANGE",KLC_01746,1,KLC_00677,少,"LITTLE, FEW",KLC,677,EARLIER_OR_SAME_KLC,https://docs.google.com/spreadsheets/d/13rdpmsI5n0dnsb33u4YHGwI8VrWtCeLDWDELO_hC7Qs
1746,妙,"MARVELOUS, STRANGE",KLC_01746,2,RAD_00038,女,woman,RAD,,PRIMITIVE_OR_NONKLC,https://docs.google.com/spreadsheets/d/13rdpmsI5n0dnsb33u4YHGwI8VrWtCeLDWDELO_hC7Qs
1747,沙,SAND,KLC_01747,1,KLC_00677,少,"LITTLE, FEW",KLC,677,EARLIER_OR_SAME_KLC,https://docs.google.com/spreadsheets/d/13rdpmsI5n0dnsb33u4YHGwI8VrWtCeLDWDELO_hC7Qs
1747,沙,SAND,KLC_01747,2,RAD_00085,水,"water, *liquid*",RAD,,PRIMITIVE_OR_NONKLC,https://docs.google.com/spreadsheets/d/13rdpmsI5n0dnsb33u4YHGwI8VrWtCeLDWDELO_hC7Qs
1748,汰,"WASH, FILTER",KLC_01748,1,RAD_00085,水,"water, *liquid*",RAD,,PRIMITIVE_OR_NONKLC,https://docs.google.com/spreadsheets/d/13rdpmsI5n0dnsb33u4YHGwI8VrWtCeLDWDELO_hC7Qs
1748,汰,"WASH, FILTER",KLC_01748,2,KLC_00294,太,"FAT, THICK",KLC,294,EARLIER_OR_SAME_KLC,https://docs.google.com/spreadsheets/d/13rdpmsI5n0dnsb33u4YHGwI8VrWtCeLDWDELO_hC7Qs
1749,煎,"BOIL, ROAST",KLC_01749,1,RAD_00086,火,fire,RAD,,PRIMITIVE_OR_NONKLC,https://docs.google.com/spreadsheets/d/13rdpmsI5n0dnsb33u4YHGwI8VrWtCeLDWDELO_hC7Qs
1749,煎,"BOIL, ROAST",KLC_01749,2,RAD_00113,示,"spirit, sign, show",RAD,,PRIMITIVE_OR_NONKLC,https://docs.google.com/spreadsheets/d/13rdpmsI5n0dnsb33u4YHGwI8VrWtCeLDWDELO_hC7Qs
1750,炒,ROAST,KLC_01750,1,KLC_00677,少,"LITTLE, FEW",KLC,677,EARLIER_OR_SAME_KLC,https://docs.google.com/spreadsheets/d/13rdpmsI5n0dnsb33u4YHGwI8VrWtCeLDWDELO_hC7Qs
1750,炒,ROAST,KLC_01750,2,RAD_00086,火,fire,RAD,,PRIMITIVE_OR_NONKLC,https://docs.google.com/spreadsheets/d/13rdpmsI5n0dnsb33u4YHGwI8VrWtCeLDWDELO_hC7Qs
1751,炊,COOK,KLC_01751,1,RAD_00076,欠,"lack, *open mouth*",RAD,,PRIMITIVE_OR_NONKLC,https://docs.google.com/spreadsheets/d/13rdpmsI5n0dnsb33u4YHGwI8VrWtCeLDWDELO_hC7Qs
1751,炊,COOK,KLC_01751,2,RAD_00086,火,fire,RAD,,PRIMITIVE_OR_NONKLC,https://docs.google.com/spreadsheets/d/13rdpmsI5n0dnsb33u4YHGwI8VrWtCeLDWDELO_hC7Qs
1752,焚,"KINDLE, BURN",KLC_01752,1,KLC_00240,林,FOREST,KLC,240,EARLIER_OR_SAME_KLC,https://docs.google.com/spreadsheets/d/13rdpmsI5n0dnsb33u4YHGwI8VrWtCeLDWDELO_hC7Qs
1752,焚,"KINDLE, BURN",KLC_01752,2,RAD_00086,火,fire,RAD,,PRIMITIVE_OR_NONKLC,https://docs.google.com/spreadsheets/d/13rdpmsI5n0dnsb33u4YHGwI8VrWtCeLDWDELO_hC7Qs
1753,薪,FIREWOOD,KLC_01753,1,KLC_00275,新,NEW,KLC,275,EARLIER_OR_SAME_KLC,https://docs.google.com/spreadsheets/d/13rdpmsI5n0dnsb33u4YHGwI8VrWtCeLDWDELO_hC7Qs
1753,薪,FIREWOOD,KLC_01753,2,RAD_00140,艸,"grass, vegetation",RAD,,PRIMITIVE_OR_NONKLC,https://docs.google.com/spreadsheets/d/13rdpmsI5n0dnsb33u4YHGwI8VrWtCeLDWDELO_hC7Qs
1757,其,"THAT, *binding*",KLC_01757,1,KLC_00356,共,"JOINT, TOGETHER",KLC,356,EARLIER_OR_SAME_KLC,https://docs.google.com/spreadsheets/d/13rdpmsI5n0dnsb33u4YHGwI8VrWtCeLDWDELO_hC7Qs
1759,芝,LAWN GRASS,KLC_01759,1,RAD_00140,艸,"grass, vegetation",RAD,,PRIMITIVE_OR_NONKLC,https://docs.google.com/spreadsheets/d/13rdpmsI5n0dnsb33u4YHGwI8VrWtCeLDWDELO_hC7Qs
1759,芝,LAWN GRASS,KLC_01759,2,KLC_01758,乏,"SCARCE, POOR",KLC,1758,EARLIER_OR_SAME_KLC,https://docs.google.com/spreadsheets/d/13rdpmsI5n0dnsb33u4YHGwI8VrWtCeLDWDELO_hC7Qs
1760,及,"REACH, EXTEND, AND",KLC_01760,1,KLC_01754,乃,"POSSESSIVE PARTICLE, FROM",KLC,1754,EARLIER_OR_SAME_KLC,https://docs.google.com/spreadsheets/d/13rdpmsI5n0dnsb33u4YHGwI8VrWtCeLDWDELO_hC7Qs
1760,及,"REACH, EXTEND, AND",KLC_01760,2,RAD_00054,廴,"long stride, stretch",RAD,,PRIMITIVE_OR_NONKLC,https://docs.google.com/spreadsheets/d/13rdpmsI5n0dnsb33u4YHGwI8VrWtCeLDWDELO_hC7Qs
1761,扱,"HANDLE, TREAT",KLC_01761,1,RAD_00064,手,"hand, performer of action",RAD,,PRIMITIVE_OR_NONKLC,https://docs.google.com/spreadsheets/d/13rdpmsI5n0dnsb33u4YHGwI8VrWtCeLDWDELO_hC7Qs
1761,扱,"HANDLE, TREAT",KLC_01761,2,KLC_01760,及,"REACH, EXTEND, AND",KLC,1760,EARLIER_OR_SAME_KLC,https://docs.google.com/spreadsheets/d/13rdpmsI5n0dnsb33u4YHGwI8VrWtCeLDWDELO_hC7Qs
1762,級,"GRADE, RANK",KLC_01762,1,RAD_00120,糸,"thread, silk",RAD,,PRIMITIVE_OR_NONKLC,https://docs.google.com/spreadsheets/d/13rdpmsI5n0dnsb33u4YHGwI8VrWtCeLDWDELO_hC7Qs
1762,級,"GRADE, RANK",KLC_01762,2,KLC_01760,及,"REACH, EXTEND, AND",KLC,1760,EARLIER_OR_SAME_KLC,https://docs.google.com/spreadsheets/d/13rdpmsI5n0dnsb33u4YHGwI8VrWtCeLDWDELO_hC7Qs
1763,吸,"SUCK, BREATHE IN",KLC_01763,1,RAD_00030,口,"mouth, *opening*",RAD,,PRIMITIVE_OR_NONKLC,https://docs.google.com/spreadsheets/d/13rdpmsI5n0dnsb33u4YHGwI8VrWtCeLDWDELO_hC7Qs
1763,吸,"SUCK, BREATHE IN",KLC_01763,2,KLC_01760,及,"REACH, EXTEND, AND",KLC,1760,EARLIER_OR_SAME_KLC,https://docs.google.com/spreadsheets/d/13rdpmsI5n0dnsb33u4YHGwI8VrWtCeLDWDELO_hC7Qs
1764,吹,"BLOW, BREATHE OUT",KLC_01764,1,RAD_00030,口,"mouth, *opening*",RAD,,PRIMITIVE_OR_NONKLC,https://docs.google.com/spreadsheets/d/13rdpmsI5n0dnsb33u4YHGwI8VrWtCeLDWDELO_hC7Qs
1764,吹,"BLOW, BREATHE OUT",KLC_01764,2,RAD_00076,欠,"lack, *open mouth*",RAD,,PRIMITIVE_OR_NONKLC,https://docs.google.com/spreadsheets/d/13rdpmsI5n0dnsb33u4YHGwI8VrWtCeLDWDELO_hC7Qs
1765,呼,"CALL, SEND FOR",KLC_01765,1,RAD_00030,口,"mouth, *opening*",RAD,,PRIMITIVE_OR_NONKLC,https://docs.google.com/spreadsheets/d/13rdpmsI5n0dnsb33u4YHGwI8VrWtCeLDWDELO_hC7Qs
1766,吐,"SPEW, VOMIT",KLC_01766,1,RAD_00030,口,"mouth, *opening*",RAD,,PRIMITIVE_OR_NONKLC,https://docs.google.com/spreadsheets/d/13rdpmsI5n0dnsb33u4YHGwI8VrWtCeLDWDELO_hC7Qs
1766,吐,"SPEW, VOMIT",KLC_01766,2,RAD_00032,土,"soil, earth",RAD,,PRIMITIVE_OR_NONKLC,https://docs.google.com/spreadsheets/d/13rdpmsI5n0dnsb33u4YHGwI8VrWtCeLDWDELO_hC7Qs
1767,叶,"GRANT, FULFILL",KLC_01767,1,RAD_00030,口,"mouth, *opening*",RAD,,PRIMITIVE_OR_NONKLC,https://docs.google.com/spreadsheets/d/13rdpmsI5n0dnsb33u4YHGwI8VrWtCeLDWDELO_hC7Qs
1768,𠮟,SCOLD,KLC_01768,1,RAD_00030,口,"mouth, *opening*",RAD,,PRIMITIVE_OR_NONKLC,https://docs.google.com/spreadsheets/d/13rdpmsI5n0dnsb33u4YHGwI8VrWtCeLDWDELO_hC7Qs
1768,𠮟,SCOLD,KLC_01768,2,KLC_00009,七,SEVEN,KLC,9,EARLIER_OR_SAME_KLC,https://docs.google.com/spreadsheets/d/13rdpmsI5n0dnsb33u4YHGwI8VrWtCeLDWDELO_hC7Qs
1769,叫,SHOUT,KLC_01769,1,RAD_00030,口,"mouth, *opening*",RAD,,PRIMITIVE_OR_NONKLC,https://docs.google.com/spreadsheets/d/13rdpmsI5n0dnsb33u4YHGwI8VrWtCeLDWDELO_hC7Qs
1770,吟,RECITE,KLC_01770,1,RAD_00030,口,"mouth, *opening*",RAD,,PRIMITIVE_OR_NONKLC,https://docs.google.com/spreadsheets/d/13rdpmsI5n0dnsb33u4YHGwI8VrWtCeLDWDELO_hC7Qs
1770,吟,RECITE,KLC_01770,2,KLC_00228,今,"PRESENT, NOW, THIS",KLC,228,EARLIER_OR_SAME_KLC,https://docs.google.com/spreadsheets/d/13rdpmsI5n0dnsb33u4YHGwI8VrWtCeLDWDELO_hC7Qs
1771,含,"CONTAIN, INCLUDE",KLC_01771,1,KLC_00228,今,"PRESENT, NOW, THIS",KLC,228,EARLIER_OR_SAME_KLC,https://docs.google.com/spreadsheets/d/13rdpmsI5n0dnsb33u4YHGwI8VrWtCeLDWDELO_hC7Qs
1772,琴,KOTO [JAPANESE HARP],KLC_01772,1,KLC_00228,今,"PRESENT, NOW, THIS",KLC,228,EARLIER_OR_SAME_KLC,https://docs.google.com/spreadsheets/d/13rdpmsI5n0dnsb33u4YHGwI8VrWtCeLDWDELO_hC7Qs
1773,迷,"PERPLEXED, LOST",KLC_01773,1,RAD_00162,辵,"walk, *transport*",RAD,,PRIMITIVE_OR_NONKLC,https://docs.google.com/spreadsheets/d/13rdpmsI5n0dnsb33u4YHGwI8VrWtCeLDWDELO_hC7Qs
1774,謎,"RIDDLE, ENIGMA",KLC_01774,1,RAD_00149,言,"speech, word, say",RAD,,PRIMITIVE_OR_NONKLC,https://docs.google.com/spreadsheets/d/13rdpmsI5n0dnsb33u4YHGwI8VrWtCeLDWDELO_hC7Qs
1774,謎,"RIDDLE, ENIGMA",KLC_01774,2,KLC_01773,迷,"PERPLEXED, LOST",KLC,1773,EARLIER_OR_SAME_KLC,https://docs.google.com/spreadsheets/d/13rdpmsI5n0dnsb33u4YHGwI8VrWtCeLDWDELO_hC7Qs
1775,逆,"REVERSE, OPPOSITE",KLC_01775,1,RAD_00162,辵,"walk, *transport*",RAD,,PRIMITIVE_OR_NONKLC,https://docs.google.com/spreadsheets/d/13rdpmsI5n0dnsb33u4YHGwI8VrWtCeLDWDELO_hC7Qs
1776,遡,"GO UPSTREAM, RETRACE THE PAST",KLC_01776,1,KLC_01775,逆,"REVERSE, OPPOSITE",KLC,1775,EARLIER_OR_SAME_KLC,https://docs.google.com/spreadsheets/d/13rdpmsI5n0dnsb33u4YHGwI8VrWtCeLDWDELO_hC7Qs
1776,遡,"GO UPSTREAM, RETRACE THE PAST",KLC_01776,2,RAD_00074,月,"moon, month, *flesh*, *body part*",RAD,,PRIMITIVE_OR_NONKLC,https://docs.google.com/spreadsheets/d/13rdpmsI5n0dnsb33u4YHGwI8VrWtCeLDWDELO_hC7Qs
1777,塑,"MODEL, MOLD",KLC_01777,1,KLC_01776,遡,"GO UPSTREAM, RETRACE THE PAST",KLC,1776,EARLIER_OR_SAME_KLC,https://docs.google.com/spreadsheets/d/13rdpmsI5n0dnsb33u4YHGwI8VrWtCeLDWDELO_hC7Qs
1777,塑,"MODEL, MOLD",KLC_01777,2,RAD_00032,土,"soil, earth",RAD,,PRIMITIVE_OR_NONKLC,https://docs.google.com/spreadsheets/d/13rdpmsI5n0dnsb33u4YHGwI8VrWtCeLDWDELO_hC7Qs
1778,勲,"MERITORIOUS SERVICE, MERIT",KLC_01778,1,KLC_00540,動,MOVE,KLC,540,EARLIER_OR_SAME_KLC,https://docs.google.com/spreadsheets/d/13rdpmsI5n0dnsb33u4YHGwI8VrWtCeLDWDELO_hC7Qs
1778,勲,"MERITORIOUS SERVICE, MERIT",KLC_01778,2,RAD_00086,火,fire,RAD,,PRIMITIVE_OR_NONKLC,https://docs.google.com/spreadsheets/d/13rdpmsI5n0dnsb33u4YHGwI8VrWtCeLDWDELO_hC7Qs
1779,薫,"FRAGRANCE, SCENTED",KLC_01779,1,RAD_00140,艸,"grass, vegetation",RAD,,PRIMITIVE_OR_NONKLC,https://docs.google.com/spreadsheets/d/13rdpmsI5n0dnsb33u4YHGwI8VrWtCeLDWDELO_hC7Qs
1779,薫,"FRAGRANCE, SCENTED",KLC_01779,2,RAD_00086,火,fire,RAD,,PRIMITIVE_OR_NONKLC,https://docs.google.com/spreadsheets/d/13rdpmsI5n0dnsb33u4YHGwI8VrWtCeLDWDELO_hC7Qs
1779,薫,"FRAGRANCE, SCENTED",KLC_01779,3,KLC_00539,重,HEAVY,KLC,539,EARLIER_OR_SAME_KLC,https://docs.google.com/spreadsheets/d/13rdpmsI5n0dnsb33u4YHGwI8VrWtCeLDWDELO_hC7Qs
1780,芳,"FRAGRANT, PERFUME",KLC_01780,1,RAD_00070,方,"direction, person, square",RAD,,PRIMITIVE_OR_NONKLC,https://docs.google.com/spreadsheets/d/13rdpmsI5n0dnsb33u4YHGwI8VrWtCeLDWDELO_hC7Qs
1780,芳,"FRAGRANT, PERFUME",KLC_01780,2,RAD_00140,艸,"grass, vegetation",RAD,,PRIMITIVE_OR_NONKLC,https://docs.google.com/spreadsheets/d/13rdpmsI5n0dnsb33u4YHGwI8VrWtCeLDWDELO_hC7Qs
1781,香,"fragrant, sweet",RAD_00186,1,RAD_00115,禾,grain,RAD,,PRIMITIVE_OR_NONKLC,https://docs.google.com/spreadsheets/d/13rdpmsI5n0dnsb33u4YHGwI8VrWtCeLDWDELO_hC7Qs
1781,香,"fragrant, sweet",RAD_00186,2,RAD_00072,日,"sun, day",RAD,,PRIMITIVE_OR_NONKLC,https://docs.google.com/spreadsheets/d/13rdpmsI5n0dnsb33u4YHGwI8VrWtCeLDWDELO_hC7Qs
1782,秀,EXCELLENT,KLC_01782,1,KLC_01754,乃,"POSSESSIVE PARTICLE, FROM",KLC,1754,EARLIER_OR_SAME_KLC,https://docs.google.com/spreadsheets/d/13rdpmsI5n0dnsb33u4YHGwI8VrWtCeLDWDELO_hC7Qs
1782,秀,EXCELLENT,KLC_01782,2,RAD_00115,禾,grain,RAD,,PRIMITIVE_OR_NONKLC,https://docs.google.com/spreadsheets/d/13rdpmsI5n0dnsb33u4YHGwI8VrWtCeLDWDELO_hC7Qs
1783,誘,"ENTICE, INVITE",KLC_01783,1,KLC_01782,秀,EXCELLENT,KLC,1782,EARLIER_OR_SAME_KLC,https://docs.google.com/spreadsheets/d/13rdpmsI5n0dnsb33u4YHGwI8VrWtCeLDWDELO_hC7Qs
1783,誘,"ENTICE, INVITE",KLC_01783,2,RAD_00115,禾,grain,RAD,,PRIMITIVE_OR_NONKLC,https://docs.google.com/spreadsheets/d/13rdpmsI5n0dnsb33u4YHGwI8VrWtCeLDWDELO_hC7Qs
1784,拐,KIDNAP,KLC_01784,1,KLC_01104,招,INVITE,KLC,1104,EARLIER_OR_SAME_KLC,https://docs.google.com/spreadsheets/d/13rdpmsI5n0dnsb33u4YHGwI8VrWtCeLDWDELO_hC7Qs
1785,透,"PASS THROUGH, TRANSPARENT",KLC_01785,1,RAD_00162,辵,"walk, *transport*",RAD,,PRIMITIVE_OR_NONKLC,https://docs.google.com/spreadsheets/d/13rdpmsI5n0dnsb33u4YHGwI8VrWtCeLDWDELO_hC7Qs
1785,透,"PASS THROUGH, TRANSPARENT",KLC_01785,2,KLC_01782,秀,EXCELLENT,KLC,1782,EARLIER_OR_SAME_KLC,https://docs.google.com/spreadsheets/d/13rdpmsI5n0dnsb33u4YHGwI8VrWtCeLDWDELO_hC7Qs
1786,携,"CARRY IN HAND, PORTABLE",KLC_01786,1,RAD_00064,手,"hand, performer of action",RAD,,PRIMITIVE_OR_NONKLC,https://docs.google.com/spreadsheets/d/13rdpmsI5n0dnsb33u4YHGwI8VrWtCeLDWDELO_hC7Qs
1786,携,"CARRY IN HAND, PORTABLE",KLC_01786,2,KLC_01754,乃,"POSSESSIVE PARTICLE, FROM",KLC,1754,EARLIER_OR_SAME_KLC,https://docs.google.com/spreadsheets/d/13rdpmsI5n0dnsb33u4YHGwI8VrWtCeLDWDELO_hC7Qs
1786,携,"CARRY IN HAND, PORTABLE",KLC_01786,3,RAD_00172,隹,small bird,RAD,,PRIMITIVE_OR_NONKLC,https://docs.google.com/spreadsheets/d/13rdpmsI5n0dnsb33u4YHGwI8VrWtCeLDWDELO_hC7Qs
1787,雄,"MALE, HEROIC",KLC_01787,1,RAD_00172,隹,small bird,RAD,,PRIMITIVE_OR_NONKLC,https://docs.google.com/spreadsheets/d/13rdpmsI5n0dnsb33u4YHGwI8VrWtCeLDWDELO_hC7Qs
1788,雌,FEMALE,KLC_01788,1,RAD_00172,隹,small bird,RAD,,PRIMITIVE_OR_NONKLC,https://docs.google.com/spreadsheets/d/13rdpmsI5n0dnsb33u4YHGwI8VrWtCeLDWDELO_hC7Qs
1790,柴,FIREWOOD,KLC_01790,1,RAD_00075,木,tree,RAD,,PRIMITIVE_OR_NONKLC,https://docs.google.com/spreadsheets/d/13rdpmsI5n0dnsb33u4YHGwI8VrWtCeLDWDELO_hC7Qs
1791,紫,PURPLE,KLC_01791,1,KLC_01756,此,THIS,KLC,1756,EARLIER_OR_SAME_KLC,https://docs.google.com/spreadsheets/d/13rdpmsI5n0dnsb33u4YHGwI8VrWtCeLDWDELO_hC7Qs
1791,紫,PURPLE,KLC_01791,2,RAD_00120,糸,"thread, silk",RAD,,PRIMITIVE_OR_NONKLC,https://docs.google.com/spreadsheets/d/13rdpmsI5n0dnsb33u4YHGwI8VrWtCeLDWDELO_hC7Qs
1792,髪,HAIR,KLC_01792,1,KLC_00399,友,FRIEND,KLC,399,EARLIER_OR_SAME_KLC,https://docs.google.com/spreadsheets/d/13rdpmsI5n0dnsb33u4YHGwI8VrWtCeLDWDELO_hC7Qs
1792,髪,HAIR,KLC_01792,2,RAD_00190,髟,hair,RAD,,PRIMITIVE_OR_NONKLC,https://docs.google.com/spreadsheets/d/13rdpmsI5n0dnsb33u4YHGwI8VrWtCeLDWDELO_hC7Qs
1793,髭,"BEARD, MUSTACHE",KLC_01793,1,KLC_01792,髪,HAIR,KLC,1792,EARLIER_OR_SAME_KLC,https://docs.google.com/spreadsheets/d/13rdpmsI5n0dnsb33u4YHGwI8VrWtCeLDWDELO_hC7Qs
1794,詐,"DECEIVE, SWINDLE",KLC_01794,1,RAD_00149,言,"speech, word, say",RAD,,PRIMITIVE_OR_NONKLC,https://docs.google.com/spreadsheets/d/13rdpmsI5n0dnsb33u4YHGwI8VrWtCeLDWDELO_hC7Qs
1794,詐,"DECEIVE, SWINDLE",KLC_01794,2,SUP_00003,乍,saw,SUP,,PRIMITIVE_OR_NONKLC,https://docs.google.com/spreadsheets/d/13rdpmsI5n0dnsb33u4YHGwI8VrWtCeLDWDELO_hC7Qs
1795,欺,DECEIVE,KLC_01795,1,RAD_00076,欠,"lack, *open mouth*",RAD,,PRIMITIVE_OR_NONKLC,https://docs.google.com/spreadsheets/d/13rdpmsI5n0dnsb33u4YHGwI8VrWtCeLDWDELO_hC7Qs
1795,欺,DECEIVE,KLC_01795,2,KLC_01757,其,"THAT, *binding*",KLC,1757,EARLIER_OR_SAME_KLC,https://docs.google.com/spreadsheets/d/13rdpmsI5n0dnsb33u4YHGwI8VrWtCeLDWDELO_hC7Qs
1796,棋,SHOGI [JAPANESE CHESS],KLC_01796,1,RAD_00075,木,tree,RAD,,PRIMITIVE_OR_NONKLC,https://docs.google.com/spreadsheets/d/13rdpmsI5n0dnsb33u4YHGwI8VrWtCeLDWDELO_hC7Qs
1797,碁,GO [JAPANESE CHECKERS],KLC_01797,1,RAD_00112,石,"stone, rock",RAD,,PRIMITIVE_OR_NONKLC,https://docs.google.com/spreadsheets/d/13rdpmsI5n0dnsb33u4YHGwI8VrWtCeLDWDELO_hC7Qs
1798,甚,"EXTREMELY, VERY, GREAT",KLC_01798,1,KLC_01801,匹,COUNTER FOR ANIMALS,KLC,1801,LATER_KLC_MNEMONIC_REF,https://docs.google.com/spreadsheets/d/13rdpmsI5n0dnsb33u4YHGwI8VrWtCeLDWDELO_hC7Qs
1798,甚,"EXTREMELY, VERY, GREAT",KLC_01798,2,KLC_00263,且,"AS WELL AS, MOREOVER, *ladder*",KLC,263,EARLIER_OR_SAME_KLC,https://docs.google.com/spreadsheets/d/13rdpmsI5n0dnsb33u4YHGwI8VrWtCeLDWDELO_hC7Qs
1799,勘,"CHECK, INTUITION",KLC_01799,1,KLC_01798,甚,"EXTREMELY, VERY, GREAT",KLC,1798,EARLIER_OR_SAME_KLC,https://docs.google.com/spreadsheets/d/13rdpmsI5n0dnsb33u4YHGwI8VrWtCeLDWDELO_hC7Qs
1799,勘,"CHECK, INTUITION",KLC_01799,2,RAD_00019,力,"power, strength",RAD,,PRIMITIVE_OR_NONKLC,https://docs.google.com/spreadsheets/d/13rdpmsI5n0dnsb33u4YHGwI8VrWtCeLDWDELO_hC7Qs
1800,堪,"ENDURE, TOLERATE",KLC_01800,1,RAD_00032,土,"soil, earth",RAD,,PRIMITIVE_OR_NONKLC,https://docs.google.com/spreadsheets/d/13rdpmsI5n0dnsb33u4YHGwI8VrWtCeLDWDELO_hC7Qs
1800,堪,"ENDURE, TOLERATE",KLC_01800,2,KLC_01798,甚,"EXTREMELY, VERY, GREAT",KLC,1798,EARLIER_OR_SAME_KLC,https://docs.google.com/spreadsheets/d/13rdpmsI5n0dnsb33u4YHGwI8VrWtCeLDWDELO_hC7Qs
1801,匹,COUNTER FOR ANIMALS,KLC_01801,1,RAD_00010,儿,"son, legs",RAD,,PRIMITIVE_OR_NONKLC,https://docs.google.com/spreadsheets/d/13rdpmsI5n0dnsb33u4YHGwI8VrWtCeLDWDELO_hC7Qs
1801,匹,COUNTER FOR ANIMALS,KLC_01801,2,RAD_00022,匚,box,RAD,,PRIMITIVE_OR_NONKLC,https://docs.google.com/spreadsheets/d/13rdpmsI5n0dnsb33u4YHGwI8VrWtCeLDWDELO_hC7Qs
1802,匠,CRAFTSMAN,KLC_01802,1,RAD_00069,斤,"axe, kin [600 grams]",RAD,,PRIMITIVE_OR_NONKLC,https://docs.google.com/spreadsheets/d/13rdpmsI5n0dnsb33u4YHGwI8VrWtCeLDWDELO_hC7Qs
1802,匠,CRAFTSMAN,KLC_01802,2,RAD_00022,匚,box,RAD,,PRIMITIVE_OR_NONKLC,https://docs.google.com/spreadsheets/d/13rdpmsI5n0dnsb33u4YHGwI8VrWtCeLDWDELO_hC7Qs
1803,匿,CONCEAL,KLC_01803,1,RAD_00022,匚,box,RAD,,PRIMITIVE_OR_NONKLC,https://docs.google.com/spreadsheets/d/13rdpmsI5n0dnsb33u4YHGwI8VrWtCeLDWDELO_hC7Qs
1803,匿,CONCEAL,KLC_01803,2,KLC_00404,若,YOUNG,KLC,404,EARLIER_OR_SAME_KLC,https://docs.google.com/spreadsheets/d/13rdpmsI5n0dnsb33u4YHGwI8VrWtCeLDWDELO_hC7Qs
1804,諾,CONSENT,KLC_01804,1,KLC_00404,若,YOUNG,KLC,404,EARLIER_OR_SAME_KLC,https://docs.google.com/spreadsheets/d/13rdpmsI5n0dnsb33u4YHGwI8VrWtCeLDWDELO_hC7Qs
1804,諾,CONSENT,KLC_01804,2,RAD_00149,言,"speech, word, say",RAD,,PRIMITIVE_OR_NONKLC,https://docs.google.com/spreadsheets/d/13rdpmsI5n0dnsb33u4YHGwI8VrWtCeLDWDELO_hC7Qs
1806,迄,"UP TO, AS FAR AS",KLC_01806,1,KLC_01805,乞,BEG,KLC,1805,EARLIER_OR_SAME_KLC,https://docs.google.com/spreadsheets/d/13rdpmsI5n0dnsb33u4YHGwI8VrWtCeLDWDELO_hC7Qs
1806,迄,"UP TO, AS FAR AS",KLC_01806,2,RAD_00162,辵,"walk, *transport*",RAD,,PRIMITIVE_OR_NONKLC,https://docs.google.com/spreadsheets/d/13rdpmsI5n0dnsb33u4YHGwI8VrWtCeLDWDELO_hC7Qs
1807,乾,"DRY, DESICCATE",KLC_01807,1,RAD_00072,日,"sun, day",RAD,,PRIMITIVE_OR_NONKLC,https://docs.google.com/spreadsheets/d/13rdpmsI5n0dnsb33u4YHGwI8VrWtCeLDWDELO_hC7Qs
1807,乾,"DRY, DESICCATE",KLC_01807,2,RAD_00024,十,"ten, complete, *cross*, *needle*, *plant*",RAD,,PRIMITIVE_OR_NONKLC,https://docs.google.com/spreadsheets/d/13rdpmsI5n0dnsb33u4YHGwI8VrWtCeLDWDELO_hC7Qs
1807,乾,"DRY, DESICCATE",KLC_01807,3,KLC_01805,乞,BEG,KLC,1805,EARLIER_OR_SAME_KLC,https://docs.google.com/spreadsheets/d/13rdpmsI5n0dnsb33u4YHGwI8VrWtCeLDWDELO_hC7Qs
1808,幹,TRUNK,KLC_01808,1,RAD_00072,日,"sun, day",RAD,,PRIMITIVE_OR_NONKLC,https://docs.google.com/spreadsheets/d/13rdpmsI5n0dnsb33u4YHGwI8VrWtCeLDWDELO_hC7Qs
1808,幹,TRUNK,KLC_01808,2,RAD_00024,十,"ten, complete, *cross*, *needle*, *plant*",RAD,,PRIMITIVE_OR_NONKLC,https://docs.google.com/spreadsheets/d/13rdpmsI5n0dnsb33u4YHGwI8VrWtCeLDWDELO_hC7Qs
1809,操,"MANIPULATE, FIDELITY",KLC_01809,1,SUP_00013,喿,fruit tree,SUP,,PRIMITIVE_OR_NONKLC,https://docs.google.com/spreadsheets/d/13rdpmsI5n0dnsb33u4YHGwI8VrWtCeLDWDELO_hC7Qs
1809,操,"MANIPULATE, FIDELITY",KLC_01809,2,RAD_00064,手,"hand, performer of action",RAD,,PRIMITIVE_OR_NONKLC,https://docs.google.com/spreadsheets/d/13rdpmsI5n0dnsb33u4YHGwI8VrWtCeLDWDELO_hC7Qs
1810,燥,DRY OUT,KLC_01810,1,RAD_00086,火,fire,RAD,,PRIMITIVE_OR_NONKLC,https://docs.google.com/spreadsheets/d/13rdpmsI5n0dnsb33u4YHGwI8VrWtCeLDWDELO_hC7Qs
1810,燥,DRY OUT,KLC_01810,2,SUP_00013,喿,fruit tree,SUP,,PRIMITIVE_OR_NONKLC,https://docs.google.com/spreadsheets/d/13rdpmsI5n0dnsb33u4YHGwI8VrWtCeLDWDELO_hC7Qs
1811,繰,"REEL, WINDING",KLC_01811,1,RAD_00075,木,tree,RAD,,PRIMITIVE_OR_NONKLC,https://docs.google.com/spreadsheets/d/13rdpmsI5n0dnsb33u4YHGwI8VrWtCeLDWDELO_hC7Qs
1811,繰,"REEL, WINDING",KLC_01811,2,KLC_00301,品,"ARTICLE, CLASSIFICATION, GRADE OF EXCELLENCE",KLC,301,EARLIER_OR_SAME_KLC,https://docs.google.com/spreadsheets/d/13rdpmsI5n0dnsb33u4YHGwI8VrWtCeLDWDELO_hC7Qs
1811,繰,"REEL, WINDING",KLC_01811,3,RAD_00120,糸,"thread, silk",RAD,,PRIMITIVE_OR_NONKLC,https://docs.google.com/spreadsheets/d/13rdpmsI5n0dnsb33u4YHGwI8VrWtCeLDWDELO_hC7Qs
1812,藻,"SEAWEED, ALGAE",KLC_01812,1,SUP_00013,喿,fruit tree,SUP,,PRIMITIVE_OR_NONKLC,https://docs.google.com/spreadsheets/d/13rdpmsI5n0dnsb33u4YHGwI8VrWtCeLDWDELO_hC7Qs
1812,藻,"SEAWEED, ALGAE",KLC_01812,2,RAD_00140,艸,"grass, vegetation",RAD,,PRIMITIVE_OR_NONKLC,https://docs.google.com/spreadsheets/d/13rdpmsI5n0dnsb33u4YHGwI8VrWtCeLDWDELO_hC7Qs
1812,藻,"SEAWEED, ALGAE",KLC_01812,3,RAD_00085,水,"water, *liquid*",RAD,,PRIMITIVE_OR_NONKLC,https://docs.google.com/spreadsheets/d/13rdpmsI5n0dnsb33u4YHGwI8VrWtCeLDWDELO_hC7Qs
1813,噴,"ERUPT, SPOUT",KLC_01813,1,RAD_00030,口,"mouth, *opening*",RAD,,PRIMITIVE_OR_NONKLC,https://docs.google.com/spreadsheets/d/13rdpmsI5n0dnsb33u4YHGwI8VrWtCeLDWDELO_hC7Qs
1813,噴,"ERUPT, SPOUT",KLC_01813,2,SUP_00037,賁,swollen,SUP,,PRIMITIVE_OR_NONKLC,https://docs.google.com/spreadsheets/d/13rdpmsI5n0dnsb33u4YHGwI8VrWtCeLDWDELO_hC7Qs
1814,墳,"TUMULUS, MOUND",KLC_01814,1,RAD_00032,土,"soil, earth",RAD,,PRIMITIVE_OR_NONKLC,https://docs.google.com/spreadsheets/d/13rdpmsI5n0dnsb33u4YHGwI8VrWtCeLDWDELO_hC7Qs
1814,墳,"TUMULUS, MOUND",KLC_01814,2,SUP_00037,賁,swollen,SUP,,PRIMITIVE_OR_NONKLC,https://docs.google.com/spreadsheets/d/13rdpmsI5n0dnsb33u4YHGwI8VrWtCeLDWDELO_hC7Qs
1815,憤,"INDIGNATION, RESENT",KLC_01815,1,RAD_00061,心,"heart, mind, spirit",RAD,,PRIMITIVE_OR_NONKLC,https://docs.google.com/spreadsheets/d/13rdpmsI5n0dnsb33u4YHGwI8VrWtCeLDWDELO_hC7Qs
1815,憤,"INDIGNATION, RESENT",KLC_01815,2,SUP_00037,賁,swollen,SUP,,PRIMITIVE_OR_NONKLC,https://docs.google.com/spreadsheets/d/13rdpmsI5n0dnsb33u4YHGwI8VrWtCeLDWDELO_hC7Qs
1817,芽,BUD,KLC_01817,1,RAD_00092,牙,fang,RAD,,PRIMITIVE_OR_NONKLC,https://docs.google.com/spreadsheets/d/13rdpmsI5n0dnsb33u4YHGwI8VrWtCeLDWDELO_hC7Qs
1817,芽,BUD,KLC_01817,2,RAD_00140,艸,"grass, vegetation",RAD,,PRIMITIVE_OR_NONKLC,https://docs.google.com/spreadsheets/d/13rdpmsI5n0dnsb33u4YHGwI8VrWtCeLDWDELO_hC7Qs
1818,雅,ELEGANT,KLC_01818,1,RAD_00172,隹,small bird,RAD,,PRIMITIVE_OR_NONKLC,https://docs.google.com/spreadsheets/d/13rdpmsI5n0dnsb33u4YHGwI8VrWtCeLDWDELO_hC7Qs
1818,雅,ELEGANT,KLC_01818,2,RAD_00092,牙,fang,RAD,,PRIMITIVE_OR_NONKLC,https://docs.google.com/spreadsheets/d/13rdpmsI5n0dnsb33u4YHGwI8VrWtCeLDWDELO_hC7Qs
1819,邪,EVIL,KLC_01819,1,RAD_00092,牙,fang,RAD,,PRIMITIVE_OR_NONKLC,https://docs.google.com/spreadsheets/d/13rdpmsI5n0dnsb33u4YHGwI8VrWtCeLDWDELO_hC7Qs
1819,邪,EVIL,KLC_01819,2,RAD_00163,邑,city [right of kanji],RAD,,PRIMITIVE_OR_NONKLC,https://docs.google.com/spreadsheets/d/13rdpmsI5n0dnsb33u4YHGwI8VrWtCeLDWDELO_hC7Qs
1820,既,"ALREADY, PREVIOUSLY",KLC_01820,1,RAD_00092,牙,fang,RAD,,PRIMITIVE_OR_NONKLC,https://docs.google.com/spreadsheets/d/13rdpmsI5n0dnsb33u4YHGwI8VrWtCeLDWDELO_hC7Qs
1820,既,"ALREADY, PREVIOUSLY",KLC_01820,2,RAD_00138,艮,stopping,RAD,,PRIMITIVE_OR_NONKLC,https://docs.google.com/spreadsheets/d/13rdpmsI5n0dnsb33u4YHGwI8VrWtCeLDWDELO_hC7Qs
1821,概,"APPROXIMATION, GENERALLY",KLC_01821,1,RAD_00075,木,tree,RAD,,PRIMITIVE_OR_NONKLC,https://docs.google.com/spreadsheets/d/13rdpmsI5n0dnsb33u4YHGwI8VrWtCeLDWDELO_hC7Qs
1821,概,"APPROXIMATION, GENERALLY",KLC_01821,2,KLC_01820,既,"ALREADY, PREVIOUSLY",KLC,1820,EARLIER_OR_SAME_KLC,https://docs.google.com/spreadsheets/d/13rdpmsI5n0dnsb33u4YHGwI8VrWtCeLDWDELO_hC7Qs
1822,慨,"DEPLORE, LAMENT",KLC_01822,1,RAD_00061,心,"heart, mind, spirit",RAD,,PRIMITIVE_OR_NONKLC,https://docs.google.com/spreadsheets/d/13rdpmsI5n0dnsb33u4YHGwI8VrWtCeLDWDELO_hC7Qs
1822,慨,"DEPLORE, LAMENT",KLC_01822,2,KLC_01820,既,"ALREADY, PREVIOUSLY",KLC,1820,EARLIER_OR_SAME_KLC,https://docs.google.com/spreadsheets/d/13rdpmsI5n0dnsb33u4YHGwI8VrWtCeLDWDELO_hC7Qs
1823,苗,SEEDLING,KLC_01823,1,RAD_00140,艸,"grass, vegetation",RAD,,PRIMITIVE_OR_NONKLC,https://docs.google.com/spreadsheets/d/13rdpmsI5n0dnsb33u4YHGwI8VrWtCeLDWDELO_hC7Qs
1823,苗,SEEDLING,KLC_01823,2,RAD_00102,田,"rice field, *head*",RAD,,PRIMITIVE_OR_NONKLC,https://docs.google.com/spreadsheets/d/13rdpmsI5n0dnsb33u4YHGwI8VrWtCeLDWDELO_hC7Qs
1824,描,DEPICT,KLC_01824,1,RAD_00064,手,"hand, performer of action",RAD,,PRIMITIVE_OR_NONKLC,https://docs.google.com/spreadsheets/d/13rdpmsI5n0dnsb33u4YHGwI8VrWtCeLDWDELO_hC7Qs
1824,描,DEPICT,KLC_01824,2,KLC_01823,苗,SEEDLING,KLC,1823,EARLIER_OR_SAME_KLC,https://docs.google.com/spreadsheets/d/13rdpmsI5n0dnsb33u4YHGwI8VrWtCeLDWDELO_hC7Qs
1825,猫,CAT,KLC_01825,1,RAD_00094,犬,"dog, small animal",RAD,,PRIMITIVE_OR_NONKLC,https://docs.google.com/spreadsheets/d/13rdpmsI5n0dnsb33u4YHGwI8VrWtCeLDWDELO_hC7Qs
1825,猫,CAT,KLC_01825,2,KLC_01823,苗,SEEDLING,KLC,1823,EARLIER_OR_SAME_KLC,https://docs.google.com/spreadsheets/d/13rdpmsI5n0dnsb33u4YHGwI8VrWtCeLDWDELO_hC7Qs
1826,萌,"GERMINATE, SPROUT",KLC_01826,1,RAD_00140,艸,"grass, vegetation",RAD,,PRIMITIVE_OR_NONKLC,https://docs.google.com/spreadsheets/d/13rdpmsI5n0dnsb33u4YHGwI8VrWtCeLDWDELO_hC7Qs
1826,萌,"GERMINATE, SPROUT",KLC_01826,2,KLC_00024,明,"BRIGHT, CLEAR, CHEERFUL",KLC,24,EARLIER_OR_SAME_KLC,https://docs.google.com/spreadsheets/d/13rdpmsI5n0dnsb33u4YHGwI8VrWtCeLDWDELO_hC7Qs
1828,眺,GAZE,KLC_01828,1,KLC_01827,兆,"SIGN [omen], TRILLION",KLC,1827,EARLIER_OR_SAME_KLC,https://docs.google.com/spreadsheets/d/13rdpmsI5n0dnsb33u4YHGwI8VrWtCeLDWDELO_hC7Qs
1828,眺,GAZE,KLC_01828,2,RAD_00109,目,eye,RAD,,PRIMITIVE_OR_NONKLC,https://docs.google.com/spreadsheets/d/13rdpmsI5n0dnsb33u4YHGwI8VrWtCeLDWDELO_hC7Qs
1829,逃,ESCAPE,KLC_01829,1,KLC_01827,兆,"SIGN [omen], TRILLION",KLC,1827,EARLIER_OR_SAME_KLC,https://docs.google.com/spreadsheets/d/13rdpmsI5n0dnsb33u4YHGwI8VrWtCeLDWDELO_hC7Qs
1829,逃,ESCAPE,KLC_01829,2,RAD_00162,辵,"walk, *transport*",RAD,,PRIMITIVE_OR_NONKLC,https://docs.google.com/spreadsheets/d/13rdpmsI5n0dnsb33u4YHGwI8VrWtCeLDWDELO_hC7Qs
1830,桃,PEACH,KLC_01830,1,RAD_00075,木,tree,RAD,,PRIMITIVE_OR_NONKLC,https://docs.google.com/spreadsheets/d/13rdpmsI5n0dnsb33u4YHGwI8VrWtCeLDWDELO_hC7Qs
1831,跳,"JUMP, LEAP",KLC_01831,1,RAD_00157,足,"foot, suffice",RAD,,PRIMITIVE_OR_NONKLC,https://docs.google.com/spreadsheets/d/13rdpmsI5n0dnsb33u4YHGwI8VrWtCeLDWDELO_hC7Qs
1831,跳,"JUMP, LEAP",KLC_01831,2,KLC_01827,兆,"SIGN [omen], TRILLION",KLC,1827,EARLIER_OR_SAME_KLC,https://docs.google.com/spreadsheets/d/13rdpmsI5n0dnsb33u4YHGwI8VrWtCeLDWDELO_hC7Qs
1832,挑,"PROVOKE, CHALLENGE",KLC_01832,1,KLC_01827,兆,"SIGN [omen], TRILLION",KLC,1827,EARLIER_OR_SAME_KLC,https://docs.google.com/spreadsheets/d/13rdpmsI5n0dnsb33u4YHGwI8VrWtCeLDWDELO_hC7Qs
1832,挑,"PROVOKE, CHALLENGE",KLC_01832,2,RAD_00064,手,"hand, performer of action",RAD,,PRIMITIVE_OR_NONKLC,https://docs.google.com/spreadsheets/d/13rdpmsI5n0dnsb33u4YHGwI8VrWtCeLDWDELO_hC7Qs
1833,拙,CLUMSY,KLC_01833,1,RAD_00064,手,"hand, performer of action",RAD,,PRIMITIVE_OR_NONKLC,https://docs.google.com/spreadsheets/d/13rdpmsI5n0dnsb33u4YHGwI8VrWtCeLDWDELO_hC7Qs
1833,拙,CLUMSY,KLC_01833,2,KLC_00038,出,"EXIT, GO OUT, PUT OUT",KLC,38,EARLIER_OR_SAME_KLC,https://docs.google.com/spreadsheets/d/13rdpmsI5n0dnsb33u4YHGwI8VrWtCeLDWDELO_hC7Qs
1834,屈,"BEND, YIELD",KLC_01834,1,KLC_00038,出,"EXIT, GO OUT, PUT OUT",KLC,38,EARLIER_OR_SAME_KLC,https://docs.google.com/spreadsheets/d/13rdpmsI5n0dnsb33u4YHGwI8VrWtCeLDWDELO_hC7Qs
1834,屈,"BEND, YIELD",KLC_01834,2,RAD_00044,尸,"corpse, *flag*",RAD,,PRIMITIVE_OR_NONKLC,https://docs.google.com/spreadsheets/d/13rdpmsI5n0dnsb33u4YHGwI8VrWtCeLDWDELO_hC7Qs
1835,掘,DIG,KLC_01835,1,KLC_01834,屈,"BEND, YIELD",KLC,1834,EARLIER_OR_SAME_KLC,https://docs.google.com/spreadsheets/d/13rdpmsI5n0dnsb33u4YHGwI8VrWtCeLDWDELO_hC7Qs
1835,掘,DIG,KLC_01835,2,RAD_00064,手,"hand, performer of action",RAD,,PRIMITIVE_OR_NONKLC,https://docs.google.com/spreadsheets/d/13rdpmsI5n0dnsb33u4YHGwI8VrWtCeLDWDELO_hC7Qs
1836,堀,"MOAT, CANAL",KLC_01836,1,KLC_01834,屈,"BEND, YIELD",KLC,1834,EARLIER_OR_SAME_KLC,https://docs.google.com/spreadsheets/d/13rdpmsI5n0dnsb33u4YHGwI8VrWtCeLDWDELO_hC7Qs
1836,堀,"MOAT, CANAL",KLC_01836,2,RAD_00032,土,"soil, earth",RAD,,PRIMITIVE_OR_NONKLC,https://docs.google.com/spreadsheets/d/13rdpmsI5n0dnsb33u4YHGwI8VrWtCeLDWDELO_hC7Qs
1837,封,SEAL,KLC_01837,1,RAD_00041,寸,"measurement, tenth of shaku, a bit of",RAD,,PRIMITIVE_OR_NONKLC,https://docs.google.com/spreadsheets/d/13rdpmsI5n0dnsb33u4YHGwI8VrWtCeLDWDELO_hC7Qs
1837,封,SEAL,KLC_01837,2,RAD_00032,土,"soil, earth",RAD,,PRIMITIVE_OR_NONKLC,https://docs.google.com/spreadsheets/d/13rdpmsI5n0dnsb33u4YHGwI8VrWtCeLDWDELO_hC7Qs
1838,筒,"TUBE, CYLINDER",KLC_01838,1,RAD_00118,竹,"bamboo, counting",RAD,,PRIMITIVE_OR_NONKLC,https://docs.google.com/spreadsheets/d/13rdpmsI5n0dnsb33u4YHGwI8VrWtCeLDWDELO_hC7Qs
1839,管,"PIPE, EXERCISE CONTROL",KLC_01839,1,RAD_00118,竹,"bamboo, counting",RAD,,PRIMITIVE_OR_NONKLC,https://docs.google.com/spreadsheets/d/13rdpmsI5n0dnsb33u4YHGwI8VrWtCeLDWDELO_hC7Qs
1839,管,"PIPE, EXERCISE CONTROL",KLC_01839,2,KLC_00290,官,"GOVERNMENT, GOVERNMENT OFFICIAL",KLC,290,EARLIER_OR_SAME_KLC,https://docs.google.com/spreadsheets/d/13rdpmsI5n0dnsb33u4YHGwI8VrWtCeLDWDELO_hC7Qs
1840,棺,COFFIN,KLC_01840,1,KLC_00290,官,"GOVERNMENT, GOVERNMENT OFFICIAL",KLC,290,EARLIER_OR_SAME_KLC,https://docs.google.com/spreadsheets/d/13rdpmsI5n0dnsb33u4YHGwI8VrWtCeLDWDELO_hC7Qs
1840,棺,COFFIN,KLC_01840,2,KLC_00075,国,COUNTRY,KLC,75,EARLIER_OR_SAME_KLC,https://docs.google.com/spreadsheets/d/13rdpmsI5n0dnsb33u4YHGwI8VrWtCeLDWDELO_hC7Qs
1841,轄,"EXERCISE JURISDICTION, CONTROL",KLC_01841,1,RAD_00159,車,"car, cart",RAD,,PRIMITIVE_OR_NONKLC,https://docs.google.com/spreadsheets/d/13rdpmsI5n0dnsb33u4YHGwI8VrWtCeLDWDELO_hC7Qs
1841,轄,"EXERCISE JURISDICTION, CONTROL",KLC_01841,2,KLC_00413,害,HARM,KLC,413,EARLIER_OR_SAME_KLC,https://docs.google.com/spreadsheets/d/13rdpmsI5n0dnsb33u4YHGwI8VrWtCeLDWDELO_hC7Qs
1842,洞,CAVE,KLC_01842,1,RAD_00085,水,"water, *liquid*",RAD,,PRIMITIVE_OR_NONKLC,https://docs.google.com/spreadsheets/d/13rdpmsI5n0dnsb33u4YHGwI8VrWtCeLDWDELO_hC7Qs
1843,窟,CAVE,KLC_01843,1,RAD_00116,穴,"cave, hole",RAD,,PRIMITIVE_OR_NONKLC,https://docs.google.com/spreadsheets/d/13rdpmsI5n0dnsb33u4YHGwI8VrWtCeLDWDELO_hC7Qs
1843,窟,CAVE,KLC_01843,2,KLC_01834,屈,"BEND, YIELD",KLC,1834,EARLIER_OR_SAME_KLC,https://docs.google.com/spreadsheets/d/13rdpmsI5n0dnsb33u4YHGwI8VrWtCeLDWDELO_hC7Qs
1844,淫,LEWD,KLC_01844,1,KLC_00072,王,KING,KLC,72,EARLIER_OR_SAME_KLC,https://docs.google.com/spreadsheets/d/13rdpmsI5n0dnsb33u4YHGwI8VrWtCeLDWDELO_hC7Qs
1844,淫,LEWD,KLC_01844,2,RAD_00087,爪,claw,RAD,,PRIMITIVE_OR_NONKLC,https://docs.google.com/spreadsheets/d/13rdpmsI5n0dnsb33u4YHGwI8VrWtCeLDWDELO_hC7Qs
1844,淫,LEWD,KLC_01844,3,RAD_00085,水,"water, *liquid*",RAD,,PRIMITIVE_OR_NONKLC,https://docs.google.com/spreadsheets/d/13rdpmsI5n0dnsb33u4YHGwI8VrWtCeLDWDELO_hC7Qs
1845,妊,BECOME PREGNANT,KLC_01845,1,KLC_00072,王,KING,KLC,72,EARLIER_OR_SAME_KLC,https://docs.google.com/spreadsheets/d/13rdpmsI5n0dnsb33u4YHGwI8VrWtCeLDWDELO_hC7Qs
1845,妊,BECOME PREGNANT,KLC_01845,2,RAD_00038,女,woman,RAD,,PRIMITIVE_OR_NONKLC,https://docs.google.com/spreadsheets/d/13rdpmsI5n0dnsb33u4YHGwI8VrWtCeLDWDELO_hC7Qs
1846,娠,CONCEIVE [pregnancy],KLC_01846,1,RAD_00038,女,woman,RAD,,PRIMITIVE_OR_NONKLC,https://docs.google.com/spreadsheets/d/13rdpmsI5n0dnsb33u4YHGwI8VrWtCeLDWDELO_hC7Qs
1846,娠,CONCEIVE [pregnancy],KLC_01846,2,RAD_00161,辰,"morning, sign of the dragon",RAD,,PRIMITIVE_OR_NONKLC,https://docs.google.com/spreadsheets/d/13rdpmsI5n0dnsb33u4YHGwI8VrWtCeLDWDELO_hC7Qs
1847,唇,LIP,KLC_01847,1,RAD_00030,口,"mouth, *opening*",RAD,,PRIMITIVE_OR_NONKLC,https://docs.google.com/spreadsheets/d/13rdpmsI5n0dnsb33u4YHGwI8VrWtCeLDWDELO_hC7Qs
1847,唇,LIP,KLC_01847,2,RAD_00161,辰,"morning, sign of the dragon",RAD,,PRIMITIVE_OR_NONKLC,https://docs.google.com/spreadsheets/d/13rdpmsI5n0dnsb33u4YHGwI8VrWtCeLDWDELO_hC7Qs
1848,辱,HUMILIATE,KLC_01848,1,RAD_00161,辰,"morning, sign of the dragon",RAD,,PRIMITIVE_OR_NONKLC,https://docs.google.com/spreadsheets/d/13rdpmsI5n0dnsb33u4YHGwI8VrWtCeLDWDELO_hC7Qs
1848,辱,HUMILIATE,KLC_01848,2,RAD_00041,寸,"measurement, tenth of shaku, a bit of",RAD,,PRIMITIVE_OR_NONKLC,https://docs.google.com/spreadsheets/d/13rdpmsI5n0dnsb33u4YHGwI8VrWtCeLDWDELO_hC7Qs
1850,伏,PROSTRATE,KLC_01850,1,RAD_00009,人,"person, *roof*",RAD,,PRIMITIVE_OR_NONKLC,https://docs.google.com/spreadsheets/d/13rdpmsI5n0dnsb33u4YHGwI8VrWtCeLDWDELO_hC7Qs
1850,伏,PROSTRATE,KLC_01850,2,RAD_00094,犬,"dog, small animal",RAD,,PRIMITIVE_OR_NONKLC,https://docs.google.com/spreadsheets/d/13rdpmsI5n0dnsb33u4YHGwI8VrWtCeLDWDELO_hC7Qs
1851,吠,"HOWL, BARK",KLC_01851,1,RAD_00030,口,"mouth, *opening*",RAD,,PRIMITIVE_OR_NONKLC,https://docs.google.com/spreadsheets/d/13rdpmsI5n0dnsb33u4YHGwI8VrWtCeLDWDELO_hC7Qs
1851,吠,"HOWL, BARK",KLC_01851,2,RAD_00094,犬,"dog, small animal",RAD,,PRIMITIVE_OR_NONKLC,https://docs.google.com/spreadsheets/d/13rdpmsI5n0dnsb33u4YHGwI8VrWtCeLDWDELO_hC7Qs
1852,噛,"BITE, CHEW",KLC_01852,1,RAD_00030,口,"mouth, *opening*",RAD,,PRIMITIVE_OR_NONKLC,https://docs.google.com/spreadsheets/d/13rdpmsI5n0dnsb33u4YHGwI8VrWtCeLDWDELO_hC7Qs
1852,噛,"BITE, CHEW",KLC_01852,2,KLC_00674,歯,TOOTH,KLC,674,EARLIER_OR_SAME_KLC,https://docs.google.com/spreadsheets/d/13rdpmsI5n0dnsb33u4YHGwI8VrWtCeLDWDELO_hC7Qs
1853,班,SQUAD,KLC_01853,1,KLC_00674,歯,TOOTH,KLC,674,EARLIER_OR_SAME_KLC,https://docs.google.com/spreadsheets/d/13rdpmsI5n0dnsb33u4YHGwI8VrWtCeLDWDELO_hC7Qs
1853,班,SQUAD,KLC_01853,2,KLC_00072,王,KING,KLC,72,EARLIER_OR_SAME_KLC,https://docs.google.com/spreadsheets/d/13rdpmsI5n0dnsb33u4YHGwI8VrWtCeLDWDELO_hC7Qs
1854,斑,"SPOT, SPECK",KLC_01854,1,RAD_00067,文,"script, literature",RAD,,PRIMITIVE_OR_NONKLC,https://docs.google.com/spreadsheets/d/13rdpmsI5n0dnsb33u4YHGwI8VrWtCeLDWDELO_hC7Qs
1854,斑,"SPOT, SPECK",KLC_01854,2,KLC_00072,王,KING,KLC,72,EARLIER_OR_SAME_KLC,https://docs.google.com/spreadsheets/d/13rdpmsI5n0dnsb33u4YHGwI8VrWtCeLDWDELO_hC7Qs
1855,輩,FELLOW,KLC_01855,1,RAD_00067,文,"script, literature",RAD,,PRIMITIVE_OR_NONKLC,https://docs.google.com/spreadsheets/d/13rdpmsI5n0dnsb33u4YHGwI8VrWtCeLDWDELO_hC7Qs
1856,悲,SAD,KLC_01856,1,RAD_00175,非,"wrong, mistake, negative",RAD,,PRIMITIVE_OR_NONKLC,https://docs.google.com/spreadsheets/d/13rdpmsI5n0dnsb33u4YHGwI8VrWtCeLDWDELO_hC7Qs
1856,悲,SAD,KLC_01856,2,RAD_00061,心,"heart, mind, spirit",RAD,,PRIMITIVE_OR_NONKLC,https://docs.google.com/spreadsheets/d/13rdpmsI5n0dnsb33u4YHGwI8VrWtCeLDWDELO_hC7Qs
1857,忽,"SUDDENLY, CARELESS",KLC_01857,1,KLC_00171,勿,"NOT, DO NOT",KLC,171,EARLIER_OR_SAME_KLC,https://docs.google.com/spreadsheets/d/13rdpmsI5n0dnsb33u4YHGwI8VrWtCeLDWDELO_hC7Qs
1857,忽,"SUDDENLY, CARELESS",KLC_01857,2,RAD_00061,心,"heart, mind, spirit",RAD,,PRIMITIVE_OR_NONKLC,https://docs.google.com/spreadsheets/d/13rdpmsI5n0dnsb33u4YHGwI8VrWtCeLDWDELO_hC7Qs
1858,惚,"FALL IN LOVE WITH, GROW SENILE",KLC_01858,1,RAD_00061,心,"heart, mind, spirit",RAD,,PRIMITIVE_OR_NONKLC,https://docs.google.com/spreadsheets/d/13rdpmsI5n0dnsb33u4YHGwI8VrWtCeLDWDELO_hC7Qs
1858,惚,"FALL IN LOVE WITH, GROW SENILE",KLC_01858,2,KLC_01857,忽,"SUDDENLY, CARELESS",KLC,1857,EARLIER_OR_SAME_KLC,https://docs.google.com/spreadsheets/d/13rdpmsI5n0dnsb33u4YHGwI8VrWtCeLDWDELO_hC7Qs
1859,猿,MONKEY,KLC_01859,1,RAD_00094,犬,"dog, small animal",RAD,,PRIMITIVE_OR_NONKLC,https://docs.google.com/spreadsheets/d/13rdpmsI5n0dnsb33u4YHGwI8VrWtCeLDWDELO_hC7Qs
1859,猿,MONKEY,KLC_01859,2,RAD_00030,口,"mouth, *opening*",RAD,,PRIMITIVE_OR_NONKLC,https://docs.google.com/spreadsheets/d/13rdpmsI5n0dnsb33u4YHGwI8VrWtCeLDWDELO_hC7Qs
1859,猿,MONKEY,KLC_01859,3,RAD_00032,土,"soil, earth",RAD,,PRIMITIVE_OR_NONKLC,https://docs.google.com/spreadsheets/d/13rdpmsI5n0dnsb33u4YHGwI8VrWtCeLDWDELO_hC7Qs
1860,哀,"SORROW, PITY",KLC_01860,1,RAD_00145,衣,"clothes, garment",RAD,,PRIMITIVE_OR_NONKLC,https://docs.google.com/spreadsheets/d/13rdpmsI5n0dnsb33u4YHGwI8VrWtCeLDWDELO_hC7Qs
1860,哀,"SORROW, PITY",KLC_01860,2,RAD_00030,口,"mouth, *opening*",RAD,,PRIMITIVE_OR_NONKLC,https://docs.google.com/spreadsheets/d/13rdpmsI5n0dnsb33u4YHGwI8VrWtCeLDWDELO_hC7Qs
1861,衰,"DECLINE [diminish], WEAKEN",KLC_01861,1,KLC_01860,哀,"SORROW, PITY",KLC,1860,EARLIER_OR_SAME_KLC,https://docs.google.com/spreadsheets/d/13rdpmsI5n0dnsb33u4YHGwI8VrWtCeLDWDELO_hC7Qs
1862,衷,"INNER HEART, INSIDE",KLC_01862,1,KLC_01860,哀,"SORROW, PITY",KLC,1860,EARLIER_OR_SAME_KLC,https://docs.google.com/spreadsheets/d/13rdpmsI5n0dnsb33u4YHGwI8VrWtCeLDWDELO_hC7Qs
1863,喪,"LOSS, MOURNING",KLC_01863,1,RAD_00145,衣,"clothes, garment",RAD,,PRIMITIVE_OR_NONKLC,https://docs.google.com/spreadsheets/d/13rdpmsI5n0dnsb33u4YHGwI8VrWtCeLDWDELO_hC7Qs
1864,忌,"ABHOR, MOURNING",KLC_01864,1,RAD_00049,己,"oneself, *roll*",RAD,,PRIMITIVE_OR_NONKLC,https://docs.google.com/spreadsheets/d/13rdpmsI5n0dnsb33u4YHGwI8VrWtCeLDWDELO_hC7Qs
1864,忌,"ABHOR, MOURNING",KLC_01864,2,RAD_00061,心,"heart, mind, spirit",RAD,,PRIMITIVE_OR_NONKLC,https://docs.google.com/spreadsheets/d/13rdpmsI5n0dnsb33u4YHGwI8VrWtCeLDWDELO_hC7Qs
1866,悼,GRIEVE,KLC_01866,1,RAD_00061,心,"heart, mind, spirit",RAD,,PRIMITIVE_OR_NONKLC,https://docs.google.com/spreadsheets/d/13rdpmsI5n0dnsb33u4YHGwI8VrWtCeLDWDELO_hC7Qs
1866,悼,GRIEVE,KLC_01866,2,KLC_01865,卓,"TABLE, PROMINENT",KLC,1865,EARLIER_OR_SAME_KLC,https://docs.google.com/spreadsheets/d/13rdpmsI5n0dnsb33u4YHGwI8VrWtCeLDWDELO_hC7Qs
1867,貞,CHASTE,KLC_01867,1,RAD_00154,貝,"shellfish, money, wealth",RAD,,PRIMITIVE_OR_NONKLC,https://docs.google.com/spreadsheets/d/13rdpmsI5n0dnsb33u4YHGwI8VrWtCeLDWDELO_hC7Qs
1868,偵,SPY,KLC_01868,1,RAD_00009,人,"person, *roof*",RAD,,PRIMITIVE_OR_NONKLC,https://docs.google.com/spreadsheets/d/13rdpmsI5n0dnsb33u4YHGwI8VrWtCeLDWDELO_hC7Qs
1868,偵,SPY,KLC_01868,2,KLC_01867,貞,CHASTE,KLC,1867,EARLIER_OR_SAME_KLC,https://docs.google.com/spreadsheets/d/13rdpmsI5n0dnsb33u4YHGwI8VrWtCeLDWDELO_hC7Qs
1869,覇,"SUPREMACY, DOMINATION",KLC_01869,1,SUP_00014,覀,"basket, box",SUP,,PRIMITIVE_OR_NONKLC,https://docs.google.com/spreadsheets/d/13rdpmsI5n0dnsb33u4YHGwI8VrWtCeLDWDELO_hC7Qs
1869,覇,"SUPREMACY, DOMINATION",KLC_01869,2,RAD_00177,革,"leather, reform",RAD,,PRIMITIVE_OR_NONKLC,https://docs.google.com/spreadsheets/d/13rdpmsI5n0dnsb33u4YHGwI8VrWtCeLDWDELO_hC7Qs
1869,覇,"SUPREMACY, DOMINATION",KLC_01869,3,RAD_00074,月,"moon, month, *flesh*, *body part*",RAD,,PRIMITIVE_OR_NONKLC,https://docs.google.com/spreadsheets/d/13rdpmsI5n0dnsb33u4YHGwI8VrWtCeLDWDELO_hC7Qs
1870,覆,"COVER, OVERTURN",KLC_01870,1,KLC_00865,復,"RETURN, RESTORE",KLC,865,EARLIER_OR_SAME_KLC,https://docs.google.com/spreadsheets/d/13rdpmsI5n0dnsb33u4YHGwI8VrWtCeLDWDELO_hC7Qs
1870,覆,"COVER, OVERTURN",KLC_01870,2,SUP_00014,覀,"basket, box",SUP,,PRIMITIVE_OR_NONKLC,https://docs.google.com/spreadsheets/d/13rdpmsI5n0dnsb33u4YHGwI8VrWtCeLDWDELO_hC7Qs
1871,履,"FULFILL, FOOTGEAR",KLC_01871,1,KLC_00865,復,"RETURN, RESTORE",KLC,865,EARLIER_OR_SAME_KLC,https://docs.google.com/spreadsheets/d/13rdpmsI5n0dnsb33u4YHGwI8VrWtCeLDWDELO_hC7Qs
1871,履,"FULFILL, FOOTGEAR",KLC_01871,2,RAD_00044,尸,"corpse, *flag*",RAD,,PRIMITIVE_OR_NONKLC,https://docs.google.com/spreadsheets/d/13rdpmsI5n0dnsb33u4YHGwI8VrWtCeLDWDELO_hC7Qs
1872,属,"BELONG TO, SUBORDINATE",KLC_01872,1,RAD_00063,戸,door,RAD,,PRIMITIVE_OR_NONKLC,https://docs.google.com/spreadsheets/d/13rdpmsI5n0dnsb33u4YHGwI8VrWtCeLDWDELO_hC7Qs
1873,嘱,"CHARGE WITH, ENTRUST",KLC_01873,1,RAD_00030,口,"mouth, *opening*",RAD,,PRIMITIVE_OR_NONKLC,https://docs.google.com/spreadsheets/d/13rdpmsI5n0dnsb33u4YHGwI8VrWtCeLDWDELO_hC7Qs
1873,嘱,"CHARGE WITH, ENTRUST",KLC_01873,2,KLC_01872,属,"BELONG TO, SUBORDINATE",KLC,1872,EARLIER_OR_SAME_KLC,https://docs.google.com/spreadsheets/d/13rdpmsI5n0dnsb33u4YHGwI8VrWtCeLDWDELO_hC7Qs
1874,偶,"BY CHANCE, COUPLE",KLC_01874,1,RAD_00009,人,"person, *roof*",RAD,,PRIMITIVE_OR_NONKLC,https://docs.google.com/spreadsheets/d/13rdpmsI5n0dnsb33u4YHGwI8VrWtCeLDWDELO_hC7Qs
1874,偶,"BY CHANCE, COUPLE",KLC_01874,2,SUP_00032,禺,monkey,SUP,,PRIMITIVE_OR_NONKLC,https://docs.google.com/spreadsheets/d/13rdpmsI5n0dnsb33u4YHGwI8VrWtCeLDWDELO_hC7Qs
1875,隅,"NOOK, CORNER",KLC_01875,1,SUP_00032,禺,monkey,SUP,,PRIMITIVE_OR_NONKLC,https://docs.google.com/spreadsheets/d/13rdpmsI5n0dnsb33u4YHGwI8VrWtCeLDWDELO_hC7Qs
1875,隅,"NOOK, CORNER",KLC_01875,2,RAD_00170,阜,hill [left of kanji],RAD,,PRIMITIVE_OR_NONKLC,https://docs.google.com/spreadsheets/d/13rdpmsI5n0dnsb33u4YHGwI8VrWtCeLDWDELO_hC7Qs
1876,隙,"CREVICE, FISSURE",KLC_01876,1,RAD_00170,阜,hill [left of kanji],RAD,,PRIMITIVE_OR_NONKLC,https://docs.google.com/spreadsheets/d/13rdpmsI5n0dnsb33u4YHGwI8VrWtCeLDWDELO_hC7Qs
1876,隙,"CREVICE, FISSURE",KLC_01876,2,RAD_00042,小,small,RAD,,PRIMITIVE_OR_NONKLC,https://docs.google.com/spreadsheets/d/13rdpmsI5n0dnsb33u4YHGwI8VrWtCeLDWDELO_hC7Qs
1876,隙,"CREVICE, FISSURE",KLC_01876,3,RAD_00072,日,"sun, day",RAD,,PRIMITIVE_OR_NONKLC,https://docs.google.com/spreadsheets/d/13rdpmsI5n0dnsb33u4YHGwI8VrWtCeLDWDELO_hC7Qs
1877,遇,"TREAT, ENCOUNTER",KLC_01877,1,SUP_00032,禺,monkey,SUP,,PRIMITIVE_OR_NONKLC,https://docs.google.com/spreadsheets/d/13rdpmsI5n0dnsb33u4YHGwI8VrWtCeLDWDELO_hC7Qs
1877,遇,"TREAT, ENCOUNTER",KLC_01877,2,RAD_00162,辵,"walk, *transport*",RAD,,PRIMITIVE_OR_NONKLC,https://docs.google.com/spreadsheets/d/13rdpmsI5n0dnsb33u4YHGwI8VrWtCeLDWDELO_hC7Qs
1878,愚,FOOLISH,KLC_01878,1,SUP_00032,禺,monkey,SUP,,PRIMITIVE_OR_NONKLC,https://docs.google.com/spreadsheets/d/13rdpmsI5n0dnsb33u4YHGwI8VrWtCeLDWDELO_hC7Qs
1878,愚,FOOLISH,KLC_01878,2,RAD_00061,心,"heart, mind, spirit",RAD,,PRIMITIVE_OR_NONKLC,https://docs.google.com/spreadsheets/d/13rdpmsI5n0dnsb33u4YHGwI8VrWtCeLDWDELO_hC7Qs
1880,遭,"MEET WITH, COME UPON",KLC_01880,1,RAD_00162,辵,"walk, *transport*",RAD,,PRIMITIVE_OR_NONKLC,https://docs.google.com/spreadsheets/d/13rdpmsI5n0dnsb33u4YHGwI8VrWtCeLDWDELO_hC7Qs
1880,遭,"MEET WITH, COME UPON",KLC_01880,2,KLC_01879,曹,SERGEANT,KLC,1879,EARLIER_OR_SAME_KLC,https://docs.google.com/spreadsheets/d/13rdpmsI5n0dnsb33u4YHGwI8VrWtCeLDWDELO_hC7Qs
1881,槽,TUB,KLC_01881,1,KLC_01879,曹,SERGEANT,KLC,1879,EARLIER_OR_SAME_KLC,https://docs.google.com/spreadsheets/d/13rdpmsI5n0dnsb33u4YHGwI8VrWtCeLDWDELO_hC7Qs
1881,槽,TUB,KLC_01881,2,RAD_00075,木,tree,RAD,,PRIMITIVE_OR_NONKLC,https://docs.google.com/spreadsheets/d/13rdpmsI5n0dnsb33u4YHGwI8VrWtCeLDWDELO_hC7Qs
1882,妨,"HINDER, OBSTRUCT",KLC_01882,1,RAD_00038,女,woman,RAD,,PRIMITIVE_OR_NONKLC,https://docs.google.com/spreadsheets/d/13rdpmsI5n0dnsb33u4YHGwI8VrWtCeLDWDELO_hC7Qs
1882,妨,"HINDER, OBSTRUCT",KLC_01882,2,RAD_00070,方,"direction, person, square",RAD,,PRIMITIVE_OR_NONKLC,https://docs.google.com/spreadsheets/d/13rdpmsI5n0dnsb33u4YHGwI8VrWtCeLDWDELO_hC7Qs
1883,坊,"BOY, COLLOQUIAL PERSON SUFFIX",KLC_01883,1,RAD_00070,方,"direction, person, square",RAD,,PRIMITIVE_OR_NONKLC,https://docs.google.com/spreadsheets/d/13rdpmsI5n0dnsb33u4YHGwI8VrWtCeLDWDELO_hC7Qs
1883,坊,"BOY, COLLOQUIAL PERSON SUFFIX",KLC_01883,2,RAD_00032,土,"soil, earth",RAD,,PRIMITIVE_OR_NONKLC,https://docs.google.com/spreadsheets/d/13rdpmsI5n0dnsb33u4YHGwI8VrWtCeLDWDELO_hC7Qs
1885,於,"AT, IN",KLC_01885,1,RAD_00070,方,"direction, person, square",RAD,,PRIMITIVE_OR_NONKLC,https://docs.google.com/spreadsheets/d/13rdpmsI5n0dnsb33u4YHGwI8VrWtCeLDWDELO_hC7Qs
1886,房,"CHAMBER, TUFT",KLC_01886,1,RAD_00070,方,"direction, person, square",RAD,,PRIMITIVE_OR_NONKLC,https://docs.google.com/spreadsheets/d/13rdpmsI5n0dnsb33u4YHGwI8VrWtCeLDWDELO_hC7Qs
1886,房,"CHAMBER, TUFT",KLC_01886,2,RAD_00063,戸,door,RAD,,PRIMITIVE_OR_NONKLC,https://docs.google.com/spreadsheets/d/13rdpmsI5n0dnsb33u4YHGwI8VrWtCeLDWDELO_hC7Qs
1887,扇,FAN,KLC_01887,1,RAD_00063,戸,door,RAD,,PRIMITIVE_OR_NONKLC,https://docs.google.com/spreadsheets/d/13rdpmsI5n0dnsb33u4YHGwI8VrWtCeLDWDELO_hC7Qs
1887,扇,FAN,KLC_01887,2,RAD_00124,羽,"feather, wing",RAD,,PRIMITIVE_OR_NONKLC,https://docs.google.com/spreadsheets/d/13rdpmsI5n0dnsb33u4YHGwI8VrWtCeLDWDELO_hC7Qs
1888,扉,HINGED DOOR,KLC_01888,1,RAD_00063,戸,door,RAD,,PRIMITIVE_OR_NONKLC,https://docs.google.com/spreadsheets/d/13rdpmsI5n0dnsb33u4YHGwI8VrWtCeLDWDELO_hC7Qs
1889,雇,"EMPLOY, HIRE",KLC_01889,1,RAD_00172,隹,small bird,RAD,,PRIMITIVE_OR_NONKLC,https://docs.google.com/spreadsheets/d/13rdpmsI5n0dnsb33u4YHGwI8VrWtCeLDWDELO_hC7Qs
1889,雇,"EMPLOY, HIRE",KLC_01889,2,RAD_00063,戸,door,RAD,,PRIMITIVE_OR_NONKLC,https://docs.google.com/spreadsheets/d/13rdpmsI5n0dnsb33u4YHGwI8VrWtCeLDWDELO_hC7Qs
1890,顧,"LOOK BACK, EXAMINE",KLC_01890,1,RAD_00181,頁,"leaf, page, *head*",RAD,,PRIMITIVE_OR_NONKLC,https://docs.google.com/spreadsheets/d/13rdpmsI5n0dnsb33u4YHGwI8VrWtCeLDWDELO_hC7Qs
1890,顧,"LOOK BACK, EXAMINE",KLC_01890,2,KLC_01889,雇,"EMPLOY, HIRE",KLC,1889,EARLIER_OR_SAME_KLC,https://docs.google.com/spreadsheets/d/13rdpmsI5n0dnsb33u4YHGwI8VrWtCeLDWDELO_hC7Qs
1891,屑,"SCRAPS, WASTE",KLC_01891,1,RAD_00044,尸,"corpse, *flag*",RAD,,PRIMITIVE_OR_NONKLC,https://docs.google.com/spreadsheets/d/13rdpmsI5n0dnsb33u4YHGwI8VrWtCeLDWDELO_hC7Qs
1891,屑,"SCRAPS, WASTE",KLC_01891,2,KLC_01288,肖,RESEMBLANCE,KLC,1288,EARLIER_OR_SAME_KLC,https://docs.google.com/spreadsheets/d/13rdpmsI5n0dnsb33u4YHGwI8VrWtCeLDWDELO_hC7Qs
1892,糞,"SHIT, FECES",KLC_01892,1,RAD_00119,米,rice,RAD,,PRIMITIVE_OR_NONKLC,https://docs.google.com/spreadsheets/d/13rdpmsI5n0dnsb33u4YHGwI8VrWtCeLDWDELO_hC7Qs
1892,糞,"SHIT, FECES",KLC_01892,2,KLC_00882,異,DIFFERENT,KLC,882,EARLIER_OR_SAME_KLC,https://docs.google.com/spreadsheets/d/13rdpmsI5n0dnsb33u4YHGwI8VrWtCeLDWDELO_hC7Qs
1893,尿,URINE,KLC_01893,1,RAD_00063,戸,door,RAD,,PRIMITIVE_OR_NONKLC,https://docs.google.com/spreadsheets/d/13rdpmsI5n0dnsb33u4YHGwI8VrWtCeLDWDELO_hC7Qs
1893,尿,URINE,KLC_01893,2,RAD_00085,水,"water, *liquid*",RAD,,PRIMITIVE_OR_NONKLC,https://docs.google.com/spreadsheets/d/13rdpmsI5n0dnsb33u4YHGwI8VrWtCeLDWDELO_hC7Qs
1894,泌,SECRETE,KLC_01894,1,RAD_00085,水,"water, *liquid*",RAD,,PRIMITIVE_OR_NONKLC,https://docs.google.com/spreadsheets/d/13rdpmsI5n0dnsb33u4YHGwI8VrWtCeLDWDELO_hC7Qs
1894,泌,SECRETE,KLC_01894,2,KLC_00549,必,CERTAIN,KLC,549,EARLIER_OR_SAME_KLC,https://docs.google.com/spreadsheets/d/13rdpmsI5n0dnsb33u4YHGwI8VrWtCeLDWDELO_hC7Qs
1895,尻,BUTTOCKS,KLC_01895,1,RAD_00063,戸,door,RAD,,PRIMITIVE_OR_NONKLC,https://docs.google.com/spreadsheets/d/13rdpmsI5n0dnsb33u4YHGwI8VrWtCeLDWDELO_hC7Qs
1895,尻,BUTTOCKS,KLC_01895,2,KLC_00011,九,NINE,KLC,11,EARLIER_OR_SAME_KLC,https://docs.google.com/spreadsheets/d/13rdpmsI5n0dnsb33u4YHGwI8VrWtCeLDWDELO_hC7Qs
1896,炉,FURNACE,KLC_01896,1,RAD_00086,火,fire,RAD,,PRIMITIVE_OR_NONKLC,https://docs.google.com/spreadsheets/d/13rdpmsI5n0dnsb33u4YHGwI8VrWtCeLDWDELO_hC7Qs
1896,炉,FURNACE,KLC_01896,2,RAD_00063,戸,door,RAD,,PRIMITIVE_OR_NONKLC,https://docs.google.com/spreadsheets/d/13rdpmsI5n0dnsb33u4YHGwI8VrWtCeLDWDELO_hC7Qs
1897,窯,"KILN, FURNACE",KLC_01897,1,RAD_00086,火,fire,RAD,,PRIMITIVE_OR_NONKLC,https://docs.google.com/spreadsheets/d/13rdpmsI5n0dnsb33u4YHGwI8VrWtCeLDWDELO_hC7Qs
1897,窯,"KILN, FURNACE",KLC_01897,2,RAD_00116,穴,"cave, hole",RAD,,PRIMITIVE_OR_NONKLC,https://docs.google.com/spreadsheets/d/13rdpmsI5n0dnsb33u4YHGwI8VrWtCeLDWDELO_hC7Qs
1898,釜,"IRON POT, CAULDRON",KLC_01898,1,RAD_00167,金,"metal, gold, money",RAD,,PRIMITIVE_OR_NONKLC,https://docs.google.com/spreadsheets/d/13rdpmsI5n0dnsb33u4YHGwI8VrWtCeLDWDELO_hC7Qs
1899,爺,"OLD MAN, GRANDPA",KLC_01899,1,RAD_00088,父,father,RAD,,PRIMITIVE_OR_NONKLC,https://docs.google.com/spreadsheets/d/13rdpmsI5n0dnsb33u4YHGwI8VrWtCeLDWDELO_hC7Qs
1899,爺,"OLD MAN, GRANDPA",KLC_01899,2,KLC_01410,那,PHONETIC [NA],KLC,1410,EARLIER_OR_SAME_KLC,https://docs.google.com/spreadsheets/d/13rdpmsI5n0dnsb33u4YHGwI8VrWtCeLDWDELO_hC7Qs
1900,窪,"HOLLOW, CAVITY",KLC_01900,1,RAD_00085,水,"water, *liquid*",RAD,,PRIMITIVE_OR_NONKLC,https://docs.google.com/spreadsheets/d/13rdpmsI5n0dnsb33u4YHGwI8VrWtCeLDWDELO_hC7Qs
1900,窪,"HOLLOW, CAVITY",KLC_01900,2,RAD_00116,穴,"cave, hole",RAD,,PRIMITIVE_OR_NONKLC,https://docs.google.com/spreadsheets/d/13rdpmsI5n0dnsb33u4YHGwI8VrWtCeLDWDELO_hC7Qs
1900,窪,"HOLLOW, CAVITY",KLC_01900,3,RAD_00032,土,"soil, earth",RAD,,PRIMITIVE_OR_NONKLC,https://docs.google.com/spreadsheets/d/13rdpmsI5n0dnsb33u4YHGwI8VrWtCeLDWDELO_hC7Qs
1901,佳,"FINE, BEAUTIFUL",KLC_01901,1,RAD_00009,人,"person, *roof*",RAD,,PRIMITIVE_OR_NONKLC,https://docs.google.com/spreadsheets/d/13rdpmsI5n0dnsb33u4YHGwI8VrWtCeLDWDELO_hC7Qs
1901,佳,"FINE, BEAUTIFUL",KLC_01901,2,RAD_00032,土,"soil, earth",RAD,,PRIMITIVE_OR_NONKLC,https://docs.google.com/spreadsheets/d/13rdpmsI5n0dnsb33u4YHGwI8VrWtCeLDWDELO_hC7Qs
1902,涯,"FAR END, LIMITS",KLC_01902,1,RAD_00085,水,"water, *liquid*",RAD,,PRIMITIVE_OR_NONKLC,https://docs.google.com/spreadsheets/d/13rdpmsI5n0dnsb33u4YHGwI8VrWtCeLDWDELO_hC7Qs
1902,涯,"FAR END, LIMITS",KLC_01902,2,RAD_00027,厂,cliff,RAD,,PRIMITIVE_OR_NONKLC,https://docs.google.com/spreadsheets/d/13rdpmsI5n0dnsb33u4YHGwI8VrWtCeLDWDELO_hC7Qs
1902,涯,"FAR END, LIMITS",KLC_01902,3,RAD_00032,土,"soil, earth",RAD,,PRIMITIVE_OR_NONKLC,https://docs.google.com/spreadsheets/d/13rdpmsI5n0dnsb33u4YHGwI8VrWtCeLDWDELO_hC7Qs
1903,暇,"FREE TIME, REST",KLC_01903,1,RAD_00032,土,"soil, earth",RAD,,PRIMITIVE_OR_NONKLC,https://docs.google.com/spreadsheets/d/13rdpmsI5n0dnsb33u4YHGwI8VrWtCeLDWDELO_hC7Qs
1904,霞,MIST,KLC_01904,1,RAD_00173,雨,rain,RAD,,PRIMITIVE_OR_NONKLC,https://docs.google.com/spreadsheets/d/13rdpmsI5n0dnsb33u4YHGwI8VrWtCeLDWDELO_hC7Qs
1904,霞,MIST,KLC_01904,2,KLC_01903,暇,"FREE TIME, REST",KLC,1903,EARLIER_OR_SAME_KLC,https://docs.google.com/spreadsheets/d/13rdpmsI5n0dnsb33u4YHGwI8VrWtCeLDWDELO_hC7Qs
1905,雰,ATMOSPHERE,KLC_01905,1,RAD_00173,雨,rain,RAD,,PRIMITIVE_OR_NONKLC,https://docs.google.com/spreadsheets/d/13rdpmsI5n0dnsb33u4YHGwI8VrWtCeLDWDELO_hC7Qs
1905,雰,ATMOSPHERE,KLC_01905,2,KLC_00088,分,"DIVIDE, PART, MINUTE",KLC,88,EARLIER_OR_SAME_KLC,https://docs.google.com/spreadsheets/d/13rdpmsI5n0dnsb33u4YHGwI8VrWtCeLDWDELO_hC7Qs
1906,霧,FOG,KLC_01906,1,RAD_00173,雨,rain,RAD,,PRIMITIVE_OR_NONKLC,https://docs.google.com/spreadsheets/d/13rdpmsI5n0dnsb33u4YHGwI8VrWtCeLDWDELO_hC7Qs
1906,霧,FOG,KLC_01906,2,KLC_00687,務,DUTY,KLC,687,EARLIER_OR_SAME_KLC,https://docs.google.com/spreadsheets/d/13rdpmsI5n0dnsb33u4YHGwI8VrWtCeLDWDELO_hC7Qs
1907,露,"DEW, EXPOSE",KLC_01907,1,RAD_00173,雨,rain,RAD,,PRIMITIVE_OR_NONKLC,https://docs.google.com/spreadsheets/d/13rdpmsI5n0dnsb33u4YHGwI8VrWtCeLDWDELO_hC7Qs
1907,露,"DEW, EXPOSE",KLC_01907,2,KLC_00788,路,ROAD,KLC,788,EARLIER_OR_SAME_KLC,https://docs.google.com/spreadsheets/d/13rdpmsI5n0dnsb33u4YHGwI8VrWtCeLDWDELO_hC7Qs
1908,霜,FROST,KLC_01908,1,RAD_00173,雨,rain,RAD,,PRIMITIVE_OR_NONKLC,https://docs.google.com/spreadsheets/d/13rdpmsI5n0dnsb33u4YHGwI8VrWtCeLDWDELO_hC7Qs
1908,霜,FROST,KLC_01908,2,KLC_00682,相,"ASPECT, MINISTER [of state], MUTUAL",KLC,682,EARLIER_OR_SAME_KLC,https://docs.google.com/spreadsheets/d/13rdpmsI5n0dnsb33u4YHGwI8VrWtCeLDWDELO_hC7Qs
1909,箱,"BOX, CHEST",KLC_01909,1,KLC_00075,国,COUNTRY,KLC,75,EARLIER_OR_SAME_KLC,https://docs.google.com/spreadsheets/d/13rdpmsI5n0dnsb33u4YHGwI8VrWtCeLDWDELO_hC7Qs
1909,箱,"BOX, CHEST",KLC_01909,2,RAD_00118,竹,"bamboo, counting",RAD,,PRIMITIVE_OR_NONKLC,https://docs.google.com/spreadsheets/d/13rdpmsI5n0dnsb33u4YHGwI8VrWtCeLDWDELO_hC7Qs
1910,籍,"REGISTER, MEMBERSHIP",KLC_01910,1,RAD_00118,竹,"bamboo, counting",RAD,,PRIMITIVE_OR_NONKLC,https://docs.google.com/spreadsheets/d/13rdpmsI5n0dnsb33u4YHGwI8VrWtCeLDWDELO_hC7Qs
1910,籍,"REGISTER, MEMBERSHIP",KLC_01910,2,KLC_00359,昔,"ANCIENT, FORMER TIMES",KLC,359,EARLIER_OR_SAME_KLC,https://docs.google.com/spreadsheets/d/13rdpmsI5n0dnsb33u4YHGwI8VrWtCeLDWDELO_hC7Qs
1910,籍,"REGISTER, MEMBERSHIP",KLC_01910,3,RAD_00127,耒,"plough, *rotary tiller*",RAD,,PRIMITIVE_OR_NONKLC,https://docs.google.com/spreadsheets/d/13rdpmsI5n0dnsb33u4YHGwI8VrWtCeLDWDELO_hC7Qs
1911,貫,"PENETRATE, PIERCE",KLC_01911,1,RAD_00102,田,"rice field, *head*",RAD,,PRIMITIVE_OR_NONKLC,https://docs.google.com/spreadsheets/d/13rdpmsI5n0dnsb33u4YHGwI8VrWtCeLDWDELO_hC7Qs
1911,貫,"PENETRATE, PIERCE",KLC_01911,2,RAD_00154,貝,"shellfish, money, wealth",RAD,,PRIMITIVE_OR_NONKLC,https://docs.google.com/spreadsheets/d/13rdpmsI5n0dnsb33u4YHGwI8VrWtCeLDWDELO_hC7Qs
1912,慣,HABITUAL PRACTICE,KLC_01912,1,KLC_01911,貫,"PENETRATE, PIERCE",KLC,1911,EARLIER_OR_SAME_KLC,https://docs.google.com/spreadsheets/d/13rdpmsI5n0dnsb33u4YHGwI8VrWtCeLDWDELO_hC7Qs
1912,慣,HABITUAL PRACTICE,KLC_01912,2,RAD_00061,心,"heart, mind, spirit",RAD,,PRIMITIVE_OR_NONKLC,https://docs.google.com/spreadsheets/d/13rdpmsI5n0dnsb33u4YHGwI8VrWtCeLDWDELO_hC7Qs
1913,頂,"SUMMIT, RECEIVE HUMBLY",KLC_01913,1,KLC_00437,丁,"TOWN SUBSECTION, ROAD, MISCELLANEOUS COUNTER",KLC,437,EARLIER_OR_SAME_KLC,https://docs.google.com/spreadsheets/d/13rdpmsI5n0dnsb33u4YHGwI8VrWtCeLDWDELO_hC7Qs
1913,頂,"SUMMIT, RECEIVE HUMBLY",KLC_01913,2,RAD_00181,頁,"leaf, page, *head*",RAD,,PRIMITIVE_OR_NONKLC,https://docs.google.com/spreadsheets/d/13rdpmsI5n0dnsb33u4YHGwI8VrWtCeLDWDELO_hC7Qs
1914,戴,"RECEIVE HUMBLY, BE CROWNED WITH",KLC_01914,1,RAD_00062,戈,"halberd, spear",RAD,,PRIMITIVE_OR_NONKLC,https://docs.google.com/spreadsheets/d/13rdpmsI5n0dnsb33u4YHGwI8VrWtCeLDWDELO_hC7Qs
1915,項,CLAUSE,KLC_01915,1,RAD_00181,頁,"leaf, page, *head*",RAD,,PRIMITIVE_OR_NONKLC,https://docs.google.com/spreadsheets/d/13rdpmsI5n0dnsb33u4YHGwI8VrWtCeLDWDELO_hC7Qs
1915,項,CLAUSE,KLC_01915,2,RAD_00048,工,"construction, craft, work",RAD,,PRIMITIVE_OR_NONKLC,https://docs.google.com/spreadsheets/d/13rdpmsI5n0dnsb33u4YHGwI8VrWtCeLDWDELO_hC7Qs
1916,頃,"TIME, ABOUT",KLC_01916,1,RAD_00021,匕,"spoon, *seated person*",RAD,,PRIMITIVE_OR_NONKLC,https://docs.google.com/spreadsheets/d/13rdpmsI5n0dnsb33u4YHGwI8VrWtCeLDWDELO_hC7Qs
1916,頃,"TIME, ABOUT",KLC_01916,2,RAD_00181,頁,"leaf, page, *head*",RAD,,PRIMITIVE_OR_NONKLC,https://docs.google.com/spreadsheets/d/13rdpmsI5n0dnsb33u4YHGwI8VrWtCeLDWDELO_hC7Qs
1917,傾,"INCLINE, LEAN",KLC_01917,1,RAD_00009,人,"person, *roof*",RAD,,PRIMITIVE_OR_NONKLC,https://docs.google.com/spreadsheets/d/13rdpmsI5n0dnsb33u4YHGwI8VrWtCeLDWDELO_hC7Qs
1917,傾,"INCLINE, LEAN",KLC_01917,2,KLC_01916,頃,"TIME, ABOUT",KLC,1916,EARLIER_OR_SAME_KLC,https://docs.google.com/spreadsheets/d/13rdpmsI5n0dnsb33u4YHGwI8VrWtCeLDWDELO_hC7Qs
1918,頑,STUBBORN,KLC_01918,1,RAD_00181,頁,"leaf, page, *head*",RAD,,PRIMITIVE_OR_NONKLC,https://docs.google.com/spreadsheets/d/13rdpmsI5n0dnsb33u4YHGwI8VrWtCeLDWDELO_hC7Qs
1918,頑,STUBBORN,KLC_01918,2,KLC_00136,元,ORIGIN,KLC,136,EARLIER_OR_SAME_KLC,https://docs.google.com/spreadsheets/d/13rdpmsI5n0dnsb33u4YHGwI8VrWtCeLDWDELO_hC7Qs
1919,頒,DISTRIBUTE WIDELY,KLC_01919,1,KLC_00088,分,"DIVIDE, PART, MINUTE",KLC,88,EARLIER_OR_SAME_KLC,https://docs.google.com/spreadsheets/d/13rdpmsI5n0dnsb33u4YHGwI8VrWtCeLDWDELO_hC7Qs
1919,頒,DISTRIBUTE WIDELY,KLC_01919,2,RAD_00181,頁,"leaf, page, *head*",RAD,,PRIMITIVE_OR_NONKLC,https://docs.google.com/spreadsheets/d/13rdpmsI5n0dnsb33u4YHGwI8VrWtCeLDWDELO_hC7Qs
1920,頓,SUDDENLY,KLC_01920,1,KLC_01100,屯,"CAMP, POLICE STATION",KLC,1100,EARLIER_OR_SAME_KLC,https://docs.google.com/spreadsheets/d/13rdpmsI5n0dnsb33u4YHGwI8VrWtCeLDWDELO_hC7Qs
1920,頓,SUDDENLY,KLC_01920,2,RAD_00181,頁,"leaf, page, *head*",RAD,,PRIMITIVE_OR_NONKLC,https://docs.google.com/spreadsheets/d/13rdpmsI5n0dnsb33u4YHGwI8VrWtCeLDWDELO_hC7Qs
1921,顕,"MANIFEST, APPEAR",KLC_01921,1,RAD_00072,日,"sun, day",RAD,,PRIMITIVE_OR_NONKLC,https://docs.google.com/spreadsheets/d/13rdpmsI5n0dnsb33u4YHGwI8VrWtCeLDWDELO_hC7Qs
1921,顕,"MANIFEST, APPEAR",KLC_01921,2,RAD_00181,頁,"leaf, page, *head*",RAD,,PRIMITIVE_OR_NONKLC,https://docs.google.com/spreadsheets/d/13rdpmsI5n0dnsb33u4YHGwI8VrWtCeLDWDELO_hC7Qs
1922,領,DOMINION,KLC_01922,1,RAD_00181,頁,"leaf, page, *head*",RAD,,PRIMITIVE_OR_NONKLC,https://docs.google.com/spreadsheets/d/13rdpmsI5n0dnsb33u4YHGwI8VrWtCeLDWDELO_hC7Qs
1922,領,DOMINION,KLC_01922,2,KLC_00229,令,COMMAND,KLC,229,EARLIER_OR_SAME_KLC,https://docs.google.com/spreadsheets/d/13rdpmsI5n0dnsb33u4YHGwI8VrWtCeLDWDELO_hC7Qs
1923,頻,"REPEATEDLY, FREQUENTLY",KLC_01923,1,RAD_00181,頁,"leaf, page, *head*",RAD,,PRIMITIVE_OR_NONKLC,https://docs.google.com/spreadsheets/d/13rdpmsI5n0dnsb33u4YHGwI8VrWtCeLDWDELO_hC7Qs
1923,頻,"REPEATEDLY, FREQUENTLY",KLC_01923,2,KLC_00679,歩,WALK,KLC,679,EARLIER_OR_SAME_KLC,https://docs.google.com/spreadsheets/d/13rdpmsI5n0dnsb33u4YHGwI8VrWtCeLDWDELO_hC7Qs
1924,捗,MAKE PROGRESS,KLC_01924,1,RAD_00064,手,"hand, performer of action",RAD,,PRIMITIVE_OR_NONKLC,https://docs.google.com/spreadsheets/d/13rdpmsI5n0dnsb33u4YHGwI8VrWtCeLDWDELO_hC7Qs
1924,捗,MAKE PROGRESS,KLC_01924,2,KLC_00679,歩,WALK,KLC,679,EARLIER_OR_SAME_KLC,https://docs.google.com/spreadsheets/d/13rdpmsI5n0dnsb33u4YHGwI8VrWtCeLDWDELO_hC7Qs
1925,順,"ORDER, OBEY",KLC_01925,1,RAD_00047,川,river,RAD,,PRIMITIVE_OR_NONKLC,https://docs.google.com/spreadsheets/d/13rdpmsI5n0dnsb33u4YHGwI8VrWtCeLDWDELO_hC7Qs
1925,順,"ORDER, OBEY",KLC_01925,2,RAD_00181,頁,"leaf, page, *head*",RAD,,PRIMITIVE_OR_NONKLC,https://docs.google.com/spreadsheets/d/13rdpmsI5n0dnsb33u4YHGwI8VrWtCeLDWDELO_hC7Qs
1926,馴,"TAME, GET USED TO",KLC_01926,1,RAD_00187,馬,horse,RAD,,PRIMITIVE_OR_NONKLC,https://docs.google.com/spreadsheets/d/13rdpmsI5n0dnsb33u4YHGwI8VrWtCeLDWDELO_hC7Qs
1926,馴,"TAME, GET USED TO",KLC_01926,2,RAD_00047,川,river,RAD,,PRIMITIVE_OR_NONKLC,https://docs.google.com/spreadsheets/d/13rdpmsI5n0dnsb33u4YHGwI8VrWtCeLDWDELO_hC7Qs
1927,訓,"INSTRUCT, ADMONISH",KLC_01927,1,RAD_00149,言,"speech, word, say",RAD,,PRIMITIVE_OR_NONKLC,https://docs.google.com/spreadsheets/d/13rdpmsI5n0dnsb33u4YHGwI8VrWtCeLDWDELO_hC7Qs
1927,訓,"INSTRUCT, ADMONISH",KLC_01927,2,RAD_00047,川,river,RAD,,PRIMITIVE_OR_NONKLC,https://docs.google.com/spreadsheets/d/13rdpmsI5n0dnsb33u4YHGwI8VrWtCeLDWDELO_hC7Qs
1928,須,"MUST, NECESSARY",KLC_01928,1,RAD_00181,頁,"leaf, page, *head*",RAD,,PRIMITIVE_OR_NONKLC,https://docs.google.com/spreadsheets/d/13rdpmsI5n0dnsb33u4YHGwI8VrWtCeLDWDELO_hC7Qs
1929,額,"AMOUNT, PICTURE FRAME, FOREHEAD",KLC_01929,1,RAD_00181,頁,"leaf, page, *head*",RAD,,PRIMITIVE_OR_NONKLC,https://docs.google.com/spreadsheets/d/13rdpmsI5n0dnsb33u4YHGwI8VrWtCeLDWDELO_hC7Qs
1929,額,"AMOUNT, PICTURE FRAME, FOREHEAD",KLC_01929,2,KLC_00787,客,"VISITOR, CUSTOMER",KLC,787,EARLIER_OR_SAME_KLC,https://docs.google.com/spreadsheets/d/13rdpmsI5n0dnsb33u4YHGwI8VrWtCeLDWDELO_hC7Qs
1930,頼,"RELY ON, ASK",KLC_01930,1,KLC_00307,束,"TIE UP, BUNDLE",KLC,307,EARLIER_OR_SAME_KLC,https://docs.google.com/spreadsheets/d/13rdpmsI5n0dnsb33u4YHGwI8VrWtCeLDWDELO_hC7Qs
1930,頼,"RELY ON, ASK",KLC_01930,2,RAD_00181,頁,"leaf, page, *head*",RAD,,PRIMITIVE_OR_NONKLC,https://docs.google.com/spreadsheets/d/13rdpmsI5n0dnsb33u4YHGwI8VrWtCeLDWDELO_hC7Qs
1931,瀬,"RAPIDS, CURRENT",KLC_01931,1,KLC_01930,頼,"RELY ON, ASK",KLC,1930,EARLIER_OR_SAME_KLC,https://docs.google.com/spreadsheets/d/13rdpmsI5n0dnsb33u4YHGwI8VrWtCeLDWDELO_hC7Qs
1931,瀬,"RAPIDS, CURRENT",KLC_01931,2,RAD_00085,水,"water, *liquid*",RAD,,PRIMITIVE_OR_NONKLC,https://docs.google.com/spreadsheets/d/13rdpmsI5n0dnsb33u4YHGwI8VrWtCeLDWDELO_hC7Qs
1932,峡,"GORGE, RAVINE",KLC_01932,1,SUP_00020,夹,"pinch, between",SUP,,PRIMITIVE_OR_NONKLC,https://docs.google.com/spreadsheets/d/13rdpmsI5n0dnsb33u4YHGwI8VrWtCeLDWDELO_hC7Qs
1932,峡,"GORGE, RAVINE",KLC_01932,2,RAD_00046,山,mountain,RAD,,PRIMITIVE_OR_NONKLC,https://docs.google.com/spreadsheets/d/13rdpmsI5n0dnsb33u4YHGwI8VrWtCeLDWDELO_hC7Qs
1933,狭,NARROW,KLC_01933,1,SUP_00020,夹,"pinch, between",SUP,,PRIMITIVE_OR_NONKLC,https://docs.google.com/spreadsheets/d/13rdpmsI5n0dnsb33u4YHGwI8VrWtCeLDWDELO_hC7Qs
1933,狭,NARROW,KLC_01933,2,RAD_00094,犬,"dog, small animal",RAD,,PRIMITIVE_OR_NONKLC,https://docs.google.com/spreadsheets/d/13rdpmsI5n0dnsb33u4YHGwI8VrWtCeLDWDELO_hC7Qs
1934,挟,"HOLD BETWEEN, PINCH",KLC_01934,1,RAD_00064,手,"hand, performer of action",RAD,,PRIMITIVE_OR_NONKLC,https://docs.google.com/spreadsheets/d/13rdpmsI5n0dnsb33u4YHGwI8VrWtCeLDWDELO_hC7Qs
1934,挟,"HOLD BETWEEN, PINCH",KLC_01934,2,SUP_00020,夹,"pinch, between",SUP,,PRIMITIVE_OR_NONKLC,https://docs.google.com/spreadsheets/d/13rdpmsI5n0dnsb33u4YHGwI8VrWtCeLDWDELO_hC7Qs
1935,頰,CHEEKS,KLC_01935,1,SUP_00020,夹,"pinch, between",SUP,,PRIMITIVE_OR_NONKLC,https://docs.google.com/spreadsheets/d/13rdpmsI5n0dnsb33u4YHGwI8VrWtCeLDWDELO_hC7Qs
1935,頰,CHEEKS,KLC_01935,2,RAD_00181,頁,"leaf, page, *head*",RAD,,PRIMITIVE_OR_NONKLC,https://docs.google.com/spreadsheets/d/13rdpmsI5n0dnsb33u4YHGwI8VrWtCeLDWDELO_hC7Qs
1936,顎,"JAW, CHIN",KLC_01936,1,RAD_00181,頁,"leaf, page, *head*",RAD,,PRIMITIVE_OR_NONKLC,https://docs.google.com/spreadsheets/d/13rdpmsI5n0dnsb33u4YHGwI8VrWtCeLDWDELO_hC7Qs
1937,煩,"ANXIETY, VEXING",KLC_01937,1,RAD_00086,火,fire,RAD,,PRIMITIVE_OR_NONKLC,https://docs.google.com/spreadsheets/d/13rdpmsI5n0dnsb33u4YHGwI8VrWtCeLDWDELO_hC7Qs
1937,煩,"ANXIETY, VEXING",KLC_01937,2,RAD_00181,頁,"leaf, page, *head*",RAD,,PRIMITIVE_OR_NONKLC,https://docs.google.com/spreadsheets/d/13rdpmsI5n0dnsb33u4YHGwI8VrWtCeLDWDELO_hC7Qs
1939,患,AFFECTED BY DISEASE,KLC_01939,1,KLC_01938,串,SKEWER,KLC,1938,EARLIER_OR_SAME_KLC,https://docs.google.com/spreadsheets/d/13rdpmsI5n0dnsb33u4YHGwI8VrWtCeLDWDELO_hC7Qs
1939,患,AFFECTED BY DISEASE,KLC_01939,2,RAD_00061,心,"heart, mind, spirit",RAD,,PRIMITIVE_OR_NONKLC,https://docs.google.com/spreadsheets/d/13rdpmsI5n0dnsb33u4YHGwI8VrWtCeLDWDELO_hC7Qs
1940,疾,"DISEASE, FAST",KLC_01940,1,RAD_00104,疒,"sickness, illness",RAD,,PRIMITIVE_OR_NONKLC,https://docs.google.com/spreadsheets/d/13rdpmsI5n0dnsb33u4YHGwI8VrWtCeLDWDELO_hC7Qs
1940,疾,"DISEASE, FAST",KLC_01940,2,RAD_00111,矢,"arrow, *straight*",RAD,,PRIMITIVE_OR_NONKLC,https://docs.google.com/spreadsheets/d/13rdpmsI5n0dnsb33u4YHGwI8VrWtCeLDWDELO_hC7Qs
1941,痴,"STUPID, INFATUATED",KLC_01941,1,RAD_00104,疒,"sickness, illness",RAD,,PRIMITIVE_OR_NONKLC,https://docs.google.com/spreadsheets/d/13rdpmsI5n0dnsb33u4YHGwI8VrWtCeLDWDELO_hC7Qs
1941,痴,"STUPID, INFATUATED",KLC_01941,2,KLC_00560,知,KNOW,KLC,560,EARLIER_OR_SAME_KLC,https://docs.google.com/spreadsheets/d/13rdpmsI5n0dnsb33u4YHGwI8VrWtCeLDWDELO_hC7Qs
1942,疫,EPIDEMIC,KLC_01942,1,RAD_00104,疒,"sickness, illness",RAD,,PRIMITIVE_OR_NONKLC,https://docs.google.com/spreadsheets/d/13rdpmsI5n0dnsb33u4YHGwI8VrWtCeLDWDELO_hC7Qs
1942,疫,EPIDEMIC,KLC_01942,2,RAD_00079,殳,weapon,RAD,,PRIMITIVE_OR_NONKLC,https://docs.google.com/spreadsheets/d/13rdpmsI5n0dnsb33u4YHGwI8VrWtCeLDWDELO_hC7Qs
1943,痢,DIARRHEA,KLC_01943,1,KLC_00412,利,"ADVANTAGE, PROFIT",KLC,412,EARLIER_OR_SAME_KLC,https://docs.google.com/spreadsheets/d/13rdpmsI5n0dnsb33u4YHGwI8VrWtCeLDWDELO_hC7Qs
1943,痢,DIARRHEA,KLC_01943,2,RAD_00104,疒,"sickness, illness",RAD,,PRIMITIVE_OR_NONKLC,https://docs.google.com/spreadsheets/d/13rdpmsI5n0dnsb33u4YHGwI8VrWtCeLDWDELO_hC7Qs
1944,痘,SMALLPOX,KLC_01944,1,RAD_00104,疒,"sickness, illness",RAD,,PRIMITIVE_OR_NONKLC,https://docs.google.com/spreadsheets/d/13rdpmsI5n0dnsb33u4YHGwI8VrWtCeLDWDELO_hC7Qs
1944,痘,SMALLPOX,KLC_01944,2,RAD_00151,豆,"bean, pea, small thing",RAD,,PRIMITIVE_OR_NONKLC,https://docs.google.com/spreadsheets/d/13rdpmsI5n0dnsb33u4YHGwI8VrWtCeLDWDELO_hC7Qs
1945,瘍,"ULCER, TUMOR, BOIL",KLC_01945,1,RAD_00104,疒,"sickness, illness",RAD,,PRIMITIVE_OR_NONKLC,https://docs.google.com/spreadsheets/d/13rdpmsI5n0dnsb33u4YHGwI8VrWtCeLDWDELO_hC7Qs
1945,瘍,"ULCER, TUMOR, BOIL",KLC_01945,2,SUP_00009,昜,difficult,SUP,,PRIMITIVE_OR_NONKLC,https://docs.google.com/spreadsheets/d/13rdpmsI5n0dnsb33u4YHGwI8VrWtCeLDWDELO_hC7Qs
1946,癌,CANCER,KLC_01946,1,RAD_00104,疒,"sickness, illness",RAD,,PRIMITIVE_OR_NONKLC,https://docs.google.com/spreadsheets/d/13rdpmsI5n0dnsb33u4YHGwI8VrWtCeLDWDELO_hC7Qs
1946,癌,CANCER,KLC_01946,2,RAD_00046,山,mountain,RAD,,PRIMITIVE_OR_NONKLC,https://docs.google.com/spreadsheets/d/13rdpmsI5n0dnsb33u4YHGwI8VrWtCeLDWDELO_hC7Qs
1947,痩,BECOME THIN,KLC_01947,1,RAD_00104,疒,"sickness, illness",RAD,,PRIMITIVE_OR_NONKLC,https://docs.google.com/spreadsheets/d/13rdpmsI5n0dnsb33u4YHGwI8VrWtCeLDWDELO_hC7Qs
1948,疲,TIRED,KLC_01948,1,RAD_00104,疒,"sickness, illness",RAD,,PRIMITIVE_OR_NONKLC,https://docs.google.com/spreadsheets/d/13rdpmsI5n0dnsb33u4YHGwI8VrWtCeLDWDELO_hC7Qs
1948,疲,TIRED,KLC_01948,2,RAD_00107,皮,skin,RAD,,PRIMITIVE_OR_NONKLC,https://docs.google.com/spreadsheets/d/13rdpmsI5n0dnsb33u4YHGwI8VrWtCeLDWDELO_hC7Qs
1949,被,"INCUR, COVER",KLC_01949,1,RAD_00107,皮,skin,RAD,,PRIMITIVE_OR_NONKLC,https://docs.google.com/spreadsheets/d/13rdpmsI5n0dnsb33u4YHGwI8VrWtCeLDWDELO_hC7Qs
1949,被,"INCUR, COVER",KLC_01949,2,RAD_00145,衣,"clothes, garment",RAD,,PRIMITIVE_OR_NONKLC,https://docs.google.com/spreadsheets/d/13rdpmsI5n0dnsb33u4YHGwI8VrWtCeLDWDELO_hC7Qs
1950,披,"EXPOSE, OPEN",KLC_01950,1,RAD_00064,手,"hand, performer of action",RAD,,PRIMITIVE_OR_NONKLC,https://docs.google.com/spreadsheets/d/13rdpmsI5n0dnsb33u4YHGwI8VrWtCeLDWDELO_hC7Qs
1950,披,"EXPOSE, OPEN",KLC_01950,2,RAD_00107,皮,skin,RAD,,PRIMITIVE_OR_NONKLC,https://docs.google.com/spreadsheets/d/13rdpmsI5n0dnsb33u4YHGwI8VrWtCeLDWDELO_hC7Qs
1951,抜,"PULL OUT, EXTRACT",KLC_01951,1,KLC_00399,友,FRIEND,KLC,399,EARLIER_OR_SAME_KLC,https://docs.google.com/spreadsheets/d/13rdpmsI5n0dnsb33u4YHGwI8VrWtCeLDWDELO_hC7Qs
1951,抜,"PULL OUT, EXTRACT",KLC_01951,2,RAD_00064,手,"hand, performer of action",RAD,,PRIMITIVE_OR_NONKLC,https://docs.google.com/spreadsheets/d/13rdpmsI5n0dnsb33u4YHGwI8VrWtCeLDWDELO_hC7Qs
1952,控,"HOLD BACK, WITHDRAW",KLC_01952,1,RAD_00064,手,"hand, performer of action",RAD,,PRIMITIVE_OR_NONKLC,https://docs.google.com/spreadsheets/d/13rdpmsI5n0dnsb33u4YHGwI8VrWtCeLDWDELO_hC7Qs
1952,控,"HOLD BACK, WITHDRAW",KLC_01952,2,KLC_00398,空,"SKY, AIR, EMPTY",KLC,398,EARLIER_OR_SAME_KLC,https://docs.google.com/spreadsheets/d/13rdpmsI5n0dnsb33u4YHGwI8VrWtCeLDWDELO_hC7Qs
1953,扶,LEND SUPPORT TO,KLC_01953,1,KLC_00565,夫,"HUSBAND, MAN LABORER",KLC,565,EARLIER_OR_SAME_KLC,https://docs.google.com/spreadsheets/d/13rdpmsI5n0dnsb33u4YHGwI8VrWtCeLDWDELO_hC7Qs
1953,扶,LEND SUPPORT TO,KLC_01953,2,RAD_00064,手,"hand, performer of action",RAD,,PRIMITIVE_OR_NONKLC,https://docs.google.com/spreadsheets/d/13rdpmsI5n0dnsb33u4YHGwI8VrWtCeLDWDELO_hC7Qs
1954,抹,"WIPE, ERASE",KLC_01954,1,RAD_00064,手,"hand, performer of action",RAD,,PRIMITIVE_OR_NONKLC,https://docs.google.com/spreadsheets/d/13rdpmsI5n0dnsb33u4YHGwI8VrWtCeLDWDELO_hC7Qs
1954,抹,"WIPE, ERASE",KLC_01954,2,KLC_00272,末,"LAST PART, END",KLC,272,EARLIER_OR_SAME_KLC,https://docs.google.com/spreadsheets/d/13rdpmsI5n0dnsb33u4YHGwI8VrWtCeLDWDELO_hC7Qs
1955,拓,"OPEN UP, CLEAR [land]",KLC_01955,1,RAD_00064,手,"hand, performer of action",RAD,,PRIMITIVE_OR_NONKLC,https://docs.google.com/spreadsheets/d/13rdpmsI5n0dnsb33u4YHGwI8VrWtCeLDWDELO_hC7Qs
1955,拓,"OPEN UP, CLEAR [land]",KLC_01955,2,RAD_00112,石,"stone, rock",RAD,,PRIMITIVE_OR_NONKLC,https://docs.google.com/spreadsheets/d/13rdpmsI5n0dnsb33u4YHGwI8VrWtCeLDWDELO_hC7Qs
1956,拷,TORTURE,KLC_01956,1,RAD_00064,手,"hand, performer of action",RAD,,PRIMITIVE_OR_NONKLC,https://docs.google.com/spreadsheets/d/13rdpmsI5n0dnsb33u4YHGwI8VrWtCeLDWDELO_hC7Qs
1956,拷,TORTURE,KLC_01956,2,KLC_00628,考,THINK,KLC,628,EARLIER_OR_SAME_KLC,https://docs.google.com/spreadsheets/d/13rdpmsI5n0dnsb33u4YHGwI8VrWtCeLDWDELO_hC7Qs
1957,楼,TALL BUILDING,KLC_01957,1,RAD_00038,女,woman,RAD,,PRIMITIVE_OR_NONKLC,https://docs.google.com/spreadsheets/d/13rdpmsI5n0dnsb33u4YHGwI8VrWtCeLDWDELO_hC7Qs
1957,楼,TALL BUILDING,KLC_01957,2,RAD_00119,米,rice,RAD,,PRIMITIVE_OR_NONKLC,https://docs.google.com/spreadsheets/d/13rdpmsI5n0dnsb33u4YHGwI8VrWtCeLDWDELO_hC7Qs
1957,楼,TALL BUILDING,KLC_01957,3,RAD_00075,木,tree,RAD,,PRIMITIVE_OR_NONKLC,https://docs.google.com/spreadsheets/d/13rdpmsI5n0dnsb33u4YHGwI8VrWtCeLDWDELO_hC7Qs
1958,壇,"PLATFORM, PODIUM",KLC_01958,1,RAD_00032,土,"soil, earth",RAD,,PRIMITIVE_OR_NONKLC,https://docs.google.com/spreadsheets/d/13rdpmsI5n0dnsb33u4YHGwI8VrWtCeLDWDELO_hC7Qs
1959,塔,TOWER,KLC_01959,1,RAD_00032,土,"soil, earth",RAD,,PRIMITIVE_OR_NONKLC,https://docs.google.com/spreadsheets/d/13rdpmsI5n0dnsb33u4YHGwI8VrWtCeLDWDELO_hC7Qs
1959,塔,TOWER,KLC_01959,2,RAD_00140,艸,"grass, vegetation",RAD,,PRIMITIVE_OR_NONKLC,https://docs.google.com/spreadsheets/d/13rdpmsI5n0dnsb33u4YHGwI8VrWtCeLDWDELO_hC7Qs
1960,搭,"BOARD, LOAD [on vehicle]",KLC_01960,1,RAD_00064,手,"hand, performer of action",RAD,,PRIMITIVE_OR_NONKLC,https://docs.google.com/spreadsheets/d/13rdpmsI5n0dnsb33u4YHGwI8VrWtCeLDWDELO_hC7Qs
1960,搭,"BOARD, LOAD [on vehicle]",KLC_01960,2,KLC_00227,合,"COMBINE, FIT",KLC,227,EARLIER_OR_SAME_KLC,https://docs.google.com/spreadsheets/d/13rdpmsI5n0dnsb33u4YHGwI8VrWtCeLDWDELO_hC7Qs
1960,搭,"BOARD, LOAD [on vehicle]",KLC_01960,3,RAD_00140,艸,"grass, vegetation",RAD,,PRIMITIVE_OR_NONKLC,https://docs.google.com/spreadsheets/d/13rdpmsI5n0dnsb33u4YHGwI8VrWtCeLDWDELO_hC7Qs
1961,寡,"MINORITY, WIDOW",KLC_01961,1,KLC_00016,百,HUNDRED,KLC,16,EARLIER_OR_SAME_KLC,https://docs.google.com/spreadsheets/d/13rdpmsI5n0dnsb33u4YHGwI8VrWtCeLDWDELO_hC7Qs
1961,寡,"MINORITY, WIDOW",KLC_01961,2,RAD_00040,宀,roof,RAD,,PRIMITIVE_OR_NONKLC,https://docs.google.com/spreadsheets/d/13rdpmsI5n0dnsb33u4YHGwI8VrWtCeLDWDELO_hC7Qs
1961,寡,"MINORITY, WIDOW",KLC_01961,3,KLC_00088,分,"DIVIDE, PART, MINUTE",KLC,88,EARLIER_OR_SAME_KLC,https://docs.google.com/spreadsheets/d/13rdpmsI5n0dnsb33u4YHGwI8VrWtCeLDWDELO_hC7Qs
1962,賓,GUEST,KLC_01962,1,RAD_00154,貝,"shellfish, money, wealth",RAD,,PRIMITIVE_OR_NONKLC,https://docs.google.com/spreadsheets/d/13rdpmsI5n0dnsb33u4YHGwI8VrWtCeLDWDELO_hC7Qs
1962,賓,GUEST,KLC_01962,2,KLC_00679,歩,WALK,KLC,679,EARLIER_OR_SAME_KLC,https://docs.google.com/spreadsheets/d/13rdpmsI5n0dnsb33u4YHGwI8VrWtCeLDWDELO_hC7Qs
1962,賓,GUEST,KLC_01962,3,RAD_00040,宀,roof,RAD,,PRIMITIVE_OR_NONKLC,https://docs.google.com/spreadsheets/d/13rdpmsI5n0dnsb33u4YHGwI8VrWtCeLDWDELO_hC7Qs
1963,飾,DECORATE,KLC_01963,1,RAD_00040,宀,roof,RAD,,PRIMITIVE_OR_NONKLC,https://docs.google.com/spreadsheets/d/13rdpmsI5n0dnsb33u4YHGwI8VrWtCeLDWDELO_hC7Qs
1963,飾,DECORATE,KLC_01963,2,RAD_00184,食,eat,RAD,,PRIMITIVE_OR_NONKLC,https://docs.google.com/spreadsheets/d/13rdpmsI5n0dnsb33u4YHGwI8VrWtCeLDWDELO_hC7Qs
1964,飽,"SATIATED, TIRED OF",KLC_01964,1,KLC_00457,包,"WRAP, ENCOMPASS",KLC,457,EARLIER_OR_SAME_KLC,https://docs.google.com/spreadsheets/d/13rdpmsI5n0dnsb33u4YHGwI8VrWtCeLDWDELO_hC7Qs
1964,飽,"SATIATED, TIRED OF",KLC_01964,2,RAD_00184,食,eat,RAD,,PRIMITIVE_OR_NONKLC,https://docs.google.com/spreadsheets/d/13rdpmsI5n0dnsb33u4YHGwI8VrWtCeLDWDELO_hC7Qs
1965,餓,"STARVED, HUNGRY",KLC_01965,1,RAD_00184,食,eat,RAD,,PRIMITIVE_OR_NONKLC,https://docs.google.com/spreadsheets/d/13rdpmsI5n0dnsb33u4YHGwI8VrWtCeLDWDELO_hC7Qs
1965,餓,"STARVED, HUNGRY",KLC_01965,2,KLC_00221,我,SELF,KLC,221,EARLIER_OR_SAME_KLC,https://docs.google.com/spreadsheets/d/13rdpmsI5n0dnsb33u4YHGwI8VrWtCeLDWDELO_hC7Qs
1966,飢,STARVE,KLC_01966,1,RAD_00184,食,eat,RAD,,PRIMITIVE_OR_NONKLC,https://docs.google.com/spreadsheets/d/13rdpmsI5n0dnsb33u4YHGwI8VrWtCeLDWDELO_hC7Qs
1966,飢,STARVE,KLC_01966,2,RAD_00016,几,"table, wind",RAD,,PRIMITIVE_OR_NONKLC,https://docs.google.com/spreadsheets/d/13rdpmsI5n0dnsb33u4YHGwI8VrWtCeLDWDELO_hC7Qs
1967,机,DESK,KLC_01967,1,RAD_00075,木,tree,RAD,,PRIMITIVE_OR_NONKLC,https://docs.google.com/spreadsheets/d/13rdpmsI5n0dnsb33u4YHGwI8VrWtCeLDWDELO_hC7Qs
1967,机,DESK,KLC_01967,2,RAD_00016,几,"table, wind",RAD,,PRIMITIVE_OR_NONKLC,https://docs.google.com/spreadsheets/d/13rdpmsI5n0dnsb33u4YHGwI8VrWtCeLDWDELO_hC7Qs
1968,冗,REDUNDANT,KLC_01968,1,RAD_00014,冖,cloth cover,RAD,,PRIMITIVE_OR_NONKLC,https://docs.google.com/spreadsheets/d/13rdpmsI5n0dnsb33u4YHGwI8VrWtCeLDWDELO_hC7Qs
1968,冗,REDUNDANT,KLC_01968,2,RAD_00016,几,"table, wind",RAD,,PRIMITIVE_OR_NONKLC,https://docs.google.com/spreadsheets/d/13rdpmsI5n0dnsb33u4YHGwI8VrWtCeLDWDELO_hC7Qs
1969,冠,CROWN,KLC_01969,1,KLC_00136,元,ORIGIN,KLC,136,EARLIER_OR_SAME_KLC,https://docs.google.com/spreadsheets/d/13rdpmsI5n0dnsb33u4YHGwI8VrWtCeLDWDELO_hC7Qs
1969,冠,CROWN,KLC_01969,2,RAD_00014,冖,cloth cover,RAD,,PRIMITIVE_OR_NONKLC,https://docs.google.com/spreadsheets/d/13rdpmsI5n0dnsb33u4YHGwI8VrWtCeLDWDELO_hC7Qs
1969,冠,CROWN,KLC_01969,3,RAD_00041,寸,"measurement, tenth of shaku, a bit of",RAD,,PRIMITIVE_OR_NONKLC,https://docs.google.com/spreadsheets/d/13rdpmsI5n0dnsb33u4YHGwI8VrWtCeLDWDELO_hC7Qs
1970,離,SEPARATE,KLC_01970,1,RAD_00114,禸,track,RAD,,PRIMITIVE_OR_NONKLC,https://docs.google.com/spreadsheets/d/13rdpmsI5n0dnsb33u4YHGwI8VrWtCeLDWDELO_hC7Qs
1970,離,SEPARATE,KLC_01970,2,KLC_00296,凶,"BAD LUCK, EVIL",KLC,296,EARLIER_OR_SAME_KLC,https://docs.google.com/spreadsheets/d/13rdpmsI5n0dnsb33u4YHGwI8VrWtCeLDWDELO_hC7Qs
1970,離,SEPARATE,KLC_01970,3,RAD_00172,隹,small bird,RAD,,PRIMITIVE_OR_NONKLC,https://docs.google.com/spreadsheets/d/13rdpmsI5n0dnsb33u4YHGwI8VrWtCeLDWDELO_hC7Qs
1971,胸,"CHEST, BREAST",KLC_01971,1,RAD_00074,月,"moon, month, *flesh*, *body part*",RAD,,PRIMITIVE_OR_NONKLC,https://docs.google.com/spreadsheets/d/13rdpmsI5n0dnsb33u4YHGwI8VrWtCeLDWDELO_hC7Qs
1972,悩,"SUFFER, TROUBLE",KLC_01972,1,KLC_00296,凶,"BAD LUCK, EVIL",KLC,296,EARLIER_OR_SAME_KLC,https://docs.google.com/spreadsheets/d/13rdpmsI5n0dnsb33u4YHGwI8VrWtCeLDWDELO_hC7Qs
1972,悩,"SUFFER, TROUBLE",KLC_01972,2,RAD_00061,心,"heart, mind, spirit",RAD,,PRIMITIVE_OR_NONKLC,https://docs.google.com/spreadsheets/d/13rdpmsI5n0dnsb33u4YHGwI8VrWtCeLDWDELO_hC7Qs
1973,脳,BRAIN,KLC_01973,1,RAD_00074,月,"moon, month, *flesh*, *body part*",RAD,,PRIMITIVE_OR_NONKLC,https://docs.google.com/spreadsheets/d/13rdpmsI5n0dnsb33u4YHGwI8VrWtCeLDWDELO_hC7Qs
1973,脳,BRAIN,KLC_01973,2,KLC_00296,凶,"BAD LUCK, EVIL",KLC,296,EARLIER_OR_SAME_KLC,https://docs.google.com/spreadsheets/d/13rdpmsI5n0dnsb33u4YHGwI8VrWtCeLDWDELO_hC7Qs
1974,臓,INTERNAL ORGAN,KLC_01974,1,RAD_00074,月,"moon, month, *flesh*, *body part*",RAD,,PRIMITIVE_OR_NONKLC,https://docs.google.com/spreadsheets/d/13rdpmsI5n0dnsb33u4YHGwI8VrWtCeLDWDELO_hC7Qs
1974,臓,INTERNAL ORGAN,KLC_01974,2,KLC_00695,蔵,"STOREHOUSE, POSSESS",KLC,695,EARLIER_OR_SAME_KLC,https://docs.google.com/spreadsheets/d/13rdpmsI5n0dnsb33u4YHGwI8VrWtCeLDWDELO_hC7Qs
1975,胃,STOMACH,KLC_01975,1,RAD_00074,月,"moon, month, *flesh*, *body part*",RAD,,PRIMITIVE_OR_NONKLC,https://docs.google.com/spreadsheets/d/13rdpmsI5n0dnsb33u4YHGwI8VrWtCeLDWDELO_hC7Qs
1976,炎,"FLAME, INFLAMMATION [-itis]",KLC_01976,1,RAD_00086,火,fire,RAD,,PRIMITIVE_OR_NONKLC,https://docs.google.com/spreadsheets/d/13rdpmsI5n0dnsb33u4YHGwI8VrWtCeLDWDELO_hC7Qs
1977,談,"TALK, CONVERSE",KLC_01977,1,RAD_00149,言,"speech, word, say",RAD,,PRIMITIVE_OR_NONKLC,https://docs.google.com/spreadsheets/d/13rdpmsI5n0dnsb33u4YHGwI8VrWtCeLDWDELO_hC7Qs
1977,談,"TALK, CONVERSE",KLC_01977,2,KLC_01976,炎,"FLAME, INFLAMMATION [-itis]",KLC,1976,EARLIER_OR_SAME_KLC,https://docs.google.com/spreadsheets/d/13rdpmsI5n0dnsb33u4YHGwI8VrWtCeLDWDELO_hC7Qs
1978,淡,"LIGHT, FAINT",KLC_01978,1,RAD_00086,火,fire,RAD,,PRIMITIVE_OR_NONKLC,https://docs.google.com/spreadsheets/d/13rdpmsI5n0dnsb33u4YHGwI8VrWtCeLDWDELO_hC7Qs
1978,淡,"LIGHT, FAINT",KLC_01978,2,KLC_01976,炎,"FLAME, INFLAMMATION [-itis]",KLC,1976,EARLIER_OR_SAME_KLC,https://docs.google.com/spreadsheets/d/13rdpmsI5n0dnsb33u4YHGwI8VrWtCeLDWDELO_hC7Qs
1979,災,NATURAL CALAMITY,KLC_01979,1,RAD_00086,火,fire,RAD,,PRIMITIVE_OR_NONKLC,https://docs.google.com/spreadsheets/d/13rdpmsI5n0dnsb33u4YHGwI8VrWtCeLDWDELO_hC7Qs
1980,肝,LIVER,KLC_01980,1,RAD_00074,月,"moon, month, *flesh*, *body part*",RAD,,PRIMITIVE_OR_NONKLC,https://docs.google.com/spreadsheets/d/13rdpmsI5n0dnsb33u4YHGwI8VrWtCeLDWDELO_hC7Qs
1980,肝,LIVER,KLC_01980,2,RAD_00051,干,dry,RAD,,PRIMITIVE_OR_NONKLC,https://docs.google.com/spreadsheets/d/13rdpmsI5n0dnsb33u4YHGwI8VrWtCeLDWDELO_hC7Qs
1981,肺,LUNG,KLC_01981,1,RAD_00074,月,"moon, month, *flesh*, *body part*",RAD,,PRIMITIVE_OR_NONKLC,https://docs.google.com/spreadsheets/d/13rdpmsI5n0dnsb33u4YHGwI8VrWtCeLDWDELO_hC7Qs
1982,胆,"GALLBLADDER, COURAGE",KLC_01982,1,RAD_00074,月,"moon, month, *flesh*, *body part*",RAD,,PRIMITIVE_OR_NONKLC,https://docs.google.com/spreadsheets/d/13rdpmsI5n0dnsb33u4YHGwI8VrWtCeLDWDELO_hC7Qs
1982,胆,"GALLBLADDER, COURAGE",KLC_01982,2,KLC_01392,旦,DAWN,KLC,1392,EARLIER_OR_SAME_KLC,https://docs.google.com/spreadsheets/d/13rdpmsI5n0dnsb33u4YHGwI8VrWtCeLDWDELO_hC7Qs
1983,腺,GLAND,KLC_01983,1,RAD_00074,月,"moon, month, *flesh*, *body part*",RAD,,PRIMITIVE_OR_NONKLC,https://docs.google.com/spreadsheets/d/13rdpmsI5n0dnsb33u4YHGwI8VrWtCeLDWDELO_hC7Qs
1983,腺,GLAND,KLC_01983,2,KLC_00207,泉,SPRING [fountain],KLC,207,EARLIER_OR_SAME_KLC,https://docs.google.com/spreadsheets/d/13rdpmsI5n0dnsb33u4YHGwI8VrWtCeLDWDELO_hC7Qs
1984,胞,MEMBRANOUS SAC,KLC_01984,1,RAD_00074,月,"moon, month, *flesh*, *body part*",RAD,,PRIMITIVE_OR_NONKLC,https://docs.google.com/spreadsheets/d/13rdpmsI5n0dnsb33u4YHGwI8VrWtCeLDWDELO_hC7Qs
1984,胞,MEMBRANOUS SAC,KLC_01984,2,KLC_00457,包,"WRAP, ENCOMPASS",KLC,457,EARLIER_OR_SAME_KLC,https://docs.google.com/spreadsheets/d/13rdpmsI5n0dnsb33u4YHGwI8VrWtCeLDWDELO_hC7Qs
1985,腸,INTESTINES,KLC_01985,1,RAD_00074,月,"moon, month, *flesh*, *body part*",RAD,,PRIMITIVE_OR_NONKLC,https://docs.google.com/spreadsheets/d/13rdpmsI5n0dnsb33u4YHGwI8VrWtCeLDWDELO_hC7Qs
1985,腸,INTESTINES,KLC_01985,2,SUP_00009,昜,difficult,SUP,,PRIMITIVE_OR_NONKLC,https://docs.google.com/spreadsheets/d/13rdpmsI5n0dnsb33u4YHGwI8VrWtCeLDWDELO_hC7Qs
1986,胎,"WOMB, FETUS",KLC_01986,1,RAD_00074,月,"moon, month, *flesh*, *body part*",RAD,,PRIMITIVE_OR_NONKLC,https://docs.google.com/spreadsheets/d/13rdpmsI5n0dnsb33u4YHGwI8VrWtCeLDWDELO_hC7Qs
1986,胎,"WOMB, FETUS",KLC_01986,2,KLC_00949,台,"PLATFORM, VEHICLES COUNTER, TAIWAN",KLC,949,EARLIER_OR_SAME_KLC,https://docs.google.com/spreadsheets/d/13rdpmsI5n0dnsb33u4YHGwI8VrWtCeLDWDELO_hC7Qs
1987,腰,WAIST,KLC_01987,1,RAD_00074,月,"moon, month, *flesh*, *body part*",RAD,,PRIMITIVE_OR_NONKLC,https://docs.google.com/spreadsheets/d/13rdpmsI5n0dnsb33u4YHGwI8VrWtCeLDWDELO_hC7Qs
1987,腰,WAIST,KLC_01987,2,KLC_00547,要,"REQUIRE, IMPORTANT, SUMMARIZE",KLC,547,EARLIER_OR_SAME_KLC,https://docs.google.com/spreadsheets/d/13rdpmsI5n0dnsb33u4YHGwI8VrWtCeLDWDELO_hC7Qs
1988,肘,ELBOW,KLC_01988,1,RAD_00074,月,"moon, month, *flesh*, *body part*",RAD,,PRIMITIVE_OR_NONKLC,https://docs.google.com/spreadsheets/d/13rdpmsI5n0dnsb33u4YHGwI8VrWtCeLDWDELO_hC7Qs
1989,膝,KNEE,KLC_01989,1,RAD_00074,月,"moon, month, *flesh*, *body part*",RAD,,PRIMITIVE_OR_NONKLC,https://docs.google.com/spreadsheets/d/13rdpmsI5n0dnsb33u4YHGwI8VrWtCeLDWDELO_hC7Qs
1990,股,"CROTCH, THIGH",KLC_01990,1,RAD_00074,月,"moon, month, *flesh*, *body part*",RAD,,PRIMITIVE_OR_NONKLC,https://docs.google.com/spreadsheets/d/13rdpmsI5n0dnsb33u4YHGwI8VrWtCeLDWDELO_hC7Qs
1990,股,"CROTCH, THIGH",KLC_01990,2,RAD_00079,殳,weapon,RAD,,PRIMITIVE_OR_NONKLC,https://docs.google.com/spreadsheets/d/13rdpmsI5n0dnsb33u4YHGwI8VrWtCeLDWDELO_hC7Qs
1991,肢,LIMB,KLC_01991,1,RAD_00074,月,"moon, month, *flesh*, *body part*",RAD,,PRIMITIVE_OR_NONKLC,https://docs.google.com/spreadsheets/d/13rdpmsI5n0dnsb33u4YHGwI8VrWtCeLDWDELO_hC7Qs
1991,肢,LIMB,KLC_01991,2,RAD_00065,支,"branch, support",RAD,,PRIMITIVE_OR_NONKLC,https://docs.google.com/spreadsheets/d/13rdpmsI5n0dnsb33u4YHGwI8VrWtCeLDWDELO_hC7Qs
1992,胴,"TRUNK, TORSO",KLC_01992,1,RAD_00074,月,"moon, month, *flesh*, *body part*",RAD,,PRIMITIVE_OR_NONKLC,https://docs.google.com/spreadsheets/d/13rdpmsI5n0dnsb33u4YHGwI8VrWtCeLDWDELO_hC7Qs
1993,脇,"ARMPIT, ASIDE",KLC_01993,1,RAD_00074,月,"moon, month, *flesh*, *body part*",RAD,,PRIMITIVE_OR_NONKLC,https://docs.google.com/spreadsheets/d/13rdpmsI5n0dnsb33u4YHGwI8VrWtCeLDWDELO_hC7Qs
1993,脇,"ARMPIT, ASIDE",KLC_01993,2,RAD_00019,力,"power, strength",RAD,,PRIMITIVE_OR_NONKLC,https://docs.google.com/spreadsheets/d/13rdpmsI5n0dnsb33u4YHGwI8VrWtCeLDWDELO_hC7Qs
1994,脂,FAT,KLC_01994,1,KLC_00931,旨,"DELICIOUS, POINT [gist]",KLC,931,EARLIER_OR_SAME_KLC,https://docs.google.com/spreadsheets/d/13rdpmsI5n0dnsb33u4YHGwI8VrWtCeLDWDELO_hC7Qs
1994,脂,FAT,KLC_01994,2,RAD_00074,月,"moon, month, *flesh*, *body part*",RAD,,PRIMITIVE_OR_NONKLC,https://docs.google.com/spreadsheets/d/13rdpmsI5n0dnsb33u4YHGwI8VrWtCeLDWDELO_hC7Qs
1995,詣,"VISIT A TEMPLE, ARRIVE",KLC_01995,1,KLC_00931,旨,"DELICIOUS, POINT [gist]",KLC,931,EARLIER_OR_SAME_KLC,https://docs.google.com/spreadsheets/d/13rdpmsI5n0dnsb33u4YHGwI8VrWtCeLDWDELO_hC7Qs
1995,詣,"VISIT A TEMPLE, ARRIVE",KLC_01995,2,RAD_00149,言,"speech, word, say",RAD,,PRIMITIVE_OR_NONKLC,https://docs.google.com/spreadsheets/d/13rdpmsI5n0dnsb33u4YHGwI8VrWtCeLDWDELO_hC7Qs
1996,肪,ANIMAL FAT,KLC_01996,1,RAD_00074,月,"moon, month, *flesh*, *body part*",RAD,,PRIMITIVE_OR_NONKLC,https://docs.google.com/spreadsheets/d/13rdpmsI5n0dnsb33u4YHGwI8VrWtCeLDWDELO_hC7Qs
1996,肪,ANIMAL FAT,KLC_01996,2,RAD_00070,方,"direction, person, square",RAD,,PRIMITIVE_OR_NONKLC,https://docs.google.com/spreadsheets/d/13rdpmsI5n0dnsb33u4YHGwI8VrWtCeLDWDELO_hC7Qs
1997,肌,"SKIN, SURFACE",KLC_01997,1,RAD_00016,几,"table, wind",RAD,,PRIMITIVE_OR_NONKLC,https://docs.google.com/spreadsheets/d/13rdpmsI5n0dnsb33u4YHGwI8VrWtCeLDWDELO_hC7Qs
1997,肌,"SKIN, SURFACE",KLC_01997,2,RAD_00074,月,"moon, month, *flesh*, *body part*",RAD,,PRIMITIVE_OR_NONKLC,https://docs.google.com/spreadsheets/d/13rdpmsI5n0dnsb33u4YHGwI8VrWtCeLDWDELO_hC7Qs
1998,膚,SKIN,KLC_01998,1,KLC_01975,胃,STOMACH,KLC,1975,EARLIER_OR_SAME_KLC,https://docs.google.com/spreadsheets/d/13rdpmsI5n0dnsb33u4YHGwI8VrWtCeLDWDELO_hC7Qs
1998,膚,SKIN,KLC_01998,2,RAD_00141,虍,tiger,RAD,,PRIMITIVE_OR_NONKLC,https://docs.google.com/spreadsheets/d/13rdpmsI5n0dnsb33u4YHGwI8VrWtCeLDWDELO_hC7Qs
1999,慮,CONSIDER,KLC_01999,1,RAD_00141,虍,tiger,RAD,,PRIMITIVE_OR_NONKLC,https://docs.google.com/spreadsheets/d/13rdpmsI5n0dnsb33u4YHGwI8VrWtCeLDWDELO_hC7Qs
1999,慮,CONSIDER,KLC_01999,2,KLC_00142,思,"THINK, WISH",KLC,142,EARLIER_OR_SAME_KLC,https://docs.google.com/spreadsheets/d/13rdpmsI5n0dnsb33u4YHGwI8VrWtCeLDWDELO_hC7Qs
2000,虐,"CRUEL, TYRANNIZE",KLC_02000,1,RAD_00141,虍,tiger,RAD,,PRIMITIVE_OR_NONKLC,https://docs.google.com/spreadsheets/d/13rdpmsI5n0dnsb33u4YHGwI8VrWtCeLDWDELO_hC7Qs
2000,虐,"CRUEL, TYRANNIZE",KLC_02000,2,SUP_00024,ヨ,"nails, pierce",SUP,,PRIMITIVE_OR_NONKLC,https://docs.google.com/spreadsheets/d/13rdpmsI5n0dnsb33u4YHGwI8VrWtCeLDWDELO_hC7Qs
2001,虞,"RISK, FEAR",KLC_02001,1,RAD_00141,虍,tiger,RAD,,PRIMITIVE_OR_NONKLC,https://docs.google.com/spreadsheets/d/13rdpmsI5n0dnsb33u4YHGwI8VrWtCeLDWDELO_hC7Qs
2001,虞,"RISK, FEAR",KLC_02001,2,KLC_01478,呉,"GIVE, DO SOMETHING FOR",KLC,1478,EARLIER_OR_SAME_KLC,https://docs.google.com/spreadsheets/d/13rdpmsI5n0dnsb33u4YHGwI8VrWtCeLDWDELO_hC7Qs
2002,劇,DRAMA,KLC_02002,1,RAD_00018,刀,"knife, sword, *cut*",RAD,,PRIMITIVE_OR_NONKLC,https://docs.google.com/spreadsheets/d/13rdpmsI5n0dnsb33u4YHGwI8VrWtCeLDWDELO_hC7Qs
2002,劇,DRAMA,KLC_02002,2,RAD_00141,虍,tiger,RAD,,PRIMITIVE_OR_NONKLC,https://docs.google.com/spreadsheets/d/13rdpmsI5n0dnsb33u4YHGwI8VrWtCeLDWDELO_hC7Qs
2002,劇,DRAMA,KLC_02002,3,RAD_00152,豕,pig,RAD,,PRIMITIVE_OR_NONKLC,https://docs.google.com/spreadsheets/d/13rdpmsI5n0dnsb33u4YHGwI8VrWtCeLDWDELO_hC7Qs
2003,虚,"EMPTY, FALSE",KLC_02003,1,RAD_00141,虍,tiger,RAD,,PRIMITIVE_OR_NONKLC,https://docs.google.com/spreadsheets/d/13rdpmsI5n0dnsb33u4YHGwI8VrWtCeLDWDELO_hC7Qs
2003,虚,"EMPTY, FALSE",KLC_02003,2,KLC_00333,並,LINE UP,KLC,333,EARLIER_OR_SAME_KLC,https://docs.google.com/spreadsheets/d/13rdpmsI5n0dnsb33u4YHGwI8VrWtCeLDWDELO_hC7Qs
2004,虜,CAPTIVE,KLC_02004,1,RAD_00141,虍,tiger,RAD,,PRIMITIVE_OR_NONKLC,https://docs.google.com/spreadsheets/d/13rdpmsI5n0dnsb33u4YHGwI8VrWtCeLDWDELO_hC7Qs
2004,虜,CAPTIVE,KLC_02004,2,KLC_00092,男,MAN,KLC,92,EARLIER_OR_SAME_KLC,https://docs.google.com/spreadsheets/d/13rdpmsI5n0dnsb33u4YHGwI8VrWtCeLDWDELO_hC7Qs
2005,勇,"COURAGE, CHEER",KLC_02005,1,KLC_00092,男,MAN,KLC,92,EARLIER_OR_SAME_KLC,https://docs.google.com/spreadsheets/d/13rdpmsI5n0dnsb33u4YHGwI8VrWtCeLDWDELO_hC7Qs
2006,湧,"BOIL, FERMENT",KLC_02006,1,KLC_02005,勇,"COURAGE, CHEER",KLC,2005,EARLIER_OR_SAME_KLC,https://docs.google.com/spreadsheets/d/13rdpmsI5n0dnsb33u4YHGwI8VrWtCeLDWDELO_hC7Qs
2006,湧,"BOIL, FERMENT",KLC_02006,2,RAD_00085,水,"water, *liquid*",RAD,,PRIMITIVE_OR_NONKLC,https://docs.google.com/spreadsheets/d/13rdpmsI5n0dnsb33u4YHGwI8VrWtCeLDWDELO_hC7Qs
2007,戯,"SPORT, PLAY",KLC_02007,1,KLC_02003,虚,"EMPTY, FALSE",KLC,2003,EARLIER_OR_SAME_KLC,https://docs.google.com/spreadsheets/d/13rdpmsI5n0dnsb33u4YHGwI8VrWtCeLDWDELO_hC7Qs
2007,戯,"SPORT, PLAY",KLC_02007,2,RAD_00062,戈,"halberd, spear",RAD,,PRIMITIVE_OR_NONKLC,https://docs.google.com/spreadsheets/d/13rdpmsI5n0dnsb33u4YHGwI8VrWtCeLDWDELO_hC7Qs
2008,繊,"FINE, FIBER",KLC_02008,1,RAD_00062,戈,"halberd, spear",RAD,,PRIMITIVE_OR_NONKLC,https://docs.google.com/spreadsheets/d/13rdpmsI5n0dnsb33u4YHGwI8VrWtCeLDWDELO_hC7Qs
2008,繊,"FINE, FIBER",KLC_02008,2,RAD_00120,糸,"thread, silk",RAD,,PRIMITIVE_OR_NONKLC,https://docs.google.com/spreadsheets/d/13rdpmsI5n0dnsb33u4YHGwI8VrWtCeLDWDELO_hC7Qs
2008,繊,"FINE, FIBER",KLC_02008,3,KLC_00333,並,LINE UP,KLC,333,EARLIER_OR_SAME_KLC,https://docs.google.com/spreadsheets/d/13rdpmsI5n0dnsb33u4YHGwI8VrWtCeLDWDELO_hC7Qs
2009,緻,FINE [not rough],KLC_02009,1,RAD_00120,糸,"thread, silk",RAD,,PRIMITIVE_OR_NONKLC,https://docs.google.com/spreadsheets/d/13rdpmsI5n0dnsb33u4YHGwI8VrWtCeLDWDELO_hC7Qs
2009,緻,FINE [not rough],KLC_02009,2,KLC_00251,致,"BRING ABOUT, DO HUMBLY",KLC,251,EARLIER_OR_SAME_KLC,https://docs.google.com/spreadsheets/d/13rdpmsI5n0dnsb33u4YHGwI8VrWtCeLDWDELO_hC7Qs
2010,嘘,LIE,KLC_02010,1,RAD_00030,口,"mouth, *opening*",RAD,,PRIMITIVE_OR_NONKLC,https://docs.google.com/spreadsheets/d/13rdpmsI5n0dnsb33u4YHGwI8VrWtCeLDWDELO_hC7Qs
2010,嘘,LIE,KLC_02010,2,KLC_02003,虚,"EMPTY, FALSE",KLC,2003,EARLIER_OR_SAME_KLC,https://docs.google.com/spreadsheets/d/13rdpmsI5n0dnsb33u4YHGwI8VrWtCeLDWDELO_hC7Qs
2011,噂,"RUMOR, GOSSIP",KLC_02011,1,KLC_00802,尊,"HONOR, NOBLE",KLC,802,EARLIER_OR_SAME_KLC,https://docs.google.com/spreadsheets/d/13rdpmsI5n0dnsb33u4YHGwI8VrWtCeLDWDELO_hC7Qs
2011,噂,"RUMOR, GOSSIP",KLC_02011,2,RAD_00030,口,"mouth, *opening*",RAD,,PRIMITIVE_OR_NONKLC,https://docs.google.com/spreadsheets/d/13rdpmsI5n0dnsb33u4YHGwI8VrWtCeLDWDELO_hC7Qs
2012,樽,BARREL,KLC_02012,1,KLC_00802,尊,"HONOR, NOBLE",KLC,802,EARLIER_OR_SAME_KLC,https://docs.google.com/spreadsheets/d/13rdpmsI5n0dnsb33u4YHGwI8VrWtCeLDWDELO_hC7Qs
2012,樽,BARREL,KLC_02012,2,RAD_00075,木,tree,RAD,,PRIMITIVE_OR_NONKLC,https://docs.google.com/spreadsheets/d/13rdpmsI5n0dnsb33u4YHGwI8VrWtCeLDWDELO_hC7Qs
2013,距,DISTANCE,KLC_02013,1,RAD_00157,足,"foot, suffice",RAD,,PRIMITIVE_OR_NONKLC,https://docs.google.com/spreadsheets/d/13rdpmsI5n0dnsb33u4YHGwI8VrWtCeLDWDELO_hC7Qs
2013,距,DISTANCE,KLC_02013,2,KLC_00483,巨,GIANT,KLC,483,EARLIER_OR_SAME_KLC,https://docs.google.com/spreadsheets/d/13rdpmsI5n0dnsb33u4YHGwI8VrWtCeLDWDELO_hC7Qs
2014,拒,"REFUSE, REJECT",KLC_02014,1,RAD_00064,手,"hand, performer of action",RAD,,PRIMITIVE_OR_NONKLC,https://docs.google.com/spreadsheets/d/13rdpmsI5n0dnsb33u4YHGwI8VrWtCeLDWDELO_hC7Qs
2014,拒,"REFUSE, REJECT",KLC_02014,2,KLC_00483,巨,GIANT,KLC,483,EARLIER_OR_SAME_KLC,https://docs.google.com/spreadsheets/d/13rdpmsI5n0dnsb33u4YHGwI8VrWtCeLDWDELO_hC7Qs
2015,嬉,GLAD,KLC_02015,1,RAD_00038,女,woman,RAD,,PRIMITIVE_OR_NONKLC,https://docs.google.com/spreadsheets/d/13rdpmsI5n0dnsb33u4YHGwI8VrWtCeLDWDELO_hC7Qs
2015,嬉,GLAD,KLC_02015,2,KLC_01212,喜,"HAPPY, PLEASURE",KLC,1212,EARLIER_OR_SAME_KLC,https://docs.google.com/spreadsheets/d/13rdpmsI5n0dnsb33u4YHGwI8VrWtCeLDWDELO_hC7Qs
2016,鼓,drum,RAD_00207,1,RAD_00029,又,"again, or, *hand*",RAD,,PRIMITIVE_OR_NONKLC,https://docs.google.com/spreadsheets/d/13rdpmsI5n0dnsb33u4YHGwI8VrWtCeLDWDELO_hC7Qs
2017,樹,STANDING TREE,KLC_02017,1,KLC_01212,喜,"HAPPY, PLEASURE",KLC,1212,EARLIER_OR_SAME_KLC,https://docs.google.com/spreadsheets/d/13rdpmsI5n0dnsb33u4YHGwI8VrWtCeLDWDELO_hC7Qs
2017,樹,STANDING TREE,KLC_02017,2,RAD_00075,木,tree,RAD,,PRIMITIVE_OR_NONKLC,https://docs.google.com/spreadsheets/d/13rdpmsI5n0dnsb33u4YHGwI8VrWtCeLDWDELO_hC7Qs
2018,膨,"EXPAND, SWELL",KLC_02018,1,RAD_00074,月,"moon, month, *flesh*, *body part*",RAD,,PRIMITIVE_OR_NONKLC,https://docs.google.com/spreadsheets/d/13rdpmsI5n0dnsb33u4YHGwI8VrWtCeLDWDELO_hC7Qs
2018,膨,"EXPAND, SWELL",KLC_02018,2,KLC_01212,喜,"HAPPY, PLEASURE",KLC,1212,EARLIER_OR_SAME_KLC,https://docs.google.com/spreadsheets/d/13rdpmsI5n0dnsb33u4YHGwI8VrWtCeLDWDELO_hC7Qs
2019,脹,SWELL,KLC_02019,1,RAD_00074,月,"moon, month, *flesh*, *body part*",RAD,,PRIMITIVE_OR_NONKLC,https://docs.google.com/spreadsheets/d/13rdpmsI5n0dnsb33u4YHGwI8VrWtCeLDWDELO_hC7Qs
2019,脹,SWELL,KLC_02019,2,RAD_00168,長,"long, leader",RAD,,PRIMITIVE_OR_NONKLC,https://docs.google.com/spreadsheets/d/13rdpmsI5n0dnsb33u4YHGwI8VrWtCeLDWDELO_hC7Qs
2020,張,"SPREAD [out], STRETCH",KLC_02020,1,RAD_00057,弓,bow,RAD,,PRIMITIVE_OR_NONKLC,https://docs.google.com/spreadsheets/d/13rdpmsI5n0dnsb33u4YHGwI8VrWtCeLDWDELO_hC7Qs
2020,張,"SPREAD [out], STRETCH",KLC_02020,2,RAD_00168,長,"long, leader",RAD,,PRIMITIVE_OR_NONKLC,https://docs.google.com/spreadsheets/d/13rdpmsI5n0dnsb33u4YHGwI8VrWtCeLDWDELO_hC7Qs
2021,帳,"NOTEBOOK, CURTAIN",KLC_02021,1,RAD_00168,長,"long, leader",RAD,,PRIMITIVE_OR_NONKLC,https://docs.google.com/spreadsheets/d/13rdpmsI5n0dnsb33u4YHGwI8VrWtCeLDWDELO_hC7Qs
2021,帳,"NOTEBOOK, CURTAIN",KLC_02021,2,RAD_00050,巾,"cloth, towel, scarf",RAD,,PRIMITIVE_OR_NONKLC,https://docs.google.com/spreadsheets/d/13rdpmsI5n0dnsb33u4YHGwI8VrWtCeLDWDELO_hC7Qs
2022,腫,"TUMOR, SWELLING",KLC_02022,1,RAD_00074,月,"moon, month, *flesh*, *body part*",RAD,,PRIMITIVE_OR_NONKLC,https://docs.google.com/spreadsheets/d/13rdpmsI5n0dnsb33u4YHGwI8VrWtCeLDWDELO_hC7Qs
2022,腫,"TUMOR, SWELLING",KLC_02022,2,KLC_00539,重,HEAVY,KLC,539,EARLIER_OR_SAME_KLC,https://docs.google.com/spreadsheets/d/13rdpmsI5n0dnsb33u4YHGwI8VrWtCeLDWDELO_hC7Qs
2024,把,GRIP,KLC_02024,1,RAD_00064,手,"hand, performer of action",RAD,,PRIMITIVE_OR_NONKLC,https://docs.google.com/spreadsheets/d/13rdpmsI5n0dnsb33u4YHGwI8VrWtCeLDWDELO_hC7Qs
2025,誇,BOAST,KLC_02025,1,RAD_00149,言,"speech, word, say",RAD,,PRIMITIVE_OR_NONKLC,https://docs.google.com/spreadsheets/d/13rdpmsI5n0dnsb33u4YHGwI8VrWtCeLDWDELO_hC7Qs
2025,誇,BOAST,KLC_02025,2,RAD_00037,大,"big, university",RAD,,PRIMITIVE_OR_NONKLC,https://docs.google.com/spreadsheets/d/13rdpmsI5n0dnsb33u4YHGwI8VrWtCeLDWDELO_hC7Qs
2026,覧,"LOOK OVER, SEE",KLC_02026,1,RAD_00037,大,"big, university",RAD,,PRIMITIVE_OR_NONKLC,https://docs.google.com/spreadsheets/d/13rdpmsI5n0dnsb33u4YHGwI8VrWtCeLDWDELO_hC7Qs
2026,覧,"LOOK OVER, SEE",KLC_02026,2,RAD_00147,見,see,RAD,,PRIMITIVE_OR_NONKLC,https://docs.google.com/spreadsheets/d/13rdpmsI5n0dnsb33u4YHGwI8VrWtCeLDWDELO_hC7Qs
2026,覧,"LOOK OVER, SEE",KLC_02026,3,SUP_00000,𠂉,"resting person, rod",SUP,,PRIMITIVE_OR_NONKLC,https://docs.google.com/spreadsheets/d/13rdpmsI5n0dnsb33u4YHGwI8VrWtCeLDWDELO_hC7Qs
2027,監,OVERSEE,KLC_02027,1,RAD_00037,大,"big, university",RAD,,PRIMITIVE_OR_NONKLC,https://docs.google.com/spreadsheets/d/13rdpmsI5n0dnsb33u4YHGwI8VrWtCeLDWDELO_hC7Qs
2027,監,OVERSEE,KLC_02027,2,RAD_00108,皿,"plate, dish",RAD,,PRIMITIVE_OR_NONKLC,https://docs.google.com/spreadsheets/d/13rdpmsI5n0dnsb33u4YHGwI8VrWtCeLDWDELO_hC7Qs
2028,鑑,"APPRAISE, REFER TO",KLC_02028,1,KLC_02027,監,OVERSEE,KLC,2027,EARLIER_OR_SAME_KLC,https://docs.google.com/spreadsheets/d/13rdpmsI5n0dnsb33u4YHGwI8VrWtCeLDWDELO_hC7Qs
2028,鑑,"APPRAISE, REFER TO",KLC_02028,2,RAD_00167,金,"metal, gold, money",RAD,,PRIMITIVE_OR_NONKLC,https://docs.google.com/spreadsheets/d/13rdpmsI5n0dnsb33u4YHGwI8VrWtCeLDWDELO_hC7Qs
2029,艦,WARSHIP,KLC_02029,1,KLC_02027,監,OVERSEE,KLC,2027,EARLIER_OR_SAME_KLC,https://docs.google.com/spreadsheets/d/13rdpmsI5n0dnsb33u4YHGwI8VrWtCeLDWDELO_hC7Qs
2029,艦,WARSHIP,KLC_02029,2,RAD_00137,舟,boat,RAD,,PRIMITIVE_OR_NONKLC,https://docs.google.com/spreadsheets/d/13rdpmsI5n0dnsb33u4YHGwI8VrWtCeLDWDELO_hC7Qs
2030,濫,EXCESSIVE,KLC_02030,1,KLC_02027,監,OVERSEE,KLC,2027,EARLIER_OR_SAME_KLC,https://docs.google.com/spreadsheets/d/13rdpmsI5n0dnsb33u4YHGwI8VrWtCeLDWDELO_hC7Qs
2030,濫,EXCESSIVE,KLC_02030,2,RAD_00085,水,"water, *liquid*",RAD,,PRIMITIVE_OR_NONKLC,https://docs.google.com/spreadsheets/d/13rdpmsI5n0dnsb33u4YHGwI8VrWtCeLDWDELO_hC7Qs
2031,藍,INDIGO,KLC_02031,1,KLC_02027,監,OVERSEE,KLC,2027,EARLIER_OR_SAME_KLC,https://docs.google.com/spreadsheets/d/13rdpmsI5n0dnsb33u4YHGwI8VrWtCeLDWDELO_hC7Qs
2031,藍,INDIGO,KLC_02031,2,RAD_00140,艸,"grass, vegetation",RAD,,PRIMITIVE_OR_NONKLC,https://docs.google.com/spreadsheets/d/13rdpmsI5n0dnsb33u4YHGwI8VrWtCeLDWDELO_hC7Qs
2032,賢,WISE,KLC_02032,1,RAD_00131,臣,"minister, subject, servant",RAD,,PRIMITIVE_OR_NONKLC,https://docs.google.com/spreadsheets/d/13rdpmsI5n0dnsb33u4YHGwI8VrWtCeLDWDELO_hC7Qs
2032,賢,WISE,KLC_02032,2,RAD_00029,又,"again, or, *hand*",RAD,,PRIMITIVE_OR_NONKLC,https://docs.google.com/spreadsheets/d/13rdpmsI5n0dnsb33u4YHGwI8VrWtCeLDWDELO_hC7Qs
2032,賢,WISE,KLC_02032,3,RAD_00154,貝,"shellfish, money, wealth",RAD,,PRIMITIVE_OR_NONKLC,https://docs.google.com/spreadsheets/d/13rdpmsI5n0dnsb33u4YHGwI8VrWtCeLDWDELO_hC7Qs
2033,腎,KIDNEY,KLC_02033,1,RAD_00131,臣,"minister, subject, servant",RAD,,PRIMITIVE_OR_NONKLC,https://docs.google.com/spreadsheets/d/13rdpmsI5n0dnsb33u4YHGwI8VrWtCeLDWDELO_hC7Qs
2033,腎,KIDNEY,KLC_02033,2,RAD_00029,又,"again, or, *hand*",RAD,,PRIMITIVE_OR_NONKLC,https://docs.google.com/spreadsheets/d/13rdpmsI5n0dnsb33u4YHGwI8VrWtCeLDWDELO_hC7Qs
2033,腎,KIDNEY,KLC_02033,3,RAD_00074,月,"moon, month, *flesh*, *body part*",RAD,,PRIMITIVE_OR_NONKLC,https://docs.google.com/spreadsheets/d/13rdpmsI5n0dnsb33u4YHGwI8VrWtCeLDWDELO_hC7Qs
2034,堅,"FIRM, SOLID",KLC_02034,1,RAD_00131,臣,"minister, subject, servant",RAD,,PRIMITIVE_OR_NONKLC,https://docs.google.com/spreadsheets/d/13rdpmsI5n0dnsb33u4YHGwI8VrWtCeLDWDELO_hC7Qs
2034,堅,"FIRM, SOLID",KLC_02034,2,RAD_00029,又,"again, or, *hand*",RAD,,PRIMITIVE_OR_NONKLC,https://docs.google.com/spreadsheets/d/13rdpmsI5n0dnsb33u4YHGwI8VrWtCeLDWDELO_hC7Qs
2034,堅,"FIRM, SOLID",KLC_02034,3,RAD_00032,土,"soil, earth",RAD,,PRIMITIVE_OR_NONKLC,https://docs.google.com/spreadsheets/d/13rdpmsI5n0dnsb33u4YHGwI8VrWtCeLDWDELO_hC7Qs
2035,緊,"TIGHT, TENSE",KLC_02035,1,RAD_00131,臣,"minister, subject, servant",RAD,,PRIMITIVE_OR_NONKLC,https://docs.google.com/spreadsheets/d/13rdpmsI5n0dnsb33u4YHGwI8VrWtCeLDWDELO_hC7Qs
2035,緊,"TIGHT, TENSE",KLC_02035,2,RAD_00029,又,"again, or, *hand*",RAD,,PRIMITIVE_OR_NONKLC,https://docs.google.com/spreadsheets/d/13rdpmsI5n0dnsb33u4YHGwI8VrWtCeLDWDELO_hC7Qs
2035,緊,"TIGHT, TENSE",KLC_02035,3,RAD_00120,糸,"thread, silk",RAD,,PRIMITIVE_OR_NONKLC,https://docs.google.com/spreadsheets/d/13rdpmsI5n0dnsb33u4YHGwI8VrWtCeLDWDELO_hC7Qs
2036,勃,SUDDENLY RISING,KLC_02036,1,RAD_00039,子,child,RAD,,PRIMITIVE_OR_NONKLC,https://docs.google.com/spreadsheets/d/13rdpmsI5n0dnsb33u4YHGwI8VrWtCeLDWDELO_hC7Qs
2036,勃,SUDDENLY RISING,KLC_02036,2,RAD_00032,土,"soil, earth",RAD,,PRIMITIVE_OR_NONKLC,https://docs.google.com/spreadsheets/d/13rdpmsI5n0dnsb33u4YHGwI8VrWtCeLDWDELO_hC7Qs
2036,勃,SUDDENLY RISING,KLC_02036,3,RAD_00019,力,"power, strength",RAD,,PRIMITIVE_OR_NONKLC,https://docs.google.com/spreadsheets/d/13rdpmsI5n0dnsb33u4YHGwI8VrWtCeLDWDELO_hC7Qs
2037,励,"WORK HARD, ENCOURAGE",KLC_02037,1,KLC_00018,万,TEN THOUSAND,KLC,18,EARLIER_OR_SAME_KLC,https://docs.google.com/spreadsheets/d/13rdpmsI5n0dnsb33u4YHGwI8VrWtCeLDWDELO_hC7Qs
2037,励,"WORK HARD, ENCOURAGE",KLC_02037,2,RAD_00027,厂,cliff,RAD,,PRIMITIVE_OR_NONKLC,https://docs.google.com/spreadsheets/d/13rdpmsI5n0dnsb33u4YHGwI8VrWtCeLDWDELO_hC7Qs
2037,励,"WORK HARD, ENCOURAGE",KLC_02037,3,RAD_00019,力,"power, strength",RAD,,PRIMITIVE_OR_NONKLC,https://docs.google.com/spreadsheets/d/13rdpmsI5n0dnsb33u4YHGwI8VrWtCeLDWDELO_hC7Qs
2040,羨,ENVIOUS,KLC_02040,1,RAD_00123,羊,sheep,RAD,,PRIMITIVE_OR_NONKLC,https://docs.google.com/spreadsheets/d/13rdpmsI5n0dnsb33u4YHGwI8VrWtCeLDWDELO_hC7Qs
2040,羨,ENVIOUS,KLC_02040,2,KLC_00278,次,"NEXT, SECONDARY",KLC,278,EARLIER_OR_SAME_KLC,https://docs.google.com/spreadsheets/d/13rdpmsI5n0dnsb33u4YHGwI8VrWtCeLDWDELO_hC7Qs
2041,歳,"YEAR, -YEARS OLD",KLC_02041,1,RAD_00042,小,small,RAD,,PRIMITIVE_OR_NONKLC,https://docs.google.com/spreadsheets/d/13rdpmsI5n0dnsb33u4YHGwI8VrWtCeLDWDELO_hC7Qs
2041,歳,"YEAR, -YEARS OLD",KLC_02041,2,KLC_00070,成,"BECOME, ACHIEVE",KLC,70,EARLIER_OR_SAME_KLC,https://docs.google.com/spreadsheets/d/13rdpmsI5n0dnsb33u4YHGwI8VrWtCeLDWDELO_hC7Qs
2041,歳,"YEAR, -YEARS OLD",KLC_02041,3,RAD_00077,止,stop,RAD,,PRIMITIVE_OR_NONKLC,https://docs.google.com/spreadsheets/d/13rdpmsI5n0dnsb33u4YHGwI8VrWtCeLDWDELO_hC7Qs
2042,戚,"KIN, RELATIVES, GRIEVE",KLC_02042,1,RAD_00054,廴,"long stride, stretch",RAD,,PRIMITIVE_OR_NONKLC,https://docs.google.com/spreadsheets/d/13rdpmsI5n0dnsb33u4YHGwI8VrWtCeLDWDELO_hC7Qs
2042,戚,"KIN, RELATIVES, GRIEVE",KLC_02042,2,SUP_00017,戊,scythe,SUP,,PRIMITIVE_OR_NONKLC,https://docs.google.com/spreadsheets/d/13rdpmsI5n0dnsb33u4YHGwI8VrWtCeLDWDELO_hC7Qs
2043,叔,UNCLE [younger than parent],KLC_02043,1,RAD_00054,廴,"long stride, stretch",RAD,,PRIMITIVE_OR_NONKLC,https://docs.google.com/spreadsheets/d/13rdpmsI5n0dnsb33u4YHGwI8VrWtCeLDWDELO_hC7Qs
2043,叔,UNCLE [younger than parent],KLC_02043,2,RAD_00029,又,"again, or, *hand*",RAD,,PRIMITIVE_OR_NONKLC,https://docs.google.com/spreadsheets/d/13rdpmsI5n0dnsb33u4YHGwI8VrWtCeLDWDELO_hC7Qs
2044,淑,"GRACEFUL, REFINED",KLC_02044,1,RAD_00085,水,"water, *liquid*",RAD,,PRIMITIVE_OR_NONKLC,https://docs.google.com/spreadsheets/d/13rdpmsI5n0dnsb33u4YHGwI8VrWtCeLDWDELO_hC7Qs
2044,淑,"GRACEFUL, REFINED",KLC_02044,2,KLC_02043,叔,UNCLE [younger than parent],KLC,2043,EARLIER_OR_SAME_KLC,https://docs.google.com/spreadsheets/d/13rdpmsI5n0dnsb33u4YHGwI8VrWtCeLDWDELO_hC7Qs
2045,寂,"LONESOME, DESOLATE",KLC_02045,1,KLC_02043,叔,UNCLE [younger than parent],KLC,2043,EARLIER_OR_SAME_KLC,https://docs.google.com/spreadsheets/d/13rdpmsI5n0dnsb33u4YHGwI8VrWtCeLDWDELO_hC7Qs
2045,寂,"LONESOME, DESOLATE",KLC_02045,2,RAD_00040,宀,roof,RAD,,PRIMITIVE_OR_NONKLC,https://docs.google.com/spreadsheets/d/13rdpmsI5n0dnsb33u4YHGwI8VrWtCeLDWDELO_hC7Qs
2046,督,"SUPERVISE, COMMANDER",KLC_02046,1,KLC_02043,叔,UNCLE [younger than parent],KLC,2043,EARLIER_OR_SAME_KLC,https://docs.google.com/spreadsheets/d/13rdpmsI5n0dnsb33u4YHGwI8VrWtCeLDWDELO_hC7Qs
2046,督,"SUPERVISE, COMMANDER",KLC_02046,2,RAD_00109,目,eye,RAD,,PRIMITIVE_OR_NONKLC,https://docs.google.com/spreadsheets/d/13rdpmsI5n0dnsb33u4YHGwI8VrWtCeLDWDELO_hC7Qs
2047,奴,"SLAVE, GUY",KLC_02047,1,RAD_00038,女,woman,RAD,,PRIMITIVE_OR_NONKLC,https://docs.google.com/spreadsheets/d/13rdpmsI5n0dnsb33u4YHGwI8VrWtCeLDWDELO_hC7Qs
2047,奴,"SLAVE, GUY",KLC_02047,2,RAD_00029,又,"again, or, *hand*",RAD,,PRIMITIVE_OR_NONKLC,https://docs.google.com/spreadsheets/d/13rdpmsI5n0dnsb33u4YHGwI8VrWtCeLDWDELO_hC7Qs
2048,努,EXERT,KLC_02048,1,RAD_00019,力,"power, strength",RAD,,PRIMITIVE_OR_NONKLC,https://docs.google.com/spreadsheets/d/13rdpmsI5n0dnsb33u4YHGwI8VrWtCeLDWDELO_hC7Qs
2048,努,EXERT,KLC_02048,2,KLC_02047,奴,"SLAVE, GUY",KLC,2047,EARLIER_OR_SAME_KLC,https://docs.google.com/spreadsheets/d/13rdpmsI5n0dnsb33u4YHGwI8VrWtCeLDWDELO_hC7Qs
2049,怒,GET ANGRY,KLC_02049,1,KLC_02047,奴,"SLAVE, GUY",KLC,2047,EARLIER_OR_SAME_KLC,https://docs.google.com/spreadsheets/d/13rdpmsI5n0dnsb33u4YHGwI8VrWtCeLDWDELO_hC7Qs
2049,怒,GET ANGRY,KLC_02049,2,RAD_00061,心,"heart, mind, spirit",RAD,,PRIMITIVE_OR_NONKLC,https://docs.google.com/spreadsheets/d/13rdpmsI5n0dnsb33u4YHGwI8VrWtCeLDWDELO_hC7Qs
2050,隷,"UNDERLING, FOLLOWER",KLC_02050,1,RAD_00033,士,"scholar, military man",RAD,,PRIMITIVE_OR_NONKLC,https://docs.google.com/spreadsheets/d/13rdpmsI5n0dnsb33u4YHGwI8VrWtCeLDWDELO_hC7Qs
2050,隷,"UNDERLING, FOLLOWER",KLC_02050,2,RAD_00113,示,"spirit, sign, show",RAD,,PRIMITIVE_OR_NONKLC,https://docs.google.com/spreadsheets/d/13rdpmsI5n0dnsb33u4YHGwI8VrWtCeLDWDELO_hC7Qs
2050,隷,"UNDERLING, FOLLOWER",KLC_02050,3,RAD_00085,水,"water, *liquid*",RAD,,PRIMITIVE_OR_NONKLC,https://docs.google.com/spreadsheets/d/13rdpmsI5n0dnsb33u4YHGwI8VrWtCeLDWDELO_hC7Qs
2051,款,"ARTICLE, FRIENDLY RELATION",KLC_02051,1,RAD_00033,士,"scholar, military man",RAD,,PRIMITIVE_OR_NONKLC,https://docs.google.com/spreadsheets/d/13rdpmsI5n0dnsb33u4YHGwI8VrWtCeLDWDELO_hC7Qs
2051,款,"ARTICLE, FRIENDLY RELATION",KLC_02051,2,RAD_00113,示,"spirit, sign, show",RAD,,PRIMITIVE_OR_NONKLC,https://docs.google.com/spreadsheets/d/13rdpmsI5n0dnsb33u4YHGwI8VrWtCeLDWDELO_hC7Qs
2051,款,"ARTICLE, FRIENDLY RELATION",KLC_02051,3,RAD_00076,欠,"lack, *open mouth*",RAD,,PRIMITIVE_OR_NONKLC,https://docs.google.com/spreadsheets/d/13rdpmsI5n0dnsb33u4YHGwI8VrWtCeLDWDELO_hC7Qs
2052,殻,"HUSK, SHELL",KLC_02052,1,KLC_02053,穀,"GRAIN, CEREAL",KLC,2053,LATER_KLC_MNEMONIC_REF,https://docs.google.com/spreadsheets/d/13rdpmsI5n0dnsb33u4YHGwI8VrWtCeLDWDELO_hC7Qs
2053,穀,"GRAIN, CEREAL",KLC_02053,1,RAD_00115,禾,grain,RAD,,PRIMITIVE_OR_NONKLC,https://docs.google.com/spreadsheets/d/13rdpmsI5n0dnsb33u4YHGwI8VrWtCeLDWDELO_hC7Qs
2053,穀,"GRAIN, CEREAL",KLC_02053,2,KLC_02052,殻,"HUSK, SHELL",KLC,2052,EARLIER_OR_SAME_KLC,https://docs.google.com/spreadsheets/d/13rdpmsI5n0dnsb33u4YHGwI8VrWtCeLDWDELO_hC7Qs
2055,毀,"BREAK, DESTROY",KLC_02055,1,RAD_00032,土,"soil, earth",RAD,,PRIMITIVE_OR_NONKLC,https://docs.google.com/spreadsheets/d/13rdpmsI5n0dnsb33u4YHGwI8VrWtCeLDWDELO_hC7Qs
2055,毀,"BREAK, DESTROY",KLC_02055,2,RAD_00079,殳,weapon,RAD,,PRIMITIVE_OR_NONKLC,https://docs.google.com/spreadsheets/d/13rdpmsI5n0dnsb33u4YHGwI8VrWtCeLDWDELO_hC7Qs
2056,廉,"HONEST, CHEAP",KLC_02056,1,KLC_01006,兼,"CONCURRENTLY, COMBINE, CANNOT [difficult to]",KLC,1006,EARLIER_OR_SAME_KLC,https://docs.google.com/spreadsheets/d/13rdpmsI5n0dnsb33u4YHGwI8VrWtCeLDWDELO_hC7Qs
2056,廉,"HONEST, CHEAP",KLC_02056,2,RAD_00053,广,"dotted cliff, *shelter*",RAD,,PRIMITIVE_OR_NONKLC,https://docs.google.com/spreadsheets/d/13rdpmsI5n0dnsb33u4YHGwI8VrWtCeLDWDELO_hC7Qs
2057,鎌,SICKLE,KLC_02057,1,KLC_01006,兼,"CONCURRENTLY, COMBINE, CANNOT [difficult to]",KLC,1006,EARLIER_OR_SAME_KLC,https://docs.google.com/spreadsheets/d/13rdpmsI5n0dnsb33u4YHGwI8VrWtCeLDWDELO_hC7Qs
2057,鎌,SICKLE,KLC_02057,2,RAD_00167,金,"metal, gold, money",RAD,,PRIMITIVE_OR_NONKLC,https://docs.google.com/spreadsheets/d/13rdpmsI5n0dnsb33u4YHGwI8VrWtCeLDWDELO_hC7Qs
2058,嫌,DISLIKE,KLC_02058,1,RAD_00038,女,woman,RAD,,PRIMITIVE_OR_NONKLC,https://docs.google.com/spreadsheets/d/13rdpmsI5n0dnsb33u4YHGwI8VrWtCeLDWDELO_hC7Qs
2058,嫌,DISLIKE,KLC_02058,2,KLC_01006,兼,"CONCURRENTLY, COMBINE, CANNOT [difficult to]",KLC,1006,EARLIER_OR_SAME_KLC,https://docs.google.com/spreadsheets/d/13rdpmsI5n0dnsb33u4YHGwI8VrWtCeLDWDELO_hC7Qs
2059,謙,"HUMBLE, MODEST",KLC_02059,1,KLC_01006,兼,"CONCURRENTLY, COMBINE, CANNOT [difficult to]",KLC,1006,EARLIER_OR_SAME_KLC,https://docs.google.com/spreadsheets/d/13rdpmsI5n0dnsb33u4YHGwI8VrWtCeLDWDELO_hC7Qs
2059,謙,"HUMBLE, MODEST",KLC_02059,2,RAD_00149,言,"speech, word, say",RAD,,PRIMITIVE_OR_NONKLC,https://docs.google.com/spreadsheets/d/13rdpmsI5n0dnsb33u4YHGwI8VrWtCeLDWDELO_hC7Qs
2060,遜,"HUMBLE, MODEST",KLC_02060,1,KLC_01079,孫,GRANDCHILD,KLC,1079,EARLIER_OR_SAME_KLC,https://docs.google.com/spreadsheets/d/13rdpmsI5n0dnsb33u4YHGwI8VrWtCeLDWDELO_hC7Qs
2060,遜,"HUMBLE, MODEST",KLC_02060,2,RAD_00162,辵,"walk, *transport*",RAD,,PRIMITIVE_OR_NONKLC,https://docs.google.com/spreadsheets/d/13rdpmsI5n0dnsb33u4YHGwI8VrWtCeLDWDELO_hC7Qs
2062,練,"TRAIN, PRACTICE",KLC_02062,1,RAD_00120,糸,"thread, silk",RAD,,PRIMITIVE_OR_NONKLC,https://docs.google.com/spreadsheets/d/13rdpmsI5n0dnsb33u4YHGwI8VrWtCeLDWDELO_hC7Qs
2062,練,"TRAIN, PRACTICE",KLC_02062,2,KLC_00032,東,EAST,KLC,32,EARLIER_OR_SAME_KLC,https://docs.google.com/spreadsheets/d/13rdpmsI5n0dnsb33u4YHGwI8VrWtCeLDWDELO_hC7Qs
2063,錬,"REFINE, POLISH",KLC_02063,1,KLC_00032,東,EAST,KLC,32,EARLIER_OR_SAME_KLC,https://docs.google.com/spreadsheets/d/13rdpmsI5n0dnsb33u4YHGwI8VrWtCeLDWDELO_hC7Qs
2063,錬,"REFINE, POLISH",KLC_02063,2,RAD_00167,金,"metal, gold, money",RAD,,PRIMITIVE_OR_NONKLC,https://docs.google.com/spreadsheets/d/13rdpmsI5n0dnsb33u4YHGwI8VrWtCeLDWDELO_hC7Qs
2064,鍛,"FORGE, DISCIPLINE",KLC_02064,1,RAD_00167,金,"metal, gold, money",RAD,,PRIMITIVE_OR_NONKLC,https://docs.google.com/spreadsheets/d/13rdpmsI5n0dnsb33u4YHGwI8VrWtCeLDWDELO_hC7Qs
2064,鍛,"FORGE, DISCIPLINE",KLC_02064,2,KLC_00521,段,STEP,KLC,521,EARLIER_OR_SAME_KLC,https://docs.google.com/spreadsheets/d/13rdpmsI5n0dnsb33u4YHGwI8VrWtCeLDWDELO_hC7Qs
2065,鉱,"ORE, MINE",KLC_02065,1,RAD_00167,金,"metal, gold, money",RAD,,PRIMITIVE_OR_NONKLC,https://docs.google.com/spreadsheets/d/13rdpmsI5n0dnsb33u4YHGwI8VrWtCeLDWDELO_hC7Qs
2065,鉱,"ORE, MINE",KLC_02065,2,KLC_00238,広,WIDE,KLC,238,EARLIER_OR_SAME_KLC,https://docs.google.com/spreadsheets/d/13rdpmsI5n0dnsb33u4YHGwI8VrWtCeLDWDELO_hC7Qs
2066,銅,"COPPER, BRONZE",KLC_02066,1,RAD_00167,金,"metal, gold, money",RAD,,PRIMITIVE_OR_NONKLC,https://docs.google.com/spreadsheets/d/13rdpmsI5n0dnsb33u4YHGwI8VrWtCeLDWDELO_hC7Qs
2067,鉛,LEAD [metal],KLC_02067,1,RAD_00167,金,"metal, gold, money",RAD,,PRIMITIVE_OR_NONKLC,https://docs.google.com/spreadsheets/d/13rdpmsI5n0dnsb33u4YHGwI8VrWtCeLDWDELO_hC7Qs
2068,銑,PIG IRON,KLC_02068,1,RAD_00167,金,"metal, gold, money",RAD,,PRIMITIVE_OR_NONKLC,https://docs.google.com/spreadsheets/d/13rdpmsI5n0dnsb33u4YHGwI8VrWtCeLDWDELO_hC7Qs
2068,銑,PIG IRON,KLC_02068,2,KLC_00134,先,"AHEAD OF, PREVIOUS",KLC,134,EARLIER_OR_SAME_KLC,https://docs.google.com/spreadsheets/d/13rdpmsI5n0dnsb33u4YHGwI8VrWtCeLDWDELO_hC7Qs
2069,鋼,STEEL,KLC_02069,1,RAD_00167,金,"metal, gold, money",RAD,,PRIMITIVE_OR_NONKLC,https://docs.google.com/spreadsheets/d/13rdpmsI5n0dnsb33u4YHGwI8VrWtCeLDWDELO_hC7Qs
2069,鋼,STEEL,KLC_02069,2,KLC_00178,岡,HILL,KLC,178,EARLIER_OR_SAME_KLC,https://docs.google.com/spreadsheets/d/13rdpmsI5n0dnsb33u4YHGwI8VrWtCeLDWDELO_hC7Qs
2070,剛,"TOUGH, STRENGTH",KLC_02070,1,RAD_00018,刀,"knife, sword, *cut*",RAD,,PRIMITIVE_OR_NONKLC,https://docs.google.com/spreadsheets/d/13rdpmsI5n0dnsb33u4YHGwI8VrWtCeLDWDELO_hC7Qs
2070,剛,"TOUGH, STRENGTH",KLC_02070,2,KLC_00178,岡,HILL,KLC,178,EARLIER_OR_SAME_KLC,https://docs.google.com/spreadsheets/d/13rdpmsI5n0dnsb33u4YHGwI8VrWtCeLDWDELO_hC7Qs
2071,綱,"ROPE, MAIN POINTS",KLC_02071,1,RAD_00120,糸,"thread, silk",RAD,,PRIMITIVE_OR_NONKLC,https://docs.google.com/spreadsheets/d/13rdpmsI5n0dnsb33u4YHGwI8VrWtCeLDWDELO_hC7Qs
2071,綱,"ROPE, MAIN POINTS",KLC_02071,2,KLC_00178,岡,HILL,KLC,178,EARLIER_OR_SAME_KLC,https://docs.google.com/spreadsheets/d/13rdpmsI5n0dnsb33u4YHGwI8VrWtCeLDWDELO_hC7Qs
2072,網,NET,KLC_02072,1,RAD_00120,糸,"thread, silk",RAD,,PRIMITIVE_OR_NONKLC,https://docs.google.com/spreadsheets/d/13rdpmsI5n0dnsb33u4YHGwI8VrWtCeLDWDELO_hC7Qs
2072,網,NET,KLC_02072,2,KLC_00233,亡,DECEASED,KLC,233,EARLIER_OR_SAME_KLC,https://docs.google.com/spreadsheets/d/13rdpmsI5n0dnsb33u4YHGwI8VrWtCeLDWDELO_hC7Qs
2073,縄,ROPE,KLC_02073,1,RAD_00120,糸,"thread, silk",RAD,,PRIMITIVE_OR_NONKLC,https://docs.google.com/spreadsheets/d/13rdpmsI5n0dnsb33u4YHGwI8VrWtCeLDWDELO_hC7Qs
2073,縄,ROPE,KLC_02073,2,KLC_02061,亀,TURTLE,KLC,2061,EARLIER_OR_SAME_KLC,https://docs.google.com/spreadsheets/d/13rdpmsI5n0dnsb33u4YHGwI8VrWtCeLDWDELO_hC7Qs
2074,鉢,BOWL,KLC_02074,1,RAD_00167,金,"metal, gold, money",RAD,,PRIMITIVE_OR_NONKLC,https://docs.google.com/spreadsheets/d/13rdpmsI5n0dnsb33u4YHGwI8VrWtCeLDWDELO_hC7Qs
2074,鉢,BOWL,KLC_02074,2,KLC_00031,本,"BOOK, ORIGIN, THIS",KLC,31,EARLIER_OR_SAME_KLC,https://docs.google.com/spreadsheets/d/13rdpmsI5n0dnsb33u4YHGwI8VrWtCeLDWDELO_hC7Qs
2075,鎖,CHAIN,KLC_02075,1,RAD_00167,金,"metal, gold, money",RAD,,PRIMITIVE_OR_NONKLC,https://docs.google.com/spreadsheets/d/13rdpmsI5n0dnsb33u4YHGwI8VrWtCeLDWDELO_hC7Qs
2075,鎖,CHAIN,KLC_02075,2,RAD_00154,貝,"shellfish, money, wealth",RAD,,PRIMITIVE_OR_NONKLC,https://docs.google.com/spreadsheets/d/13rdpmsI5n0dnsb33u4YHGwI8VrWtCeLDWDELO_hC7Qs
2076,絆,BONDS,KLC_02076,1,RAD_00120,糸,"thread, silk",RAD,,PRIMITIVE_OR_NONKLC,https://docs.google.com/spreadsheets/d/13rdpmsI5n0dnsb33u4YHGwI8VrWtCeLDWDELO_hC7Qs
2077,鍵,KEY,KLC_02077,1,RAD_00167,金,"metal, gold, money",RAD,,PRIMITIVE_OR_NONKLC,https://docs.google.com/spreadsheets/d/13rdpmsI5n0dnsb33u4YHGwI8VrWtCeLDWDELO_hC7Qs
2077,鍵,KEY,KLC_02077,2,KLC_01609,建,BUILD,KLC,1609,EARLIER_OR_SAME_KLC,https://docs.google.com/spreadsheets/d/13rdpmsI5n0dnsb33u4YHGwI8VrWtCeLDWDELO_hC7Qs
2078,釘,NAIL [spike],KLC_02078,1,RAD_00167,金,"metal, gold, money",RAD,,PRIMITIVE_OR_NONKLC,https://docs.google.com/spreadsheets/d/13rdpmsI5n0dnsb33u4YHGwI8VrWtCeLDWDELO_hC7Qs
2079,錮,LOCK DOWN,KLC_02079,1,KLC_00260,固,"SOLID, FIRM",KLC,260,EARLIER_OR_SAME_KLC,https://docs.google.com/spreadsheets/d/13rdpmsI5n0dnsb33u4YHGwI8VrWtCeLDWDELO_hC7Qs
2079,錮,LOCK DOWN,KLC_02079,2,RAD_00167,金,"metal, gold, money",RAD,,PRIMITIVE_OR_NONKLC,https://docs.google.com/spreadsheets/d/13rdpmsI5n0dnsb33u4YHGwI8VrWtCeLDWDELO_hC7Qs
2080,錠,"LOCK, PILL",KLC_02080,1,RAD_00167,金,"metal, gold, money",RAD,,PRIMITIVE_OR_NONKLC,https://docs.google.com/spreadsheets/d/13rdpmsI5n0dnsb33u4YHGwI8VrWtCeLDWDELO_hC7Qs
2080,錠,"LOCK, PILL",KLC_02080,2,KLC_00045,定,"FIX, DETERMINE",KLC,45,EARLIER_OR_SAME_KLC,https://docs.google.com/spreadsheets/d/13rdpmsI5n0dnsb33u4YHGwI8VrWtCeLDWDELO_hC7Qs
2081,綻,"UNRAVEL, RIP",KLC_02081,1,KLC_00045,定,"FIX, DETERMINE",KLC,45,EARLIER_OR_SAME_KLC,https://docs.google.com/spreadsheets/d/13rdpmsI5n0dnsb33u4YHGwI8VrWtCeLDWDELO_hC7Qs
2081,綻,"UNRAVEL, RIP",KLC_02081,2,RAD_00120,糸,"thread, silk",RAD,,PRIMITIVE_OR_NONKLC,https://docs.google.com/spreadsheets/d/13rdpmsI5n0dnsb33u4YHGwI8VrWtCeLDWDELO_hC7Qs
2082,鈴,SMALL BELL,KLC_02082,1,RAD_00167,金,"metal, gold, money",RAD,,PRIMITIVE_OR_NONKLC,https://docs.google.com/spreadsheets/d/13rdpmsI5n0dnsb33u4YHGwI8VrWtCeLDWDELO_hC7Qs
2082,鈴,SMALL BELL,KLC_02082,2,KLC_00229,令,COMMAND,KLC,229,EARLIER_OR_SAME_KLC,https://docs.google.com/spreadsheets/d/13rdpmsI5n0dnsb33u4YHGwI8VrWtCeLDWDELO_hC7Qs
2083,鐘,"BIG BELL, GONG",KLC_02083,1,KLC_00537,童,CHILD,KLC,537,EARLIER_OR_SAME_KLC,https://docs.google.com/spreadsheets/d/13rdpmsI5n0dnsb33u4YHGwI8VrWtCeLDWDELO_hC7Qs
2083,鐘,"BIG BELL, GONG",KLC_02083,2,RAD_00167,金,"metal, gold, money",RAD,,PRIMITIVE_OR_NONKLC,https://docs.google.com/spreadsheets/d/13rdpmsI5n0dnsb33u4YHGwI8VrWtCeLDWDELO_hC7Qs
2084,瞳,PUPIL [eye],KLC_02084,1,KLC_00537,童,CHILD,KLC,537,EARLIER_OR_SAME_KLC,https://docs.google.com/spreadsheets/d/13rdpmsI5n0dnsb33u4YHGwI8VrWtCeLDWDELO_hC7Qs
2085,憧,"YEARN AFTER, ADORE",KLC_02085,1,RAD_00061,心,"heart, mind, spirit",RAD,,PRIMITIVE_OR_NONKLC,https://docs.google.com/spreadsheets/d/13rdpmsI5n0dnsb33u4YHGwI8VrWtCeLDWDELO_hC7Qs
2085,憧,"YEARN AFTER, ADORE",KLC_02085,2,KLC_00537,童,CHILD,KLC,537,EARLIER_OR_SAME_KLC,https://docs.google.com/spreadsheets/d/13rdpmsI5n0dnsb33u4YHGwI8VrWtCeLDWDELO_hC7Qs
2086,憬,"YEARN AFTER, LONG FOR",KLC_02086,1,KLC_01280,景,"SCENE, VIEW",KLC,1280,EARLIER_OR_SAME_KLC,https://docs.google.com/spreadsheets/d/13rdpmsI5n0dnsb33u4YHGwI8VrWtCeLDWDELO_hC7Qs
2086,憬,"YEARN AFTER, LONG FOR",KLC_02086,2,RAD_00061,心,"heart, mind, spirit",RAD,,PRIMITIVE_OR_NONKLC,https://docs.google.com/spreadsheets/d/13rdpmsI5n0dnsb33u4YHGwI8VrWtCeLDWDELO_hC7Qs
2088,碑,MONUMENT,KLC_02088,1,KLC_02087,卑,"MEAN, DESPICABLE",KLC,2087,EARLIER_OR_SAME_KLC,https://docs.google.com/spreadsheets/d/13rdpmsI5n0dnsb33u4YHGwI8VrWtCeLDWDELO_hC7Qs
2088,碑,MONUMENT,KLC_02088,2,RAD_00112,石,"stone, rock",RAD,,PRIMITIVE_OR_NONKLC,https://docs.google.com/spreadsheets/d/13rdpmsI5n0dnsb33u4YHGwI8VrWtCeLDWDELO_hC7Qs
2089,痺,PARALYSIS,KLC_02089,1,RAD_00104,疒,"sickness, illness",RAD,,PRIMITIVE_OR_NONKLC,https://docs.google.com/spreadsheets/d/13rdpmsI5n0dnsb33u4YHGwI8VrWtCeLDWDELO_hC7Qs
2089,痺,PARALYSIS,KLC_02089,2,KLC_02087,卑,"MEAN, DESPICABLE",KLC,2087,EARLIER_OR_SAME_KLC,https://docs.google.com/spreadsheets/d/13rdpmsI5n0dnsb33u4YHGwI8VrWtCeLDWDELO_hC7Qs
2091,塊,"LUMP, CHUNK",KLC_02091,1,RAD_00194,鬼,"ghost, demon",RAD,,PRIMITIVE_OR_NONKLC,https://docs.google.com/spreadsheets/d/13rdpmsI5n0dnsb33u4YHGwI8VrWtCeLDWDELO_hC7Qs
2091,塊,"LUMP, CHUNK",KLC_02091,2,RAD_00032,土,"soil, earth",RAD,,PRIMITIVE_OR_NONKLC,https://docs.google.com/spreadsheets/d/13rdpmsI5n0dnsb33u4YHGwI8VrWtCeLDWDELO_hC7Qs
2092,醜,UGLY,KLC_02092,1,KLC_00797,酒,ALCOHOLIC DRINK,KLC,797,EARLIER_OR_SAME_KLC,https://docs.google.com/spreadsheets/d/13rdpmsI5n0dnsb33u4YHGwI8VrWtCeLDWDELO_hC7Qs
2092,醜,UGLY,KLC_02092,2,RAD_00194,鬼,"ghost, demon",RAD,,PRIMITIVE_OR_NONKLC,https://docs.google.com/spreadsheets/d/13rdpmsI5n0dnsb33u4YHGwI8VrWtCeLDWDELO_hC7Qs
2093,魂,"SOUL, SPIRIT",KLC_02093,1,SUP_00005,云,cloud,SUP,,PRIMITIVE_OR_NONKLC,https://docs.google.com/spreadsheets/d/13rdpmsI5n0dnsb33u4YHGwI8VrWtCeLDWDELO_hC7Qs
2093,魂,"SOUL, SPIRIT",KLC_02093,2,RAD_00194,鬼,"ghost, demon",RAD,,PRIMITIVE_OR_NONKLC,https://docs.google.com/spreadsheets/d/13rdpmsI5n0dnsb33u4YHGwI8VrWtCeLDWDELO_hC7Qs
2094,魅,CHARM,KLC_02094,1,RAD_00194,鬼,"ghost, demon",RAD,,PRIMITIVE_OR_NONKLC,https://docs.google.com/spreadsheets/d/13rdpmsI5n0dnsb33u4YHGwI8VrWtCeLDWDELO_hC7Qs
2094,魅,CHARM,KLC_02094,2,KLC_00271,未,NOT YET,KLC,271,EARLIER_OR_SAME_KLC,https://docs.google.com/spreadsheets/d/13rdpmsI5n0dnsb33u4YHGwI8VrWtCeLDWDELO_hC7Qs
2095,魔,DEMON,KLC_02095,1,RAD_00194,鬼,"ghost, demon",RAD,,PRIMITIVE_OR_NONKLC,https://docs.google.com/spreadsheets/d/13rdpmsI5n0dnsb33u4YHGwI8VrWtCeLDWDELO_hC7Qs
2095,魔,DEMON,KLC_02095,2,RAD_00200,麻,"hemp, numb",RAD,,PRIMITIVE_OR_NONKLC,https://docs.google.com/spreadsheets/d/13rdpmsI5n0dnsb33u4YHGwI8VrWtCeLDWDELO_hC7Qs
2096,畏,FEAR,KLC_02096,1,RAD_00145,衣,"clothes, garment",RAD,,PRIMITIVE_OR_NONKLC,https://docs.google.com/spreadsheets/d/13rdpmsI5n0dnsb33u4YHGwI8VrWtCeLDWDELO_hC7Qs
2096,畏,FEAR,KLC_02096,2,RAD_00194,鬼,"ghost, demon",RAD,,PRIMITIVE_OR_NONKLC,https://docs.google.com/spreadsheets/d/13rdpmsI5n0dnsb33u4YHGwI8VrWtCeLDWDELO_hC7Qs
2097,刷,PRINT,KLC_02097,1,RAD_00018,刀,"knife, sword, *cut*",RAD,,PRIMITIVE_OR_NONKLC,https://docs.google.com/spreadsheets/d/13rdpmsI5n0dnsb33u4YHGwI8VrWtCeLDWDELO_hC7Qs
2097,刷,PRINT,KLC_02097,2,RAD_00050,巾,"cloth, towel, scarf",RAD,,PRIMITIVE_OR_NONKLC,https://docs.google.com/spreadsheets/d/13rdpmsI5n0dnsb33u4YHGwI8VrWtCeLDWDELO_hC7Qs
2097,刷,PRINT,KLC_02097,3,RAD_00063,戸,door,RAD,,PRIMITIVE_OR_NONKLC,https://docs.google.com/spreadsheets/d/13rdpmsI5n0dnsb33u4YHGwI8VrWtCeLDWDELO_hC7Qs
2098,擦,RUB,KLC_02098,1,KLC_00639,察,"INSPECT, GUESS",KLC,639,EARLIER_OR_SAME_KLC,https://docs.google.com/spreadsheets/d/13rdpmsI5n0dnsb33u4YHGwI8VrWtCeLDWDELO_hC7Qs
2098,擦,RUB,KLC_02098,2,RAD_00064,手,"hand, performer of action",RAD,,PRIMITIVE_OR_NONKLC,https://docs.google.com/spreadsheets/d/13rdpmsI5n0dnsb33u4YHGwI8VrWtCeLDWDELO_hC7Qs
2099,摩,RUB AGAINST,KLC_02099,1,RAD_00064,手,"hand, performer of action",RAD,,PRIMITIVE_OR_NONKLC,https://docs.google.com/spreadsheets/d/13rdpmsI5n0dnsb33u4YHGwI8VrWtCeLDWDELO_hC7Qs
2100,磨,POLISH,KLC_02100,1,RAD_00112,石,"stone, rock",RAD,,PRIMITIVE_OR_NONKLC,https://docs.google.com/spreadsheets/d/13rdpmsI5n0dnsb33u4YHGwI8VrWtCeLDWDELO_hC7Qs
2105,泰,TRANQUIL,KLC_02105,1,RAD_00085,水,"water, *liquid*",RAD,,PRIMITIVE_OR_NONKLC,https://docs.google.com/spreadsheets/d/13rdpmsI5n0dnsb33u4YHGwI8VrWtCeLDWDELO_hC7Qs
2106,俸,SALARY,KLC_02106,1,RAD_00009,人,"person, *roof*",RAD,,PRIMITIVE_OR_NONKLC,https://docs.google.com/spreadsheets/d/13rdpmsI5n0dnsb33u4YHGwI8VrWtCeLDWDELO_hC7Qs
2106,俸,SALARY,KLC_02106,2,KLC_02103,奉,"DEDICATE, OFFER",KLC,2103,EARLIER_OR_SAME_KLC,https://docs.google.com/spreadsheets/d/13rdpmsI5n0dnsb33u4YHGwI8VrWtCeLDWDELO_hC7Qs
2107,棒,"ROD, STICK",KLC_02107,1,KLC_02103,奉,"DEDICATE, OFFER",KLC,2103,EARLIER_OR_SAME_KLC,https://docs.google.com/spreadsheets/d/13rdpmsI5n0dnsb33u4YHGwI8VrWtCeLDWDELO_hC7Qs
2107,棒,"ROD, STICK",KLC_02107,2,RAD_00075,木,tree,RAD,,PRIMITIVE_OR_NONKLC,https://docs.google.com/spreadsheets/d/13rdpmsI5n0dnsb33u4YHGwI8VrWtCeLDWDELO_hC7Qs
2108,捧,OFFER RESPECTFULLY,KLC_02108,1,KLC_02103,奉,"DEDICATE, OFFER",KLC,2103,EARLIER_OR_SAME_KLC,https://docs.google.com/spreadsheets/d/13rdpmsI5n0dnsb33u4YHGwI8VrWtCeLDWDELO_hC7Qs
2108,捧,OFFER RESPECTFULLY,KLC_02108,2,RAD_00064,手,"hand, performer of action",RAD,,PRIMITIVE_OR_NONKLC,https://docs.google.com/spreadsheets/d/13rdpmsI5n0dnsb33u4YHGwI8VrWtCeLDWDELO_hC7Qs
2109,耐,"WITHSTAND, ENDURE",KLC_02109,1,SUP_00019,而,roots,SUP,,PRIMITIVE_OR_NONKLC,https://docs.google.com/spreadsheets/d/13rdpmsI5n0dnsb33u4YHGwI8VrWtCeLDWDELO_hC7Qs
2109,耐,"WITHSTAND, ENDURE",KLC_02109,2,RAD_00041,寸,"measurement, tenth of shaku, a bit of",RAD,,PRIMITIVE_OR_NONKLC,https://docs.google.com/spreadsheets/d/13rdpmsI5n0dnsb33u4YHGwI8VrWtCeLDWDELO_hC7Qs
2110,霊,SPIRIT,KLC_02110,1,KLC_00333,並,LINE UP,KLC,333,EARLIER_OR_SAME_KLC,https://docs.google.com/spreadsheets/d/13rdpmsI5n0dnsb33u4YHGwI8VrWtCeLDWDELO_hC7Qs
2110,霊,SPIRIT,KLC_02110,2,RAD_00173,雨,rain,RAD,,PRIMITIVE_OR_NONKLC,https://docs.google.com/spreadsheets/d/13rdpmsI5n0dnsb33u4YHGwI8VrWtCeLDWDELO_hC7Qs
2111,需,"DEMAND, NEED",KLC_02111,1,SUP_00019,而,roots,SUP,,PRIMITIVE_OR_NONKLC,https://docs.google.com/spreadsheets/d/13rdpmsI5n0dnsb33u4YHGwI8VrWtCeLDWDELO_hC7Qs
2111,需,"DEMAND, NEED",KLC_02111,2,RAD_00173,雨,rain,RAD,,PRIMITIVE_OR_NONKLC,https://docs.google.com/spreadsheets/d/13rdpmsI5n0dnsb33u4YHGwI8VrWtCeLDWDELO_hC7Qs
2112,濡,WET,KLC_02112,1,KLC_02111,需,"DEMAND, NEED",KLC,2111,EARLIER_OR_SAME_KLC,https://docs.google.com/spreadsheets/d/13rdpmsI5n0dnsb33u4YHGwI8VrWtCeLDWDELO_hC7Qs
2112,濡,WET,KLC_02112,2,RAD_00085,水,"water, *liquid*",RAD,,PRIMITIVE_OR_NONKLC,https://docs.google.com/spreadsheets/d/13rdpmsI5n0dnsb33u4YHGwI8VrWtCeLDWDELO_hC7Qs
2113,儒,CONFUCIANISM,KLC_02113,1,KLC_02111,需,"DEMAND, NEED",KLC,2111,EARLIER_OR_SAME_KLC,https://docs.google.com/spreadsheets/d/13rdpmsI5n0dnsb33u4YHGwI8VrWtCeLDWDELO_hC7Qs
2113,儒,CONFUCIANISM,KLC_02113,2,RAD_00009,人,"person, *roof*",RAD,,PRIMITIVE_OR_NONKLC,https://docs.google.com/spreadsheets/d/13rdpmsI5n0dnsb33u4YHGwI8VrWtCeLDWDELO_hC7Qs
2114,端,"EDGE, EXTREMITY",KLC_02114,1,RAD_00117,立,stand,RAD,,PRIMITIVE_OR_NONKLC,https://docs.google.com/spreadsheets/d/13rdpmsI5n0dnsb33u4YHGwI8VrWtCeLDWDELO_hC7Qs
2114,端,"EDGE, EXTREMITY",KLC_02114,2,RAD_00046,山,mountain,RAD,,PRIMITIVE_OR_NONKLC,https://docs.google.com/spreadsheets/d/13rdpmsI5n0dnsb33u4YHGwI8VrWtCeLDWDELO_hC7Qs
2114,端,"EDGE, EXTREMITY",KLC_02114,3,SUP_00019,而,roots,SUP,,PRIMITIVE_OR_NONKLC,https://docs.google.com/spreadsheets/d/13rdpmsI5n0dnsb33u4YHGwI8VrWtCeLDWDELO_hC7Qs
2115,壱,ONE [in legal documents],KLC_02115,1,RAD_00033,士,"scholar, military man",RAD,,PRIMITIVE_OR_NONKLC,https://docs.google.com/spreadsheets/d/13rdpmsI5n0dnsb33u4YHGwI8VrWtCeLDWDELO_hC7Qs
2115,壱,ONE [in legal documents],KLC_02115,2,RAD_00021,匕,"spoon, *seated person*",RAD,,PRIMITIVE_OR_NONKLC,https://docs.google.com/spreadsheets/d/13rdpmsI5n0dnsb33u4YHGwI8VrWtCeLDWDELO_hC7Qs
2115,壱,ONE [in legal documents],KLC_02115,3,RAD_00014,冖,cloth cover,RAD,,PRIMITIVE_OR_NONKLC,https://docs.google.com/spreadsheets/d/13rdpmsI5n0dnsb33u4YHGwI8VrWtCeLDWDELO_hC7Qs
2116,尼,NUN,KLC_02116,1,RAD_00063,戸,door,RAD,,PRIMITIVE_OR_NONKLC,https://docs.google.com/spreadsheets/d/13rdpmsI5n0dnsb33u4YHGwI8VrWtCeLDWDELO_hC7Qs
2116,尼,NUN,KLC_02116,2,RAD_00021,匕,"spoon, *seated person*",RAD,,PRIMITIVE_OR_NONKLC,https://docs.google.com/spreadsheets/d/13rdpmsI5n0dnsb33u4YHGwI8VrWtCeLDWDELO_hC7Qs
2117,泥,MUD,KLC_02117,1,KLC_02116,尼,NUN,KLC,2116,EARLIER_OR_SAME_KLC,https://docs.google.com/spreadsheets/d/13rdpmsI5n0dnsb33u4YHGwI8VrWtCeLDWDELO_hC7Qs
2117,泥,MUD,KLC_02117,2,RAD_00085,水,"water, *liquid*",RAD,,PRIMITIVE_OR_NONKLC,https://docs.google.com/spreadsheets/d/13rdpmsI5n0dnsb33u4YHGwI8VrWtCeLDWDELO_hC7Qs
2118,漏,LEAK,KLC_02118,1,RAD_00173,雨,rain,RAD,,PRIMITIVE_OR_NONKLC,https://docs.google.com/spreadsheets/d/13rdpmsI5n0dnsb33u4YHGwI8VrWtCeLDWDELO_hC7Qs
2118,漏,LEAK,KLC_02118,2,RAD_00085,水,"water, *liquid*",RAD,,PRIMITIVE_OR_NONKLC,https://docs.google.com/spreadsheets/d/13rdpmsI5n0dnsb33u4YHGwI8VrWtCeLDWDELO_hC7Qs
2118,漏,LEAK,KLC_02118,3,RAD_00063,戸,door,RAD,,PRIMITIVE_OR_NONKLC,https://docs.google.com/spreadsheets/d/13rdpmsI5n0dnsb33u4YHGwI8VrWtCeLDWDELO_hC7Qs
2119,氾,"FLOOD, SPREAD OUT",KLC_02119,1,RAD_00085,水,"water, *liquid*",RAD,,PRIMITIVE_OR_NONKLC,https://docs.google.com/spreadsheets/d/13rdpmsI5n0dnsb33u4YHGwI8VrWtCeLDWDELO_hC7Qs
2119,氾,"FLOOD, SPREAD OUT",KLC_02119,2,RAD_00026,卩,seal [device],RAD,,PRIMITIVE_OR_NONKLC,https://docs.google.com/spreadsheets/d/13rdpmsI5n0dnsb33u4YHGwI8VrWtCeLDWDELO_hC7Qs
2120,彙,CATALOG,KLC_02120,1,KLC_00599,果,"FRUIT, ACCOMPLISH, RESULT",KLC,599,EARLIER_OR_SAME_KLC,https://docs.google.com/spreadsheets/d/13rdpmsI5n0dnsb33u4YHGwI8VrWtCeLDWDELO_hC7Qs
2121,某,"A CERTAIN, ONE",KLC_02121,1,RAD_00075,木,tree,RAD,,PRIMITIVE_OR_NONKLC,https://docs.google.com/spreadsheets/d/13rdpmsI5n0dnsb33u4YHGwI8VrWtCeLDWDELO_hC7Qs
2121,某,"A CERTAIN, ONE",KLC_02121,2,RAD_00099,甘,sweet,RAD,,PRIMITIVE_OR_NONKLC,https://docs.google.com/spreadsheets/d/13rdpmsI5n0dnsb33u4YHGwI8VrWtCeLDWDELO_hC7Qs
2122,謀,SCHEME,KLC_02122,1,RAD_00149,言,"speech, word, say",RAD,,PRIMITIVE_OR_NONKLC,https://docs.google.com/spreadsheets/d/13rdpmsI5n0dnsb33u4YHGwI8VrWtCeLDWDELO_hC7Qs
2122,謀,SCHEME,KLC_02122,2,KLC_02121,某,"A CERTAIN, ONE",KLC,2121,EARLIER_OR_SAME_KLC,https://docs.google.com/spreadsheets/d/13rdpmsI5n0dnsb33u4YHGwI8VrWtCeLDWDELO_hC7Qs
2123,媒,MEDIATE,KLC_02123,1,RAD_00038,女,woman,RAD,,PRIMITIVE_OR_NONKLC,https://docs.google.com/spreadsheets/d/13rdpmsI5n0dnsb33u4YHGwI8VrWtCeLDWDELO_hC7Qs
2123,媒,MEDIATE,KLC_02123,2,KLC_02121,某,"A CERTAIN, ONE",KLC,2121,EARLIER_OR_SAME_KLC,https://docs.google.com/spreadsheets/d/13rdpmsI5n0dnsb33u4YHGwI8VrWtCeLDWDELO_hC7Qs
2124,尉,OFFICER,KLC_02124,1,RAD_00044,尸,"corpse, *flag*",RAD,,PRIMITIVE_OR_NONKLC,https://docs.google.com/spreadsheets/d/13rdpmsI5n0dnsb33u4YHGwI8VrWtCeLDWDELO_hC7Qs
2124,尉,OFFICER,KLC_02124,2,RAD_00113,示,"spirit, sign, show",RAD,,PRIMITIVE_OR_NONKLC,https://docs.google.com/spreadsheets/d/13rdpmsI5n0dnsb33u4YHGwI8VrWtCeLDWDELO_hC7Qs
2124,尉,OFFICER,KLC_02124,3,RAD_00041,寸,"measurement, tenth of shaku, a bit of",RAD,,PRIMITIVE_OR_NONKLC,https://docs.google.com/spreadsheets/d/13rdpmsI5n0dnsb33u4YHGwI8VrWtCeLDWDELO_hC7Qs
2125,慰,"CONSOLATION, CHEER",KLC_02125,1,KLC_02124,尉,OFFICER,KLC,2124,EARLIER_OR_SAME_KLC,https://docs.google.com/spreadsheets/d/13rdpmsI5n0dnsb33u4YHGwI8VrWtCeLDWDELO_hC7Qs
2125,慰,"CONSOLATION, CHEER",KLC_02125,2,RAD_00061,心,"heart, mind, spirit",RAD,,PRIMITIVE_OR_NONKLC,https://docs.google.com/spreadsheets/d/13rdpmsI5n0dnsb33u4YHGwI8VrWtCeLDWDELO_hC7Qs
2126,酪,DAIRY PRODUCTS,KLC_02126,1,RAD_00164,酉,"wine, liquor, *bottle*",RAD,,PRIMITIVE_OR_NONKLC,https://docs.google.com/spreadsheets/d/13rdpmsI5n0dnsb33u4YHGwI8VrWtCeLDWDELO_hC7Qs
2126,酪,DAIRY PRODUCTS,KLC_02126,2,KLC_00786,各,"EACH, *cabin*",KLC,786,EARLIER_OR_SAME_KLC,https://docs.google.com/spreadsheets/d/13rdpmsI5n0dnsb33u4YHGwI8VrWtCeLDWDELO_hC7Qs
2127,酵,FERMENT,KLC_02127,1,RAD_00164,酉,"wine, liquor, *bottle*",RAD,,PRIMITIVE_OR_NONKLC,https://docs.google.com/spreadsheets/d/13rdpmsI5n0dnsb33u4YHGwI8VrWtCeLDWDELO_hC7Qs
2127,酵,FERMENT,KLC_02127,2,KLC_00630,孝,FILIAL PIETY,KLC,630,EARLIER_OR_SAME_KLC,https://docs.google.com/spreadsheets/d/13rdpmsI5n0dnsb33u4YHGwI8VrWtCeLDWDELO_hC7Qs
2128,醤,"SOY SAUCE, FERMENTED FOOD",KLC_02128,1,KLC_00614,将,GENERAL OFFICER,KLC,614,EARLIER_OR_SAME_KLC,https://docs.google.com/spreadsheets/d/13rdpmsI5n0dnsb33u4YHGwI8VrWtCeLDWDELO_hC7Qs
2128,醤,"SOY SAUCE, FERMENTED FOOD",KLC_02128,2,RAD_00164,酉,"wine, liquor, *bottle*",RAD,,PRIMITIVE_OR_NONKLC,https://docs.google.com/spreadsheets/d/13rdpmsI5n0dnsb33u4YHGwI8VrWtCeLDWDELO_hC7Qs
2129,酢,VINEGAR,KLC_02129,1,RAD_00164,酉,"wine, liquor, *bottle*",RAD,,PRIMITIVE_OR_NONKLC,https://docs.google.com/spreadsheets/d/13rdpmsI5n0dnsb33u4YHGwI8VrWtCeLDWDELO_hC7Qs
2129,酢,VINEGAR,KLC_02129,2,SUP_00003,乍,saw,SUP,,PRIMITIVE_OR_NONKLC,https://docs.google.com/spreadsheets/d/13rdpmsI5n0dnsb33u4YHGwI8VrWtCeLDWDELO_hC7Qs
2130,酎,JAPANESE DISTILLED LIQUOR [shōchū],KLC_02130,1,RAD_00041,寸,"measurement, tenth of shaku, a bit of",RAD,,PRIMITIVE_OR_NONKLC,https://docs.google.com/spreadsheets/d/13rdpmsI5n0dnsb33u4YHGwI8VrWtCeLDWDELO_hC7Qs
2130,酎,JAPANESE DISTILLED LIQUOR [shōchū],KLC_02130,2,RAD_00164,酉,"wine, liquor, *bottle*",RAD,,PRIMITIVE_OR_NONKLC,https://docs.google.com/spreadsheets/d/13rdpmsI5n0dnsb33u4YHGwI8VrWtCeLDWDELO_hC7Qs
2131,酌,POUR SAKE,KLC_02131,1,RAD_00164,酉,"wine, liquor, *bottle*",RAD,,PRIMITIVE_OR_NONKLC,https://docs.google.com/spreadsheets/d/13rdpmsI5n0dnsb33u4YHGwI8VrWtCeLDWDELO_hC7Qs
2132,釣,"ANGLE, FISHING",KLC_02132,1,RAD_00167,金,"metal, gold, money",RAD,,PRIMITIVE_OR_NONKLC,https://docs.google.com/spreadsheets/d/13rdpmsI5n0dnsb33u4YHGwI8VrWtCeLDWDELO_hC7Qs
2133,畜,LIVESTOCK,KLC_02133,1,RAD_00052,幺,"short thread, *child*",RAD,,PRIMITIVE_OR_NONKLC,https://docs.google.com/spreadsheets/d/13rdpmsI5n0dnsb33u4YHGwI8VrWtCeLDWDELO_hC7Qs
2133,畜,LIVESTOCK,KLC_02133,2,RAD_00102,田,"rice field, *head*",RAD,,PRIMITIVE_OR_NONKLC,https://docs.google.com/spreadsheets/d/13rdpmsI5n0dnsb33u4YHGwI8VrWtCeLDWDELO_hC7Qs
2134,蓄,STORE UP,KLC_02134,1,RAD_00140,艸,"grass, vegetation",RAD,,PRIMITIVE_OR_NONKLC,https://docs.google.com/spreadsheets/d/13rdpmsI5n0dnsb33u4YHGwI8VrWtCeLDWDELO_hC7Qs
2134,蓄,STORE UP,KLC_02134,2,KLC_02133,畜,LIVESTOCK,KLC,2133,EARLIER_OR_SAME_KLC,https://docs.google.com/spreadsheets/d/13rdpmsI5n0dnsb33u4YHGwI8VrWtCeLDWDELO_hC7Qs
2135,玄,"profound, occult",RAD_00095,1,RAD_00052,幺,"short thread, *child*",RAD,,PRIMITIVE_OR_NONKLC,https://docs.google.com/spreadsheets/d/13rdpmsI5n0dnsb33u4YHGwI8VrWtCeLDWDELO_hC7Qs
2135,玄,"profound, occult",RAD_00095,2,RAD_00008,亠,lid,RAD,,PRIMITIVE_OR_NONKLC,https://docs.google.com/spreadsheets/d/13rdpmsI5n0dnsb33u4YHGwI8VrWtCeLDWDELO_hC7Qs
2136,眩,"DAZZLING, DIZZY",KLC_02136,1,RAD_00109,目,eye,RAD,,PRIMITIVE_OR_NONKLC,https://docs.google.com/spreadsheets/d/13rdpmsI5n0dnsb33u4YHGwI8VrWtCeLDWDELO_hC7Qs
2136,眩,"DAZZLING, DIZZY",KLC_02136,2,RAD_00095,玄,"profound, occult",RAD,,PRIMITIVE_OR_NONKLC,https://docs.google.com/spreadsheets/d/13rdpmsI5n0dnsb33u4YHGwI8VrWtCeLDWDELO_hC7Qs
2137,呟,"MUTTER, GRUMBLE",KLC_02137,1,RAD_00030,口,"mouth, *opening*",RAD,,PRIMITIVE_OR_NONKLC,https://docs.google.com/spreadsheets/d/13rdpmsI5n0dnsb33u4YHGwI8VrWtCeLDWDELO_hC7Qs
2137,呟,"MUTTER, GRUMBLE",KLC_02137,2,RAD_00095,玄,"profound, occult",RAD,,PRIMITIVE_OR_NONKLC,https://docs.google.com/spreadsheets/d/13rdpmsI5n0dnsb33u4YHGwI8VrWtCeLDWDELO_hC7Qs
2138,囁,WHISPER,KLC_02138,1,RAD_00128,耳,"ear, hearing",RAD,,PRIMITIVE_OR_NONKLC,https://docs.google.com/spreadsheets/d/13rdpmsI5n0dnsb33u4YHGwI8VrWtCeLDWDELO_hC7Qs
2138,囁,WHISPER,KLC_02138,2,RAD_00030,口,"mouth, *opening*",RAD,,PRIMITIVE_OR_NONKLC,https://docs.google.com/spreadsheets/d/13rdpmsI5n0dnsb33u4YHGwI8VrWtCeLDWDELO_hC7Qs
2139,喋,"SPEAK, CHAT",KLC_02139,1,RAD_00030,口,"mouth, *opening*",RAD,,PRIMITIVE_OR_NONKLC,https://docs.google.com/spreadsheets/d/13rdpmsI5n0dnsb33u4YHGwI8VrWtCeLDWDELO_hC7Qs
2139,喋,"SPEAK, CHAT",KLC_02139,2,KLC_00605,葉,LEAF,KLC,605,EARLIER_OR_SAME_KLC,https://docs.google.com/spreadsheets/d/13rdpmsI5n0dnsb33u4YHGwI8VrWtCeLDWDELO_hC7Qs
2140,喩,"METAPHOR, COMPARE",KLC_02140,1,RAD_00030,口,"mouth, *opening*",RAD,,PRIMITIVE_OR_NONKLC,https://docs.google.com/spreadsheets/d/13rdpmsI5n0dnsb33u4YHGwI8VrWtCeLDWDELO_hC7Qs
2140,喩,"METAPHOR, COMPARE",KLC_02140,2,SUP_00028,俞,"butcher shop, sliced meat",SUP,,PRIMITIVE_OR_NONKLC,https://docs.google.com/spreadsheets/d/13rdpmsI5n0dnsb33u4YHGwI8VrWtCeLDWDELO_hC7Qs
2141,鬱,"DEPRESSION, CONGESTED",KLC_02141,1,RAD_00192,鬯,"sacrificial wine, spiced liquor",RAD,,PRIMITIVE_OR_NONKLC,https://docs.google.com/spreadsheets/d/13rdpmsI5n0dnsb33u4YHGwI8VrWtCeLDWDELO_hC7Qs
2141,鬱,"DEPRESSION, CONGESTED",KLC_02141,2,RAD_00121,缶,"jar, can",RAD,,PRIMITIVE_OR_NONKLC,https://docs.google.com/spreadsheets/d/13rdpmsI5n0dnsb33u4YHGwI8VrWtCeLDWDELO_hC7Qs
2142,弦,STRING [of musical instrument],KLC_02142,1,RAD_00057,弓,bow,RAD,,PRIMITIVE_OR_NONKLC,https://docs.google.com/spreadsheets/d/13rdpmsI5n0dnsb33u4YHGwI8VrWtCeLDWDELO_hC7Qs
2142,弦,STRING [of musical instrument],KLC_02142,2,RAD_00095,玄,"profound, occult",RAD,,PRIMITIVE_OR_NONKLC,https://docs.google.com/spreadsheets/d/13rdpmsI5n0dnsb33u4YHGwI8VrWtCeLDWDELO_hC7Qs
2143,舷,GUNWALE [side of boat],KLC_02143,1,RAD_00137,舟,boat,RAD,,PRIMITIVE_OR_NONKLC,https://docs.google.com/spreadsheets/d/13rdpmsI5n0dnsb33u4YHGwI8VrWtCeLDWDELO_hC7Qs
2144,舵,"RUDDER, HELM [boat]",KLC_02144,1,RAD_00137,舟,boat,RAD,,PRIMITIVE_OR_NONKLC,https://docs.google.com/spreadsheets/d/13rdpmsI5n0dnsb33u4YHGwI8VrWtCeLDWDELO_hC7Qs
2145,幻,"PHANTOM, ILLUSION",KLC_02145,1,RAD_00052,幺,"short thread, *child*",RAD,,PRIMITIVE_OR_NONKLC,https://docs.google.com/spreadsheets/d/13rdpmsI5n0dnsb33u4YHGwI8VrWtCeLDWDELO_hC7Qs
2146,幽,"SECLUDED, DEEP",KLC_02146,1,RAD_00052,幺,"short thread, *child*",RAD,,PRIMITIVE_OR_NONKLC,https://docs.google.com/spreadsheets/d/13rdpmsI5n0dnsb33u4YHGwI8VrWtCeLDWDELO_hC7Qs
2146,幽,"SECLUDED, DEEP",KLC_02146,2,RAD_00046,山,mountain,RAD,,PRIMITIVE_OR_NONKLC,https://docs.google.com/spreadsheets/d/13rdpmsI5n0dnsb33u4YHGwI8VrWtCeLDWDELO_hC7Qs
2147,幼,VERY YOUNG,KLC_02147,1,RAD_00019,力,"power, strength",RAD,,PRIMITIVE_OR_NONKLC,https://docs.google.com/spreadsheets/d/13rdpmsI5n0dnsb33u4YHGwI8VrWtCeLDWDELO_hC7Qs
2147,幼,VERY YOUNG,KLC_02147,2,RAD_00052,幺,"short thread, *child*",RAD,,PRIMITIVE_OR_NONKLC,https://docs.google.com/spreadsheets/d/13rdpmsI5n0dnsb33u4YHGwI8VrWtCeLDWDELO_hC7Qs
2148,稚,"IMMATURE, YOUNG",KLC_02148,1,RAD_00172,隹,small bird,RAD,,PRIMITIVE_OR_NONKLC,https://docs.google.com/spreadsheets/d/13rdpmsI5n0dnsb33u4YHGwI8VrWtCeLDWDELO_hC7Qs
2148,稚,"IMMATURE, YOUNG",KLC_02148,2,RAD_00115,禾,grain,RAD,,PRIMITIVE_OR_NONKLC,https://docs.google.com/spreadsheets/d/13rdpmsI5n0dnsb33u4YHGwI8VrWtCeLDWDELO_hC7Qs
2149,維,FIBER,KLC_02149,1,RAD_00172,隹,small bird,RAD,,PRIMITIVE_OR_NONKLC,https://docs.google.com/spreadsheets/d/13rdpmsI5n0dnsb33u4YHGwI8VrWtCeLDWDELO_hC7Qs
2149,維,FIBER,KLC_02149,2,RAD_00120,糸,"thread, silk",RAD,,PRIMITIVE_OR_NONKLC,https://docs.google.com/spreadsheets/d/13rdpmsI5n0dnsb33u4YHGwI8VrWtCeLDWDELO_hC7Qs
2150,推,"CONJECTURE, PUSH FORWARD",KLC_02150,1,RAD_00064,手,"hand, performer of action",RAD,,PRIMITIVE_OR_NONKLC,https://docs.google.com/spreadsheets/d/13rdpmsI5n0dnsb33u4YHGwI8VrWtCeLDWDELO_hC7Qs
2150,推,"CONJECTURE, PUSH FORWARD",KLC_02150,2,RAD_00172,隹,small bird,RAD,,PRIMITIVE_OR_NONKLC,https://docs.google.com/spreadsheets/d/13rdpmsI5n0dnsb33u4YHGwI8VrWtCeLDWDELO_hC7Qs
2151,堆,PILE UP,KLC_02151,1,RAD_00172,隹,small bird,RAD,,PRIMITIVE_OR_NONKLC,https://docs.google.com/spreadsheets/d/13rdpmsI5n0dnsb33u4YHGwI8VrWtCeLDWDELO_hC7Qs
2151,堆,PILE UP,KLC_02151,2,RAD_00032,土,"soil, earth",RAD,,PRIMITIVE_OR_NONKLC,https://docs.google.com/spreadsheets/d/13rdpmsI5n0dnsb33u4YHGwI8VrWtCeLDWDELO_hC7Qs
2152,椎,"CHINQUAPIN [chestnut], SPINE",KLC_02152,1,RAD_00172,隹,small bird,RAD,,PRIMITIVE_OR_NONKLC,https://docs.google.com/spreadsheets/d/13rdpmsI5n0dnsb33u4YHGwI8VrWtCeLDWDELO_hC7Qs
2152,椎,"CHINQUAPIN [chestnut], SPINE",KLC_02152,2,RAD_00075,木,tree,RAD,,PRIMITIVE_OR_NONKLC,https://docs.google.com/spreadsheets/d/13rdpmsI5n0dnsb33u4YHGwI8VrWtCeLDWDELO_hC7Qs
2153,脊,SPINE,KLC_02153,1,RAD_00074,月,"moon, month, *flesh*, *body part*",RAD,,PRIMITIVE_OR_NONKLC,https://docs.google.com/spreadsheets/d/13rdpmsI5n0dnsb33u4YHGwI8VrWtCeLDWDELO_hC7Qs
2154,雛,CHICK,KLC_02154,1,RAD_00172,隹,small bird,RAD,,PRIMITIVE_OR_NONKLC,https://docs.google.com/spreadsheets/d/13rdpmsI5n0dnsb33u4YHGwI8VrWtCeLDWDELO_hC7Qs
2155,誰,WHO,KLC_02155,1,RAD_00172,隹,small bird,RAD,,PRIMITIVE_OR_NONKLC,https://docs.google.com/spreadsheets/d/13rdpmsI5n0dnsb33u4YHGwI8VrWtCeLDWDELO_hC7Qs
2155,誰,WHO,KLC_02155,2,RAD_00149,言,"speech, word, say",RAD,,PRIMITIVE_OR_NONKLC,https://docs.google.com/spreadsheets/d/13rdpmsI5n0dnsb33u4YHGwI8VrWtCeLDWDELO_hC7Qs
2156,唯,"MERELY, ONLY",KLC_02156,1,RAD_00172,隹,small bird,RAD,,PRIMITIVE_OR_NONKLC,https://docs.google.com/spreadsheets/d/13rdpmsI5n0dnsb33u4YHGwI8VrWtCeLDWDELO_hC7Qs
2156,唯,"MERELY, ONLY",KLC_02156,2,RAD_00030,口,"mouth, *opening*",RAD,,PRIMITIVE_OR_NONKLC,https://docs.google.com/spreadsheets/d/13rdpmsI5n0dnsb33u4YHGwI8VrWtCeLDWDELO_hC7Qs
2157,鳴,"CRY, SOUND, CHIRP",KLC_02157,1,RAD_00196,鳥,bird,RAD,,PRIMITIVE_OR_NONKLC,https://docs.google.com/spreadsheets/d/13rdpmsI5n0dnsb33u4YHGwI8VrWtCeLDWDELO_hC7Qs
2157,鳴,"CRY, SOUND, CHIRP",KLC_02157,2,RAD_00030,口,"mouth, *opening*",RAD,,PRIMITIVE_OR_NONKLC,https://docs.google.com/spreadsheets/d/13rdpmsI5n0dnsb33u4YHGwI8VrWtCeLDWDELO_hC7Qs
2159,刻,"CARVE, POINT IN TIME",KLC_02159,1,RAD_00018,刀,"knife, sword, *cut*",RAD,,PRIMITIVE_OR_NONKLC,https://docs.google.com/spreadsheets/d/13rdpmsI5n0dnsb33u4YHGwI8VrWtCeLDWDELO_hC7Qs
2159,刻,"CARVE, POINT IN TIME",KLC_02159,2,KLC_02158,亥,SIGN OF THE BOAR,KLC,2158,EARLIER_OR_SAME_KLC,https://docs.google.com/spreadsheets/d/13rdpmsI5n0dnsb33u4YHGwI8VrWtCeLDWDELO_hC7Qs
2160,劾,EXPOSE CRIMES,KLC_02160,1,RAD_00019,力,"power, strength",RAD,,PRIMITIVE_OR_NONKLC,https://docs.google.com/spreadsheets/d/13rdpmsI5n0dnsb33u4YHGwI8VrWtCeLDWDELO_hC7Qs
2160,劾,EXPOSE CRIMES,KLC_02160,2,KLC_02158,亥,SIGN OF THE BOAR,KLC,2158,EARLIER_OR_SAME_KLC,https://docs.google.com/spreadsheets/d/13rdpmsI5n0dnsb33u4YHGwI8VrWtCeLDWDELO_hC7Qs
2161,核,"NUCLEUS, CORE",KLC_02161,1,KLC_02158,亥,SIGN OF THE BOAR,KLC,2158,EARLIER_OR_SAME_KLC,https://docs.google.com/spreadsheets/d/13rdpmsI5n0dnsb33u4YHGwI8VrWtCeLDWDELO_hC7Qs
2161,核,"NUCLEUS, CORE",KLC_02161,2,RAD_00075,木,tree,RAD,,PRIMITIVE_OR_NONKLC,https://docs.google.com/spreadsheets/d/13rdpmsI5n0dnsb33u4YHGwI8VrWtCeLDWDELO_hC7Qs
2162,骸,"BODY, SKELETON",KLC_02162,1,RAD_00188,骨,bone,RAD,,PRIMITIVE_OR_NONKLC,https://docs.google.com/spreadsheets/d/13rdpmsI5n0dnsb33u4YHGwI8VrWtCeLDWDELO_hC7Qs
2162,骸,"BODY, SKELETON",KLC_02162,2,KLC_02158,亥,SIGN OF THE BOAR,KLC,2158,EARLIER_OR_SAME_KLC,https://docs.google.com/spreadsheets/d/13rdpmsI5n0dnsb33u4YHGwI8VrWtCeLDWDELO_hC7Qs
2163,咳,COUGH,KLC_02163,1,RAD_00030,口,"mouth, *opening*",RAD,,PRIMITIVE_OR_NONKLC,https://docs.google.com/spreadsheets/d/13rdpmsI5n0dnsb33u4YHGwI8VrWtCeLDWDELO_hC7Qs
2163,咳,COUGH,KLC_02163,2,KLC_02158,亥,SIGN OF THE BOAR,KLC,2158,EARLIER_OR_SAME_KLC,https://docs.google.com/spreadsheets/d/13rdpmsI5n0dnsb33u4YHGwI8VrWtCeLDWDELO_hC7Qs
2165,診,EXAMINE A PATIENT,KLC_02165,1,RAD_00149,言,"speech, word, say",RAD,,PRIMITIVE_OR_NONKLC,https://docs.google.com/spreadsheets/d/13rdpmsI5n0dnsb33u4YHGwI8VrWtCeLDWDELO_hC7Qs
2165,診,EXAMINE A PATIENT,KLC_02165,2,RAD_00059,彡,"hair, fur, *chisel*",RAD,,PRIMITIVE_OR_NONKLC,https://docs.google.com/spreadsheets/d/13rdpmsI5n0dnsb33u4YHGwI8VrWtCeLDWDELO_hC7Qs
2166,珍,RARE,KLC_02166,1,RAD_00096,玉,"jewel, spherical object",RAD,,PRIMITIVE_OR_NONKLC,https://docs.google.com/spreadsheets/d/13rdpmsI5n0dnsb33u4YHGwI8VrWtCeLDWDELO_hC7Qs
2168,併,PUT TOGETHER,KLC_02168,1,RAD_00009,人,"person, *roof*",RAD,,PRIMITIVE_OR_NONKLC,https://docs.google.com/spreadsheets/d/13rdpmsI5n0dnsb33u4YHGwI8VrWtCeLDWDELO_hC7Qs
2168,併,PUT TOGETHER,KLC_02168,2,SUP_00002,开,torii gate,SUP,,PRIMITIVE_OR_NONKLC,https://docs.google.com/spreadsheets/d/13rdpmsI5n0dnsb33u4YHGwI8VrWtCeLDWDELO_hC7Qs
2170,屏,"FENCE, WALL",KLC_02170,1,RAD_00063,戸,door,RAD,,PRIMITIVE_OR_NONKLC,https://docs.google.com/spreadsheets/d/13rdpmsI5n0dnsb33u4YHGwI8VrWtCeLDWDELO_hC7Qs
2171,塀,"WALL, FENCE",KLC_02171,1,KLC_02170,屏,"FENCE, WALL",KLC,2170,EARLIER_OR_SAME_KLC,https://docs.google.com/spreadsheets/d/13rdpmsI5n0dnsb33u4YHGwI8VrWtCeLDWDELO_hC7Qs
2171,塀,"WALL, FENCE",KLC_02171,2,RAD_00032,土,"soil, earth",RAD,,PRIMITIVE_OR_NONKLC,https://docs.google.com/spreadsheets/d/13rdpmsI5n0dnsb33u4YHGwI8VrWtCeLDWDELO_hC7Qs
2172,餅,"RICE CAKE, MOCHI",KLC_02172,1,RAD_00184,食,eat,RAD,,PRIMITIVE_OR_NONKLC,https://docs.google.com/spreadsheets/d/13rdpmsI5n0dnsb33u4YHGwI8VrWtCeLDWDELO_hC7Qs
2172,餅,"RICE CAKE, MOCHI",KLC_02172,2,SUP_00002,开,torii gate,SUP,,PRIMITIVE_OR_NONKLC,https://docs.google.com/spreadsheets/d/13rdpmsI5n0dnsb33u4YHGwI8VrWtCeLDWDELO_hC7Qs
2173,餌,"FEED, BAIT",KLC_02173,1,RAD_00128,耳,"ear, hearing",RAD,,PRIMITIVE_OR_NONKLC,https://docs.google.com/spreadsheets/d/13rdpmsI5n0dnsb33u4YHGwI8VrWtCeLDWDELO_hC7Qs
2173,餌,"FEED, BAIT",KLC_02173,2,RAD_00184,食,eat,RAD,,PRIMITIVE_OR_NONKLC,https://docs.google.com/spreadsheets/d/13rdpmsI5n0dnsb33u4YHGwI8VrWtCeLDWDELO_hC7Qs
2174,呑,"SWALLOW, GULP",KLC_02174,1,RAD_00030,口,"mouth, *opening*",RAD,,PRIMITIVE_OR_NONKLC,https://docs.google.com/spreadsheets/d/13rdpmsI5n0dnsb33u4YHGwI8VrWtCeLDWDELO_hC7Qs
2175,沃,FERTILITY,KLC_02175,1,RAD_00085,水,"water, *liquid*",RAD,,PRIMITIVE_OR_NONKLC,https://docs.google.com/spreadsheets/d/13rdpmsI5n0dnsb33u4YHGwI8VrWtCeLDWDELO_hC7Qs
2176,妖,BEWITCHING,KLC_02176,1,RAD_00038,女,woman,RAD,,PRIMITIVE_OR_NONKLC,https://docs.google.com/spreadsheets/d/13rdpmsI5n0dnsb33u4YHGwI8VrWtCeLDWDELO_hC7Qs
2177,呪,"CHARM, CURSE",KLC_02177,1,KLC_01193,兄,OLDER BROTHER,KLC,1193,EARLIER_OR_SAME_KLC,https://docs.google.com/spreadsheets/d/13rdpmsI5n0dnsb33u4YHGwI8VrWtCeLDWDELO_hC7Qs
2177,呪,"CHARM, CURSE",KLC_02177,2,RAD_00030,口,"mouth, *opening*",RAD,,PRIMITIVE_OR_NONKLC,https://docs.google.com/spreadsheets/d/13rdpmsI5n0dnsb33u4YHGwI8VrWtCeLDWDELO_hC7Qs
2178,艶,"CHARMING, ROMANCE, GLOSSY",KLC_02178,1,KLC_00513,豊,ABUNDANT [bountiful],KLC,513,EARLIER_OR_SAME_KLC,https://docs.google.com/spreadsheets/d/13rdpmsI5n0dnsb33u4YHGwI8VrWtCeLDWDELO_hC7Qs
2178,艶,"CHARMING, ROMANCE, GLOSSY",KLC_02178,2,RAD_00139,色,color,RAD,,PRIMITIVE_OR_NONKLC,https://docs.google.com/spreadsheets/d/13rdpmsI5n0dnsb33u4YHGwI8VrWtCeLDWDELO_hC7Qs
2179,慈,"AFFECTIONATE, MERCY",KLC_02179,1,RAD_00052,幺,"short thread, *child*",RAD,,PRIMITIVE_OR_NONKLC,https://docs.google.com/spreadsheets/d/13rdpmsI5n0dnsb33u4YHGwI8VrWtCeLDWDELO_hC7Qs
2179,慈,"AFFECTIONATE, MERCY",KLC_02179,2,RAD_00061,心,"heart, mind, spirit",RAD,,PRIMITIVE_OR_NONKLC,https://docs.google.com/spreadsheets/d/13rdpmsI5n0dnsb33u4YHGwI8VrWtCeLDWDELO_hC7Qs
2180,滋,NOURISH,KLC_02180,1,RAD_00085,水,"water, *liquid*",RAD,,PRIMITIVE_OR_NONKLC,https://docs.google.com/spreadsheets/d/13rdpmsI5n0dnsb33u4YHGwI8VrWtCeLDWDELO_hC7Qs
2180,滋,NOURISH,KLC_02180,2,RAD_00052,幺,"short thread, *child*",RAD,,PRIMITIVE_OR_NONKLC,https://docs.google.com/spreadsheets/d/13rdpmsI5n0dnsb33u4YHGwI8VrWtCeLDWDELO_hC7Qs
2181,磁,MAGNETISM,KLC_02181,1,RAD_00052,幺,"short thread, *child*",RAD,,PRIMITIVE_OR_NONKLC,https://docs.google.com/spreadsheets/d/13rdpmsI5n0dnsb33u4YHGwI8VrWtCeLDWDELO_hC7Qs
2181,磁,MAGNETISM,KLC_02181,2,RAD_00112,石,"stone, rock",RAD,,PRIMITIVE_OR_NONKLC,https://docs.google.com/spreadsheets/d/13rdpmsI5n0dnsb33u4YHGwI8VrWtCeLDWDELO_hC7Qs
2182,擁,"EMBRACE, PROTECT",KLC_02182,1,RAD_00064,手,"hand, performer of action",RAD,,PRIMITIVE_OR_NONKLC,https://docs.google.com/spreadsheets/d/13rdpmsI5n0dnsb33u4YHGwI8VrWtCeLDWDELO_hC7Qs
2182,擁,"EMBRACE, PROTECT",KLC_02182,2,RAD_00008,亠,lid,RAD,,PRIMITIVE_OR_NONKLC,https://docs.google.com/spreadsheets/d/13rdpmsI5n0dnsb33u4YHGwI8VrWtCeLDWDELO_hC7Qs
2182,擁,"EMBRACE, PROTECT",KLC_02182,3,RAD_00052,幺,"short thread, *child*",RAD,,PRIMITIVE_OR_NONKLC,https://docs.google.com/spreadsheets/d/13rdpmsI5n0dnsb33u4YHGwI8VrWtCeLDWDELO_hC7Qs
2182,擁,"EMBRACE, PROTECT",KLC_02182,4,RAD_00172,隹,small bird,RAD,,PRIMITIVE_OR_NONKLC,https://docs.google.com/spreadsheets/d/13rdpmsI5n0dnsb33u4YHGwI8VrWtCeLDWDELO_hC7Qs
2183,腐,"ROT, DECAY",KLC_02183,1,RAD_00130,肉,meat,RAD,,PRIMITIVE_OR_NONKLC,https://docs.google.com/spreadsheets/d/13rdpmsI5n0dnsb33u4YHGwI8VrWtCeLDWDELO_hC7Qs
2183,腐,"ROT, DECAY",KLC_02183,2,KLC_00247,府,GOVERNMENT OFFICE,KLC,247,EARLIER_OR_SAME_KLC,https://docs.google.com/spreadsheets/d/13rdpmsI5n0dnsb33u4YHGwI8VrWtCeLDWDELO_hC7Qs
2184,芯,"CORE, WICK [candle]",KLC_02184,1,RAD_00061,心,"heart, mind, spirit",RAD,,PRIMITIVE_OR_NONKLC,https://docs.google.com/spreadsheets/d/13rdpmsI5n0dnsb33u4YHGwI8VrWtCeLDWDELO_hC7Qs
2184,芯,"CORE, WICK [candle]",KLC_02184,2,RAD_00140,艸,"grass, vegetation",RAD,,PRIMITIVE_OR_NONKLC,https://docs.google.com/spreadsheets/d/13rdpmsI5n0dnsb33u4YHGwI8VrWtCeLDWDELO_hC7Qs
2185,蒔,"SOW, SCATTER",KLC_02185,1,RAD_00140,艸,"grass, vegetation",RAD,,PRIMITIVE_OR_NONKLC,https://docs.google.com/spreadsheets/d/13rdpmsI5n0dnsb33u4YHGwI8VrWtCeLDWDELO_hC7Qs
2185,蒔,"SOW, SCATTER",KLC_02185,2,KLC_00383,時,TIME,KLC,383,EARLIER_OR_SAME_KLC,https://docs.google.com/spreadsheets/d/13rdpmsI5n0dnsb33u4YHGwI8VrWtCeLDWDELO_hC7Qs
2186,撒,"SCATTER, SPILL",KLC_02186,1,RAD_00064,手,"hand, performer of action",RAD,,PRIMITIVE_OR_NONKLC,https://docs.google.com/spreadsheets/d/13rdpmsI5n0dnsb33u4YHGwI8VrWtCeLDWDELO_hC7Qs
2186,撒,"SCATTER, SPILL",KLC_02186,2,KLC_00808,散,"SCATTER, DISPERSE",KLC,808,EARLIER_OR_SAME_KLC,https://docs.google.com/spreadsheets/d/13rdpmsI5n0dnsb33u4YHGwI8VrWtCeLDWDELO_hC7Qs
2187,撤,"WITHDRAW, REMOVE",KLC_02187,1,KLC_00489,育,RAISE [bring up],KLC,489,EARLIER_OR_SAME_KLC,https://docs.google.com/spreadsheets/d/13rdpmsI5n0dnsb33u4YHGwI8VrWtCeLDWDELO_hC7Qs
2187,撤,"WITHDRAW, REMOVE",KLC_02187,2,RAD_00064,手,"hand, performer of action",RAD,,PRIMITIVE_OR_NONKLC,https://docs.google.com/spreadsheets/d/13rdpmsI5n0dnsb33u4YHGwI8VrWtCeLDWDELO_hC7Qs
2187,撤,"WITHDRAW, REMOVE",KLC_02187,3,RAD_00066,攴,"hit, strike, *action*",RAD,,PRIMITIVE_OR_NONKLC,https://docs.google.com/spreadsheets/d/13rdpmsI5n0dnsb33u4YHGwI8VrWtCeLDWDELO_hC7Qs
2188,徹,"GO THROUGH, PENETRATE",KLC_02188,1,KLC_00489,育,RAISE [bring up],KLC,489,EARLIER_OR_SAME_KLC,https://docs.google.com/spreadsheets/d/13rdpmsI5n0dnsb33u4YHGwI8VrWtCeLDWDELO_hC7Qs
2188,徹,"GO THROUGH, PENETRATE",KLC_02188,2,RAD_00060,彳,"linger, stop, go",RAD,,PRIMITIVE_OR_NONKLC,https://docs.google.com/spreadsheets/d/13rdpmsI5n0dnsb33u4YHGwI8VrWtCeLDWDELO_hC7Qs
2188,徹,"GO THROUGH, PENETRATE",KLC_02188,3,RAD_00066,攴,"hit, strike, *action*",RAD,,PRIMITIVE_OR_NONKLC,https://docs.google.com/spreadsheets/d/13rdpmsI5n0dnsb33u4YHGwI8VrWtCeLDWDELO_hC7Qs
2190,徴,"IMPOSE, SIGN",KLC_02190,1,RAD_00096,玉,"jewel, spherical object",RAD,,PRIMITIVE_OR_NONKLC,https://docs.google.com/spreadsheets/d/13rdpmsI5n0dnsb33u4YHGwI8VrWtCeLDWDELO_hC7Qs
2190,徴,"IMPOSE, SIGN",KLC_02190,2,RAD_00046,山,mountain,RAD,,PRIMITIVE_OR_NONKLC,https://docs.google.com/spreadsheets/d/13rdpmsI5n0dnsb33u4YHGwI8VrWtCeLDWDELO_hC7Qs
2191,懲,"CHASTISE, PUNISH",KLC_02191,1,KLC_02190,徴,"IMPOSE, SIGN",KLC,2190,EARLIER_OR_SAME_KLC,https://docs.google.com/spreadsheets/d/13rdpmsI5n0dnsb33u4YHGwI8VrWtCeLDWDELO_hC7Qs
2191,懲,"CHASTISE, PUNISH",KLC_02191,2,RAD_00061,心,"heart, mind, spirit",RAD,,PRIMITIVE_OR_NONKLC,https://docs.google.com/spreadsheets/d/13rdpmsI5n0dnsb33u4YHGwI8VrWtCeLDWDELO_hC7Qs
2192,殆,"ALMOST, QUITE",KLC_02192,1,KLC_00949,台,"PLATFORM, VEHICLES COUNTER, TAIWAN",KLC,949,EARLIER_OR_SAME_KLC,https://docs.google.com/spreadsheets/d/13rdpmsI5n0dnsb33u4YHGwI8VrWtCeLDWDELO_hC7Qs
2192,殆,"ALMOST, QUITE",KLC_02192,2,RAD_00078,歹,death,RAD,,PRIMITIVE_OR_NONKLC,https://docs.google.com/spreadsheets/d/13rdpmsI5n0dnsb33u4YHGwI8VrWtCeLDWDELO_hC7Qs
2193,后,EMPRESS,KLC_02193,1,RAD_00030,口,"mouth, *opening*",RAD,,PRIMITIVE_OR_NONKLC,https://docs.google.com/spreadsheets/d/13rdpmsI5n0dnsb33u4YHGwI8VrWtCeLDWDELO_hC7Qs
2194,垢,DIRT,KLC_02194,1,KLC_02193,后,EMPRESS,KLC,2193,EARLIER_OR_SAME_KLC,https://docs.google.com/spreadsheets/d/13rdpmsI5n0dnsb33u4YHGwI8VrWtCeLDWDELO_hC7Qs
2194,垢,DIRT,KLC_02194,2,RAD_00032,土,"soil, earth",RAD,,PRIMITIVE_OR_NONKLC,https://docs.google.com/spreadsheets/d/13rdpmsI5n0dnsb33u4YHGwI8VrWtCeLDWDELO_hC7Qs
2195,妃,"PRINCESS, CONSORT",KLC_02195,1,RAD_00038,女,woman,RAD,,PRIMITIVE_OR_NONKLC,https://docs.google.com/spreadsheets/d/13rdpmsI5n0dnsb33u4YHGwI8VrWtCeLDWDELO_hC7Qs
2195,妃,"PRINCESS, CONSORT",KLC_02195,2,RAD_00049,己,"oneself, *roll*",RAD,,PRIMITIVE_OR_NONKLC,https://docs.google.com/spreadsheets/d/13rdpmsI5n0dnsb33u4YHGwI8VrWtCeLDWDELO_hC7Qs
2196,姫,PRINCESS,KLC_02196,1,RAD_00038,女,woman,RAD,,PRIMITIVE_OR_NONKLC,https://docs.google.com/spreadsheets/d/13rdpmsI5n0dnsb33u4YHGwI8VrWtCeLDWDELO_hC7Qs
2196,姫,PRINCESS,KLC_02196,2,RAD_00131,臣,"minister, subject, servant",RAD,,PRIMITIVE_OR_NONKLC,https://docs.google.com/spreadsheets/d/13rdpmsI5n0dnsb33u4YHGwI8VrWtCeLDWDELO_hC7Qs
2197,如,"AS IF, LIKENESS",KLC_02197,1,RAD_00038,女,woman,RAD,,PRIMITIVE_OR_NONKLC,https://docs.google.com/spreadsheets/d/13rdpmsI5n0dnsb33u4YHGwI8VrWtCeLDWDELO_hC7Qs
2197,如,"AS IF, LIKENESS",KLC_02197,2,RAD_00030,口,"mouth, *opening*",RAD,,PRIMITIVE_OR_NONKLC,https://docs.google.com/spreadsheets/d/13rdpmsI5n0dnsb33u4YHGwI8VrWtCeLDWDELO_hC7Qs
2198,茹,"BOIL, SEETHE",KLC_02198,1,RAD_00140,艸,"grass, vegetation",RAD,,PRIMITIVE_OR_NONKLC,https://docs.google.com/spreadsheets/d/13rdpmsI5n0dnsb33u4YHGwI8VrWtCeLDWDELO_hC7Qs
2198,茹,"BOIL, SEETHE",KLC_02198,2,KLC_02197,如,"AS IF, LIKENESS",KLC,2197,EARLIER_OR_SAME_KLC,https://docs.google.com/spreadsheets/d/13rdpmsI5n0dnsb33u4YHGwI8VrWtCeLDWDELO_hC7Qs
2199,婿,SON-IN-LAW,KLC_02199,1,RAD_00038,女,woman,RAD,,PRIMITIVE_OR_NONKLC,https://docs.google.com/spreadsheets/d/13rdpmsI5n0dnsb33u4YHGwI8VrWtCeLDWDELO_hC7Qs
2199,婿,SON-IN-LAW,KLC_02199,2,RAD_00074,月,"moon, month, *flesh*, *body part*",RAD,,PRIMITIVE_OR_NONKLC,https://docs.google.com/spreadsheets/d/13rdpmsI5n0dnsb33u4YHGwI8VrWtCeLDWDELO_hC7Qs
2199,婿,SON-IN-LAW,KLC_02199,3,RAD_00103,疋,bolt of cloth,RAD,,PRIMITIVE_OR_NONKLC,https://docs.google.com/spreadsheets/d/13rdpmsI5n0dnsb33u4YHGwI8VrWtCeLDWDELO_hC7Qs
2200,娘,"DAUGHTER, GIRL",KLC_02200,1,KLC_00285,良,GOOD,KLC,285,EARLIER_OR_SAME_KLC,https://docs.google.com/spreadsheets/d/13rdpmsI5n0dnsb33u4YHGwI8VrWtCeLDWDELO_hC7Qs
2200,娘,"DAUGHTER, GIRL",KLC_02200,2,RAD_00038,女,woman,RAD,,PRIMITIVE_OR_NONKLC,https://docs.google.com/spreadsheets/d/13rdpmsI5n0dnsb33u4YHGwI8VrWtCeLDWDELO_hC7Qs
2201,嫁,"WED A MAN, BRIDE",KLC_02201,1,RAD_00038,女,woman,RAD,,PRIMITIVE_OR_NONKLC,https://docs.google.com/spreadsheets/d/13rdpmsI5n0dnsb33u4YHGwI8VrWtCeLDWDELO_hC7Qs
2201,嫁,"WED A MAN, BRIDE",KLC_02201,2,KLC_00219,家,"HOUSE, FAMILY",KLC,219,EARLIER_OR_SAME_KLC,https://docs.google.com/spreadsheets/d/13rdpmsI5n0dnsb33u4YHGwI8VrWtCeLDWDELO_hC7Qs
2202,稼,"WORK, EARNINGS",KLC_02202,1,RAD_00115,禾,grain,RAD,,PRIMITIVE_OR_NONKLC,https://docs.google.com/spreadsheets/d/13rdpmsI5n0dnsb33u4YHGwI8VrWtCeLDWDELO_hC7Qs
2202,稼,"WORK, EARNINGS",KLC_02202,2,KLC_00219,家,"HOUSE, FAMILY",KLC,219,EARLIER_OR_SAME_KLC,https://docs.google.com/spreadsheets/d/13rdpmsI5n0dnsb33u4YHGwI8VrWtCeLDWDELO_hC7Qs
2203,塚,"MOUND, HILLOCK",KLC_02203,1,KLC_00219,家,"HOUSE, FAMILY",KLC,219,EARLIER_OR_SAME_KLC,https://docs.google.com/spreadsheets/d/13rdpmsI5n0dnsb33u4YHGwI8VrWtCeLDWDELO_hC7Qs
2203,塚,"MOUND, HILLOCK",KLC_02203,2,RAD_00032,土,"soil, earth",RAD,,PRIMITIVE_OR_NONKLC,https://docs.google.com/spreadsheets/d/13rdpmsI5n0dnsb33u4YHGwI8VrWtCeLDWDELO_hC7Qs
2204,豪,"GREAT, MAGNIFICENT",KLC_02204,1,RAD_00189,高,"high, amount, tall",RAD,,PRIMITIVE_OR_NONKLC,https://docs.google.com/spreadsheets/d/13rdpmsI5n0dnsb33u4YHGwI8VrWtCeLDWDELO_hC7Qs
2204,豪,"GREAT, MAGNIFICENT",KLC_02204,2,KLC_00219,家,"HOUSE, FAMILY",KLC,219,EARLIER_OR_SAME_KLC,https://docs.google.com/spreadsheets/d/13rdpmsI5n0dnsb33u4YHGwI8VrWtCeLDWDELO_hC7Qs
2205,蒙,"IGNORANCE, DARKNESS, PHONETIC [MŌ]",KLC_02205,1,KLC_00219,家,"HOUSE, FAMILY",KLC,219,EARLIER_OR_SAME_KLC,https://docs.google.com/spreadsheets/d/13rdpmsI5n0dnsb33u4YHGwI8VrWtCeLDWDELO_hC7Qs
2205,蒙,"IGNORANCE, DARKNESS, PHONETIC [MŌ]",KLC_02205,2,RAD_00140,艸,"grass, vegetation",RAD,,PRIMITIVE_OR_NONKLC,https://docs.google.com/spreadsheets/d/13rdpmsI5n0dnsb33u4YHGwI8VrWtCeLDWDELO_hC7Qs
2206,墾,CLEAR FARMING LAND,KLC_02206,1,KLC_00219,家,"HOUSE, FAMILY",KLC,219,EARLIER_OR_SAME_KLC,https://docs.google.com/spreadsheets/d/13rdpmsI5n0dnsb33u4YHGwI8VrWtCeLDWDELO_hC7Qs
2206,墾,CLEAR FARMING LAND,KLC_02206,2,RAD_00138,艮,stopping,RAD,,PRIMITIVE_OR_NONKLC,https://docs.google.com/spreadsheets/d/13rdpmsI5n0dnsb33u4YHGwI8VrWtCeLDWDELO_hC7Qs
2206,墾,CLEAR FARMING LAND,KLC_02206,3,RAD_00153,豸,badger,RAD,,PRIMITIVE_OR_NONKLC,https://docs.google.com/spreadsheets/d/13rdpmsI5n0dnsb33u4YHGwI8VrWtCeLDWDELO_hC7Qs
2207,懇,"FAMILIAR, EARNEST, INTIMATE",KLC_02207,1,RAD_00138,艮,stopping,RAD,,PRIMITIVE_OR_NONKLC,https://docs.google.com/spreadsheets/d/13rdpmsI5n0dnsb33u4YHGwI8VrWtCeLDWDELO_hC7Qs
2207,懇,"FAMILIAR, EARNEST, INTIMATE",KLC_02207,2,RAD_00153,豸,badger,RAD,,PRIMITIVE_OR_NONKLC,https://docs.google.com/spreadsheets/d/13rdpmsI5n0dnsb33u4YHGwI8VrWtCeLDWDELO_hC7Qs
2207,懇,"FAMILIAR, EARNEST, INTIMATE",KLC_02207,3,RAD_00061,心,"heart, mind, spirit",RAD,,PRIMITIVE_OR_NONKLC,https://docs.google.com/spreadsheets/d/13rdpmsI5n0dnsb33u4YHGwI8VrWtCeLDWDELO_hC7Qs
2208,貌,"APPEARANCE, FORM",KLC_02208,1,RAD_00153,豸,badger,RAD,,PRIMITIVE_OR_NONKLC,https://docs.google.com/spreadsheets/d/13rdpmsI5n0dnsb33u4YHGwI8VrWtCeLDWDELO_hC7Qs
2208,貌,"APPEARANCE, FORM",KLC_02208,2,RAD_00106,白,white,RAD,,PRIMITIVE_OR_NONKLC,https://docs.google.com/spreadsheets/d/13rdpmsI5n0dnsb33u4YHGwI8VrWtCeLDWDELO_hC7Qs
2208,貌,"APPEARANCE, FORM",KLC_02208,3,RAD_00010,儿,"son, legs",RAD,,PRIMITIVE_OR_NONKLC,https://docs.google.com/spreadsheets/d/13rdpmsI5n0dnsb33u4YHGwI8VrWtCeLDWDELO_hC7Qs
2209,逐,"PURSUE, ONE BY ONE",KLC_02209,1,RAD_00162,辵,"walk, *transport*",RAD,,PRIMITIVE_OR_NONKLC,https://docs.google.com/spreadsheets/d/13rdpmsI5n0dnsb33u4YHGwI8VrWtCeLDWDELO_hC7Qs
2209,逐,"PURSUE, ONE BY ONE",KLC_02209,2,RAD_00152,豕,pig,RAD,,PRIMITIVE_OR_NONKLC,https://docs.google.com/spreadsheets/d/13rdpmsI5n0dnsb33u4YHGwI8VrWtCeLDWDELO_hC7Qs
2210,遂,"ACCOMPLISH, COMMIT",KLC_02210,1,KLC_02209,逐,"PURSUE, ONE BY ONE",KLC,2209,EARLIER_OR_SAME_KLC,https://docs.google.com/spreadsheets/d/13rdpmsI5n0dnsb33u4YHGwI8VrWtCeLDWDELO_hC7Qs
2211,墜,DROP DOWN,KLC_02211,1,RAD_00152,豕,pig,RAD,,PRIMITIVE_OR_NONKLC,https://docs.google.com/spreadsheets/d/13rdpmsI5n0dnsb33u4YHGwI8VrWtCeLDWDELO_hC7Qs
2211,墜,DROP DOWN,KLC_02211,2,RAD_00170,阜,hill [left of kanji],RAD,,PRIMITIVE_OR_NONKLC,https://docs.google.com/spreadsheets/d/13rdpmsI5n0dnsb33u4YHGwI8VrWtCeLDWDELO_hC7Qs
2211,墜,DROP DOWN,KLC_02211,3,RAD_00032,土,"soil, earth",RAD,,PRIMITIVE_OR_NONKLC,https://docs.google.com/spreadsheets/d/13rdpmsI5n0dnsb33u4YHGwI8VrWtCeLDWDELO_hC7Qs
2212,堕,"DEGENERATE, DESCEND",KLC_02212,1,KLC_00400,有,"HAVE, EXIST",KLC,400,EARLIER_OR_SAME_KLC,https://docs.google.com/spreadsheets/d/13rdpmsI5n0dnsb33u4YHGwI8VrWtCeLDWDELO_hC7Qs
2212,堕,"DEGENERATE, DESCEND",KLC_02212,2,RAD_00170,阜,hill [left of kanji],RAD,,PRIMITIVE_OR_NONKLC,https://docs.google.com/spreadsheets/d/13rdpmsI5n0dnsb33u4YHGwI8VrWtCeLDWDELO_hC7Qs
2212,堕,"DEGENERATE, DESCEND",KLC_02212,3,RAD_00032,土,"soil, earth",RAD,,PRIMITIVE_OR_NONKLC,https://docs.google.com/spreadsheets/d/13rdpmsI5n0dnsb33u4YHGwI8VrWtCeLDWDELO_hC7Qs
2213,随,FOLLOW,KLC_02213,1,RAD_00162,辵,"walk, *transport*",RAD,,PRIMITIVE_OR_NONKLC,https://docs.google.com/spreadsheets/d/13rdpmsI5n0dnsb33u4YHGwI8VrWtCeLDWDELO_hC7Qs
2213,随,FOLLOW,KLC_02213,2,KLC_00400,有,"HAVE, EXIST",KLC,400,EARLIER_OR_SAME_KLC,https://docs.google.com/spreadsheets/d/13rdpmsI5n0dnsb33u4YHGwI8VrWtCeLDWDELO_hC7Qs
2213,随,FOLLOW,KLC_02213,3,RAD_00170,阜,hill [left of kanji],RAD,,PRIMITIVE_OR_NONKLC,https://docs.google.com/spreadsheets/d/13rdpmsI5n0dnsb33u4YHGwI8VrWtCeLDWDELO_hC7Qs
2215,髄,MARROW,KLC_02215,1,KLC_00400,有,"HAVE, EXIST",KLC,400,EARLIER_OR_SAME_KLC,https://docs.google.com/spreadsheets/d/13rdpmsI5n0dnsb33u4YHGwI8VrWtCeLDWDELO_hC7Qs
2215,髄,MARROW,KLC_02215,2,RAD_00162,辵,"walk, *transport*",RAD,,PRIMITIVE_OR_NONKLC,https://docs.google.com/spreadsheets/d/13rdpmsI5n0dnsb33u4YHGwI8VrWtCeLDWDELO_hC7Qs
2215,髄,MARROW,KLC_02215,3,RAD_00188,骨,bone,RAD,,PRIMITIVE_OR_NONKLC,https://docs.google.com/spreadsheets/d/13rdpmsI5n0dnsb33u4YHGwI8VrWtCeLDWDELO_hC7Qs
2216,怠,"NEGLECT, LAZINESS",KLC_02216,1,RAD_00061,心,"heart, mind, spirit",RAD,,PRIMITIVE_OR_NONKLC,https://docs.google.com/spreadsheets/d/13rdpmsI5n0dnsb33u4YHGwI8VrWtCeLDWDELO_hC7Qs
2216,怠,"NEGLECT, LAZINESS",KLC_02216,2,KLC_00949,台,"PLATFORM, VEHICLES COUNTER, TAIWAN",KLC,949,EARLIER_OR_SAME_KLC,https://docs.google.com/spreadsheets/d/13rdpmsI5n0dnsb33u4YHGwI8VrWtCeLDWDELO_hC7Qs
2217,惰,LAZY,KLC_02217,1,RAD_00061,心,"heart, mind, spirit",RAD,,PRIMITIVE_OR_NONKLC,https://docs.google.com/spreadsheets/d/13rdpmsI5n0dnsb33u4YHGwI8VrWtCeLDWDELO_hC7Qs
2217,惰,LAZY,KLC_02217,2,KLC_00401,左,LEFT,KLC,401,EARLIER_OR_SAME_KLC,https://docs.google.com/spreadsheets/d/13rdpmsI5n0dnsb33u4YHGwI8VrWtCeLDWDELO_hC7Qs
2218,佐,"ASSIST, FIELD OFFICER",KLC_02218,1,KLC_00401,左,LEFT,KLC,401,EARLIER_OR_SAME_KLC,https://docs.google.com/spreadsheets/d/13rdpmsI5n0dnsb33u4YHGwI8VrWtCeLDWDELO_hC7Qs
2218,佐,"ASSIST, FIELD OFFICER",KLC_02218,2,RAD_00009,人,"person, *roof*",RAD,,PRIMITIVE_OR_NONKLC,https://docs.google.com/spreadsheets/d/13rdpmsI5n0dnsb33u4YHGwI8VrWtCeLDWDELO_hC7Qs
2219,玩,"PLAY, JOKE",KLC_02219,1,RAD_00096,玉,"jewel, spherical object",RAD,,PRIMITIVE_OR_NONKLC,https://docs.google.com/spreadsheets/d/13rdpmsI5n0dnsb33u4YHGwI8VrWtCeLDWDELO_hC7Qs
2219,玩,"PLAY, JOKE",KLC_02219,2,KLC_00136,元,ORIGIN,KLC,136,EARLIER_OR_SAME_KLC,https://docs.google.com/spreadsheets/d/13rdpmsI5n0dnsb33u4YHGwI8VrWtCeLDWDELO_hC7Qs
2220,弄,"PLAY WITH, TAMPER",KLC_02220,1,RAD_00055,廾,"arch, *two hands*",RAD,,PRIMITIVE_OR_NONKLC,https://docs.google.com/spreadsheets/d/13rdpmsI5n0dnsb33u4YHGwI8VrWtCeLDWDELO_hC7Qs
2220,弄,"PLAY WITH, TAMPER",KLC_02220,2,RAD_00096,玉,"jewel, spherical object",RAD,,PRIMITIVE_OR_NONKLC,https://docs.google.com/spreadsheets/d/13rdpmsI5n0dnsb33u4YHGwI8VrWtCeLDWDELO_hC7Qs
2221,嘲,RIDICULE,KLC_02221,1,RAD_00030,口,"mouth, *opening*",RAD,,PRIMITIVE_OR_NONKLC,https://docs.google.com/spreadsheets/d/13rdpmsI5n0dnsb33u4YHGwI8VrWtCeLDWDELO_hC7Qs
2221,嘲,RIDICULE,KLC_02221,2,KLC_00145,朝,"MORNING, DYNASTY",KLC,145,EARLIER_OR_SAME_KLC,https://docs.google.com/spreadsheets/d/13rdpmsI5n0dnsb33u4YHGwI8VrWtCeLDWDELO_hC7Qs
2222,奔,"RUSH, RUN",KLC_02222,1,RAD_00037,大,"big, university",RAD,,PRIMITIVE_OR_NONKLC,https://docs.google.com/spreadsheets/d/13rdpmsI5n0dnsb33u4YHGwI8VrWtCeLDWDELO_hC7Qs
2222,奔,"RUSH, RUN",KLC_02222,2,RAD_00055,廾,"arch, *two hands*",RAD,,PRIMITIVE_OR_NONKLC,https://docs.google.com/spreadsheets/d/13rdpmsI5n0dnsb33u4YHGwI8VrWtCeLDWDELO_hC7Qs
2223,弊,"EVIL PRACTICE, ABUSE",KLC_02223,1,SUP_00018,敝,dry,SUP,,PRIMITIVE_OR_NONKLC,https://docs.google.com/spreadsheets/d/13rdpmsI5n0dnsb33u4YHGwI8VrWtCeLDWDELO_hC7Qs
2223,弊,"EVIL PRACTICE, ABUSE",KLC_02223,2,RAD_00055,廾,"arch, *two hands*",RAD,,PRIMITIVE_OR_NONKLC,https://docs.google.com/spreadsheets/d/13rdpmsI5n0dnsb33u4YHGwI8VrWtCeLDWDELO_hC7Qs
2224,幣,"CURRENCY, SHINTŌ PAPER OFFERING",KLC_02224,1,SUP_00018,敝,dry,SUP,,PRIMITIVE_OR_NONKLC,https://docs.google.com/spreadsheets/d/13rdpmsI5n0dnsb33u4YHGwI8VrWtCeLDWDELO_hC7Qs
2224,幣,"CURRENCY, SHINTŌ PAPER OFFERING",KLC_02224,2,RAD_00050,巾,"cloth, towel, scarf",RAD,,PRIMITIVE_OR_NONKLC,https://docs.google.com/spreadsheets/d/13rdpmsI5n0dnsb33u4YHGwI8VrWtCeLDWDELO_hC7Qs
2225,蔽,"COVER, CONCEAL",KLC_02225,1,SUP_00018,敝,dry,SUP,,PRIMITIVE_OR_NONKLC,https://docs.google.com/spreadsheets/d/13rdpmsI5n0dnsb33u4YHGwI8VrWtCeLDWDELO_hC7Qs
2225,蔽,"COVER, CONCEAL",KLC_02225,2,RAD_00140,艸,"grass, vegetation",RAD,,PRIMITIVE_OR_NONKLC,https://docs.google.com/spreadsheets/d/13rdpmsI5n0dnsb33u4YHGwI8VrWtCeLDWDELO_hC7Qs
2227,棚,SHELF,KLC_02227,1,RAD_00075,木,tree,RAD,,PRIMITIVE_OR_NONKLC,https://docs.google.com/spreadsheets/d/13rdpmsI5n0dnsb33u4YHGwI8VrWtCeLDWDELO_hC7Qs
2228,柵,FENCE,KLC_02228,1,RAD_00075,木,tree,RAD,,PRIMITIVE_OR_NONKLC,https://docs.google.com/spreadsheets/d/13rdpmsI5n0dnsb33u4YHGwI8VrWtCeLDWDELO_hC7Qs
2229,桁,"GIRDER, DIGIT [abacus]",KLC_02229,1,RAD_00144,行,"go, act",RAD,,PRIMITIVE_OR_NONKLC,https://docs.google.com/spreadsheets/d/13rdpmsI5n0dnsb33u4YHGwI8VrWtCeLDWDELO_hC7Qs
2229,桁,"GIRDER, DIGIT [abacus]",KLC_02229,2,RAD_00075,木,tree,RAD,,PRIMITIVE_OR_NONKLC,https://docs.google.com/spreadsheets/d/13rdpmsI5n0dnsb33u4YHGwI8VrWtCeLDWDELO_hC7Qs
2230,栓,"STOPPER, SPIGOT, CORK",KLC_02230,1,RAD_00075,木,tree,RAD,,PRIMITIVE_OR_NONKLC,https://docs.google.com/spreadsheets/d/13rdpmsI5n0dnsb33u4YHGwI8VrWtCeLDWDELO_hC7Qs
2230,栓,"STOPPER, SPIGOT, CORK",KLC_02230,2,KLC_00078,全,WHOLE,KLC,78,EARLIER_OR_SAME_KLC,https://docs.google.com/spreadsheets/d/13rdpmsI5n0dnsb33u4YHGwI8VrWtCeLDWDELO_hC7Qs
2231,詮,"INQUIRY, DISCUSSION",KLC_02231,1,RAD_00149,言,"speech, word, say",RAD,,PRIMITIVE_OR_NONKLC,https://docs.google.com/spreadsheets/d/13rdpmsI5n0dnsb33u4YHGwI8VrWtCeLDWDELO_hC7Qs
2231,詮,"INQUIRY, DISCUSSION",KLC_02231,2,KLC_00078,全,WHOLE,KLC,78,EARLIER_OR_SAME_KLC,https://docs.google.com/spreadsheets/d/13rdpmsI5n0dnsb33u4YHGwI8VrWtCeLDWDELO_hC7Qs
2232,塞,"OBSTRUCT, SHUT, CLOSE",KLC_02232,1,KLC_00485,基,"BASE, FOUNDATION",KLC,485,EARLIER_OR_SAME_KLC,https://docs.google.com/spreadsheets/d/13rdpmsI5n0dnsb33u4YHGwI8VrWtCeLDWDELO_hC7Qs
2232,塞,"OBSTRUCT, SHUT, CLOSE",KLC_02232,2,RAD_00040,宀,roof,RAD,,PRIMITIVE_OR_NONKLC,https://docs.google.com/spreadsheets/d/13rdpmsI5n0dnsb33u4YHGwI8VrWtCeLDWDELO_hC7Qs
2233,梗,BLOCK,KLC_02233,1,RAD_00075,木,tree,RAD,,PRIMITIVE_OR_NONKLC,https://docs.google.com/spreadsheets/d/13rdpmsI5n0dnsb33u4YHGwI8VrWtCeLDWDELO_hC7Qs
2233,梗,BLOCK,KLC_02233,2,KLC_00889,更,"RENEW, FURTHERMORE, GROW LATE",KLC,889,EARLIER_OR_SAME_KLC,https://docs.google.com/spreadsheets/d/13rdpmsI5n0dnsb33u4YHGwI8VrWtCeLDWDELO_hC7Qs
2234,柿,PERSIMMON,KLC_02234,1,RAD_00075,木,tree,RAD,,PRIMITIVE_OR_NONKLC,https://docs.google.com/spreadsheets/d/13rdpmsI5n0dnsb33u4YHGwI8VrWtCeLDWDELO_hC7Qs
2234,柿,PERSIMMON,KLC_02234,2,KLC_00205,市,"CITY, MARKET",KLC,205,EARLIER_OR_SAME_KLC,https://docs.google.com/spreadsheets/d/13rdpmsI5n0dnsb33u4YHGwI8VrWtCeLDWDELO_hC7Qs
2235,藤,WISTERIA,KLC_02235,1,RAD_00140,艸,"grass, vegetation",RAD,,PRIMITIVE_OR_NONKLC,https://docs.google.com/spreadsheets/d/13rdpmsI5n0dnsb33u4YHGwI8VrWtCeLDWDELO_hC7Qs
2236,騰,"RISE, JUMP UP",KLC_02236,1,RAD_00187,馬,horse,RAD,,PRIMITIVE_OR_NONKLC,https://docs.google.com/spreadsheets/d/13rdpmsI5n0dnsb33u4YHGwI8VrWtCeLDWDELO_hC7Qs
2236,騰,"RISE, JUMP UP",KLC_02236,2,SUP_00011,龹,chinese tally stick,SUP,,PRIMITIVE_OR_NONKLC,https://docs.google.com/spreadsheets/d/13rdpmsI5n0dnsb33u4YHGwI8VrWtCeLDWDELO_hC7Qs
2237,謄,"TRANSCRIBE, COPY",KLC_02237,1,RAD_00149,言,"speech, word, say",RAD,,PRIMITIVE_OR_NONKLC,https://docs.google.com/spreadsheets/d/13rdpmsI5n0dnsb33u4YHGwI8VrWtCeLDWDELO_hC7Qs
2237,謄,"TRANSCRIBE, COPY",KLC_02237,2,SUP_00011,龹,chinese tally stick,SUP,,PRIMITIVE_OR_NONKLC,https://docs.google.com/spreadsheets/d/13rdpmsI5n0dnsb33u4YHGwI8VrWtCeLDWDELO_hC7Qs
2238,麺,NOODLES,KLC_02238,1,KLC_00131,麦,WHEAT,KLC,131,EARLIER_OR_SAME_KLC,https://docs.google.com/spreadsheets/d/13rdpmsI5n0dnsb33u4YHGwI8VrWtCeLDWDELO_hC7Qs
2238,麺,NOODLES,KLC_02238,2,RAD_00176,面,"face, surface",RAD,,PRIMITIVE_OR_NONKLC,https://docs.google.com/spreadsheets/d/13rdpmsI5n0dnsb33u4YHGwI8VrWtCeLDWDELO_hC7Qs
2239,拉,"ABDUCT, KIDNAP",KLC_02239,1,RAD_00064,手,"hand, performer of action",RAD,,PRIMITIVE_OR_NONKLC,https://docs.google.com/spreadsheets/d/13rdpmsI5n0dnsb33u4YHGwI8VrWtCeLDWDELO_hC7Qs
2239,拉,"ABDUCT, KIDNAP",KLC_02239,2,RAD_00117,立,stand,RAD,,PRIMITIVE_OR_NONKLC,https://docs.google.com/spreadsheets/d/13rdpmsI5n0dnsb33u4YHGwI8VrWtCeLDWDELO_hC7Qs
2240,晃,DAZZLING,KLC_02240,1,KLC_00137,光,"LIGHT, GLOW",KLC,137,EARLIER_OR_SAME_KLC,https://docs.google.com/spreadsheets/d/13rdpmsI5n0dnsb33u4YHGwI8VrWtCeLDWDELO_hC7Qs
2240,晃,DAZZLING,KLC_02240,2,RAD_00072,日,"sun, day",RAD,,PRIMITIVE_OR_NONKLC,https://docs.google.com/spreadsheets/d/13rdpmsI5n0dnsb33u4YHGwI8VrWtCeLDWDELO_hC7Qs
2241,幌,"AWNING, CANOPY",KLC_02241,1,RAD_00050,巾,"cloth, towel, scarf",RAD,,PRIMITIVE_OR_NONKLC,https://docs.google.com/spreadsheets/d/13rdpmsI5n0dnsb33u4YHGwI8VrWtCeLDWDELO_hC7Qs
2241,幌,"AWNING, CANOPY",KLC_02241,2,KLC_02240,晃,DAZZLING,KLC,2240,EARLIER_OR_SAME_KLC,https://docs.google.com/spreadsheets/d/13rdpmsI5n0dnsb33u4YHGwI8VrWtCeLDWDELO_hC7Qs
2242,厘,RIN [0.001 yen],KLC_02242,1,RAD_00166,里,village,RAD,,PRIMITIVE_OR_NONKLC,https://docs.google.com/spreadsheets/d/13rdpmsI5n0dnsb33u4YHGwI8VrWtCeLDWDELO_hC7Qs
2242,厘,RIN [0.001 yen],KLC_02242,2,RAD_00027,厂,cliff,RAD,,PRIMITIVE_OR_NONKLC,https://docs.google.com/spreadsheets/d/13rdpmsI5n0dnsb33u4YHGwI8VrWtCeLDWDELO_hC7Qs
2243,畝,"RIDGE [farm], ~100 m² UNIT",KLC_02243,1,KLC_00904,久,LONG DURATION,KLC,904,EARLIER_OR_SAME_KLC,https://docs.google.com/spreadsheets/d/13rdpmsI5n0dnsb33u4YHGwI8VrWtCeLDWDELO_hC7Qs
2243,畝,"RIDGE [farm], ~100 m² UNIT",KLC_02243,2,RAD_00102,田,"rice field, *head*",RAD,,PRIMITIVE_OR_NONKLC,https://docs.google.com/spreadsheets/d/13rdpmsI5n0dnsb33u4YHGwI8VrWtCeLDWDELO_hC7Qs
2244,匁,MONME [weight],KLC_02244,1,RAD_00019,力,"power, strength",RAD,,PRIMITIVE_OR_NONKLC,https://docs.google.com/spreadsheets/d/13rdpmsI5n0dnsb33u4YHGwI8VrWtCeLDWDELO_hC7Qs
2247,挨,GREET,KLC_02247,1,RAD_00064,手,"hand, performer of action",RAD,,PRIMITIVE_OR_NONKLC,https://docs.google.com/spreadsheets/d/13rdpmsI5n0dnsb33u4YHGwI8VrWtCeLDWDELO_hC7Qs
2248,拶,GREET,KLC_02248,1,RAD_00064,手,"hand, performer of action",RAD,,PRIMITIVE_OR_NONKLC,https://docs.google.com/spreadsheets/d/13rdpmsI5n0dnsb33u4YHGwI8VrWtCeLDWDELO_hC7Qs
2249,曖,UNCLEAR,KLC_02249,1,RAD_00072,日,"sun, day",RAD,,PRIMITIVE_OR_NONKLC,https://docs.google.com/spreadsheets/d/13rdpmsI5n0dnsb33u4YHGwI8VrWtCeLDWDELO_hC7Qs
2250,昧,DARK,KLC_02250,1,RAD_00072,日,"sun, day",RAD,,PRIMITIVE_OR_NONKLC,https://docs.google.com/spreadsheets/d/13rdpmsI5n0dnsb33u4YHGwI8VrWtCeLDWDELO_hC7Qs
2251,瑠,LAPIS LAZULI,KLC_02251,1,RAD_00096,玉,"jewel, spherical object",RAD,,PRIMITIVE_OR_NONKLC,https://docs.google.com/spreadsheets/d/13rdpmsI5n0dnsb33u4YHGwI8VrWtCeLDWDELO_hC7Qs
2252,璃,GLASSY SUBSTANCE,KLC_02252,1,RAD_00096,玉,"jewel, spherical object",RAD,,PRIMITIVE_OR_NONKLC,https://docs.google.com/spreadsheets/d/13rdpmsI5n0dnsb33u4YHGwI8VrWtCeLDWDELO_hC7Qs
2253,嫉,BE JEALOUS,KLC_02253,1,RAD_00038,女,woman,RAD,,PRIMITIVE_OR_NONKLC,https://docs.google.com/spreadsheets/d/13rdpmsI5n0dnsb33u4YHGwI8VrWtCeLDWDELO_hC7Qs
2253,嫉,BE JEALOUS,KLC_02253,2,RAD_00112,石,"stone, rock",RAD,,PRIMITIVE_OR_NONKLC,https://docs.google.com/spreadsheets/d/13rdpmsI5n0dnsb33u4YHGwI8VrWtCeLDWDELO_hC7Qs
2254,妬,ENVY,KLC_02254,1,RAD_00038,女,woman,RAD,,PRIMITIVE_OR_NONKLC,https://docs.google.com/spreadsheets/d/13rdpmsI5n0dnsb33u4YHGwI8VrWtCeLDWDELO_hC7Qs
2254,妬,ENVY,KLC_02254,2,RAD_00112,石,"stone, rock",RAD,,PRIMITIVE_OR_NONKLC,https://docs.google.com/spreadsheets/d/13rdpmsI5n0dnsb33u4YHGwI8VrWtCeLDWDELO_hC7Qs
2255,鹿,deer,RAD_00198,1,RAD_00053,广,"dotted cliff, *shelter*",RAD,,PRIMITIVE_OR_NONKLC,https://docs.google.com/spreadsheets/d/13rdpmsI5n0dnsb33u4YHGwI8VrWtCeLDWDELO_hC7Qs
2256,塵,"DUST, TRASH",KLC_02256,1,RAD_00032,土,"soil, earth",RAD,,PRIMITIVE_OR_NONKLC,https://docs.google.com/spreadsheets/d/13rdpmsI5n0dnsb33u4YHGwI8VrWtCeLDWDELO_hC7Qs
2256,塵,"DUST, TRASH",KLC_02256,2,RAD_00198,鹿,deer,RAD,,PRIMITIVE_OR_NONKLC,https://docs.google.com/spreadsheets/d/13rdpmsI5n0dnsb33u4YHGwI8VrWtCeLDWDELO_hC7Qs
2257,麓,FOOT OF A MOUNTAIN,KLC_02257,1,RAD_00198,鹿,deer,RAD,,PRIMITIVE_OR_NONKLC,https://docs.google.com/spreadsheets/d/13rdpmsI5n0dnsb33u4YHGwI8VrWtCeLDWDELO_hC7Qs
2257,麓,FOOT OF A MOUNTAIN,KLC_02257,2,KLC_00240,林,FOREST,KLC,240,EARLIER_OR_SAME_KLC,https://docs.google.com/spreadsheets/d/13rdpmsI5n0dnsb33u4YHGwI8VrWtCeLDWDELO_hC7Qs
2258,麗,BEAUTIFUL,KLC_02258,1,RAD_00198,鹿,deer,RAD,,PRIMITIVE_OR_NONKLC,https://docs.google.com/spreadsheets/d/13rdpmsI5n0dnsb33u4YHGwI8VrWtCeLDWDELO_hC7Qs
2259,薦,RECOMMEND,KLC_02259,1,RAD_00198,鹿,deer,RAD,,PRIMITIVE_OR_NONKLC,https://docs.google.com/spreadsheets/d/13rdpmsI5n0dnsb33u4YHGwI8VrWtCeLDWDELO_hC7Qs
2259,薦,RECOMMEND,KLC_02259,2,RAD_00196,鳥,bird,RAD,,PRIMITIVE_OR_NONKLC,https://docs.google.com/spreadsheets/d/13rdpmsI5n0dnsb33u4YHGwI8VrWtCeLDWDELO_hC7Qs
2259,薦,RECOMMEND,KLC_02259,3,RAD_00140,艸,"grass, vegetation",RAD,,PRIMITIVE_OR_NONKLC,https://docs.google.com/spreadsheets/d/13rdpmsI5n0dnsb33u4YHGwI8VrWtCeLDWDELO_hC7Qs
2260,慶,"FELICITATION, REJOICE, JOY",KLC_02260,1,RAD_00198,鹿,deer,RAD,,PRIMITIVE_OR_NONKLC,https://docs.google.com/spreadsheets/d/13rdpmsI5n0dnsb33u4YHGwI8VrWtCeLDWDELO_hC7Qs
2260,慶,"FELICITATION, REJOICE, JOY",KLC_02260,2,KLC_00778,愛,LOVE,KLC,778,EARLIER_OR_SAME_KLC,https://docs.google.com/spreadsheets/d/13rdpmsI5n0dnsb33u4YHGwI8VrWtCeLDWDELO_hC7Qs
2261,兜,HELMET,KLC_02261,1,RAD_00106,白,white,RAD,,PRIMITIVE_OR_NONKLC,https://docs.google.com/spreadsheets/d/13rdpmsI5n0dnsb33u4YHGwI8VrWtCeLDWDELO_hC7Qs
2261,兜,HELMET,KLC_02261,2,RAD_00010,儿,"son, legs",RAD,,PRIMITIVE_OR_NONKLC,https://docs.google.com/spreadsheets/d/13rdpmsI5n0dnsb33u4YHGwI8VrWtCeLDWDELO_hC7Qs
2262,睨,GLARE AT,KLC_02262,1,RAD_00109,目,eye,RAD,,PRIMITIVE_OR_NONKLC,https://docs.google.com/spreadsheets/d/13rdpmsI5n0dnsb33u4YHGwI8VrWtCeLDWDELO_hC7Qs
2264,溺,"DROWN, INDULGE",KLC_02264,1,KLC_00424,弱,WEAK,KLC,424,EARLIER_OR_SAME_KLC,https://docs.google.com/spreadsheets/d/13rdpmsI5n0dnsb33u4YHGwI8VrWtCeLDWDELO_hC7Qs
2264,溺,"DROWN, INDULGE",KLC_02264,2,RAD_00085,水,"water, *liquid*",RAD,,PRIMITIVE_OR_NONKLC,https://docs.google.com/spreadsheets/d/13rdpmsI5n0dnsb33u4YHGwI8VrWtCeLDWDELO_hC7Qs
2265,潟,LAGOON,KLC_02265,1,RAD_00085,水,"water, *liquid*",RAD,,PRIMITIVE_OR_NONKLC,https://docs.google.com/spreadsheets/d/13rdpmsI5n0dnsb33u4YHGwI8VrWtCeLDWDELO_hC7Qs
2265,潟,LAGOON,KLC_02265,2,RAD_00196,鳥,bird,RAD,,PRIMITIVE_OR_NONKLC,https://docs.google.com/spreadsheets/d/13rdpmsI5n0dnsb33u4YHGwI8VrWtCeLDWDELO_hC7Qs
2266,濁,TURBID,KLC_02266,1,RAD_00122,网,"net, *law*",RAD,,PRIMITIVE_OR_NONKLC,https://docs.google.com/spreadsheets/d/13rdpmsI5n0dnsb33u4YHGwI8VrWtCeLDWDELO_hC7Qs
2266,濁,TURBID,KLC_02266,2,RAD_00085,水,"water, *liquid*",RAD,,PRIMITIVE_OR_NONKLC,https://docs.google.com/spreadsheets/d/13rdpmsI5n0dnsb33u4YHGwI8VrWtCeLDWDELO_hC7Qs
2266,濁,TURBID,KLC_02266,3,RAD_00142,虫,"insect, worm",RAD,,PRIMITIVE_OR_NONKLC,https://docs.google.com/spreadsheets/d/13rdpmsI5n0dnsb33u4YHGwI8VrWtCeLDWDELO_hC7Qs
2267,渇,"RUN DRY, THIRST",KLC_02267,1,SUP_00004,曷,"worn out, tired",SUP,,PRIMITIVE_OR_NONKLC,https://docs.google.com/spreadsheets/d/13rdpmsI5n0dnsb33u4YHGwI8VrWtCeLDWDELO_hC7Qs
2267,渇,"RUN DRY, THIRST",KLC_02267,2,RAD_00085,水,"water, *liquid*",RAD,,PRIMITIVE_OR_NONKLC,https://docs.google.com/spreadsheets/d/13rdpmsI5n0dnsb33u4YHGwI8VrWtCeLDWDELO_hC7Qs
2268,褐,BROWN,KLC_02268,1,RAD_00145,衣,"clothes, garment",RAD,,PRIMITIVE_OR_NONKLC,https://docs.google.com/spreadsheets/d/13rdpmsI5n0dnsb33u4YHGwI8VrWtCeLDWDELO_hC7Qs
2268,褐,BROWN,KLC_02268,2,SUP_00004,曷,"worn out, tired",SUP,,PRIMITIVE_OR_NONKLC,https://docs.google.com/spreadsheets/d/13rdpmsI5n0dnsb33u4YHGwI8VrWtCeLDWDELO_hC7Qs
2269,葛,ARROWROOT,KLC_02269,1,RAD_00140,艸,"grass, vegetation",RAD,,PRIMITIVE_OR_NONKLC,https://docs.google.com/spreadsheets/d/13rdpmsI5n0dnsb33u4YHGwI8VrWtCeLDWDELO_hC7Qs
2269,葛,ARROWROOT,KLC_02269,2,SUP_00004,曷,"worn out, tired",SUP,,PRIMITIVE_OR_NONKLC,https://docs.google.com/spreadsheets/d/13rdpmsI5n0dnsb33u4YHGwI8VrWtCeLDWDELO_hC7Qs
2270,喝,SHOUT AT,KLC_02270,1,SUP_00004,曷,"worn out, tired",SUP,,PRIMITIVE_OR_NONKLC,https://docs.google.com/spreadsheets/d/13rdpmsI5n0dnsb33u4YHGwI8VrWtCeLDWDELO_hC7Qs
2270,喝,SHOUT AT,KLC_02270,2,RAD_00030,口,"mouth, *opening*",RAD,,PRIMITIVE_OR_NONKLC,https://docs.google.com/spreadsheets/d/13rdpmsI5n0dnsb33u4YHGwI8VrWtCeLDWDELO_hC7Qs
2271,謁,BE GRANTED AN AUDIENCE,KLC_02271,1,SUP_00004,曷,"worn out, tired",SUP,,PRIMITIVE_OR_NONKLC,https://docs.google.com/spreadsheets/d/13rdpmsI5n0dnsb33u4YHGwI8VrWtCeLDWDELO_hC7Qs
2271,謁,BE GRANTED AN AUDIENCE,KLC_02271,2,RAD_00149,言,"speech, word, say",RAD,,PRIMITIVE_OR_NONKLC,https://docs.google.com/spreadsheets/d/13rdpmsI5n0dnsb33u4YHGwI8VrWtCeLDWDELO_hC7Qs
2272,掲,"PUT UP [notice], DISPLAY",KLC_02272,1,RAD_00064,手,"hand, performer of action",RAD,,PRIMITIVE_OR_NONKLC,https://docs.google.com/spreadsheets/d/13rdpmsI5n0dnsb33u4YHGwI8VrWtCeLDWDELO_hC7Qs
2272,掲,"PUT UP [notice], DISPLAY",KLC_02272,2,SUP_00004,曷,"worn out, tired",SUP,,PRIMITIVE_OR_NONKLC,https://docs.google.com/spreadsheets/d/13rdpmsI5n0dnsb33u4YHGwI8VrWtCeLDWDELO_hC7Qs
2273,戌,SIGN OF THE DOG,KLC_02273,1,SUP_00017,戊,scythe,SUP,,PRIMITIVE_OR_NONKLC,https://docs.google.com/spreadsheets/d/13rdpmsI5n0dnsb33u4YHGwI8VrWtCeLDWDELO_hC7Qs
2274,尤,"REASONABLE, PLAUSIBLE",KLC_02274,1,RAD_00043,尢,lame,RAD,,PRIMITIVE_OR_NONKLC,https://docs.google.com/spreadsheets/d/13rdpmsI5n0dnsb33u4YHGwI8VrWtCeLDWDELO_hC7Qs
2275,駄,"GOOD FOR NOTHING, BURDENSOME",KLC_02275,1,KLC_00294,太,"FAT, THICK",KLC,294,EARLIER_OR_SAME_KLC,https://docs.google.com/spreadsheets/d/13rdpmsI5n0dnsb33u4YHGwI8VrWtCeLDWDELO_hC7Qs
2275,駄,"GOOD FOR NOTHING, BURDENSOME",KLC_02275,2,RAD_00187,馬,horse,RAD,,PRIMITIVE_OR_NONKLC,https://docs.google.com/spreadsheets/d/13rdpmsI5n0dnsb33u4YHGwI8VrWtCeLDWDELO_hC7Qs
2276,駒,"HORSE, CHESS/SHOGI PIECE",KLC_02276,1,RAD_00187,馬,horse,RAD,,PRIMITIVE_OR_NONKLC,https://docs.google.com/spreadsheets/d/13rdpmsI5n0dnsb33u4YHGwI8VrWtCeLDWDELO_hC7Qs
2276,駒,"HORSE, CHESS/SHOGI PIECE",KLC_02276,2,RAD_00020,勹,"wrap, *elephant*",RAD,,PRIMITIVE_OR_NONKLC,https://docs.google.com/spreadsheets/d/13rdpmsI5n0dnsb33u4YHGwI8VrWtCeLDWDELO_hC7Qs
2277,篤,"SERIOUS, KIND",KLC_02277,1,RAD_00187,馬,horse,RAD,,PRIMITIVE_OR_NONKLC,https://docs.google.com/spreadsheets/d/13rdpmsI5n0dnsb33u4YHGwI8VrWtCeLDWDELO_hC7Qs
2277,篤,"SERIOUS, KIND",KLC_02277,2,RAD_00118,竹,"bamboo, counting",RAD,,PRIMITIVE_OR_NONKLC,https://docs.google.com/spreadsheets/d/13rdpmsI5n0dnsb33u4YHGwI8VrWtCeLDWDELO_hC7Qs
2278,罵,"INSULT, SPEAK ILL OF",KLC_02278,1,RAD_00187,馬,horse,RAD,,PRIMITIVE_OR_NONKLC,https://docs.google.com/spreadsheets/d/13rdpmsI5n0dnsb33u4YHGwI8VrWtCeLDWDELO_hC7Qs
2279,蔑,"SCORN, DESPISE",KLC_02279,1,RAD_00187,馬,horse,RAD,,PRIMITIVE_OR_NONKLC,https://docs.google.com/spreadsheets/d/13rdpmsI5n0dnsb33u4YHGwI8VrWtCeLDWDELO_hC7Qs
2279,蔑,"SCORN, DESPISE",KLC_02279,2,KLC_02273,戌,SIGN OF THE DOG,KLC,2273,EARLIER_OR_SAME_KLC,https://docs.google.com/spreadsheets/d/13rdpmsI5n0dnsb33u4YHGwI8VrWtCeLDWDELO_hC7Qs
2280,罠,TRAP,KLC_02280,1,RAD_00122,网,"net, *law*",RAD,,PRIMITIVE_OR_NONKLC,https://docs.google.com/spreadsheets/d/13rdpmsI5n0dnsb33u4YHGwI8VrWtCeLDWDELO_hC7Qs
2280,罠,TRAP,KLC_02280,2,KLC_00477,民,"PEOPLE, RACE",KLC,477,EARLIER_OR_SAME_KLC,https://docs.google.com/spreadsheets/d/13rdpmsI5n0dnsb33u4YHGwI8VrWtCeLDWDELO_hC7Qs
2281,烏,"RAVEN, CROW",KLC_02281,1,RAD_00196,鳥,bird,RAD,,PRIMITIVE_OR_NONKLC,https://docs.google.com/spreadsheets/d/13rdpmsI5n0dnsb33u4YHGwI8VrWtCeLDWDELO_hC7Qs
2281,烏,"RAVEN, CROW",KLC_02281,2,RAD_00106,白,white,RAD,,PRIMITIVE_OR_NONKLC,https://docs.google.com/spreadsheets/d/13rdpmsI5n0dnsb33u4YHGwI8VrWtCeLDWDELO_hC7Qs
2282,鴨,DUCK,KLC_02282,1,RAD_00196,鳥,bird,RAD,,PRIMITIVE_OR_NONKLC,https://docs.google.com/spreadsheets/d/13rdpmsI5n0dnsb33u4YHGwI8VrWtCeLDWDELO_hC7Qs
2283,鳩,PIGEON,KLC_02283,1,KLC_00011,九,NINE,KLC,11,EARLIER_OR_SAME_KLC,https://docs.google.com/spreadsheets/d/13rdpmsI5n0dnsb33u4YHGwI8VrWtCeLDWDELO_hC7Qs
2283,鳩,PIGEON,KLC_02283,2,RAD_00196,鳥,bird,RAD,,PRIMITIVE_OR_NONKLC,https://docs.google.com/spreadsheets/d/13rdpmsI5n0dnsb33u4YHGwI8VrWtCeLDWDELO_hC7Qs
2284,鶏,CHICKEN,KLC_02284,1,KLC_00565,夫,"HUSBAND, MAN LABORER",KLC,565,EARLIER_OR_SAME_KLC,https://docs.google.com/spreadsheets/d/13rdpmsI5n0dnsb33u4YHGwI8VrWtCeLDWDELO_hC7Qs
2284,鶏,CHICKEN,KLC_02284,2,RAD_00196,鳥,bird,RAD,,PRIMITIVE_OR_NONKLC,https://docs.google.com/spreadsheets/d/13rdpmsI5n0dnsb33u4YHGwI8VrWtCeLDWDELO_hC7Qs
2284,鶏,CHICKEN,KLC_02284,3,RAD_00087,爪,claw,RAD,,PRIMITIVE_OR_NONKLC,https://docs.google.com/spreadsheets/d/13rdpmsI5n0dnsb33u4YHGwI8VrWtCeLDWDELO_hC7Qs
2285,渓,RAVINE,KLC_02285,1,RAD_00087,爪,claw,RAD,,PRIMITIVE_OR_NONKLC,https://docs.google.com/spreadsheets/d/13rdpmsI5n0dnsb33u4YHGwI8VrWtCeLDWDELO_hC7Qs
2286,鷹,HAWK,KLC_02286,1,RAD_00009,人,"person, *roof*",RAD,,PRIMITIVE_OR_NONKLC,https://docs.google.com/spreadsheets/d/13rdpmsI5n0dnsb33u4YHGwI8VrWtCeLDWDELO_hC7Qs
2286,鷹,HAWK,KLC_02286,2,RAD_00053,广,"dotted cliff, *shelter*",RAD,,PRIMITIVE_OR_NONKLC,https://docs.google.com/spreadsheets/d/13rdpmsI5n0dnsb33u4YHGwI8VrWtCeLDWDELO_hC7Qs
2286,鷹,HAWK,KLC_02286,3,RAD_00196,鳥,bird,RAD,,PRIMITIVE_OR_NONKLC,https://docs.google.com/spreadsheets/d/13rdpmsI5n0dnsb33u4YHGwI8VrWtCeLDWDELO_hC7Qs
2286,鷹,HAWK,KLC_02286,4,RAD_00172,隹,small bird,RAD,,PRIMITIVE_OR_NONKLC,https://docs.google.com/spreadsheets/d/13rdpmsI5n0dnsb33u4YHGwI8VrWtCeLDWDELO_hC7Qs
2287,鷲,EAGLE,KLC_02287,1,RAD_00196,鳥,bird,RAD,,PRIMITIVE_OR_NONKLC,https://docs.google.com/spreadsheets/d/13rdpmsI5n0dnsb33u4YHGwI8VrWtCeLDWDELO_hC7Qs
2287,鷲,EAGLE,KLC_02287,2,KLC_01283,就,"TAKE POSITION, DEPART",KLC,1283,EARLIER_OR_SAME_KLC,https://docs.google.com/spreadsheets/d/13rdpmsI5n0dnsb33u4YHGwI8VrWtCeLDWDELO_hC7Qs
2289,爽,"REFRESHING, CLEAR",KLC_02289,1,RAD_00009,人,"person, *roof*",RAD,,PRIMITIVE_OR_NONKLC,https://docs.google.com/spreadsheets/d/13rdpmsI5n0dnsb33u4YHGwI8VrWtCeLDWDELO_hC7Qs
2290,綴,"STITCH TOGETHER, COMPOSE",KLC_02290,1,RAD_00120,糸,"thread, silk",RAD,,PRIMITIVE_OR_NONKLC,https://docs.google.com/spreadsheets/d/13rdpmsI5n0dnsb33u4YHGwI8VrWtCeLDWDELO_hC7Qs
2291,桑,MULBERRY,KLC_02291,1,RAD_00075,木,tree,RAD,,PRIMITIVE_OR_NONKLC,https://docs.google.com/spreadsheets/d/13rdpmsI5n0dnsb33u4YHGwI8VrWtCeLDWDELO_hC7Qs
2292,蚕,SILKWORM,KLC_02292,1,KLC_00270,天,"HEAVEN, WEATHER",KLC,270,EARLIER_OR_SAME_KLC,https://docs.google.com/spreadsheets/d/13rdpmsI5n0dnsb33u4YHGwI8VrWtCeLDWDELO_hC7Qs
2292,蚕,SILKWORM,KLC_02292,2,RAD_00142,虫,"insect, worm",RAD,,PRIMITIVE_OR_NONKLC,https://docs.google.com/spreadsheets/d/13rdpmsI5n0dnsb33u4YHGwI8VrWtCeLDWDELO_hC7Qs
2293,蛋,EGG,KLC_02293,1,RAD_00142,虫,"insect, worm",RAD,,PRIMITIVE_OR_NONKLC,https://docs.google.com/spreadsheets/d/13rdpmsI5n0dnsb33u4YHGwI8VrWtCeLDWDELO_hC7Qs
2293,蛋,EGG,KLC_02293,2,RAD_00103,疋,bolt of cloth,RAD,,PRIMITIVE_OR_NONKLC,https://docs.google.com/spreadsheets/d/13rdpmsI5n0dnsb33u4YHGwI8VrWtCeLDWDELO_hC7Qs
2294,蟹,CRAB,KLC_02294,1,RAD_00142,虫,"insect, worm",RAD,,PRIMITIVE_OR_NONKLC,https://docs.google.com/spreadsheets/d/13rdpmsI5n0dnsb33u4YHGwI8VrWtCeLDWDELO_hC7Qs
2294,蟹,CRAB,KLC_02294,2,KLC_00345,解,"TAKE APART, DISSOLVE, CLARIFY",KLC,345,EARLIER_OR_SAME_KLC,https://docs.google.com/spreadsheets/d/13rdpmsI5n0dnsb33u4YHGwI8VrWtCeLDWDELO_hC7Qs
2295,蚊,MOSQUITO,KLC_02295,1,RAD_00142,虫,"insect, worm",RAD,,PRIMITIVE_OR_NONKLC,https://docs.google.com/spreadsheets/d/13rdpmsI5n0dnsb33u4YHGwI8VrWtCeLDWDELO_hC7Qs
2297,蛇,SNAKE,KLC_02297,1,RAD_00142,虫,"insect, worm",RAD,,PRIMITIVE_OR_NONKLC,https://docs.google.com/spreadsheets/d/13rdpmsI5n0dnsb33u4YHGwI8VrWtCeLDWDELO_hC7Qs
2298,繭,COCOON,KLC_02298,1,RAD_00142,虫,"insect, worm",RAD,,PRIMITIVE_OR_NONKLC,https://docs.google.com/spreadsheets/d/13rdpmsI5n0dnsb33u4YHGwI8VrWtCeLDWDELO_hC7Qs
2298,繭,COCOON,KLC_02298,2,RAD_00140,艸,"grass, vegetation",RAD,,PRIMITIVE_OR_NONKLC,https://docs.google.com/spreadsheets/d/13rdpmsI5n0dnsb33u4YHGwI8VrWtCeLDWDELO_hC7Qs
2298,繭,COCOON,KLC_02298,3,RAD_00120,糸,"thread, silk",RAD,,PRIMITIVE_OR_NONKLC,https://docs.google.com/spreadsheets/d/13rdpmsI5n0dnsb33u4YHGwI8VrWtCeLDWDELO_hC7Qs
2299,蝶,BUTTERFLY,KLC_02299,1,RAD_00142,虫,"insect, worm",RAD,,PRIMITIVE_OR_NONKLC,https://docs.google.com/spreadsheets/d/13rdpmsI5n0dnsb33u4YHGwI8VrWtCeLDWDELO_hC7Qs
2299,蝶,BUTTERFLY,KLC_02299,2,KLC_00605,葉,LEAF,KLC,605,EARLIER_OR_SAME_KLC,https://docs.google.com/spreadsheets/d/13rdpmsI5n0dnsb33u4YHGwI8VrWtCeLDWDELO_hC7Qs
2300,虹,RAINBOW,KLC_02300,1,RAD_00048,工,"construction, craft, work",RAD,,PRIMITIVE_OR_NONKLC,https://docs.google.com/spreadsheets/d/13rdpmsI5n0dnsb33u4YHGwI8VrWtCeLDWDELO_hC7Qs
2300,虹,RAINBOW,KLC_02300,2,KLC_00605,葉,LEAF,KLC,605,EARLIER_OR_SAME_KLC,https://docs.google.com/spreadsheets/d/13rdpmsI5n0dnsb33u4YHGwI8VrWtCeLDWDELO_hC7Qs
