KLC_No,Kanji,Display_Meaning,Onyomi,Kunyomi,Immediate_Components,Immediate_Component_Meanings,Immediate_RAD_Components,One_Level_Tree,Leaf_Components,Leaf_RAD_Components,KLC_Sequence_Status,Verification,Verification_Notes
1,日,"sun, day",,,,,,日,日,日,ATOMIC_OR_ROOT_RECORD,PASS_WITH_NOTES,KLC character is represented by its shared RAD record in the component map
2,一,one,,,,,,一,一,一,ATOMIC_OR_ROOT_RECORD,PASS_WITH_NOTES,KLC character is represented by its shared RAD record in the component map
3,二,two,,,,,,二,二,二,ATOMIC_OR_ROOT_RECORD,PASS_WITH_NOTES,KLC character is represented by its shared RAD record in the component map
4,三,THREE,サン,"み, み.つ  みっ.つ",,,,三,三,,ATOMIC_OR_ROOT_RECORD,PASS,
5,十,"ten, complete, *cross*, *needle*, *plant*",,,,,,十,十,十,ATOMIC_OR_ROOT_RECORD,PASS_WITH_NOTES,KLC character is represented by its shared RAD record in the component map
6,四,FOUR,シ,"よ, よ.つ  よっ.つ  よん",,,,四,四,,ATOMIC_OR_ROOT_RECORD,PASS,
7,五,FIVE,ゴ,"いつ, いつ.つ",,,,五,五,,ATOMIC_OR_ROOT_RECORD,PASS,
8,六,SIX,ロク,"む, む.つ  むっ.つ  むい",,,,六,六,,ATOMIC_OR_ROOT_RECORD,PASS,
9,七,SEVEN,シチ,"なな, なな.つ  なの",,,,七,七,,ATOMIC_OR_ROOT_RECORD,PASS,
10,八,"eight, split",,,,,,八,八,八,ATOMIC_OR_ROOT_RECORD,PASS_WITH_NOTES,KLC character is represented by its shared RAD record in the component map
11,九,NINE,"キュウ, ク","ここの, ここの.つ",,,,九,九,,ATOMIC_OR_ROOT_RECORD,PASS,
12,丸,ROUND,ガン,"まる, まる.い, まる.める",九,NINE,,丸 → 九,九,,EARLIER_KLC_OR_PRIMITIVE_ONLY,PASS,
13,円,"CIRCLE, YEN",エン,"まる.い, まる",冂 | 亠,wide | lid,冂 | 亠,円 → 冂 + 亠,冂 | 亠,冂 | 亠,EARLIER_KLC_OR_PRIMITIVE_ONLY,PASS,
14,○,"ZERO, CIRCLE MARK",レイ,ゼロ  まる,,,,○,○,,ATOMIC_OR_ROOT_RECORD,PASS,
15,人,"person, *roof*",,,,,,人,人,人,ATOMIC_OR_ROOT_RECORD,PASS_WITH_NOTES,KLC character is represented by its shared RAD record in the component map
16,百,HUNDRED,ヒャク,,,,,百,百,,ATOMIC_OR_ROOT_RECORD,PASS,
17,千,THOUSAND,セン,ち,,,,千,千,,ATOMIC_OR_ROOT_RECORD,PASS,
18,万,TEN THOUSAND,"マン, バン",,,,,万,万,,ATOMIC_OR_ROOT_RECORD,PASS,
19,口,"mouth, *opening*",,,,,,口,口,口,ATOMIC_OR_ROOT_RECORD,PASS_WITH_NOTES,KLC character is represented by its shared RAD record in the component map
20,田,"rice field, *head*",,,,,,田,田,田,ATOMIC_OR_ROOT_RECORD,PASS_WITH_NOTES,KLC character is represented by its shared RAD record in the component map
21,目,eye,,,,,,目,目,目,ATOMIC_OR_ROOT_RECORD,PASS_WITH_NOTES,KLC character is represented by its shared RAD record in the component map
22,川,river,,,,,,川,川,川,ATOMIC_OR_ROOT_RECORD,PASS_WITH_NOTES,KLC character is represented by its shared RAD record in the component map
23,月,"moon, month, *flesh*, *body part*",,,肉,meat,肉,月 → 肉,肉,肉,EARLIER_KLC_OR_PRIMITIVE_ONLY,PASS_WITH_NOTES,KLC character is represented by its shared RAD record in the component map
24,明,"BRIGHT, CLEAR, CHEERFUL","メイ, ミョウ","あ.かり, あ.ける, -あ.け, あ.く, あ.くる, あ.かす  あか.るい, あか.るむ, あか.らむ  あき.らか",日 | 月,"sun, day | moon, month, *flesh*, *body part*",日 | 月,明 → 日 + 月,日 | 月,日 | 月,EARLIER_KLC_OR_PRIMITIVE_ONLY,PASS,
25,曜,DAY OF THE WEEK,ヨウ,,隹 | 日,"small bird | sun, day",隹 | 日,曜 → 隹 + 日,隹 | 日,隹 | 日,EARLIER_KLC_OR_PRIMITIVE_ONLY,PASS,
26,火,fire,,,,,,火,火,火,ATOMIC_OR_ROOT_RECORD,PASS_WITH_NOTES,KLC character is represented by its shared RAD record in the component map
27,水,"water, *liquid*",,,,,,水,水,水,ATOMIC_OR_ROOT_RECORD,PASS_WITH_NOTES,KLC character is represented by its shared RAD record in the component map
28,木,tree,,,,,,木,木,木,ATOMIC_OR_ROOT_RECORD,PASS_WITH_NOTES,KLC character is represented by its shared RAD record in the component map
29,金,"metal, gold, money",,,人,"person, *roof*",人,金 → 人,人,人,EARLIER_KLC_OR_PRIMITIVE_ONLY,PASS_WITH_NOTES,KLC character is represented by its shared RAD record in the component map
30,土,"soil, earth",,,,,,土,土,土,ATOMIC_OR_ROOT_RECORD,PASS_WITH_NOTES,KLC character is represented by its shared RAD record in the component map
31,本,"BOOK, ORIGIN, THIS",ホン,もと,木,tree,木,本 → 木,木,木,EARLIER_KLC_OR_PRIMITIVE_ONLY,PASS,
32,東,EAST,トウ,ひがし,日 | 木,"sun, day | tree",日 | 木,東 → 日 + 木,日 | 木,日 | 木,EARLIER_KLC_OR_PRIMITIVE_ONLY,PASS,
33,大,"big, university",,,,,,大,大,大,ATOMIC_OR_ROOT_RECORD,PASS_WITH_NOTES,KLC character is represented by its shared RAD record in the component map
34,小,small,,,,,,小,小,小,ATOMIC_OR_ROOT_RECORD,PASS_WITH_NOTES,KLC character is represented by its shared RAD record in the component map
35,中,"MIDDLE, IN, CHINA","チュウ, ジュウ",なか,,,,中,中,,ATOMIC_OR_ROOT_RECORD,PASS,
36,生,"life, student, *growing plant*",,,,,,生,生,生,ATOMIC_OR_ROOT_RECORD,PASS_WITH_NOTES,KLC character is represented by its shared RAD record in the component map
37,山,mountain,,,,,,山,山,山,ATOMIC_OR_ROOT_RECORD,PASS_WITH_NOTES,KLC character is represented by its shared RAD record in the component map
38,出,"EXIT, GO OUT, PUT OUT","シュツ, スイ","で.る, -で  [-]だ.す",山,mountain,山,出 → 山,山,山,EARLIER_KLC_OR_PRIMITIVE_ONLY,PASS,
39,入,"enter, put in",,,,,,入,入,入,ATOMIC_OR_ROOT_RECORD,PASS_WITH_NOTES,KLC character is represented by its shared RAD record in the component map
40,下,"DOWN, BELOW","カ, ゲ","した  しも  もと  さ.げる, さ.がる  くだ.る, くだ.り, [-]くだ.す, くだ.さる  お.ろす, お.りる",,,,下,下,,ATOMIC_OR_ROOT_RECORD,PASS,
41,上,"UP, ABOVE","ジョウ, ショウ","[-]うえ  うわ-  かみ  [-]あ.げる, [-]あ.がる, [-]あ.がり  のぼ.る, のぼ.り, のぼ.せる, のぼ.す",,,,上,上,,ATOMIC_OR_ROOT_RECORD,PASS,
42,止,stop,,,,,,止,止,止,ATOMIC_OR_ROOT_RECORD,PASS_WITH_NOTES,KLC character is represented by its shared RAD record in the component map
43,正,"CORRECT, RIGHT","セイ, ショウ","ただ.しい, ただ.す  まさ, まさ.に",止,stop,止,正 → 止,止,止,EARLIER_KLC_OR_PRIMITIVE_ONLY,PASS,
44,足,"foot, suffice",,,,,,足,足,足,ATOMIC_OR_ROOT_RECORD,PASS_WITH_NOTES,KLC character is represented by its shared RAD record in the component map
45,定,"FIX, DETERMINE","テイ, ジョウ","さだ.める, さだ.まる, さだ.か",宀 | 疋,roof | bolt of cloth,宀 | 疋,定 → 宀 + 疋,宀 | 疋,宀 | 疋,EARLIER_KLC_OR_PRIMITIVE_ONLY,PASS,
46,手,"hand, performer of action",,,,,,手,手,手,ATOMIC_OR_ROOT_RECORD,PASS_WITH_NOTES,KLC character is represented by its shared RAD record in the component map
47,用,"use, task, *container*",,,,,,用,用,用,ATOMIC_OR_ROOT_RECORD,PASS_WITH_NOTES,KLC character is represented by its shared RAD record in the component map
48,無,"WITHOUT, NOTHING","ム, ブ",な.い,火 | 冊,"fire | COUNTER FOR BOOKS, *bookcase*",火,無 → 火 + 冊,火 | 冊,火,HAS_LATER_KLC_REFERENCE,PASS_WITH_NOTES,Third-party visual mnemonic contains a later KLC reference; it is not treated as a canonical prerequisite
49,不,"NOT, UN-","フ, ブ",,,,,不,不,,ATOMIC_OR_ROOT_RECORD,PASS,
50,回,"TURN ROUND, TIMES","カイ, エ","[-]まわ.る, -まわ.り, [-]まわ.す, まわ.し-, -まわ.し",,,,回,回,,ATOMIC_OR_ROOT_RECORD,PASS,
51,言,"speech, word, say",,,,,,言,言,言,ATOMIC_OR_ROOT_RECORD,PASS_WITH_NOTES,KLC character is represented by its shared RAD record in the component map
52,舌,tongue,,,,,,舌,舌,舌,ATOMIC_OR_ROOT_RECORD,PASS_WITH_NOTES,KLC character is represented by its shared RAD record in the component map
53,話,SPEAK,ワ,はな.す  はなし,言 | 舌,"speech, word, say | tongue",言 | 舌,話 → 言 + 舌,言 | 舌,言 | 舌,EARLIER_KLC_OR_PRIMITIVE_ONLY,PASS,
54,活,"ACTIVE, LIVE",カツ,"い.きる*, い.かす*",水 | 舌,"water, *liquid* | tongue",水 | 舌,活 → 水 + 舌,水 | 舌,水 | 舌,EARLIER_KLC_OR_PRIMITIVE_ONLY,PASS,
55,行,"go, act",,,,,,行,行,行,ATOMIC_OR_ROOT_RECORD,PASS_WITH_NOTES,KLC character is represented by its shared RAD record in the component map
56,心,"heart, mind, spirit",,,,,,心,心,心,ATOMIC_OR_ROOT_RECORD,PASS_WITH_NOTES,KLC character is represented by its shared RAD record in the component map
57,耳,"ear, hearing",,,,,,耳,耳,耳,ATOMIC_OR_ROOT_RECORD,PASS_WITH_NOTES,KLC character is represented by its shared RAD record in the component map
58,又,"again, or, *hand*",,,,,,又,又,又,ATOMIC_OR_ROOT_RECORD,PASS_WITH_NOTES,KLC character is represented by its shared RAD record in the component map
59,取,TAKE,シュ,"と.る, と.り[-], とり-, -ど.り",又 | 耳,"again, or, *hand* | ear, hearing",又 | 耳,取 → 又 + 耳,又 | 耳,又 | 耳,EARLIER_KLC_OR_PRIMITIVE_ONLY,PASS,
60,身,"body, social position",,,,,,身,身,身,ATOMIC_OR_ROOT_RECORD,PASS_WITH_NOTES,KLC character is represented by its shared RAD record in the component map
61,休,REST,キュウ,"やす.む, やす.まる, やす.める",人 | 木,"person, *roof* | tree",人 | 木,休 → 人 + 木,人 | 木,人 | 木,EARLIER_KLC_OR_PRIMITIVE_ONLY,PASS,
62,体,"BODY, FORM","タイ, テイ",からだ,人 | 本,"person, *roof* | BOOK, ORIGIN, THIS",人,体 → 人 + 本,人 | 木,人 | 木,EARLIER_KLC_OR_PRIMITIVE_ONLY,PASS,
63,信,"BELIEVE, MESSAGE",シン,,人 | 言,"person, *roof* | speech, word, say",人 | 言,信 → 人 + 言,人 | 言,人 | 言,EARLIER_KLC_OR_PRIMITIVE_ONLY,PASS,
64,付,"ATTACH, HAND OVER",フ,"[-]つ.ける, -づ.ける, つ.け[-], -つ.け, -づ.け, つ.く, -づ.く, [-]つ.き, -づ.き  -づけ  -つき, -づき",人 | 寸,"person, *roof* | measurement, tenth of shaku, a bit of",人 | 寸,付 → 人 + 寸,人 | 寸,人 | 寸,EARLIER_KLC_OR_PRIMITIVE_ONLY,PASS,
65,受,"RECEIVE, ACCEPT",ジュ,"う.ける, -う.け, う.かる",爪 | 冖 | 又,"claw | cloth cover | again, or, *hand*",爪 | 冖 | 又,受 → 爪 + 冖 + 又,爪 | 冖 | 又,爪 | 冖 | 又,EARLIER_KLC_OR_PRIMITIVE_ONLY,PASS,
66,以,"TO THE … OF, BY MEANS OF",イ,もっ.て*,人,"person, *roof*",人,以 → 人,人,人,EARLIER_KLC_OR_PRIMITIVE_ONLY,PASS,
67,立,stand,,,,,,立,立,立,ATOMIC_OR_ROOT_RECORD,PASS_WITH_NOTES,KLC character is represented by its shared RAD record in the component map
68,部,"SECTION, DEPARTMENT",ブ,,邑,city [right of kanji],邑,部 → 邑,邑,邑,EARLIER_KLC_OR_PRIMITIVE_ONLY,PASS,
69,倍,"DOUBLE, TIMES",バイ,,人 | 立 | 口,"person, *roof* | stand | mouth, *opening*",人 | 立 | 口,倍 → 人 + 立 + 口,人 | 立 | 口,人 | 立 | 口,EARLIER_KLC_OR_PRIMITIVE_ONLY,PASS,
70,成,"BECOME, ACHIEVE","セイ, ジョウ","な.る, [-]な.す",刀 | 戈,"knife, sword, *cut* | halberd, spear",刀 | 戈,成 → 刀 + 戈,刀 | 戈,刀 | 戈,EARLIER_KLC_OR_PRIMITIVE_ONLY,PASS,
71,代,"SUBSTITUTE, REPLACE, GENERATION","ダイ, タイ","か.わる, か.わり, -が.わり, か.える  よ  しろ",人 | 弋,"person, *roof* | shoot, ceremony, arrow",人 | 弋,代 → 人 + 弋,人 | 弋,人 | 弋,EARLIER_KLC_OR_PRIMITIVE_ONLY,PASS,
72,王,KING,オウ,,,,,王,王,,ATOMIC_OR_ROOT_RECORD,PASS,
73,玉,"jewel, spherical object",,,王,KING,,玉 → 王,王,,EARLIER_KLC_OR_PRIMITIVE_ONLY,PASS_WITH_NOTES,KLC character is represented by its shared RAD record in the component map
74,宝,TREASURE,ホウ,たから,玉 | 宀,"jewel, spherical object | roof",玉 | 宀,宝 → 玉 + 宀,玉 | 宀,玉 | 宀,EARLIER_KLC_OR_PRIMITIVE_ONLY,PASS,
75,国,COUNTRY,コク,くに,玉 | 囗,"jewel, spherical object | box enclosure, *borders*",玉 | 囗,国 → 玉 + 囗,玉 | 囗,玉 | 囗,EARLIER_KLC_OR_PRIMITIVE_ONLY,PASS,
76,白,white,,,日,"sun, day",日,白 → 日,日,日,EARLIER_KLC_OR_PRIMITIVE_ONLY,PASS_WITH_NOTES,KLC character is represented by its shared RAD record in the component map
77,皇,EMPEROR,"コウ, オウ",,王 | 白,KING | white,白,皇 → 王 + 白,王 | 白,白,EARLIER_KLC_OR_PRIMITIVE_ONLY,PASS,
78,全,WHOLE,ゼン,まった.く  すべ.て,王 | 人,"KING | person, *roof*",人,全 → 王 + 人,王 | 人,人,EARLIER_KLC_OR_PRIMITIVE_ONLY,PASS,
79,書,"WRITE, BOOK",ショ,"か.く, -が.き  -がき",聿 | 曰,brush | say,聿 | 曰,書 → 聿 + 曰,聿 | 曰,聿 | 曰,EARLIER_KLC_OR_PRIMITIVE_ONLY,PASS,
80,事,"AFFAIR, ABSTRACT THING","ジ, ズ",こと,古 | 聿,"OLD, *tombstone* | brush",聿,事 → 古 + 聿,古 | 聿,聿,HAS_LATER_KLC_REFERENCE,PASS_WITH_NOTES,Third-party visual mnemonic contains a later KLC reference; it is not treated as a canonical prerequisite
81,自,self,,,,,,自,自,自,ATOMIC_OR_ROOT_RECORD,PASS_WITH_NOTES,KLC character is represented by its shared RAD record in the component map
82,貝,"shellfish, money, wealth",,,,,,貝,貝,貝,ATOMIC_OR_ROOT_RECORD,PASS_WITH_NOTES,KLC character is represented by its shared RAD record in the component map
83,見,see,,,目 | 儿,"eye | son, legs",目 | 儿,見 → 目 + 儿,目 | 儿,目 | 儿,EARLIER_KLC_OR_PRIMITIVE_ONLY,PASS_WITH_NOTES,KLC character is represented by its shared RAD record in the component map
84,力,"power, strength",,,,,,力,力,力,ATOMIC_OR_ROOT_RECORD,PASS_WITH_NOTES,KLC character is represented by its shared RAD record in the component map
85,刀,"knife, sword, *cut*",,,,,,刀,刀,刀,ATOMIC_OR_ROOT_RECORD,PASS_WITH_NOTES,KLC character is represented by its shared RAD record in the component map
86,切,CUT,"セツ, サイ","[-]き.る, [-]き.り, -ぎ.り, [-]き.れる, [-]き.れ, -ぎ.れ",人 | 刀,"person, *roof* | knife, sword, *cut*",人 | 刀,切 → 人 + 刀,人 | 刀,人 | 刀,EARLIER_KLC_OR_PRIMITIVE_ONLY,PASS,
87,刃,BLADE,ジン,は,刀,"knife, sword, *cut*",刀,刃 → 刀,刀,刀,EARLIER_KLC_OR_PRIMITIVE_ONLY,PASS,
88,分,"DIVIDE, PART, MINUTE","ブン, フン, ブ","わ.ける, わ.け, わ.かれる, わ.かる, わ.かつ",刀 | 八,"knife, sword, *cut* | eight, split",刀 | 八,分 → 刀 + 八,刀 | 八,刀 | 八,EARLIER_KLC_OR_PRIMITIVE_ONLY,PASS,
89,公,PUBLIC,コウ,おおやけ,厶,"private, *self*",厶,公 → 厶,厶,厶,EARLIER_KLC_OR_PRIMITIVE_ONLY,PASS,
90,別,"SEPARATE, ANOTHER",ベツ,わか.れる,刀,"knife, sword, *cut*",刀,別 → 刀,刀,刀,EARLIER_KLC_OR_PRIMITIVE_ONLY,PASS,
91,長,"long, leader",,,,,,長,長,長,ATOMIC_OR_ROOT_RECORD,PASS_WITH_NOTES,KLC character is represented by its shared RAD record in the component map
92,男,MAN,"ダン, ナン",おとこ,力 | 田,"power, strength | rice field, *head*",力 | 田,男 → 力 + 田,力 | 田,力 | 田,EARLIER_KLC_OR_PRIMITIVE_ONLY,PASS,
93,女,woman,,,,,,女,女,女,ATOMIC_OR_ROOT_RECORD,PASS_WITH_NOTES,KLC character is represented by its shared RAD record in the component map
94,子,child,,,,,,子,子,子,ATOMIC_OR_ROOT_RECORD,PASS_WITH_NOTES,KLC character is represented by its shared RAD record in the component map
95,好,"LIKE, FAVORABLE",コウ,この.む  す.く  よ.い*  い.い*,女 | 子,woman | child,女 | 子,好 → 女 + 子,女 | 子,女 | 子,EARLIER_KLC_OR_PRIMITIVE_ONLY,PASS,
96,安,"PEACEFUL, INEXPENSIVE",アン,"やす.い, やす.まる, やす, やす.らか",女 | 宀,woman | roof,女 | 宀,安 → 女 + 宀,女 | 宀,女 | 宀,EARLIER_KLC_OR_PRIMITIVE_ONLY,PASS,
97,案,"PROPOSAL, PLAN",アン,,安 | 木,"PEACEFUL, INEXPENSIVE | tree",木,案 → 安 + 木,女 | 宀 | 木,女 | 宀 | 木,EARLIER_KLC_OR_PRIMITIVE_ONLY,PASS,
98,字,"CHARACTER, LETTER",ジ,あざ,子 | 宀,child | roof,子 | 宀,字 → 子 + 宀,子 | 宀,子 | 宀,EARLIER_KLC_OR_PRIMITIVE_ONLY,PASS,
99,学,"STUDY, LEARNING",ガク,まな.ぶ,小 | 子,small | child,小 | 子,学 → 小 + 子,小 | 子,小 | 子,EARLIER_KLC_OR_PRIMITIVE_ONLY,PASS,
100,父,father,,,,,,父,父,父,ATOMIC_OR_ROOT_RECORD,PASS_WITH_NOTES,KLC character is represented by its shared RAD record in the component map
101,文,"script, literature",,,,,,文,文,文,ATOMIC_OR_ROOT_RECORD,PASS_WITH_NOTES,KLC character is represented by its shared RAD record in the component map
102,交,"MIXING, CROSS, ASSOCIATION",コウ,"まじ.わる, まじ.える  ま.じる = ま.ざる, ま.ぜる  -か.う, か.わす",父 | 亠,father | lid,父 | 亠,交 → 父 + 亠,父 | 亠,父 | 亠,EARLIER_KLC_OR_PRIMITIVE_ONLY,PASS,
103,校,"SCHOOL, PROOFREAD",コウ,,木 | 交,"tree | MIXING, CROSS, ASSOCIATION",木,校 → 木 + 交,木 | 父 | 亠,木 | 父 | 亠,EARLIER_KLC_OR_PRIMITIVE_ONLY,PASS,
104,母,"mother, do not",,,,,,母,母,母,ATOMIC_OR_ROOT_RECORD,PASS_WITH_NOTES,KLC character is represented by its shared RAD record in the component map
105,毎,"EVERY, EACH",マイ,-ごと.に*,人 | 母,"person, *roof* | mother, do not",人 | 母,毎 → 人 + 母,人 | 母,人 | 母,EARLIER_KLC_OR_PRIMITIVE_ONLY,PASS,
106,海,SEA,カイ,うみ,毎 | 水,"EVERY, EACH | water, *liquid*",水,海 → 毎 + 水,人 | 母 | 水,人 | 母 | 水,EARLIER_KLC_OR_PRIMITIVE_ONLY,PASS,
107,者,"PERSON, SOMEBODY",シャ,もの,老 | 日,"old, buried | sun, day",老 | 日,者 → 老 + 日,老 | 日,老 | 日,EARLIER_KLC_OR_PRIMITIVE_ONLY,PASS,
108,工,"construction, craft, work",,,,,,工,工,工,ATOMIC_OR_ROOT_RECORD,PASS_WITH_NOTES,KLC character is represented by its shared RAD record in the component map
109,式,"CEREMONY, FORM",シキ,,工 | 弋,"construction, craft, work | shoot, ceremony, arrow",工 | 弋,式 → 工 + 弋,工 | 弋,工 | 弋,EARLIER_KLC_OR_PRIMITIVE_ONLY,PASS,
110,弐,TWO [in legal documents],ニ,,二 | 弋,"two | shoot, ceremony, arrow",二 | 弋,弐 → 二 + 弋,二 | 弋,二 | 弋,EARLIER_KLC_OR_PRIMITIVE_ONLY,PASS,
111,武,"MILITARY, WARRIOR","ブ, ム",,止 | 弋,"stop | shoot, ceremony, arrow",止 | 弋,武 → 止 + 弋,止 | 弋,止 | 弋,EARLIER_KLC_OR_PRIMITIVE_ONLY,PASS,
112,糸,"thread, silk",,,,,,糸,糸,糸,ATOMIC_OR_ROOT_RECORD,PASS_WITH_NOTES,KLC character is represented by its shared RAD record in the component map
113,前,"BEFORE, AHEAD",ゼン,[-]まえ,刀 | 月,"knife, sword, *cut* | moon, month, *flesh*, *body part*",刀 | 月,前 → 刀 + 月,刀 | 月,刀 | 月,EARLIER_KLC_OR_PRIMITIVE_ONLY,PASS,
114,後,"AFTER, BEHIND","ゴ, コウ",のち  うし.ろ  うしろ  あと  おく.れる,夂 | 幺 | 彳,"winter, go, *rooftop*, *crossed legs* | short thread, *child* | linger, stop, go",夂 | 幺 | 彳,後 → 夂 + 幺 + 彳,夂 | 幺 | 彳,夂 | 幺 | 彳,EARLIER_KLC_OR_PRIMITIVE_ONLY,PASS,
115,午,"NOON, SIGN OF THE HORSE",ゴ,,干,dry,干,午 → 干,干,干,EARLIER_KLC_OR_PRIMITIVE_ONLY,PASS,
116,牛,"cow, cattle",,,午,"NOON, SIGN OF THE HORSE",,牛 → 午,干,干,EARLIER_KLC_OR_PRIMITIVE_ONLY,PASS_WITH_NOTES,KLC character is represented by its shared RAD record in the component map
117,年,YEAR,ネン,とし,午,"NOON, SIGN OF THE HORSE",,年 → 午,干,干,EARLIER_KLC_OR_PRIMITIVE_ONLY,PASS,
118,件,"MATTER, CASE",ケン,,人 | 牛,"person, *roof* | cow, cattle",人 | 牛,件 → 人 + 牛,人 | 牛,人 | 牛,EARLIER_KLC_OR_PRIMITIVE_ONLY,PASS,
119,条,"ARTICLE, CLAUSE",ジョウ,,木 | 夂,"tree | winter, go, *rooftop*, *crossed legs*",木 | 夂,条 → 木 + 夂,木 | 夂,木 | 夂,EARLIER_KLC_OR_PRIMITIVE_ONLY,PASS,
120,化,"CHANGE INTO, CONVERT","カ, ケ","ば.ける, ば.かす",人 | 匕,"person, *roof* | spoon, *seated person*",人 | 匕,化 → 人 + 匕,人 | 匕,人 | 匕,EARLIER_KLC_OR_PRIMITIVE_ONLY,PASS,
121,花,FLOWER,カ,はな,艸 | 化,"grass, vegetation | CHANGE INTO, CONVERT",艸,花 → 艸 + 化,艸 | 人 | 匕,艸 | 人 | 匕,EARLIER_KLC_OR_PRIMITIVE_ONLY,PASS,
122,北,NORTH,ホク,きた,匕,"spoon, *seated person*",匕,北 → 匕,匕,匕,EARLIER_KLC_OR_PRIMITIVE_ONLY,PASS,
123,比,"compare, contrast",,,匕,"spoon, *seated person*",匕,比 → 匕,匕,匕,EARLIER_KLC_OR_PRIMITIVE_ONLY,PASS_WITH_NOTES,KLC character is represented by its shared RAD record in the component map
124,背,"BACK, STATURE",ハイ,"せ  せい  そむ.く, そむ.ける",北 | 月,"NORTH | moon, month, *flesh*, *body part*",月,背 → 北 + 月,匕 | 月,匕 | 月,EARLIER_KLC_OR_PRIMITIVE_ONLY,PASS,
125,車,"car, cart",,,,,,車,車,車,ATOMIC_OR_ROOT_RECORD,PASS_WITH_NOTES,KLC character is represented by its shared RAD record in the component map
126,気,"GAS, SPIRIT","キ, ケ",,气 | 㐅,"steam, breath | killing, x marks the spot",气,気 → 气 + 㐅,气 | 㐅,气,EARLIER_KLC_OR_PRIMITIVE_ONLY,PASS,
127,汽,STEAM,キ,,水 | 气,"water, *liquid* | steam, breath",水 | 气,汽 → 水 + 气,水 | 气,水 | 气,EARLIER_KLC_OR_PRIMITIVE_ONLY,PASS,
128,性,"NATURE, SEX, INNATE QUALITY","セイ, ショウ",,心 | 生,"heart, mind, spirit | life, student, *growing plant*",心 | 生,性 → 心 + 生,心 | 生,心 | 生,EARLIER_KLC_OR_PRIMITIVE_ONLY,PASS,
129,畑,CULTIVATED FIELD,,"はた = はたけ, -ばたけ",田 | 火,"rice field, *head* | fire",田 | 火,畑 → 田 + 火,田 | 火,田 | 火,EARLIER_KLC_OR_PRIMITIVE_ONLY,PASS,
130,青,"blue, green",,,生 | 月,"life, student, *growing plant* | moon, month, *flesh*, *body part*",生 | 月,青 → 生 + 月,生 | 月,生 | 月,EARLIER_KLC_OR_PRIMITIVE_ONLY,PASS_WITH_NOTES,KLC character is represented by its shared RAD record in the component map
131,麦,WHEAT,バク,むぎ,生 | 夂,"life, student, *growing plant* | winter, go, *rooftop*, *crossed legs*",生 | 夂,麦 → 生 + 夂,生 | 夂,生 | 夂,EARLIER_KLC_OR_PRIMITIVE_ONLY,PASS,
132,素,"ELEMENT, PLAIN","ソ, ス",もと*,生 | 糸,"life, student, *growing plant* | thread, silk",生 | 糸,素 → 生 + 糸,生 | 糸,生 | 糸,EARLIER_KLC_OR_PRIMITIVE_ONLY,PASS,
133,毒,POISON,ドク,,母 | 生,"mother, do not | life, student, *growing plant*",母 | 生,毒 → 母 + 生,母 | 生,母 | 生,EARLIER_KLC_OR_PRIMITIVE_ONLY,PASS,
134,先,"AHEAD OF, PREVIOUS",セン,さき  ま.ず*,,,,先,先,,ATOMIC_OR_ROOT_RECORD,PASS,
135,洗,WASH,セン,あら.う,水 | 先,"water, *liquid* | AHEAD OF, PREVIOUS",水,洗 → 水 + 先,水 | 先,水,EARLIER_KLC_OR_PRIMITIVE_ONLY,PASS,
136,元,ORIGIN,"ゲン, ガン",もと,,,,元,元,,ATOMIC_OR_ROOT_RECORD,PASS,
137,光,"LIGHT, GLOW",コウ,ひか.る  ひかり,,,,光,光,,ATOMIC_OR_ROOT_RECORD,PASS,
138,去,"GONE, LEAVE, PAST","キョ, コ",[-]さ.る,厶 | 土,"private, *self* | soil, earth",厶 | 土,去 → 厶 + 土,厶 | 土,厶 | 土,EARLIER_KLC_OR_PRIMITIVE_ONLY,PASS,
139,法,"LAW, METHOD","ホウ, ハッ-, ホッ-",のり,水 | 去,"water, *liquid* | GONE, LEAVE, PAST",水,法 → 水 + 去,水 | 厶 | 土,水 | 厶 | 土,EARLIER_KLC_OR_PRIMITIVE_ONLY,PASS,
140,走,run,,,足 | 土,"foot, suffice | soil, earth",足 | 土,走 → 足 + 土,足 | 土,足 | 土,EARLIER_KLC_OR_PRIMITIVE_ONLY,PASS_WITH_NOTES,KLC character is represented by its shared RAD record in the component map
141,当,"THE PRESENT, HIT THE MARK",トウ,"あ.たる, あ.たり, あ.てる, あ.て",ヨ,"nails, pierce",,当 → ヨ,ヨ,,EARLIER_KLC_OR_PRIMITIVE_ONLY,PASS,
142,思,"THINK, WISH",シ,おも.う,田 | 心,"rice field, *head* | heart, mind, spirit",田 | 心,思 → 田 + 心,田 | 心,田 | 心,EARLIER_KLC_OR_PRIMITIVE_ONLY,PASS,
143,早,"EARLY, QUICK","ソウ, サッ-","はや.い, はや[-], はや.まる, はや.める",日 | 十,"sun, day | ten, complete, *cross*, *needle*, *plant*",日 | 十,早 → 日 + 十,日 | 十,日 | 十,EARLIER_KLC_OR_PRIMITIVE_ONLY,PASS,
144,草,GRASS,ソウ,"くさ[-], -ぐさ",艸 | 早,"grass, vegetation | EARLY, QUICK",艸,草 → 艸 + 早,艸 | 日 | 十,艸 | 日 | 十,EARLIER_KLC_OR_PRIMITIVE_ONLY,PASS,
145,朝,"MORNING, DYNASTY",チョウ,あさ,日 | 十 | 月,"sun, day | ten, complete, *cross*, *needle*, *plant* | moon, month, *flesh*, *body part*",日 | 十 | 月,朝 → 日 + 十 + 月,日 | 十 | 月,日 | 十 | 月,EARLIER_KLC_OR_PRIMITIVE_ONLY,PASS,
146,潮,MORNING TIDE,チョウ,しお,水 | 朝,"water, *liquid* | MORNING, DYNASTY",水,潮 → 水 + 朝,水 | 日 | 十 | 月,水 | 日 | 十 | 月,EARLIER_KLC_OR_PRIMITIVE_ONLY,PASS,
147,形,SHAPE,"ケイ, ギョウ","かた, -がた  かたち",开,torii gate,,形 → 开,开,,EARLIER_KLC_OR_PRIMITIVE_ONLY,PASS,
148,発,"DEPART, EMIT, OPEN UP","ハツ, ホツ",た.つ*,癶 | 开,"footsteps, tent | torii gate",癶,発 → 癶 + 开,癶 | 开,癶,EARLIER_KLC_OR_PRIMITIVE_ONLY,PASS,
149,廃,"ABANDON, WASTE",ハイ,すた.れる,発 | 广,"DEPART, EMIT, OPEN UP | dotted cliff, *shelter*",广,廃 → 発 + 广,癶 | 开 | 广,癶 | 广,EARLIER_KLC_OR_PRIMITIVE_ONLY,PASS,
150,音,sound,,,立 | 日,"stand | sun, day",立 | 日,音 → 立 + 日,立 | 日,立 | 日,EARLIER_KLC_OR_PRIMITIVE_ONLY,PASS_WITH_NOTES,KLC character is represented by its shared RAD record in the component map
151,意,"IDEA, OPINION, THOUGHT",イ,,音 | 心,"sound | heart, mind, spirit",音 | 心,意 → 音 + 心,音 | 心,音 | 心,EARLIER_KLC_OR_PRIMITIVE_ONLY,PASS,
152,作,"MAKE, WORK","サク, サ","つく.る, つく.り, -づく.り",人 | 乍,"person, *roof* | saw",人,作 → 人 + 乍,人 | 乍,人,EARLIER_KLC_OR_PRIMITIVE_ONLY,PASS,
153,昨,"YESTERDAY, LAST",サク,,乍 | 日,"saw | sun, day",日,昨 → 乍 + 日,乍 | 日,日,EARLIER_KLC_OR_PRIMITIVE_ONLY,PASS,
154,雨,rain,,,,,,雨,雨,雨,ATOMIC_OR_ROOT_RECORD,PASS_WITH_NOTES,KLC character is represented by its shared RAD record in the component map
155,電,ELECTRICITY,デン,,雨 | 田,"rain | rice field, *head*",雨 | 田,電 → 雨 + 田,雨 | 田,雨 | 田,EARLIER_KLC_OR_PRIMITIVE_ONLY,PASS,
156,頁,"leaf, page, *head*",,,首,"head, neck, leader",首,頁 → 首,首,首,EARLIER_KLC_OR_PRIMITIVE_ONLY,PASS_WITH_NOTES,KLC character is represented by its shared RAD record in the component map
157,首,"head, neck, leader",,,,,,首,首,首,ATOMIC_OR_ROOT_RECORD,PASS_WITH_NOTES,KLC character is represented by its shared RAD record in the component map
158,道,"WAY, ROAD","ドウ, トウ",みち,辵 | 首,"walk, *transport* | head, neck, leader",辵 | 首,道 → 辵 + 首,辵 | 首,辵 | 首,EARLIER_KLC_OR_PRIMITIVE_ONLY,PASS,
159,通,"PASS THROUGH, COMMUNICATE","ツウ, ツ","とお.る, [-]とお.り, -どお.り, とお.す, とお.し, -どお.し  かよ.う",辵 | 甬,"walk, *transport* | move forward",辵,通 → 辵 + 甬,辵 | 甬,辵,EARLIER_KLC_OR_PRIMITIVE_ONLY,PASS,
160,乳,"MILK, BREAST",ニュウ,ちち  ち,爪 | 子,claw | child,爪 | 子,乳 → 爪 + 子,爪 | 子,爪 | 子,EARLIER_KLC_OR_PRIMITIVE_ONLY,PASS,
161,豆,"bean, pea, small thing",,,,,,豆,豆,豆,ATOMIC_OR_ROOT_RECORD,PASS_WITH_NOTES,KLC character is represented by its shared RAD record in the component map
162,頭,"HEAD, TOP","トウ, ズ","あたま  かしら, -がしら",豆 | 頁,"bean, pea, small thing | leaf, page, *head*",豆 | 頁,頭 → 豆 + 頁,豆 | 頁,豆 | 頁,EARLIER_KLC_OR_PRIMITIVE_ONLY,PASS,
163,予,"BEFOREHAND, IN ADVANCE",ヨ,あらかじ.め*,,,,予,予,,ATOMIC_OR_ROOT_RECORD,PASS,
164,矛,spear,,,予,"BEFOREHAND, IN ADVANCE",,矛 → 予,予,,EARLIER_KLC_OR_PRIMITIVE_ONLY,PASS_WITH_NOTES,KLC character is represented by its shared RAD record in the component map
165,預,DEPOSIT,ヨ,あず.かる・あず.ける,予 | 頁,"BEFOREHAND, IN ADVANCE | leaf, page, *head*",頁,預 → 予 + 頁,予 | 頁,頁,EARLIER_KLC_OR_PRIMITIVE_ONLY,PASS,
166,句,"PHRASE, HAIKU",ク,,勹 | 口,"wrap, *elephant* | mouth, *opening*",勹 | 口,句 → 勹 + 口,勹 | 口,勹 | 口,EARLIER_KLC_OR_PRIMITIVE_ONLY,PASS,
167,旬,TEN-DAY PERIOD,"ジュン, シュン",,勹 | 日,"wrap, *elephant* | sun, day",勹 | 日,旬 → 勹 + 日,勹 | 日,勹 | 日,EARLIER_KLC_OR_PRIMITIVE_ONLY,PASS,
168,勺,SHAKU [area],シャク,,勹,"wrap, *elephant*",勹,勺 → 勹,勹,勹,EARLIER_KLC_OR_PRIMITIVE_ONLY,PASS,
169,的,"TARGET, ADJECTIVAL SUFFIX",テキ,まと,白 | 勺,white | SHAKU [area],白,的 → 白 + 勺,白 | 勹,白 | 勹,EARLIER_KLC_OR_PRIMITIVE_ONLY,PASS,
170,約,"PROMISE, SHORTEN, APPROXIMATELY",ヤク,,糸,"thread, silk",糸,約 → 糸,糸,糸,EARLIER_KLC_OR_PRIMITIVE_ONLY,PASS,
171,勿,"NOT, DO NOT","モチ, モッ-",なか.れ,勹,"wrap, *elephant*",勹,勿 → 勹,勹,勹,EARLIER_KLC_OR_PRIMITIVE_ONLY,PASS,
172,物,THING [usually physical],"ブツ, モツ",もの[-],勿 | 牛,"NOT, DO NOT | cow, cattle",牛,物 → 勿 + 牛,勹 | 牛,勹 | 牛,EARLIER_KLC_OR_PRIMITIVE_ONLY,PASS,
173,方,"direction, person, square",,,万,TEN THOUSAND,,方 → 万,万,,EARLIER_KLC_OR_PRIMITIVE_ONLY,PASS_WITH_NOTES,KLC character is represented by its shared RAD record in the component map
174,防,DEFEND AGAINST,ボウ,ふせ.ぐ,阜 | 方,"hill [left of kanji] | direction, person, square",阜 | 方,防 → 阜 + 方,阜 | 方,阜 | 方,EARLIER_KLC_OR_PRIMITIVE_ONLY,PASS,
175,面,"face, surface",,,,,,面,面,面,ATOMIC_OR_ROOT_RECORD,PASS_WITH_NOTES,KLC character is represented by its shared RAD record in the component map
176,画,PICTURE,"ガ, カク",,,,,画,画,,ATOMIC_OR_ROOT_RECORD,PASS,
177,両,BOTH,リョウ,,山,mountain,山,両 → 山,山,山,EARLIER_KLC_OR_PRIMITIVE_ONLY,PASS,
178,岡,HILL,,おか,冂 | 山,wide | mountain,冂 | 山,岡 → 冂 + 山,冂 | 山,冂 | 山,EARLIER_KLC_OR_PRIMITIVE_ONLY,PASS,
179,満,FULL,マン,"み.ちる, み.つ, み.たす",両 | 水 | 艸,"BOTH | water, *liquid* | grass, vegetation",水 | 艸,満 → 両 + 水 + 艸,山 | 水 | 艸,山 | 水 | 艸,EARLIER_KLC_OR_PRIMITIVE_ONLY,PASS,
180,顔,FACE,ガン,かお,頁 | 彡,"leaf, page, *head* | hair, fur, *chisel*",頁 | 彡,顔 → 頁 + 彡,頁 | 彡,頁 | 彡,EARLIER_KLC_OR_PRIMITIVE_ONLY,PASS,
181,産,"GIVE BIRTH, PRODUCE",サン,"う.む, う.まれる  うぶ-",生,"life, student, *growing plant*",生,産 → 生,生,生,EARLIER_KLC_OR_PRIMITIVE_ONLY,PASS,
182,同,SAME,ドウ,おな.じ,,,,同,同,,ATOMIC_OR_ROOT_RECORD,PASS,
183,向,"TURN TOWARD, OTHER SIDE",コウ,"む.く, [-]む.き, む.ける, -む.け, む.かう, む.こう[-]",同,SAME,,向 → 同,同,,EARLIER_KLC_OR_PRIMITIVE_ONLY,PASS,
184,尚,"STILL MORE, VALUE HIGHLY",ショウ,なお*,向,"TURN TOWARD, OTHER SIDE",,尚 → 向,同,,EARLIER_KLC_OR_PRIMITIVE_ONLY,PASS,
185,高,"high, amount, tall",,,,,,高,高,高,ATOMIC_OR_ROOT_RECORD,PASS_WITH_NOTES,KLC character is represented by its shared RAD record in the component map
186,圧,"PRESSURE, OVERWHELM",アツ,,厂 | 土,"cliff | soil, earth",厂 | 土,圧 → 厂 + 土,厂 | 土,厂 | 土,EARLIER_KLC_OR_PRIMITIVE_ONLY,PASS,
187,地,"GROUND, PLACE","チ, ジ",,土 | 也,"soil, earth | TO BE",土,地 → 土 + 也,土 | 也,土,EARLIER_KLC_OR_PRIMITIVE_ONLY,PASS,
188,池,POND,チ,いけ,水 | 也,"water, *liquid* | TO BE",水,池 → 水 + 也,水 | 也,水,EARLIER_KLC_OR_PRIMITIVE_ONLY,PASS,
189,他,OTHER,タ,ほか,人 | 也,"person, *roof* | TO BE",人,他 → 人 + 也,人 | 也,人,EARLIER_KLC_OR_PRIMITIVE_ONLY,PASS,
190,集,"GATHER, COLLECT",シュウ,"あつ.まる, あつ.める  つど.う",隹 | 木,small bird | tree,隹 | 木,集 → 隹 + 木,隹 | 木,隹 | 木,EARLIER_KLC_OR_PRIMITIVE_ONLY,PASS,
191,進,ADVANCE,シン,"すす.む, すす.める",隹 | 辵,"small bird | walk, *transport*",隹 | 辵,進 → 隹 + 辵,隹 | 辵,隹 | 辵,EARLIER_KLC_OR_PRIMITIVE_ONLY,PASS,
192,込,MOVE INWARD,,"[-]こ.む, [-]こ.み, こ.める",辵 | 入,"walk, *transport* | enter, put in",辵 | 入,込 → 辵 + 入,辵 | 入,辵 | 入,EARLIER_KLC_OR_PRIMITIVE_ONLY,PASS,
193,斤,"axe, kin [600 grams]",,,,,,斤,斤,斤,ATOMIC_OR_ROOT_RECORD,PASS_WITH_NOTES,KLC character is represented by its shared RAD record in the component map
194,近,"NEAR, RECENT",キン,ちか.い,辵 | 斤,"walk, *transport* | axe, kin [600 grams]",辵 | 斤,近 → 辵 + 斤,辵 | 斤,辵 | 斤,EARLIER_KLC_OR_PRIMITIVE_ONLY,PASS,
195,辺,"VICINITY, AREA",ヘン,あた.り  -べ,辵 | 刀,"walk, *transport* | knife, sword, *cut*",辵 | 刀,辺 → 辵 + 刀,辵 | 刀,辵 | 刀,EARLIER_KLC_OR_PRIMITIVE_ONLY,PASS,
196,最,MOST,サイ,もっと.も,取 | 日,"TAKE | sun, day",日,最 → 取 + 日,又 | 耳 | 日,又 | 耳 | 日,EARLIER_KLC_OR_PRIMITIVE_ONLY,PASS,
197,皿,"plate, dish",,,,,,皿,皿,皿,ATOMIC_OR_ROOT_RECORD,PASS_WITH_NOTES,KLC character is represented by its shared RAD record in the component map
198,血,blood,,,皿,"plate, dish",皿,血 → 皿,皿,皿,EARLIER_KLC_OR_PRIMITIVE_ONLY,PASS_WITH_NOTES,KLC character is represented by its shared RAD record in the component map
199,温,WARM [to touch],オン,"あたた.か = あたた.かい, あたた.まる, あたた.める",水 | 皿 | 日,"water, *liquid* | plate, dish | sun, day",水 | 皿 | 日,温 → 水 + 皿 + 日,水 | 皿 | 日,水 | 皿 | 日,EARLIER_KLC_OR_PRIMITIVE_ONLY,PASS,
200,湿,"MOIST, HUMIDITY",シツ,"しめ.る, しめ.す",温,WARM [to touch],,湿 → 温,水 | 皿 | 日,水 | 皿 | 日,EARLIER_KLC_OR_PRIMITIVE_ONLY,PASS,
201,爪,claw,,,,,,爪,爪,爪,ATOMIC_OR_ROOT_RECORD,PASS_WITH_NOTES,KLC character is represented by its shared RAD record in the component map
202,瓜,melon,,,爪,claw,爪,瓜 → 爪,爪,爪,EARLIER_KLC_OR_PRIMITIVE_ONLY,PASS_WITH_NOTES,KLC character is represented by its shared RAD record in the component map
203,巾,"cloth, towel, scarf",,,,,,巾,巾,巾,ATOMIC_OR_ROOT_RECORD,PASS_WITH_NOTES,KLC character is represented by its shared RAD record in the component map
204,布,"CLOTH, SPREAD",フ,ぬの,,,,布,布,,ATOMIC_OR_ROOT_RECORD,PASS,
205,市,"CITY, MARKET",シ,いち,巾 | 亠,"cloth, towel, scarf | lid",巾 | 亠,市 → 巾 + 亠,巾 | 亠,巾 | 亠,EARLIER_KLC_OR_PRIMITIVE_ONLY,PASS,
206,吊,"HANG, SUSPEND",チョウ,"つ.る, つ.り, つ.るす",巾,"cloth, towel, scarf",巾,吊 → 巾,巾,巾,EARLIER_KLC_OR_PRIMITIVE_ONLY,PASS,
207,泉,SPRING [fountain],セン,いずみ,白 | 水,"white | water, *liquid*",白 | 水,泉 → 白 + 水,白 | 水,白 | 水,EARLIER_KLC_OR_PRIMITIVE_ONLY,PASS,
208,原,"PLAIN [field], ORIGINAL",ゲン,はら,小 | 白 | 厂,small | white | cliff,小 | 白 | 厂,原 → 小 + 白 + 厂,小 | 白 | 厂,小 | 白 | 厂,EARLIER_KLC_OR_PRIMITIVE_ONLY,PASS,
209,源,SOURCE [origin],ゲン,みなもと,水 | 原,"water, *liquid* | PLAIN [field], ORIGINAL",水,源 → 水 + 原,水 | 小 | 白 | 厂,水 | 小 | 白 | 厂,EARLIER_KLC_OR_PRIMITIVE_ONLY,PASS,
210,線,LINE,セン,,糸 | 泉,"thread, silk | SPRING [fountain]",糸,線 → 糸 + 泉,糸 | 白 | 水,糸 | 白 | 水,EARLIER_KLC_OR_PRIMITIVE_ONLY,PASS,
211,綿,COTTON,メン,わた,糸 | 白 | 巾,"thread, silk | white | cloth, towel, scarf",糸 | 白 | 巾,綿 → 糸 + 白 + 巾,糸 | 白 | 巾,糸 | 白 | 巾,EARLIER_KLC_OR_PRIMITIVE_ONLY,PASS,
212,絹,SILK,ケン,きぬ,糸 | 口,"thread, silk | mouth, *opening*",糸 | 口,絹 → 糸 + 口,糸 | 口,糸 | 口,EARLIER_KLC_OR_PRIMITIVE_ONLY,PASS,
213,錦,BROCADE,キン,にしき,金 | 白 | 巾,"metal, gold, money | white | cloth, towel, scarf",金 | 白 | 巾,錦 → 金 + 白 + 巾,金 | 白 | 巾,金 | 白 | 巾,EARLIER_KLC_OR_PRIMITIVE_ONLY,PASS,
214,願,"WISH, ASK A FAVOR",ガン,ねが.う,原 | 頁,"PLAIN [field], ORIGINAL | leaf, page, *head*",頁,願 → 原 + 頁,小 | 白 | 厂 | 頁,小 | 白 | 厂 | 頁,EARLIER_KLC_OR_PRIMITIVE_ONLY,PASS,
215,内,INSIDE,"ナイ, ダイ",うち,人 | 冂,"person, *roof* | wide",人 | 冂,内 → 人 + 冂,人 | 冂,人 | 冂,EARLIER_KLC_OR_PRIMITIVE_ONLY,PASS,
216,肉,meat,,,,,,肉,肉,肉,ATOMIC_OR_ROOT_RECORD,PASS_WITH_NOTES,KLC character is represented by its shared RAD record in the component map
217,猪,WILD BOAR,チョ,い  いのしし,犬 | 者,"dog, small animal | PERSON, SOMEBODY",犬,猪 → 犬 + 者,犬 | 老 | 日,犬 | 老 | 日,EARLIER_KLC_OR_PRIMITIVE_ONLY,PASS,
218,豚,PIG,トン,ぶた,月 | 豕,"moon, month, *flesh*, *body part* | pig",月 | 豕,豚 → 月 + 豕,月 | 豕,月 | 豕,EARLIER_KLC_OR_PRIMITIVE_ONLY,PASS,
219,家,"HOUSE, FAMILY","カ, ケ",いえ  や  うち*,豕 | 宀,pig | roof,豕 | 宀,家 → 豕 + 宀,豕 | 宀,豕 | 宀,EARLIER_KLC_OR_PRIMITIVE_ONLY,PASS,
220,吾,EGO,ゴ,われ  わが-  あ-,,,,吾,吾,,ATOMIC_OR_ROOT_RECORD,PASS,
221,我,SELF,ガ,われ  わが-  わ.が-  は,戈 | 手,"halberd, spear | hand, performer of action",戈 | 手,我 → 戈 + 手,戈 | 手,戈 | 手,EARLIER_KLC_OR_PRIMITIVE_ONLY,PASS,
222,語,"WORD, LANGUAGE, TELL",ゴ,"かた.る, かた.らう",吾 | 言,"EGO | speech, word, say",言,語 → 吾 + 言,吾 | 言,言,EARLIER_KLC_OR_PRIMITIVE_ONLY,PASS,
223,伝,TRANSMIT,デン,"つた.わる, つた.える, つた.う, -づた.い",云,cloud,,伝 → 云,云,,EARLIER_KLC_OR_PRIMITIVE_ONLY,PASS,
224,転,"TURN, ROLL OVER",テン,"ころ.がる = ころ.げる, ころ.がす, ころ.ぶ",車 | 云,"car, cart | cloud",車,転 → 車 + 云,車 | 云,車,EARLIER_KLC_OR_PRIMITIVE_ONLY,PASS,
225,芸,"ART, CRAFT",ゲイ,,艸 | 云,"grass, vegetation | cloud",艸,芸 → 艸 + 云,艸 | 云,艸,EARLIER_KLC_OR_PRIMITIVE_ONLY,PASS,
226,会,"MEET, SOCIETY","カイ, エ","あ.う, あ.わせる",云 | 人,"cloud | person, *roof*",人,会 → 云 + 人,云 | 人,人,EARLIER_KLC_OR_PRIMITIVE_ONLY,PASS,
227,合,"COMBINE, FIT","ゴウ, ガッ-, カッ-","[-]あ.う, [-]あ.い, あ.わす = [-]あ.わせる  あい-, -あい",,,,合,合,,ATOMIC_OR_ROOT_RECORD,PASS,
228,今,"PRESENT, NOW, THIS","コン, キン",いま,,,,今,今,,ATOMIC_OR_ROOT_RECORD,PASS,
229,令,COMMAND,レイ,,今,"PRESENT, NOW, THIS",,令 → 今,今,,EARLIER_KLC_OR_PRIMITIVE_ONLY,PASS,
230,念,"THOUGHTS, MIND",ネン,,今 | 心,"PRESENT, NOW, THIS | heart, mind, spirit",心,念 → 今 + 心,今 | 心,心,EARLIER_KLC_OR_PRIMITIVE_ONLY,PASS,
231,印,SEAL [mark],イン,"しるし, -じるし",,,,印,印,,ATOMIC_OR_ROOT_RECORD,PASS,
232,命,"ORDER, LIFE, FATE","メイ, ミョウ",いのち,口 | 卩,"mouth, *opening* | seal [device]",口 | 卩,命 → 口 + 卩,口 | 卩,口 | 卩,EARLIER_KLC_OR_PRIMITIVE_ONLY,PASS,
233,亡,DECEASED,"ボウ, モウ","な.い, な.き-",,,,亡,亡,,ATOMIC_OR_ROOT_RECORD,PASS,
234,米,rice,,,,,,米,米,米,ATOMIC_OR_ROOT_RECORD,PASS_WITH_NOTES,KLC character is represented by its shared RAD record in the component map
235,粒,GRAIN,リュウ,つぶ,立 | 米,stand | rice,立 | 米,粒 → 立 + 米,立 | 米,立 | 米,EARLIER_KLC_OR_PRIMITIVE_ONLY,PASS,
236,和,"HARMONIOUS, PEACE, JAPAN","ワ, オ","やわ.らぐ, やわ.らげる  なご.む, なご.やか",禾 | 口,"grain | mouth, *opening*",禾 | 口,和 → 禾 + 口,禾 | 口,禾 | 口,EARLIER_KLC_OR_PRIMITIVE_ONLY,PASS,
237,私,"PRIVATE, I",シ,わたくし  わたし,禾 | 厶,"grain | private, *self*",禾 | 厶,私 → 禾 + 厶,禾 | 厶,禾 | 厶,EARLIER_KLC_OR_PRIMITIVE_ONLY,PASS,
238,広,WIDE,コウ,"ひろ.い, ひろ.まる, ひろ.める, ひろ.がる, ひろ.げる",厶 | 广,"private, *self* | dotted cliff, *shelter*",厶 | 广,広 → 厶 + 广,厶 | 广,厶 | 广,EARLIER_KLC_OR_PRIMITIVE_ONLY,PASS,
239,細,"SLENDER, MINUTE",サイ,"ほそ.い, ほそ.る  こま.か, こま.かい",糸 | 田,"thread, silk | rice field, *head*",糸 | 田,細 → 糸 + 田,糸 | 田,糸 | 田,EARLIER_KLC_OR_PRIMITIVE_ONLY,PASS,
240,林,FOREST,リン,はやし,木,tree,木,林 → 木,木,木,EARLIER_KLC_OR_PRIMITIVE_ONLY,PASS,
241,森,THICK WOODS,シン,もり,木,tree,木,森 → 木,木,木,EARLIER_KLC_OR_PRIMITIVE_ONLY,PASS,
242,松,PINE,ショウ,まつ,木 | 公,tree | PUBLIC,木,松 → 木 + 公,木 | 厶,木 | 厶,EARLIER_KLC_OR_PRIMITIVE_ONLY,PASS,
243,竹,"bamboo, counting",,,,,,竹,竹,竹,ATOMIC_OR_ROOT_RECORD,PASS_WITH_NOTES,KLC character is represented by its shared RAD record in the component map
244,都,"CAPITAL, METROPOLIS [of Tokyo]","ト, ツ",みやこ,者 | 邑,"PERSON, SOMEBODY | city [right of kanji]",邑,都 → 者 + 邑,老 | 日 | 邑,老 | 日 | 邑,EARLIER_KLC_OR_PRIMITIVE_ONLY,PASS,
245,京,"CAPITAL, TŌKYŌ, KYŌTO","キョウ, ケイ",,,,,京,京,,ATOMIC_OR_ROOT_RECORD,PASS,
246,政,POLITICAL ADMINISTRATION,"セイ, ショウ",まつりごと,攴 | 正,"hit, strike, *action* | CORRECT, RIGHT",攴,政 → 攴 + 正,攴 | 止,攴 | 止,EARLIER_KLC_OR_PRIMITIVE_ONLY,PASS,
247,府,GOVERNMENT OFFICE,フ,,广 | 付,"dotted cliff, *shelter* | ATTACH, HAND OVER",广,府 → 广 + 付,广 | 人 | 寸,广 | 人 | 寸,EARLIER_KLC_OR_PRIMITIVE_ONLY,PASS,
248,戸,door,,,,,,戸,戸,戸,ATOMIC_OR_ROOT_RECORD,PASS_WITH_NOTES,KLC character is represented by its shared RAD record in the component map
249,所,"PLACE, PARTICLE OF NOMINALIZATION",ショ,"[-]ところ, どころ",斤 | 戸,"axe, kin [600 grams] | door",斤 | 戸,所 → 斤 + 戸,斤 | 戸,斤 | 戸,EARLIER_KLC_OR_PRIMITIVE_ONLY,PASS,
250,至,"arrive, utmost",,,土,"soil, earth",土,至 → 土,土,土,EARLIER_KLC_OR_PRIMITIVE_ONLY,PASS_WITH_NOTES,KLC character is represented by its shared RAD record in the component map
251,致,"BRING ABOUT, DO HUMBLY",チ,いた.す,攴 | 至,"hit, strike, *action* | arrive, utmost",攴 | 至,致 → 攴 + 至,攴 | 至,攴 | 至,EARLIER_KLC_OR_PRIMITIVE_ONLY,PASS,
252,屋,"HOUSE, SMALL SHOP",オク,や,至 | 戸,"arrive, utmost | door",至 | 戸,屋 → 至 + 戸,至 | 戸,至 | 戸,EARLIER_KLC_OR_PRIMITIVE_ONLY,PASS,
253,室,ROOM,シツ,むろ,至 | 宀,"arrive, utmost | roof",至 | 宀,室 → 至 + 宀,至 | 宀,至 | 宀,EARLIER_KLC_OR_PRIMITIVE_ONLY,PASS,
254,古,"OLD, *tombstone*",コ,"ふる.い, ふる-, -ふる.す",,,,古,古,,ATOMIC_OR_ROOT_RECORD,PASS,
255,居,"BE PRESENT, RESIDE",キョ,"い.る, -い  お.る*",尸 | 古,"corpse, *flag* | OLD, *tombstone*",尸,居 → 尸 + 古,尸 | 古,尸,EARLIER_KLC_OR_PRIMITIVE_ONLY,PASS,
256,局,"BUREAU, LIMITED PART, SITUATION",キョク,,戸,door,戸,局 → 戸,戸,戸,EARLIER_KLC_OR_PRIMITIVE_ONLY,PASS,
257,故,"OLD, INCIDENT, REASON",コ,ゆえ,古 | 攴,"OLD, *tombstone* | hit, strike, *action*",攴,故 → 古 + 攴,古 | 攴,攴,EARLIER_KLC_OR_PRIMITIVE_ONLY,PASS,
258,胡,"NATIVES OF ANCIENT CHINA, FOREIGN","コ, ゴ, ウ",,古 | 月,"OLD, *tombstone* | moon, month, *flesh*, *body part*",月,胡 → 古 + 月,古 | 月,月,EARLIER_KLC_OR_PRIMITIVE_ONLY,PASS,
259,湖,LAKE,コ,みずうみ,水 | 胡,"water, *liquid* | NATIVES OF ANCIENT CHINA, FOREIGN",水,湖 → 水 + 胡,水 | 古 | 月,水 | 月,EARLIER_KLC_OR_PRIMITIVE_ONLY,PASS,
260,固,"SOLID, FIRM",コ,"かた.める, かた.まる, かた.まり, かた.い",古,"OLD, *tombstone*",,固 → 古,古,,EARLIER_KLC_OR_PRIMITIVE_ONLY,PASS,
261,箇,COUNTER FOR ITEMS,カ,,竹 | 古,"bamboo, counting | OLD, *tombstone*",竹,箇 → 竹 + 古,竹 | 古,竹,EARLIER_KLC_OR_PRIMITIVE_ONLY,PASS,
262,個,"GENERAL COUNTER, INDIVIDUAL","コ, カ*",,人 | 古,"person, *roof* | OLD, *tombstone*",人,個 → 人 + 古,人 | 古,人,EARLIER_KLC_OR_PRIMITIVE_ONLY,PASS,
263,且,"AS WELL AS, MOREOVER, *ladder*",ショ,か.つ,,,,且,且,,ATOMIC_OR_ROOT_RECORD,PASS,
264,組,"ORGANIZE, ASSEMBLE",ソ,"く.む  くみ, -ぐみ",且 | 糸,"AS WELL AS, MOREOVER, *ladder* | thread, silk",糸,組 → 且 + 糸,且 | 糸,糸,EARLIER_KLC_OR_PRIMITIVE_ONLY,PASS,
265,夕,"evening, *moon*",,,月,"moon, month, *flesh*, *body part*",月,夕 → 月,月,月,EARLIER_KLC_OR_PRIMITIVE_ONLY,PASS_WITH_NOTES,KLC character is represented by its shared RAD record in the component map
266,外,"OUTSIDE, COME OFF","ガイ, ゲ","そと  ほか  はず.す, はず.れる",夕,"evening, *moon*",夕,外 → 夕,夕,夕,EARLIER_KLC_OR_PRIMITIVE_ONLY,PASS,
267,多,MANY,タ,おお.い,夕,"evening, *moon*",夕,多 → 夕,夕,夕,EARLIER_KLC_OR_PRIMITIVE_ONLY,PASS,
268,汐,[EVENING] TIDE,セキ,しお,水 | 夕,"water, *liquid* | evening, *moon*",水 | 夕,汐 → 水 + 夕,水 | 夕,水 | 夕,EARLIER_KLC_OR_PRIMITIVE_ONLY,PASS,
269,名,"NAME, FAME","メイ, ミョウ",[-]な,夕 | 口,"evening, *moon* | mouth, *opening*",夕 | 口,名 → 夕 + 口,夕 | 口,夕 | 口,EARLIER_KLC_OR_PRIMITIVE_ONLY,PASS,
270,天,"HEAVEN, WEATHER",テン,あめ  あま-,大,"big, university",大,天 → 大,大,大,EARLIER_KLC_OR_PRIMITIVE_ONLY,PASS,
271,未,NOT YET,ミ,いま.だ*  　ま.だ*,木,tree,木,未 → 木,木,木,EARLIER_KLC_OR_PRIMITIVE_ONLY,PASS,
272,末,"LAST PART, END","マツ, バツ",すえ,未,NOT YET,,末 → 未,木,木,EARLIER_KLC_OR_PRIMITIVE_ONLY,PASS,
273,味,TASTE,ミ,"あじ, あじ.わう",未 | 口,"NOT YET | mouth, *opening*",口,味 → 未 + 口,木 | 口,木 | 口,EARLIER_KLC_OR_PRIMITIVE_ONLY,PASS,
274,来,COME,ライ,"く.る  きた.る, きた.す",未,NOT YET,,来 → 未,木,木,EARLIER_KLC_OR_PRIMITIVE_ONLY,PASS,
275,新,NEW,シン,"あたら.しい  あら-, あら.た  にい-",立 | 木 | 斤,"stand | tree | axe, kin [600 grams]",立 | 木 | 斤,新 → 立 + 木 + 斤,立 | 木 | 斤,立 | 木 | 斤,EARLIER_KLC_OR_PRIMITIVE_ONLY,PASS,
276,親,"PARENT, INTIMATE",シン,"おや[-]  した.しい, した.しむ",立 | 木 | 見,stand | tree | see,立 | 木 | 見,親 → 立 + 木 + 見,立 | 木 | 見,立 | 木 | 見,EARLIER_KLC_OR_PRIMITIVE_ONLY,PASS,
277,欠,"lack, *open mouth*",,,,,,欠,欠,欠,ATOMIC_OR_ROOT_RECORD,PASS_WITH_NOTES,KLC character is represented by its shared RAD record in the component map
278,次,"NEXT, SECONDARY","ジ, シ",つ.ぐ  つぎ,欠,"lack, *open mouth*",欠,次 → 欠,欠,欠,EARLIER_KLC_OR_PRIMITIVE_ONLY,PASS,
279,席,SEAT,セキ,,巾 | 廿 | 广,"cloth, towel, scarf | stove | dotted cliff, *shelter*",巾 | 广,席 → 巾 + 廿 + 广,巾 | 廿 | 广,巾 | 广,EARLIER_KLC_OR_PRIMITIVE_ONLY,PASS,
280,度,"DEGREE, TIME [first, second...]","ド, ト, タク",たび,廿 | 又,"stove | again, or, *hand*",又,度 → 廿 + 又,廿 | 又,又,EARLIER_KLC_OR_PRIMITIVE_ONLY,PASS,
281,渡,"CROSS, FORD",ト,"[-]わた.る, わた.す",水 | 度,"water, *liquid* | DEGREE, TIME [first, second...]",水,渡 → 水 + 度,水 | 廿 | 又,水 | 又,EARLIER_KLC_OR_PRIMITIVE_ONLY,PASS,
282,限,LIMIT [bounds],ゲン,"かぎ.る, [-]かぎ.り",阜 | 艮,hill [left of kanji] | stopping,阜 | 艮,限 → 阜 + 艮,阜 | 艮,阜 | 艮,EARLIER_KLC_OR_PRIMITIVE_ONLY,PASS,
283,銀,SILVER,ギン,,艮 | 金,"stopping | metal, gold, money",艮 | 金,銀 → 艮 + 金,艮 | 金,艮 | 金,EARLIER_KLC_OR_PRIMITIVE_ONLY,PASS,
284,根,ROOT,コン,[-]ね,木 | 艮,tree | stopping,木 | 艮,根 → 木 + 艮,木 | 艮,木 | 艮,EARLIER_KLC_OR_PRIMITIVE_ONLY,PASS,
285,良,GOOD,リョウ,[-]よ.い  い.い*,艮,stopping,艮,良 → 艮,艮,艮,EARLIER_KLC_OR_PRIMITIVE_ONLY,PASS,
286,郎,"YOUNG MAN, MALE NAME SUFFIX",ロウ,,良 | 邑,GOOD | city [right of kanji],邑,郎 → 良 + 邑,艮 | 邑,艮 | 邑,EARLIER_KLC_OR_PRIMITIVE_ONLY,PASS,
287,廊,CORRIDOR,ロウ,,郎 | 广,"YOUNG MAN, MALE NAME SUFFIX | dotted cliff, *shelter*",广,廊 → 郎 + 广,艮 | 邑 | 广,艮 | 邑 | 广,EARLIER_KLC_OR_PRIMITIVE_ONLY,PASS,
288,食,eat,,,良 | 人,"GOOD | person, *roof*",人,食 → 良 + 人,艮 | 人,艮 | 人,EARLIER_KLC_OR_PRIMITIVE_ONLY,PASS_WITH_NOTES,KLC character is represented by its shared RAD record in the component map
289,飲,DRINK,イン,の.む,欠 | 食,"lack, *open mouth* | eat",欠 | 食,飲 → 欠 + 食,欠 | 食,欠 | 食,EARLIER_KLC_OR_PRIMITIVE_ONLY,PASS,
290,官,"GOVERNMENT, GOVERNMENT OFFICIAL",カン,,宀,roof,宀,官 → 宀,宀,宀,EARLIER_KLC_OR_PRIMITIVE_ONLY,PASS,
291,館,PUBLIC BUILDING,カン,やかた,食 | 官,"eat | GOVERNMENT, GOVERNMENT OFFICIAL",食,館 → 食 + 官,食 | 宀,食 | 宀,EARLIER_KLC_OR_PRIMITIVE_ONLY,PASS,
292,宿,LODGE,シュク,"やど, やど.る, やど.す",百 | 人 | 宀,"HUNDRED | person, *roof* | roof",人 | 宀,宿 → 百 + 人 + 宀,百 | 人 | 宀,人 | 宀,EARLIER_KLC_OR_PRIMITIVE_ONLY,PASS,
293,犬,"dog, small animal",,,太,"FAT, THICK",,犬 → 太,犬,犬,HAS_LATER_KLC_REFERENCE,PASS_WITH_NOTES,KLC character is represented by its shared RAD record in the component map; Third-party visual mnemonic contains a later KLC reference; it is not treated as a canonical prerequisite
294,太,"FAT, THICK","タイ, タ","ふと.い, ふと.る",犬,"dog, small animal",犬,太 → 犬,犬,犬,EARLIER_KLC_OR_PRIMITIVE_ONLY,PASS,
295,器,"VESSEL, CONTAINER, INSTRUMENT",キ,うつわ,大,"big, university",大,器 → 大,大,大,EARLIER_KLC_OR_PRIMITIVE_ONLY,PASS,
296,凶,"BAD LUCK, EVIL",キョウ,,,,,凶,凶,,ATOMIC_OR_ROOT_RECORD,PASS,
297,区,"DIVIDE INTO SECTIONS, DISTRICT",ク,,,,,区,区,,ATOMIC_OR_ROOT_RECORD,PASS,
298,図,"DRAWING, MAP","ズ, ト",はか.る,,,,図,図,,ATOMIC_OR_ROOT_RECORD,PASS,
299,番,"NUMERICAL ORDER, WATCH [over]",バン,,田,"rice field, *head*",田,番 → 田,田,田,EARLIER_KLC_OR_PRIMITIVE_ONLY,PASS,
300,号,"NUMBER, DESIGNATION, SIGN",ゴウ,,,,,号,号,,ATOMIC_OR_ROOT_RECORD,PASS,
301,品,"ARTICLE, CLASSIFICATION, GRADE OF EXCELLENCE",ヒン,しな,,,,品,品,,ATOMIC_OR_ROOT_RECORD,PASS,
302,楽,"PLEASURE, COMFORTABLE, MUSIC","ガク, ラク","たの.しい, たの.しむ",木,tree,木,楽 → 木,木,木,EARLIER_KLC_OR_PRIMITIVE_ONLY,PASS,
303,薬,"MEDICINE, DRUG",ヤク,くすり,艸 | 楽,"grass, vegetation | PLEASURE, COMFORTABLE, MUSIC",艸,薬 → 艸 + 楽,艸 | 木,艸 | 木,EARLIER_KLC_OR_PRIMITIVE_ONLY,PASS,
304,周,"PERIPHERY, CIRCUMFERENCE",シュウ,まわ.り,土 | 口,"soil, earth | mouth, *opening*",土 | 口,周 → 土 + 口,土 | 口,土 | 口,EARLIER_KLC_OR_PRIMITIVE_ONLY,PASS,
305,週,WEEK,シュウ,,辵 | 周,"walk, *transport* | PERIPHERY, CIRCUMFERENCE",辵,週 → 辵 + 周,辵 | 土 | 口,辵 | 土 | 口,EARLIER_KLC_OR_PRIMITIVE_ONLY,PASS,
306,調,"TONE, INVESTIGATE, PREPARE",チョウ,"しら.べる, しら.べ  ととの.える, ととの.う",周 | 言,"PERIPHERY, CIRCUMFERENCE | speech, word, say",言,調 → 周 + 言,土 | 口 | 言,土 | 口 | 言,EARLIER_KLC_OR_PRIMITIVE_ONLY,PASS,
307,束,"TIE UP, BUNDLE",ソク,"たば, たば.ねる  つか*",木,tree,木,束 → 木,木,木,EARLIER_KLC_OR_PRIMITIVE_ONLY,PASS,
308,整,PUT IN ORDER,セイ,"ととの.える, ととの.う",攴 | 束 | 正,"hit, strike, *action* | TIE UP, BUNDLE | CORRECT, RIGHT",攴,整 → 攴 + 束 + 正,攴 | 木 | 止,攴 | 木 | 止,EARLIER_KLC_OR_PRIMITIVE_ONLY,PASS,
309,数,"NUMBER, QUANTITY","スウ, ス",かず  かぞ.える,女 | 攴 | 米,"woman | hit, strike, *action* | rice",女 | 攴 | 米,数 → 女 + 攴 + 米,女 | 攴 | 米,女 | 攴 | 米,EARLIER_KLC_OR_PRIMITIVE_ONLY,PASS,
310,類,KIND [type],ルイ,たぐ.い,頁 | 米 | 大,"leaf, page, *head* | rice | big, university",頁 | 米 | 大,類 → 頁 + 米 + 大,頁 | 米 | 大,頁 | 米 | 大,EARLIER_KLC_OR_PRIMITIVE_ONLY,PASS,
311,示,"spirit, sign, show",,,,,,示,示,示,ATOMIC_OR_ROOT_RECORD,PASS_WITH_NOTES,KLC character is represented by its shared RAD record in the component map
312,禁,PROHIBIT,キン,,示 | 林,"spirit, sign, show | FOREST",示,禁 → 示 + 林,示 | 木,示 | 木,EARLIER_KLC_OR_PRIMITIVE_ONLY,PASS,
313,礼,"ETIQUETTE, RITE","レイ, ライ",,亅 | 示,"hook, barb | spirit, sign, show",亅 | 示,礼 → 亅 + 示,亅 | 示,亅 | 示,EARLIER_KLC_OR_PRIMITIVE_ONLY,PASS,
314,社,"COMPANY, SHINTŌ SHRINE",シャ,やしろ,示 | 土,"spirit, sign, show | soil, earth",示 | 土,社 → 示 + 土,示 | 土,示 | 土,EARLIER_KLC_OR_PRIMITIVE_ONLY,PASS,
315,申,"REPORT, SPEAK HUMBLY, SIGN OF THE MONKEY",シン,"もう.す, もう.し-",,,,申,申,,ATOMIC_OR_ROOT_RECORD,PASS,
316,神,"GOD, SOUL","シン, ジン",かみ  かん-  こう-,示 | 申,"spirit, sign, show | REPORT, SPEAK HUMBLY, SIGN OF THE MONKEY",示,神 → 示 + 申,示 | 申,示,EARLIER_KLC_OR_PRIMITIVE_ONLY,PASS,
317,員,"MEMBER, PERSONNEL",イン,,口 | 貝,"mouth, *opening* | shellfish, money, wealth",口 | 貝,員 → 口 + 貝,口 | 貝,口 | 貝,EARLIER_KLC_OR_PRIMITIVE_ONLY,PASS,
318,質,"QUALITY, MATTER, PAWN","シツ, シチ, チ",,斤 | 貝,"axe, kin [600 grams] | shellfish, money, wealth",斤 | 貝,質 → 斤 + 貝,斤 | 貝,斤 | 貝,EARLIER_KLC_OR_PRIMITIVE_ONLY,PASS,
319,党,PARTY [faction],トウ,,龸 | 兄,crown | OLDER BROTHER,,党 → 龸 + 兄,龸 | 口 | 儿,口 | 儿,HAS_LATER_KLC_REFERENCE,PASS_WITH_NOTES,Third-party visual mnemonic contains a later KLC reference; it is not treated as a canonical prerequisite
320,堂,HALL [public building],ドウ,,龸 | 口 | 土,"crown | mouth, *opening* | soil, earth",口 | 土,堂 → 龸 + 口 + 土,龸 | 口 | 土,口 | 土,EARLIER_KLC_OR_PRIMITIVE_ONLY,PASS,
321,常,"NORMAL, REGULAR",ジョウ,つね  とこ-,堂 | 巾,"HALL [public building] | cloth, towel, scarf",巾,常 → 堂 + 巾,龸 | 口 | 土 | 巾,口 | 土 | 巾,EARLIER_KLC_OR_PRIMITIVE_ONLY,PASS,
322,賞,PRIZE [praise],ショウ,,龸 | 員,"crown | MEMBER, PERSONNEL",,賞 → 龸 + 員,龸 | 口 | 貝,口 | 貝,EARLIER_KLC_OR_PRIMITIVE_ONLY,PASS,
323,償,RECOMPENSE,ショウ,つぐな.う,賞 | 人,"PRIZE [praise] | person, *roof*",人,償 → 賞 + 人,龸 | 口 | 貝 | 人,口 | 貝 | 人,EARLIER_KLC_OR_PRIMITIVE_ONLY,PASS,
324,掌,"PALM OF ONE'S HAND, TAKE CHARGE OF",ショウ,てのひら*,手,"hand, performer of action",手,掌 → 手,手,手,EARLIER_KLC_OR_PRIMITIVE_ONLY,PASS,
325,覚,"PERCEIVE, WAKE UP, MEMORIZE",カク,"おぼ.える  さ.ます, さ.める   さと.る**",,,,覚,覚,,ATOMIC_OR_ROOT_RECORD,PASS,
326,悟,"AWAKE TO, COMPREHEND",ゴ,さと.る,吾 | 心,"EGO | heart, mind, spirit",心,悟 → 吾 + 心,吾 | 心,心,EARLIER_KLC_OR_PRIMITIVE_ONLY,PASS,
327,感,"SENSE, FEEL",カン,,戊 | 口 | 心,"scythe | mouth, *opening* | heart, mind, spirit",口 | 心,感 → 戊 + 口 + 心,戊 | 口 | 心,口 | 心,EARLIER_KLC_OR_PRIMITIVE_ONLY,PASS,
328,央,CENTER,オウ,,,,,央,央,,ATOMIC_OR_ROOT_RECORD,PASS,
329,映,"REFLECT, PROJECT",エイ,"うつ.る, うつ.す  は.える, -ば.え",央 | 日,"CENTER | sun, day",日,映 → 央 + 日,央 | 日,日,EARLIER_KLC_OR_PRIMITIVE_ONLY,PASS,
330,決,"DECIDE, RESOLVE",ケツ,"き.める, -ぎ.め, き.まる",央 | 水,"CENTER | water, *liquid*",水,決 → 央 + 水,央 | 水,水,EARLIER_KLC_OR_PRIMITIVE_ONLY,PASS,
331,快,PLEASANT,カイ,こころよ.い,央 | 心,"CENTER | heart, mind, spirit",心,快 → 央 + 心,央 | 心,心,EARLIER_KLC_OR_PRIMITIVE_ONLY,PASS,
332,英,"DISTINGUISHED, ENGLAND",エイ,,艸 | 央,"grass, vegetation | CENTER",艸,英 → 艸 + 央,艸 | 央,艸,EARLIER_KLC_OR_PRIMITIVE_ONLY,PASS,
333,並,LINE UP,ヘイ,"な.み  なみ  なら.べる, なら.ぶ, なら.びに",,,,並,並,,ATOMIC_OR_ROOT_RECORD,PASS,
334,平,"FLAT, CALM","ヘイ, ビョウ","たい.ら, -だいら  ひら[-]",干,dry,干,平 → 干,干,干,EARLIER_KLC_OR_PRIMITIVE_ONLY,PASS,
335,半,HALF,ハン,なか.ば,,,,半,半,,ATOMIC_OR_ROOT_RECORD,PASS,
336,馬,horse,,,,,,馬,馬,馬,ATOMIC_OR_ROOT_RECORD,PASS_WITH_NOTES,KLC character is represented by its shared RAD record in the component map
337,尺,"SHAKU [length], MEASURE",シャク,,,,,尺,尺,,ATOMIC_OR_ROOT_RECORD,PASS,
338,尽,"EXHAUST, USE UP",ジン,"つ.きる, [-]つ.くす, -づ.くし, つ.かす",冫,ice,冫,尽 → 冫,冫,冫,EARLIER_KLC_OR_PRIMITIVE_ONLY,PASS,
339,駅,STATION,エキ,,馬,horse,馬,駅 → 馬,馬,馬,EARLIER_KLC_OR_PRIMITIVE_ONLY,PASS,
340,鳥,bird,,,,,,鳥,鳥,鳥,ATOMIC_OR_ROOT_RECORD,PASS_WITH_NOTES,KLC character is represented by its shared RAD record in the component map
341,島,ISLAND,トウ,しま,山 | 鳥,mountain | bird,山 | 鳥,島 → 山 + 鳥,山 | 鳥,山 | 鳥,EARLIER_KLC_OR_PRIMITIVE_ONLY,PASS,
342,角,"angle, horn",,,,,,角,角,角,ATOMIC_OR_ROOT_RECORD,PASS_WITH_NOTES,KLC character is represented by its shared RAD record in the component map
343,虫,"insect, worm",,,,,,虫,虫,虫,ATOMIC_OR_ROOT_RECORD,PASS_WITH_NOTES,KLC character is represented by its shared RAD record in the component map
344,触,"TOUCH, CONTACT",ショク,ふ.れる  さわ.る,虫 | 角,"insect, worm | angle, horn",虫 | 角,触 → 虫 + 角,虫 | 角,虫 | 角,EARLIER_KLC_OR_PRIMITIVE_ONLY,PASS,
345,解,"TAKE APART, DISSOLVE, CLARIFY","カイ, ゲ","と.く, と.かす, と.ける",牛 | 刀 | 角,"cow, cattle | knife, sword, *cut* | angle, horn",牛 | 刀 | 角,解 → 牛 + 刀 + 角,牛 | 刀 | 角,牛 | 刀 | 角,EARLIER_KLC_OR_PRIMITIVE_ONLY,PASS,
346,独,ALONE [by oneself],ドク,ひと.り,犬 | 虫,"dog, small animal | insect, worm",犬 | 虫,独 → 犬 + 虫,犬 | 虫,犬 | 虫,EARLIER_KLC_OR_PRIMITIVE_ONLY,PASS,
347,店,SHOP,テン,みせ,,,,店,店,,ATOMIC_OR_ROOT_RECORD,PASS,
348,占,"OCCUPY, DIVINE",セン,し.める  うらな.う,,,,占,占,,ATOMIC_OR_ROOT_RECORD,PASS,
349,点,"POINT, DOT",テン,,,,,点,点,,ATOMIC_OR_ROOT_RECORD,PASS,
350,士,"scholar, military man",,,,,,士,士,士,ATOMIC_OR_ROOT_RECORD,PASS_WITH_NOTES,KLC character is represented by its shared RAD record in the component map
351,商,"TRADE, COMMERCE",ショウ,あきな.う,立 | 四,stand | FOUR,立,商 → 立 + 四,立 | 四,立,EARLIER_KLC_OR_PRIMITIVE_ONLY,PASS,
352,買,BUY,バイ,か.う,网 | 貝,"net, *law* | shellfish, money, wealth",网 | 貝,買 → 网 + 貝,网 | 貝,网 | 貝,EARLIER_KLC_OR_PRIMITIVE_ONLY,PASS,
353,売,SELL,バイ,"う.る, う.れる",士,"scholar, military man",士,売 → 士,士,士,EARLIER_KLC_OR_PRIMITIVE_ONLY,PASS,
354,続,CONTINUE,ゾク,"つづ.く, つづ.ける",売 | 糸,"SELL | thread, silk",糸,続 → 売 + 糸,士 | 糸,士 | 糸,EARLIER_KLC_OR_PRIMITIVE_ONLY,PASS,
355,読,READ,"ドク, トク, トウ","よ.む, -よ.み",言 | 売,"speech, word, say | SELL",言,読 → 言 + 売,言 | 士,言 | 士,EARLIER_KLC_OR_PRIMITIVE_ONLY,PASS,
356,共,"JOINT, TOGETHER",キョウ,"とも, とも.に, -ども",士,"scholar, military man",士,共 → 士,士,士,EARLIER_KLC_OR_PRIMITIVE_ONLY,PASS,
357,供,"OFFER, SUBMIT","キョウ, ク","そな.える  とも, -ども",共 | 人,"JOINT, TOGETHER | person, *roof*",人,供 → 共 + 人,士 | 人,士 | 人,EARLIER_KLC_OR_PRIMITIVE_ONLY,PASS,
358,洪,FLOOD,コウ,,水 | 共,"water, *liquid* | JOINT, TOGETHER",水,洪 → 水 + 共,水 | 士,水 | 士,EARLIER_KLC_OR_PRIMITIVE_ONLY,PASS,
359,昔,"ANCIENT, FORMER TIMES","セキ, シャク",むかし,日 | 共,"sun, day | JOINT, TOGETHER",日,昔 → 日 + 共,日 | 士,日 | 士,EARLIER_KLC_OR_PRIMITIVE_ONLY,PASS,
360,冬,WINTER,トウ,ふゆ,夂,"winter, go, *rooftop*, *crossed legs*",夂,冬 → 夂,夂,夂,EARLIER_KLC_OR_PRIMITIVE_ONLY,PASS,
361,寒,COLD,カン,さむ.い,共 | 宀,"JOINT, TOGETHER | roof",宀,寒 → 共 + 宀,士 | 宀,士 | 宀,EARLIER_KLC_OR_PRIMITIVE_ONLY,PASS,
362,春,SPRING,シュン,はる,人 | 日,"person, *roof* | sun, day",人 | 日,春 → 人 + 日,人 | 日,人 | 日,EARLIER_KLC_OR_PRIMITIVE_ONLY,PASS,
363,夏,SUMMER,"カ, ゲ",なつ,頁 | 夂,"leaf, page, *head* | winter, go, *rooftop*, *crossed legs*",頁 | 夂,夏 → 頁 + 夂,頁 | 夂,頁 | 夂,EARLIER_KLC_OR_PRIMITIVE_ONLY,PASS,
364,秋,AUTUMN,シュウ,あき,禾 | 火,grain | fire,禾 | 火,秋 → 禾 + 火,禾 | 火,禾 | 火,EARLIER_KLC_OR_PRIMITIVE_ONLY,PASS,
365,主,"MAIN, LORD, MASTER","シュ, ス",ぬし  おも  あるじ*,王,KING,,主 → 王,王,,EARLIER_KLC_OR_PRIMITIVE_ONLY,PASS,
366,住,LIVE,ジュウ,"す.む, す.まう, -ず.まい",人 | 主,"person, *roof* | MAIN, LORD, MASTER",人,住 → 人 + 主,人 | 王,人,EARLIER_KLC_OR_PRIMITIVE_ONLY,PASS,
367,駐,STATIONED,チュウ,,馬 | 主,"horse | MAIN, LORD, MASTER",馬,駐 → 馬 + 主,馬 | 王,馬,EARLIER_KLC_OR_PRIMITIVE_ONLY,PASS,
368,注,"POUR, ATTENTION",チュウ,そそ.ぐ,水 | 主,"water, *liquid* | MAIN, LORD, MASTER",水,注 → 水 + 主,水 | 王,水,EARLIER_KLC_OR_PRIMITIVE_ONLY,PASS,
369,志,AMBITION,シ,こころざ.す  こころざし,心 | 士,"heart, mind, spirit | scholar, military man",心 | 士,志 → 心 + 士,心 | 士,心 | 士,EARLIER_KLC_OR_PRIMITIVE_ONLY,PASS,
370,誌,MAGAZINE,シ,,志 | 言,"AMBITION | speech, word, say",言,誌 → 志 + 言,心 | 士 | 言,心 | 士 | 言,EARLIER_KLC_OR_PRIMITIVE_ONLY,PASS,
371,仕,"SERVE, DO","シ, ジ",つか.える,人 | 士,"person, *roof* | scholar, military man",人 | 士,仕 → 人 + 士,人 | 士,人 | 士,EARLIER_KLC_OR_PRIMITIVE_ONLY,PASS,
372,任,"OFFICE, ENTRUST, DUTY",ニン,まか.せる = まか.す,人 | 王,"person, *roof* | KING",人,任 → 人 + 王,人 | 王,人,EARLIER_KLC_OR_PRIMITIVE_ONLY,PASS,
373,支,"branch, support",,,又,"again, or, *hand*",又,支 → 又,又,又,EARLIER_KLC_OR_PRIMITIVE_ONLY,PASS_WITH_NOTES,KLC character is represented by its shared RAD record in the component map
374,反,"COUNTER, ANTI","ハン, ホン, タン","そ.る, そ.らす",又 | 厂,"again, or, *hand* | cliff",又 | 厂,反 → 又 + 厂,又 | 厂,又 | 厂,EARLIER_KLC_OR_PRIMITIVE_ONLY,PASS,
375,坂,SLOPE [hill],ハン,さか,土 | 反,"soil, earth | COUNTER, ANTI",土,坂 → 土 + 反,土 | 又 | 厂,土 | 又 | 厂,EARLIER_KLC_OR_PRIMITIVE_ONLY,PASS,
376,阪,"ŌSAKA, SLOPE",ハン,さか,阜 | 反,"hill [left of kanji] | COUNTER, ANTI",阜,阪 → 阜 + 反,阜 | 又 | 厂,阜 | 又 | 厂,EARLIER_KLC_OR_PRIMITIVE_ONLY,PASS,
377,飯,"COOKED RICE, MEAL",ハン,めし,食 | 反,"eat | COUNTER, ANTI",食,飯 → 食 + 反,食 | 又 | 厂,食 | 又 | 厂,EARLIER_KLC_OR_PRIMITIVE_ONLY,PASS,
378,返,"RETURN, SEND BACK",ヘン,"[-]かえ.す, [-]かえ.る",辵 | 反,"walk, *transport* | COUNTER, ANTI",辵,返 → 辵 + 反,辵 | 又 | 厂,辵 | 又 | 厂,EARLIER_KLC_OR_PRIMITIVE_ONLY,PASS,
379,雑,"MISCELLANEOUS, MIXED","ザツ, ゾウ",,九 | 隹 | 木,NINE | small bird | tree,隹 | 木,雑 → 九 + 隹 + 木,九 | 隹 | 木,隹 | 木,EARLIER_KLC_OR_PRIMITIVE_ONLY,PASS,
380,乱,"DISORDERED, EXCESSIVE",ラン,"みだ.れる, みだ.る, みだ.す",舌 | 亅,"tongue | hook, barb",舌 | 亅,乱 → 舌 + 亅,舌 | 亅,舌 | 亅,EARLIER_KLC_OR_PRIMITIVE_ONLY,PASS,
381,寸,"measurement, tenth of shaku, a bit of",,,,,,寸,寸,寸,ATOMIC_OR_ROOT_RECORD,PASS_WITH_NOTES,KLC character is represented by its shared RAD record in the component map
382,寺,BUDDHIST TEMPLE,ジ,てら,寸 | 土,"measurement, tenth of shaku, a bit of | soil, earth",寸 | 土,寺 → 寸 + 土,寸 | 土,寸 | 土,EARLIER_KLC_OR_PRIMITIVE_ONLY,PASS,
383,時,TIME,ジ,"とき, -どき",日 | 寺,"sun, day | BUDDHIST TEMPLE",日,時 → 日 + 寺,日 | 寸 | 土,日 | 寸 | 土,EARLIER_KLC_OR_PRIMITIVE_ONLY,PASS,
384,持,"HOLD, KEEP",ジ,"も.つ, -も.ち, も.てる",寺 | 手,"BUDDHIST TEMPLE | hand, performer of action",手,持 → 寺 + 手,寸 | 土 | 手,寸 | 土 | 手,EARLIER_KLC_OR_PRIMITIVE_ONLY,PASS,
385,特,"SPECIAL, PARTICULAR",トク,,牛 | 寺,"cow, cattle | BUDDHIST TEMPLE",牛,特 → 牛 + 寺,牛 | 寸 | 土,牛 | 寸 | 土,EARLIER_KLC_OR_PRIMITIVE_ONLY,PASS,
386,待,WAIT,タイ,"ま.つ, -ま.ち",彳 | 寺,"linger, stop, go | BUDDHIST TEMPLE",彳,待 → 彳 + 寺,彳 | 寸 | 土,彳 | 寸 | 土,EARLIER_KLC_OR_PRIMITIVE_ONLY,PASS,
387,得,"ACQUIRE, GAIN",トク,え.る  う.る,彳 | 寸 | 日,"linger, stop, go | measurement, tenth of shaku, a bit of | sun, day",彳 | 寸 | 日,得 → 彳 + 寸 + 日,彳 | 寸 | 日,彳 | 寸 | 日,EARLIER_KLC_OR_PRIMITIVE_ONLY,PASS,
388,侍,"ATTEND UPON, SAMURAI",ジ,さむらい,人 | 寺,"person, *roof* | BUDDHIST TEMPLE",人,侍 → 人 + 寺,人 | 寸 | 土,人 | 寸 | 土,EARLIER_KLC_OR_PRIMITIVE_ONLY,PASS,
389,詩,POETRY,シ,,言 | 寺,"speech, word, say | BUDDHIST TEMPLE",言,詩 → 言 + 寺,言 | 寸 | 土,言 | 寸 | 土,EARLIER_KLC_OR_PRIMITIVE_ONLY,PASS,
390,即,"IMMEDIATE, NAMELY",ソク,すなわ.ち*,卩 | 艮,seal [device] | stopping,卩 | 艮,即 → 卩 + 艮,卩 | 艮,卩 | 艮,EARLIER_KLC_OR_PRIMITIVE_ONLY,PASS,
391,節,"JOINT, INTERVAL, SEASON","セツ, セチ","ふし, -ぶし",竹 | 即,"bamboo, counting | IMMEDIATE, NAMELY",竹,節 → 竹 + 即,竹 | 卩 | 艮,竹 | 卩 | 艮,EARLIER_KLC_OR_PRIMITIVE_ONLY,PASS,
392,筋,"MUSCLE, THREADLIKE STRUCTURE",キン,すじ,竹 | 月 | 力,"bamboo, counting | moon, month, *flesh*, *body part* | power, strength",竹 | 月 | 力,筋 → 竹 + 月 + 力,竹 | 月 | 力,竹 | 月 | 力,EARLIER_KLC_OR_PRIMITIVE_ONLY,PASS,
393,等,"EQUAL, CLASS",トウ,"ひと.しい,  など*,  -ら*",竹 | 寺,"bamboo, counting | BUDDHIST TEMPLE",竹,等 → 竹 + 寺,竹 | 寸 | 土,竹 | 寸 | 土,EARLIER_KLC_OR_PRIMITIVE_ONLY,PASS,
394,均,EQUAL,キン,,土,"soil, earth",土,均 → 土,土,土,EARLIER_KLC_OR_PRIMITIVE_ONLY,PASS,
395,季,SEASON,キ,,子 | 禾,child | grain,子 | 禾,季 → 子 + 禾,子 | 禾,子 | 禾,EARLIER_KLC_OR_PRIMITIVE_ONLY,PASS,
396,委,"COMMIT, LEAVE TO",イ,ゆだ.ねる,禾 | 女,grain | woman,禾 | 女,委 → 禾 + 女,禾 | 女,禾 | 女,EARLIER_KLC_OR_PRIMITIVE_ONLY,PASS,
397,穴,"cave, hole",,,,,,穴,穴,穴,ATOMIC_OR_ROOT_RECORD,PASS_WITH_NOTES,KLC character is represented by its shared RAD record in the component map
398,空,"SKY, AIR, EMPTY",クウ,"そら  あ.く, あ.き, あ.ける  から  むな.しい*  す.く*",工 | 穴,"construction, craft, work | cave, hole",工 | 穴,空 → 工 + 穴,工 | 穴,工 | 穴,EARLIER_KLC_OR_PRIMITIVE_ONLY,PASS,
399,友,FRIEND,ユウ,とも,𠂇 | 又,"hand | again, or, *hand*",又,友 → 𠂇 + 又,𠂇 | 又,又,EARLIER_KLC_OR_PRIMITIVE_ONLY,PASS,
400,有,"HAVE, EXIST","ユウ, ウ",あ.る,月 | 又,"moon, month, *flesh*, *body part* | again, or, *hand*",月 | 又,有 → 月 + 又,月 | 又,月 | 又,EARLIER_KLC_OR_PRIMITIVE_ONLY,PASS,
401,左,LEFT,サ,ひだり,工,"construction, craft, work",工,左 → 工,工,工,EARLIER_KLC_OR_PRIMITIVE_ONLY,PASS,
402,右,RIGHT,"ウ, ユウ",みぎ,口,"mouth, *opening*",口,右 → 口,口,口,EARLIER_KLC_OR_PRIMITIVE_ONLY,PASS,
403,石,"stone, rock",,,厂,cliff,厂,石 → 厂,厂,厂,EARLIER_KLC_OR_PRIMITIVE_ONLY,PASS_WITH_NOTES,KLC character is represented by its shared RAD record in the component map
404,若,YOUNG,"ジャク, ニャク","わか.い, わか-  も.しくは, も.し*",右 | 艸,"RIGHT | grass, vegetation",艸,若 → 右 + 艸,口 | 艸,口 | 艸,EARLIER_KLC_OR_PRIMITIVE_ONLY,PASS,
405,苦,"SUFFERING, BITTER",ク,"くる.しい, -ぐる.しい, くる.しむ, くる.しめる  にが.い, にが.る",古 | 艸,"OLD, *tombstone* | grass, vegetation",艸,苦 → 古 + 艸,古 | 艸,艸,EARLIER_KLC_OR_PRIMITIVE_ONLY,PASS,
406,在,"BE, RESIDE",ザイ,あ.る,土,"soil, earth",土,在 → 土,土,土,EARLIER_KLC_OR_PRIMITIVE_ONLY,PASS,
407,存,EXIST,"ソン, ゾン",,子,child,子,存 → 子,子,子,EARLIER_KLC_OR_PRIMITIVE_ONLY,PASS,
408,干,dry,,,,,,干,干,干,ATOMIC_OR_ROOT_RECORD,PASS_WITH_NOTES,KLC character is represented by its shared RAD record in the component map
409,刊,PUBLISH,カン,,干 | 刀,"dry | knife, sword, *cut*",干 | 刀,刊 → 干 + 刀,干 | 刀,干 | 刀,EARLIER_KLC_OR_PRIMITIVE_ONLY,PASS,
410,汗,SWEAT,カン,あせ,干 | 水,"dry | water, *liquid*",干 | 水,汗 → 干 + 水,干 | 水,干 | 水,EARLIER_KLC_OR_PRIMITIVE_ONLY,PASS,
411,竿,POLE,カン,さお,竹 | 干,"bamboo, counting | dry",竹 | 干,竿 → 竹 + 干,竹 | 干,竹 | 干,EARLIER_KLC_OR_PRIMITIVE_ONLY,PASS,
412,利,"ADVANTAGE, PROFIT",リ,き.く,刀 | 禾,"knife, sword, *cut* | grain",刀 | 禾,利 → 刀 + 禾,刀 | 禾,刀 | 禾,EARLIER_KLC_OR_PRIMITIVE_ONLY,PASS,
413,害,HARM,ガイ,,口 | 生,"mouth, *opening* | life, student, *growing plant*",口 | 生,害 → 口 + 生,口 | 生,口 | 生,EARLIER_KLC_OR_PRIMITIVE_ONLY,PASS,
414,益,BENEFIT,"エキ, ヤク",ま.す*,皿,"plate, dish",皿,益 → 皿,皿,皿,EARLIER_KLC_OR_PRIMITIVE_ONLY,PASS,
415,溢,SPILL OVER,イツ,"あふ.れる  こぼ.れる*, こぼ.す*",皿 | 水,"plate, dish | water, *liquid*",皿 | 水,溢 → 皿 + 水,皿 | 水,皿 | 水,EARLIER_KLC_OR_PRIMITIVE_ONLY,PASS,
416,割,"DIVIDE, CUT",カツ,"わ.る, わり, わ.り, わ.れる  さ.く",害 | 刀,"HARM | knife, sword, *cut*",刀,割 → 害 + 刀,口 | 生 | 刀,口 | 生 | 刀,EARLIER_KLC_OR_PRIMITIVE_ONLY,PASS,
417,憲,CONSTITUTION [code of laws],ケン,,生 | 网 | 心,"life, student, *growing plant* | net, *law* | heart, mind, spirit",生 | 网 | 心,憲 → 生 + 网 + 心,生 | 网 | 心,生 | 网 | 心,EARLIER_KLC_OR_PRIMITIVE_ONLY,PASS,
418,羽,"feather, wing",,,,,,羽,羽,羽,ATOMIC_OR_ROOT_RECORD,PASS_WITH_NOTES,KLC character is represented by its shared RAD record in the component map
419,翌,THE FOLLOWING [next],ヨク,,立 | 羽,"stand | feather, wing",立 | 羽,翌 → 立 + 羽,立 | 羽,立 | 羽,EARLIER_KLC_OR_PRIMITIVE_ONLY,PASS,
420,習,"LEARN, CUSTOM",シュウ,"なら.う, なら.い",白 | 羽,"white | feather, wing",白 | 羽,習 → 白 + 羽,白 | 羽,白 | 羽,EARLIER_KLC_OR_PRIMITIVE_ONLY,PASS,
421,弓,bow,,,,,,弓,弓,弓,ATOMIC_OR_ROOT_RECORD,PASS_WITH_NOTES,KLC character is represented by its shared RAD record in the component map
422,引,"DRAW, REDUCE, PULL",イン,"ひ.く, ひ.き[-], -び.き, ひ.ける",弓,bow,弓,引 → 弓,弓,弓,EARLIER_KLC_OR_PRIMITIVE_ONLY,PASS,
423,強,STRONG,"キョウ, ゴウ","つよ.い, つよ.まる, つよ.める  し.いる",弓 | 虫,"bow | insect, worm",弓 | 虫,強 → 弓 + 虫,弓 | 虫,弓 | 虫,EARLIER_KLC_OR_PRIMITIVE_ONLY,PASS,
424,弱,WEAK,ジャク,"よわ.い, よわ.る, よわ.まる, よわ.める",羽,"feather, wing",羽,弱 → 羽,羽,羽,EARLIER_KLC_OR_PRIMITIVE_ONLY,PASS,
425,風,"wind, manner",,,虫,"insect, worm",虫,風 → 虫,虫,虫,EARLIER_KLC_OR_PRIMITIVE_ONLY,PASS_WITH_NOTES,KLC character is represented by its shared RAD record in the component map
426,己,"oneself, *roll*",,,,,,己,己,己,ATOMIC_OR_ROOT_RECORD,PASS_WITH_NOTES,KLC character is represented by its shared RAD record in the component map
427,記,WRITE DOWN,キ,しる.す,言 | 己,"speech, word, say | oneself, *roll*",言 | 己,記 → 言 + 己,言 | 己,言 | 己,EARLIER_KLC_OR_PRIMITIVE_ONLY,PASS,
428,紀,"ERA, DISCIPLINE",キ,,糸 | 己,"thread, silk | oneself, *roll*",糸 | 己,紀 → 糸 + 己,糸 | 己,糸 | 己,EARLIER_KLC_OR_PRIMITIVE_ONLY,PASS,
429,改,REFORM,カイ,"あらた.める, あらた.まる",攴 | 己,"hit, strike, *action* | oneself, *roll*",攴 | 己,改 → 攴 + 己,攴 | 己,攴 | 己,EARLIER_KLC_OR_PRIMITIVE_ONLY,PASS,
430,起,"RISE, OCCUR, WAKE UP",キ,"お.きる, お.こる, お.こす",己 | 走,"oneself, *roll* | run",己 | 走,起 → 己 + 走,己 | 走,己 | 走,EARLIER_KLC_OR_PRIMITIVE_ONLY,PASS,
431,姓,SURNAME,"セイ, ショウ",,女 | 生,"woman | life, student, *growing plant*",女 | 生,姓 → 女 + 生,女 | 生,女 | 生,EARLIER_KLC_OR_PRIMITIVE_ONLY,PASS,
432,由,REASON [cause],"ユ, ユウ, ユイ",よし,,,,由,由,,ATOMIC_OR_ROOT_RECORD,PASS,
433,油,OIL,ユ,あぶら,水 | 田,"water, *liquid* | rice field, *head*",水 | 田,油 → 水 + 田,水 | 田,水 | 田,EARLIER_KLC_OR_PRIMITIVE_ONLY,PASS,
434,井,WELL,"セイ, ショウ",い,,,,井,井,,ATOMIC_OR_ROOT_RECORD,PASS,
435,囲,ENCLOSE,イ,"かこ.む, かこ.う, かこ.い",井,WELL,,囲 → 井,井,,EARLIER_KLC_OR_PRIMITIVE_ONLY,PASS,
436,丼,BOWL [of food],,どん・どんぶり,,,,丼,丼,,ATOMIC_OR_ROOT_RECORD,PASS,
437,丁,"TOWN SUBSECTION, ROAD, MISCELLANEOUS COUNTER","チョウ, テイ",,,,,丁,丁,,ATOMIC_OR_ROOT_RECORD,PASS,
438,寧,"COURTEOUS, PEACEFUL",ネイ,むし.ろ*,丁 | 心 | 宀 | 网,"TOWN SUBSECTION, ROAD, MISCELLANEOUS COUNTER | heart, mind, spirit | roof | net, *law*",心 | 宀 | 网,寧 → 丁 + 心 + 宀 + 网,丁 | 心 | 宀 | 网,心 | 宀 | 网,EARLIER_KLC_OR_PRIMITIVE_ONLY,PASS,
439,町,TOWN,チョウ,まち,丁 | 田,"TOWN SUBSECTION, ROAD, MISCELLANEOUS COUNTER | rice field, *head*",田,町 → 丁 + 田,丁 | 田,田,EARLIER_KLC_OR_PRIMITIVE_ONLY,PASS,
440,灯,LAMP,トウ,ひ,火 | 丁,"fire | TOWN SUBSECTION, ROAD, MISCELLANEOUS COUNTER",火,灯 → 火 + 丁,火 | 丁,火,EARLIER_KLC_OR_PRIMITIVE_ONLY,PASS,
441,庁,GOVERNMENT AGENCY,チョウ,,广 | 丁,"dotted cliff, *shelter* | TOWN SUBSECTION, ROAD, MISCELLANEOUS COUNTER",广,庁 → 广 + 丁,广 | 丁,广,EARLIER_KLC_OR_PRIMITIVE_ONLY,PASS,
442,貯,"STORE UP, SAVE",チョ,たくわ.える た.める,貝 | 丁 | 宀,"shellfish, money, wealth | TOWN SUBSECTION, ROAD, MISCELLANEOUS COUNTER | roof",貝 | 宀,貯 → 貝 + 丁 + 宀,貝 | 丁 | 宀,貝 | 宀,EARLIER_KLC_OR_PRIMITIVE_ONLY,PASS,
443,易,"EASY, FORTUNE TELLING","エキ, イ",やさ.しい  やす.い*,日 | 勿,"sun, day | NOT, DO NOT",日,易 → 日 + 勿,日 | 勹,日 | 勹,EARLIER_KLC_OR_PRIMITIVE_ONLY,PASS,
444,賜,BESTOW,シ,たまわ.る,易 | 貝,"EASY, FORTUNE TELLING | shellfish, money, wealth",貝,賜 → 易 + 貝,日 | 勹 | 貝,日 | 勹 | 貝,EARLIER_KLC_OR_PRIMITIVE_ONLY,PASS,
445,場,PLACE,ジョウ,ば,土 | 昜,"soil, earth | difficult",土,場 → 土 + 昜,土 | 昜,土,EARLIER_KLC_OR_PRIMITIVE_ONLY,PASS,
446,湯,HOT WATER,トウ,ゆ,昜 | 水,"difficult | water, *liquid*",水,湯 → 昜 + 水,昜 | 水,水,EARLIER_KLC_OR_PRIMITIVE_ONLY,PASS,
447,門,gate,,,,,,門,門,門,ATOMIC_OR_ROOT_RECORD,PASS_WITH_NOTES,KLC character is represented by its shared RAD record in the component map
448,間,"SPACE IN BETWEEN, INTERVAL","カン, ケン",あいだ  ま,日 | 門,"sun, day | gate",日 | 門,間 → 日 + 門,日 | 門,日 | 門,EARLIER_KLC_OR_PRIMITIVE_ONLY,PASS,
449,閉,CLOSE,ヘイ,"と.じる, と.ざす  し.める, し.まる",門,gate,門,閉 → 門,門,門,EARLIER_KLC_OR_PRIMITIVE_ONLY,PASS,
450,開,OPEN,カイ,"ひら.く, ひら.き, -び.らき, ひら.ける  あ.く, あ.ける",門,gate,門,開 → 門,門,門,EARLIER_KLC_OR_PRIMITIVE_ONLY,PASS,
451,関,"CONNECTION, BARRIER",カン,"せき, -ぜき  かか.わる",关 | 門,angel | gate,門,関 → 关 + 門,关 | 門,門,EARLIER_KLC_OR_PRIMITIVE_ONLY,PASS,
452,問,QUESTION,モン,"と.う, と.い  とん",門 | 口,"gate | mouth, *opening*",門 | 口,問 → 門 + 口,門 | 口,門 | 口,EARLIER_KLC_OR_PRIMITIVE_ONLY,PASS,
453,聞,"HEAR, ASK","ブン, モン","き.く, き.こえる",門 | 耳,"gate | ear, hearing",門 | 耳,聞 → 門 + 耳,門 | 耳,門 | 耳,EARLIER_KLC_OR_PRIMITIVE_ONLY,PASS,
454,訪,VISIT,ホウ,おとず.れる  　たず.ねる,言 | 方,"speech, word, say | direction, person, square",言 | 方,訪 → 言 + 方,言 | 方,言 | 方,EARLIER_KLC_OR_PRIMITIVE_ONLY,PASS,
455,送,"SEND, TRANSMIT",ソウ,おく.る,关 | 辵,"angel | walk, *transport*",辵,送 → 关 + 辵,关 | 辵,辵,EARLIER_KLC_OR_PRIMITIVE_ONLY,PASS,
456,券,"TICKET, CERTIFICATE",ケン,,刀 | 龹,"knife, sword, *cut* | chinese tally stick",刀,券 → 刀 + 龹,刀 | 龹,刀,EARLIER_KLC_OR_PRIMITIVE_ONLY,PASS,
457,包,"WRAP, ENCOMPASS",ホウ,つつ.む,,,,包,包,,ATOMIC_OR_ROOT_RECORD,PASS,
458,巻,"ROLL UP, VOLUME",カン,"ま.き, ま.く,  まき",龹 | 己,"chinese tally stick | oneself, *roll*",己,巻 → 龹 + 己,龹 | 己,己,EARLIER_KLC_OR_PRIMITIVE_ONLY,PASS,
459,圏,SPHERE,ケン,,巻,"ROLL UP, VOLUME",,圏 → 巻,龹 | 己,己,EARLIER_KLC_OR_PRIMITIVE_ONLY,PASS,
460,勝,"WIN, EXCEL",ショウ,"か.つ, -が.ち  まさ.る",月 | 券,"moon, month, *flesh*, *body part* | TICKET, CERTIFICATE",月,勝 → 月 + 券,月 | 刀 | 龹,月 | 刀,EARLIER_KLC_OR_PRIMITIVE_ONLY,PASS,
461,戦,"WAR, BATTLE",セン,いくさ  たたか.う,戈,"halberd, spear",戈,戦 → 戈,戈,戈,EARLIER_KLC_OR_PRIMITIVE_ONLY,PASS,
462,単,"SINGLE, SIMPLE",タン,,戦,"WAR, BATTLE",,単 → 戦,戈,戈,EARLIER_KLC_OR_PRIMITIVE_ONLY,PASS,
463,簡,SIMPLE,カン,,門 | 竹 | 日,"gate | bamboo, counting | sun, day",門 | 竹 | 日,簡 → 門 + 竹 + 日,門 | 竹 | 日,門 | 竹 | 日,EARLIER_KLC_OR_PRIMITIVE_ONLY,PASS,
464,過,"PASS BY, EXCEED",カ,"[-]す.ぎる, -す.ぎ, す.ごす  あやま.つ, あやま.ち",辵,"walk, *transport*",辵,過 → 辵,辵,辵,EARLIER_KLC_OR_PRIMITIVE_ONLY,PASS,
465,骨,bone,,,冖 | 月,"cloth cover | moon, month, *flesh*, *body part*",冖 | 月,骨 → 冖 + 月,冖 | 月,冖 | 月,EARLIER_KLC_OR_PRIMITIVE_ONLY,PASS_WITH_NOTES,KLC character is represented by its shared RAD record in the component map
466,昼,"DAYTIME, MIDDAY",チュウ,ひる,尺 | 旦,"SHAKU [length], MEASURE | DAWN",,昼 → 尺 + 旦,尺 | 日,日,HAS_LATER_KLC_REFERENCE,PASS_WITH_NOTES,Third-party visual mnemonic contains a later KLC reference; it is not treated as a canonical prerequisite
467,夜,NIGHT,ヤ,よ  よる,人 | 宀 | 夕,"person, *roof* | roof | evening, *moon*",人 | 宀 | 夕,夜 → 人 + 宀 + 夕,人 | 宀 | 夕,人 | 宀 | 夕,EARLIER_KLC_OR_PRIMITIVE_ONLY,PASS,
468,液,LIQUID,エキ,,水 | 夜,"water, *liquid* | NIGHT",水,液 → 水 + 夜,水 | 人 | 宀 | 夕,水 | 人 | 宀 | 夕,EARLIER_KLC_OR_PRIMITIVE_ONLY,PASS,
469,戒,"CAUTION, WARN",カイ,いまし.める,戈,"halberd, spear",戈,戒 → 戈,戈,戈,EARLIER_KLC_OR_PRIMITIVE_ONLY,PASS,
470,幾,"HOW MANY, SOME",キ,"いく-, いく.つ, いく.ら",人 | 糸,"person, *roof* | thread, silk",人 | 糸,幾 → 人 + 糸,人 | 糸,人 | 糸,EARLIER_KLC_OR_PRIMITIVE_ONLY,PASS,
471,畿,CAPITAL REGION,キ,,幾 | 田,"HOW MANY, SOME | rice field, *head*",田,畿 → 幾 + 田,人 | 糸 | 田,人 | 糸 | 田,EARLIER_KLC_OR_PRIMITIVE_ONLY,PASS,
472,磯,ROCKY BEACH,キ,いそ,幾 | 石,"HOW MANY, SOME | stone, rock",石,磯 → 幾 + 石,人 | 糸 | 石,人 | 糸 | 石,EARLIER_KLC_OR_PRIMITIVE_ONLY,PASS,
473,機,"MACHINE, OPPORTUNITY",キ,はた,幾 | 木,"HOW MANY, SOME | tree",木,機 → 幾 + 木,人 | 糸 | 木,人 | 糸 | 木,EARLIER_KLC_OR_PRIMITIVE_ONLY,PASS,
474,械,CONTRAPTION,カイ,,戒 | 木,"CAUTION, WARN | tree",木,械 → 戒 + 木,戈 | 木,戈 | 木,EARLIER_KLC_OR_PRIMITIVE_ONLY,PASS,
475,飛,fly,,,,,,飛,飛,飛,ATOMIC_OR_ROOT_RECORD,PASS_WITH_NOTES,KLC character is represented by its shared RAD record in the component map
476,氏,"family, clan",,,,,,氏,氏,氏,ATOMIC_OR_ROOT_RECORD,PASS_WITH_NOTES,KLC character is represented by its shared RAD record in the component map
477,民,"PEOPLE, RACE",ミン,たみ,氏,"family, clan",氏,民 → 氏,氏,氏,EARLIER_KLC_OR_PRIMITIVE_ONLY,PASS,
478,紙,PAPER,シ,かみ,氏 | 糸,"family, clan | thread, silk",氏 | 糸,紙 → 氏 + 糸,氏 | 糸,氏 | 糸,EARLIER_KLC_OR_PRIMITIVE_ONLY,PASS,
479,低,LOW,テイ,"ひく.い, ひく.める, ひく.まる",人 | 氐,"person, *roof* | foundation, base",人,低 → 人 + 氐,人 | 氐,人,EARLIER_KLC_OR_PRIMITIVE_ONLY,PASS,
480,抵,RESIST,テイ,,手 | 氐,"hand, performer of action | foundation, base",手,抵 → 手 + 氐,手 | 氐,手,EARLIER_KLC_OR_PRIMITIVE_ONLY,PASS,
481,邸,"RESIDENCE, MANSION",テイ,,氐 | 邑,"foundation, base | city [right of kanji]",邑,邸 → 氐 + 邑,氐 | 邑,邑,EARLIER_KLC_OR_PRIMITIVE_ONLY,PASS,
482,底,BOTTOM,テイ,そこ,氐 | 广,"foundation, base | dotted cliff, *shelter*",广,底 → 氐 + 广,氐 | 广,广,EARLIER_KLC_OR_PRIMITIVE_ONLY,PASS,
483,巨,GIANT,キョ,,,,,巨,巨,,ATOMIC_OR_ROOT_RECORD,PASS,
484,臣,"minister, subject, servant",,,,,,臣,臣,臣,ATOMIC_OR_ROOT_RECORD,PASS_WITH_NOTES,KLC character is represented by its shared RAD record in the component map
485,基,"BASE, FOUNDATION",キ,もと  もとい,其 | 土,"THAT, *binding* | soil, earth",土,基 → 其 + 土,士 | 土,士 | 土,HAS_LATER_KLC_REFERENCE,PASS_WITH_NOTES,Third-party visual mnemonic contains a later KLC reference; it is not treated as a canonical prerequisite
486,期,"TERM, EXPECT, PERIOD","キ, ゴ",,其 | 月,"THAT, *binding* | moon, month, *flesh*, *body part*",月,期 → 其 + 月,士 | 月,士 | 月,HAS_LATER_KLC_REFERENCE,PASS_WITH_NOTES,Third-party visual mnemonic contains a later KLC reference; it is not treated as a canonical prerequisite
487,毛,"fur, hair",,,,,,毛,毛,毛,ATOMIC_OR_ROOT_RECORD,PASS_WITH_NOTES,KLC character is represented by its shared RAD record in the component map
488,尾,TAIL,ビ,お,毛,"fur, hair",毛,尾 → 毛,毛,毛,EARLIER_KLC_OR_PRIMITIVE_ONLY,PASS,
489,育,RAISE [bring up],イク,"そだ.つ, そだ.ち, そだ.てる  はぐく.む",月,"moon, month, *flesh*, *body part*",月,育 → 月,月,月,EARLIER_KLC_OR_PRIMITIVE_ONLY,PASS,
490,羊,sheep,,,,,,羊,羊,羊,ATOMIC_OR_ROOT_RECORD,PASS_WITH_NOTES,KLC character is represented by its shared RAD record in the component map
491,洋,"OCEAN, WESTERN [foreign]",ヨウ,,羊 | 水,"sheep | water, *liquid*",羊 | 水,洋 → 羊 + 水,羊 | 水,羊 | 水,EARLIER_KLC_OR_PRIMITIVE_ONLY,PASS,
492,魚,fish,,,,,,魚,魚,魚,ATOMIC_OR_ROOT_RECORD,PASS_WITH_NOTES,KLC character is represented by its shared RAD record in the component map
493,鮮,"FRESH, VIVID",セン,あざ.やか,魚 | 羊,fish | sheep,魚 | 羊,鮮 → 魚 + 羊,魚 | 羊,魚 | 羊,EARLIER_KLC_OR_PRIMITIVE_ONLY,PASS,
494,蘇,REVIVE,"ソ, ス",よみがえ.る,艸 | 禾 | 魚,"grass, vegetation | grain | fish",艸 | 禾 | 魚,蘇 → 艸 + 禾 + 魚,艸 | 禾 | 魚,艸 | 禾 | 魚,EARLIER_KLC_OR_PRIMITIVE_ONLY,PASS,
495,詳,DETAILED,ショウ,くわ.しい,言 | 羊,"speech, word, say | sheep",言 | 羊,詳 → 言 + 羊,言 | 羊,言 | 羊,EARLIER_KLC_OR_PRIMITIVE_ONLY,PASS,
496,祥,AUSPICIOUS,ショウ,,羊 | 示,"sheep | spirit, sign, show",羊 | 示,祥 → 羊 + 示,羊 | 示,羊 | 示,EARLIER_KLC_OR_PRIMITIVE_ONLY,PASS,
497,美,BEAUTIFUL,ビ,うつく.しい,,,,美,美,,ATOMIC_OR_ROOT_RECORD,PASS,
498,業,"WORK, BUSINESS","ギョウ, ゴウ",わざ,,,,業,業,,ATOMIC_OR_ROOT_RECORD,PASS,
499,実,"REAL, FRUIT",ジツ,み  みの.る,宀,roof,宀,実 → 宀,宀,宀,EARLIER_KLC_OR_PRIMITIVE_ONLY,PASS,
500,養,"FOSTER, BRING UP",ヨウ,やしな.う,美 | 良,BEAUTIFUL | GOOD,,養 → 美 + 良,美 | 艮,艮,EARLIER_KLC_OR_PRIMITIVE_ONLY,PASS,
501,様,"MODE, WAY, FORMAL TITLE",ヨウ,さま,羊 | 水 | 木,"sheep | water, *liquid* | tree",羊 | 水 | 木,様 → 羊 + 水 + 木,羊 | 水 | 木,羊 | 水 | 木,EARLIER_KLC_OR_PRIMITIVE_ONLY,PASS,
502,企,"SCHEME, PLAN",キ,くわだ.てる  たくら.む,止,stop,止,企 → 止,止,止,EARLIER_KLC_OR_PRIMITIVE_ONLY,PASS,
503,曲,"MELODY, CURVE",キョク,"ま.がる, ま.げる",,,,曲,曲,,ATOMIC_OR_ROOT_RECORD,PASS,
504,典,"LAW, RULE",テン,,曲,"MELODY, CURVE",,典 → 曲,曲,,EARLIER_KLC_OR_PRIMITIVE_ONLY,PASS,
505,興,"ENTERTAIN, RISE TO PROSPERITY","コウ, キョウ","おこ.る, おこ.す",,,,興,興,,ATOMIC_OR_ROOT_RECORD,PASS,
506,輿,PALANQUIN,ヨ,こし,車,"car, cart",車,輿 → 車,車,車,EARLIER_KLC_OR_PRIMITIVE_ONLY,PASS,
507,竜,DRAGON,リュウ,たつ,立 | 田,"stand | rice field, *head*",立 | 田,竜 → 立 + 田,立 | 田,立 | 田,EARLIER_KLC_OR_PRIMITIVE_ONLY,PASS,
508,滝,WATERFALL,,たき,竜 | 水,"DRAGON | water, *liquid*",水,滝 → 竜 + 水,立 | 田 | 水,立 | 田 | 水,EARLIER_KLC_OR_PRIMITIVE_ONLY,PASS,
509,籠,BASKET,ロウ,かご  こ.める  こも.る,竜 | 竹,"DRAGON | bamboo, counting",竹,籠 → 竜 + 竹,立 | 田 | 竹,立 | 田 | 竹,EARLIER_KLC_OR_PRIMITIVE_ONLY,PASS,
510,辰,"morning, sign of the dragon",,,,,,辰,辰,辰,ATOMIC_OR_ROOT_RECORD,PASS_WITH_NOTES,KLC character is represented by its shared RAD record in the component map
511,農,FARMING,ノウ,,辰 | 曲,"morning, sign of the dragon | MELODY, CURVE",辰,農 → 辰 + 曲,辰 | 曲,辰,EARLIER_KLC_OR_PRIMITIVE_ONLY,PASS,
512,濃,THICK [concentrated],ノウ,こ.い,水 | 農,"water, *liquid* | FARMING",水,濃 → 水 + 農,水 | 辰 | 曲,水 | 辰,EARLIER_KLC_OR_PRIMITIVE_ONLY,PASS,
513,豊,ABUNDANT [bountiful],ホウ,ゆたか,豆,"bean, pea, small thing",豆,豊 → 豆,豆,豆,EARLIER_KLC_OR_PRIMITIVE_ONLY,PASS,
514,吉,LUCKY,"キチ, キツ",,士,"scholar, military man",士,吉 → 士,士,士,EARLIER_KLC_OR_PRIMITIVE_ONLY,PASS,
515,詰,"PACKED, REPRIMAND",キツ,"つ.める, つ.め, -づ.め, つ.まる, つ.む",言 | 吉,"speech, word, say | LUCKY",言,詰 → 言 + 吉,言 | 士,言 | 士,EARLIER_KLC_OR_PRIMITIVE_ONLY,PASS,
516,結,"TIE, CONCLUDE",ケツ,"むす.ぶ  ゆ.う, ゆ.わえる",糸 | 吉,"thread, silk | LUCKY",糸,結 → 糸 + 吉,糸 | 士,糸 | 士,EARLIER_KLC_OR_PRIMITIVE_ONLY,PASS,
517,投,"THROW, DISCARD",トウ,"な.げる, -な.げ",手 | 殳,"hand, performer of action | weapon",手 | 殳,投 → 手 + 殳,手 | 殳,手 | 殳,EARLIER_KLC_OR_PRIMITIVE_ONLY,PASS,
518,役,"SERVICE, OFFICER","ヤク, エキ",,彳 | 殳,"linger, stop, go | weapon",彳 | 殳,役 → 彳 + 殳,彳 | 殳,彳 | 殳,EARLIER_KLC_OR_PRIMITIVE_ONLY,PASS,
519,没,"SINK, DOWN",ボツ,,水 | 殳,"water, *liquid* | weapon",水 | 殳,没 → 水 + 殳,水 | 殳,水 | 殳,EARLIER_KLC_OR_PRIMITIVE_ONLY,PASS,
520,設,"SET UP, ESTABLISH",セツ,もう.ける,言 | 殳,"speech, word, say | weapon",言 | 殳,設 → 言 + 殳,言 | 殳,言 | 殳,EARLIER_KLC_OR_PRIMITIVE_ONLY,PASS,
521,段,STEP,ダン,,殳,weapon,殳,段 → 殳,殳,殳,EARLIER_KLC_OR_PRIMITIVE_ONLY,PASS,
522,殺,KILL,"サツ, サイ, セツ","ころ.す, -ごろ.し",木 | 殳,tree | weapon,木 | 殳,殺 → 木 + 殳,木 | 殳,木 | 殳,EARLIER_KLC_OR_PRIMITIVE_ONLY,PASS,
523,刹,BUDDHIST TEMPLE,"サツ, セツ",,木 | 刀,"tree | knife, sword, *cut*",木 | 刀,刹 → 木 + 刀,木 | 刀,木 | 刀,EARLIER_KLC_OR_PRIMITIVE_ONLY,PASS,
524,刈,CLIP,,か.る,刀,"knife, sword, *cut*",刀,刈 → 刀,刀,刀,EARLIER_KLC_OR_PRIMITIVE_ONLY,PASS,
525,絵,"PICTURE, PAINTING","カイ, エ",,糸 | 会,"thread, silk | MEET, SOCIETY",糸,絵 → 糸 + 会,糸 | 云 | 人,糸 | 人,EARLIER_KLC_OR_PRIMITIVE_ONLY,PASS,
526,給,"SUPPLY, PAY",キュウ,,糸 | 合,"thread, silk | COMBINE, FIT",糸,給 → 糸 + 合,糸 | 合,糸,EARLIER_KLC_OR_PRIMITIVE_ONLY,PASS,
527,巴,CIRCULAR COMMA PATTERN,ハ,ともえ,,,,巴,巴,,ATOMIC_OR_ROOT_RECORD,PASS,
528,色,color,,,,,,色,色,色,ATOMIC_OR_ROOT_RECORD,PASS_WITH_NOTES,KLC character is represented by its shared RAD record in the component map
529,声,VOICE,"セイ, ショウ",こえ  こわ-,士 | 戸,"scholar, military man | door",士 | 戸,声 → 士 + 戸,士 | 戸,士 | 戸,EARLIER_KLC_OR_PRIMITIVE_ONLY,PASS,
530,眉,EYEBROW,"ビ, ミ",まゆ,目,eye,目,眉 → 目,目,目,EARLIER_KLC_OR_PRIMITIVE_ONLY,PASS,
531,里,village,,,田 | 土,"rice field, *head* | soil, earth",田 | 土,里 → 田 + 土,田 | 土,田 | 土,EARLIER_KLC_OR_PRIMITIVE_ONLY,PASS_WITH_NOTES,KLC character is represented by its shared RAD record in the component map
532,理,"REASON, PRINCIPLE",リ,,里 | 玉,"village | jewel, spherical object",里 | 玉,理 → 里 + 玉,里 | 玉,里 | 玉,EARLIER_KLC_OR_PRIMITIVE_ONLY,PASS,
533,埋,BURY,マイ,"う.める, う.まる, う.もれる",土 | 里,"soil, earth | village",土 | 里,埋 → 土 + 里,土 | 里,土 | 里,EARLIER_KLC_OR_PRIMITIVE_ONLY,PASS,
534,野,"FIELD, WILD",ヤ,の[-],矛 | 里,spear | village,矛 | 里,野 → 矛 + 里,矛 | 里,矛 | 里,EARLIER_KLC_OR_PRIMITIVE_ONLY,PASS,
535,黒,black,,,火 | 里,fire | village,火 | 里,黒 → 火 + 里,火 | 里,火 | 里,EARLIER_KLC_OR_PRIMITIVE_ONLY,PASS_WITH_NOTES,KLC character is represented by its shared RAD record in the component map
536,墨,INDIA INK,ボク,すみ,黒 | 土,"black | soil, earth",黒 | 土,墨 → 黒 + 土,黒 | 土,黒 | 土,EARLIER_KLC_OR_PRIMITIVE_ONLY,PASS,
537,童,CHILD,ドウ,わらべ,立,stand,立,童 → 立,立,立,EARLIER_KLC_OR_PRIMITIVE_ONLY,PASS,
538,量,"QUANTITY, AMOUNT, WEIGHT",リョウ,はか.る,里 | 旦,village | DAWN,里,量 → 里 + 旦,里 | 日,里 | 日,HAS_LATER_KLC_REFERENCE,PASS_WITH_NOTES,Third-party visual mnemonic contains a later KLC reference; it is not treated as a canonical prerequisite
539,重,HEAVY,"ジュウ, チョウ","え  おも.い, おも.り  かさ.ねる, かさ.なる",,,,重,重,,ATOMIC_OR_ROOT_RECORD,PASS,
540,動,MOVE,ドウ,"うご.く, うご.かす",力 | 重,"power, strength | HEAVY",力,動 → 力 + 重,力 | 重,力,EARLIER_KLC_OR_PRIMITIVE_ONLY,PASS,
541,働,WORK,ドウ,はたら.く,人 | 動,"person, *roof* | MOVE",人,働 → 人 + 動,人 | 力 | 重,人 | 力,EARLIER_KLC_OR_PRIMITIVE_ONLY,PASS,
542,労,LABOR,ロウ,,力 | 龸,"power, strength | crown",力,労 → 力 + 龸,力 | 龸,力,EARLIER_KLC_OR_PRIMITIVE_ONLY,PASS,
543,協,COOPERATE,キョウ,,力 | 十,"power, strength | ten, complete, *cross*, *needle*, *plant*",力 | 十,協 → 力 + 十,力 | 十,力 | 十,EARLIER_KLC_OR_PRIMITIVE_ONLY,PASS,
544,種,"SEED, SPECIES",シュ,たね  ぐさ*,禾 | 重,grain | HEAVY,禾,種 → 禾 + 重,禾 | 重,禾,EARLIER_KLC_OR_PRIMITIVE_ONLY,PASS,
545,亜,"SUB-, COME AFTER",ア,,,,,亜,亜,,ATOMIC_OR_ROOT_RECORD,PASS,
546,悪,BAD,"アク, オ","わる.い, わる-  あ.し*",亜 | 心,"SUB-, COME AFTER | heart, mind, spirit",心,悪 → 亜 + 心,亜 | 心,心,EARLIER_KLC_OR_PRIMITIVE_ONLY,PASS,
547,要,"REQUIRE, IMPORTANT, SUMMARIZE",ヨウ,い.る  かなめ,覀 | 女,"basket, box | woman",女,要 → 覀 + 女,覀 | 女,女,EARLIER_KLC_OR_PRIMITIVE_ONLY,PASS,
548,価,"PRICE, VALUE",カ,あたい,人 | 覀,"person, *roof* | basket, box",人,価 → 人 + 覀,人 | 覀,人,EARLIER_KLC_OR_PRIMITIVE_ONLY,PASS,
549,必,CERTAIN,ヒツ,かなら.ず,心,"heart, mind, spirit",心,必 → 心,心,心,EARLIER_KLC_OR_PRIMITIVE_ONLY,PASS,
550,証,"PROVE, CERTIFICATE",ショウ,あかし*,言 | 正,"speech, word, say | CORRECT, RIGHT",言,証 → 言 + 正,言 | 止,言 | 止,EARLIER_KLC_OR_PRIMITIVE_ONLY,PASS,
551,歪,"DISTORT, STRAIN","ワイ, エ","ゆが.む, ゆが.み, ゆが.める  ひず.む, ひず.み  いびつ",不 | 正,"NOT, UN- | CORRECT, RIGHT",,歪 → 不 + 正,不 | 止,止,EARLIER_KLC_OR_PRIMITIVE_ONLY,PASS,
552,否,"NEGATE, DECLINE",ヒ,いな,不 | 口,"NOT, UN- | mouth, *opening*",口,否 → 不 + 口,不 | 口,口,EARLIER_KLC_OR_PRIMITIVE_ONLY,PASS,
553,処,"DISPOSE, DEAL WITH",ショ,"ところ, -どころ",几 | 夂,"table, wind | winter, go, *rooftop*, *crossed legs*",几 | 夂,処 → 几 + 夂,几 | 夂,几 | 夂,EARLIER_KLC_OR_PRIMITIVE_ONLY,PASS,
554,拠,"BASIS, FOOTHOLD","キョ, コ",,手 | 処,"hand, performer of action | DISPOSE, DEAL WITH",手,拠 → 手 + 処,手 | 几 | 夂,手 | 几 | 夂,EARLIER_KLC_OR_PRIMITIVE_ONLY,PASS,
555,計,"PLAN, COMPUTE",ケイ,"はか.る, はか.らう",言 | 十,"speech, word, say | ten, complete, *cross*, *needle*, *plant*",言 | 十,計 → 言 + 十,言 | 十,言 | 十,EARLIER_KLC_OR_PRIMITIVE_ONLY,PASS,
556,針,NEEDLE,シン,はり,金,"metal, gold, money",金,針 → 金,金,金,EARLIER_KLC_OR_PRIMITIVE_ONLY,PASS,
557,総,"WHOLE, GENERAL",ソウ,,糸 | 公 | 心,"thread, silk | PUBLIC | heart, mind, spirit",糸 | 心,総 → 糸 + 公 + 心,糸 | 厶 | 心,糸 | 厶 | 心,EARLIER_KLC_OR_PRIMITIVE_ONLY,PASS,
558,窓,WINDOW,ソウ,まど,厶 | 心 | 穴,"private, *self* | heart, mind, spirit | cave, hole",厶 | 心 | 穴,窓 → 厶 + 心 + 穴,厶 | 心 | 穴,厶 | 心 | 穴,EARLIER_KLC_OR_PRIMITIVE_ONLY,PASS,
559,矢,"arrow, *straight*",,,,,,矢,矢,矢,ATOMIC_OR_ROOT_RECORD,PASS_WITH_NOTES,KLC character is represented by its shared RAD record in the component map
560,知,KNOW,チ,"し.る, し.らせる, し.れる",口 | 矢,"mouth, *opening* | arrow, *straight*",口 | 矢,知 → 口 + 矢,口 | 矢,口 | 矢,EARLIER_KLC_OR_PRIMITIVE_ONLY,PASS,
561,医,"MEDICINE, DOCTOR",イ,,矢,"arrow, *straight*",矢,医 → 矢,矢,矢,EARLIER_KLC_OR_PRIMITIVE_ONLY,PASS,
562,短,SHORT,タン,みじか.い,矢 | 豆,"arrow, *straight* | bean, pea, small thing",矢 | 豆,短 → 矢 + 豆,矢 | 豆,矢 | 豆,EARLIER_KLC_OR_PRIMITIVE_ONLY,PASS,
563,失,"LOSE, SLIP",シツ,うしな.う,矢,"arrow, *straight*",矢,失 → 矢,矢,矢,EARLIER_KLC_OR_PRIMITIVE_ONLY,PASS,
564,鉄,IRON,テツ,,金 | 失,"metal, gold, money | LOSE, SLIP",金,鉄 → 金 + 失,金 | 矢,金 | 矢,EARLIER_KLC_OR_PRIMITIVE_ONLY,PASS,
565,夫,"HUSBAND, MAN LABORER","フ, フウ, ブ*",おっと,人,"person, *roof*",人,夫 → 人,人,人,EARLIER_KLC_OR_PRIMITIVE_ONLY,PASS,
566,朱,VERMILION,シュ,あけ*,木 | 失,"tree | LOSE, SLIP",木,朱 → 木 + 失,木 | 矢,木 | 矢,EARLIER_KLC_OR_PRIMITIVE_ONLY,PASS,
567,株,"STOCK, STUMP",,かぶ,木 | 朱,tree | VERMILION,木,株 → 木 + 朱,木 | 矢,木 | 矢,EARLIER_KLC_OR_PRIMITIVE_ONLY,PASS,
568,族,"FAMILY, TRIBE",ゾク,,方 | 𠂉 | 矢,"direction, person, square | resting person, rod | arrow, *straight*",方 | 矢,族 → 方 + 𠂉 + 矢,方 | 𠂉 | 矢,方 | 矢,EARLIER_KLC_OR_PRIMITIVE_ONLY,PASS,
569,旅,TRAVEL,リョ,たび,𠂉 | 方,"resting person, rod | direction, person, square",方,旅 → 𠂉 + 方,𠂉 | 方,方,EARLIER_KLC_OR_PRIMITIVE_ONLY,PASS,
570,遊,"PLAY, TOUR","ユウ, ユ","あそ.ぶ, あそ.ばす",子 | 𠂉 | 辵 | 方,"child | resting person, rod | walk, *transport* | direction, person, square",子 | 辵 | 方,遊 → 子 + 𠂉 + 辵 + 方,子 | 𠂉 | 辵 | 方,子 | 辵 | 方,EARLIER_KLC_OR_PRIMITIVE_ONLY,PASS,
571,施,"PERFORM, BESTOW","シ, セ",ほどこ.す,𠂉,"resting person, rod",,施 → 𠂉,𠂉,,EARLIER_KLC_OR_PRIMITIVE_ONLY,PASS,
572,旋,ROTATION,セン,,疋 | 方,"bolt of cloth | direction, person, square",疋 | 方,旋 → 疋 + 方,疋 | 方,疋 | 方,EARLIER_KLC_OR_PRIMITIVE_ONLY,PASS,
573,旗,FLAG,キ,はた,其 | 𠂉 | 方,"THAT, *binding* | resting person, rod | direction, person, square",方,旗 → 其 + 𠂉 + 方,士 | 𠂉 | 方,士 | 方,HAS_LATER_KLC_REFERENCE,PASS_WITH_NOTES,Third-party visual mnemonic contains a later KLC reference; it is not treated as a canonical prerequisite
574,放,RELEASE,ホウ,"ほう.る  はな.す, -っぱな.し, はな.つ, はな.れる",攴 | 方,"hit, strike, *action* | direction, person, square",攴 | 方,放 → 攴 + 方,攴 | 方,攴 | 方,EARLIER_KLC_OR_PRIMITIVE_ONLY,PASS,
575,激,"VIOLENT, AROUSE",ゲキ,はげ.しい,白 | 水 | 攴 | 方,"white | water, *liquid* | hit, strike, *action* | direction, person, square",白 | 水 | 攴 | 方,激 → 白 + 水 + 攴 + 方,白 | 水 | 攴 | 方,白 | 水 | 攴 | 方,EARLIER_KLC_OR_PRIMITIVE_ONLY,PASS,
576,牧,PASTURE,ボク,まき,攴 | 牛,"hit, strike, *action* | cow, cattle",攴 | 牛,牧 → 攴 + 牛,攴 | 牛,攴 | 牛,EARLIER_KLC_OR_PRIMITIVE_ONLY,PASS,
577,位,"RANK, POSITION",イ,"くらい, ぐらい",人 | 立,"person, *roof* | stand",人 | 立,位 → 人 + 立,人 | 立,人 | 立,EARLIER_KLC_OR_PRIMITIVE_ONLY,PASS,
578,泣,CRY,キュウ,な.く,水 | 立,"water, *liquid* | stand",水 | 立,泣 → 水 + 立,水 | 立,水 | 立,EARLIER_KLC_OR_PRIMITIVE_ONLY,PASS,
579,笑,LAUGH,ショウ,わら.う  え.む,天 | 竹,"HEAVEN, WEATHER | bamboo, counting",竹,笑 → 天 + 竹,大 | 竹,大 | 竹,EARLIER_KLC_OR_PRIMITIVE_ONLY,PASS,
580,専,"EXCLUSIVELY, ENTIRE",セン,もっぱ.ら,寸,"measurement, tenth of shaku, a bit of",寸,専 → 寸,寸,寸,EARLIER_KLC_OR_PRIMITIVE_ONLY,PASS,
581,恵,"FAVOR, BLESSING","ケイ, エ",めぐ.む,心,"heart, mind, spirit",心,恵 → 心,心,心,EARLIER_KLC_OR_PRIMITIVE_ONLY,PASS,
582,連,"CONNECT, TAKE ALONG",レン,"つ.れる, -づ.れ  つら.なる, つら.ねる",車 | 辵,"car, cart | walk, *transport*",車 | 辵,連 → 車 + 辵,車 | 辵,車 | 辵,EARLIER_KLC_OR_PRIMITIVE_ONLY,PASS,
583,軍,"ARMY, MILITARY",グン,,車,"car, cart",車,軍 → 車,車,車,EARLIER_KLC_OR_PRIMITIVE_ONLY,PASS,
584,運,"CARRY, MOVE, FORTUNE",ウン,はこ.ぶ,軍 | 辵,"ARMY, MILITARY | walk, *transport*",辵,運 → 軍 + 辵,車 | 辵,車 | 辵,EARLIER_KLC_OR_PRIMITIVE_ONLY,PASS,
585,蓮,LOTUS,レン,はす  はちす,艸 | 連,"grass, vegetation | CONNECT, TAKE ALONG",艸,蓮 → 艸 + 連,艸 | 車 | 辵,艸 | 車 | 辵,EARLIER_KLC_OR_PRIMITIVE_ONLY,PASS,
586,隊,"PARTY, CORPS",タイ,,豕 | 阜,pig | hill [left of kanji],豕 | 阜,隊 → 豕 + 阜,豕 | 阜,豕 | 阜,EARLIER_KLC_OR_PRIMITIVE_ONLY,PASS,
587,呈,"DISPLAY, PRESENT",テイ,,口 | 王,"mouth, *opening* | KING",口,呈 → 口 + 王,口 | 王,口,EARLIER_KLC_OR_PRIMITIVE_ONLY,PASS,
588,程,"EXTENT, DEGREE",テイ,[-]ほど,呈 | 禾,"DISPLAY, PRESENT | grain",禾,程 → 呈 + 禾,口 | 王 | 禾,口 | 禾,EARLIER_KLC_OR_PRIMITIVE_ONLY,PASS,
589,聖,"HOLY, SAINT",セイ,ひじり,王 | 耳 | 口,"KING | ear, hearing | mouth, *opening*",耳 | 口,聖 → 王 + 耳 + 口,王 | 耳 | 口,耳 | 口,EARLIER_KLC_OR_PRIMITIVE_ONLY,PASS,
590,丑,SIGN OF THE OX,チュウ,うし,,,,丑,丑,,ATOMIC_OR_ROOT_RECORD,PASS,
591,紐,STRING,"チュウ, ジュウ",ひも,糸 | 丑,"thread, silk | SIGN OF THE OX",糸,紐 → 糸 + 丑,糸 | 丑,糸,EARLIER_KLC_OR_PRIMITIVE_ONLY,PASS,
592,革,"leather, reform",,,,,,革,革,革,ATOMIC_OR_ROOT_RECORD,PASS_WITH_NOTES,KLC character is represented by its shared RAD record in the component map
593,靴,SHOES,カ,くつ,革 | 化,"leather, reform | CHANGE INTO, CONVERT",革,靴 → 革 + 化,革 | 人 | 匕,革 | 人 | 匕,EARLIER_KLC_OR_PRIMITIVE_ONLY,PASS,
594,鞄,"BAG, SUITCASE",ホウ,かばん,革 | 包,"leather, reform | WRAP, ENCOMPASS",革,鞄 → 革 + 包,革 | 包,革,EARLIER_KLC_OR_PRIMITIVE_ONLY,PASS,
595,皮,skin,,,,,,皮,皮,皮,ATOMIC_OR_ROOT_RECORD,PASS_WITH_NOTES,KLC character is represented by its shared RAD record in the component map
596,破,"BREAK, TEAR",ハ,"やぶ.る, やぶ.れる",石 | 皮,"stone, rock | skin",石 | 皮,破 → 石 + 皮,石 | 皮,石 | 皮,EARLIER_KLC_OR_PRIMITIVE_ONLY,PASS,
597,彼,3RD PERSON PRONOUN,ヒ,かれ  かの,彳 | 皮,"linger, stop, go | skin",彳 | 皮,彼 → 彳 + 皮,彳 | 皮,彳 | 皮,EARLIER_KLC_OR_PRIMITIVE_ONLY,PASS,
598,波,WAVE,ハ,なみ,水 | 皮,"water, *liquid* | skin",水 | 皮,波 → 水 + 皮,水 | 皮,水 | 皮,EARLIER_KLC_OR_PRIMITIVE_ONLY,PASS,
599,果,"FRUIT, ACCOMPLISH, RESULT",カ,"[-]は.たす, [-]は.てる, は.て",木,tree,木,果 → 木,木,木,EARLIER_KLC_OR_PRIMITIVE_ONLY,PASS,
600,課,"ASSIGN, TASK, SECTION",カ,,言 | 果,"speech, word, say | FRUIT, ACCOMPLISH, RESULT",言,課 → 言 + 果,言 | 木,言 | 木,EARLIER_KLC_OR_PRIMITIVE_ONLY,PASS,
601,巣,NEST,ソウ,す,果,"FRUIT, ACCOMPLISH, RESULT",,巣 → 果,木,木,EARLIER_KLC_OR_PRIMITIVE_ONLY,PASS,
602,菓,"CANDY, CONFECTIONERY",カ,,果 | 艸,"FRUIT, ACCOMPLISH, RESULT | grass, vegetation",艸,菓 → 果 + 艸,木 | 艸,木 | 艸,EARLIER_KLC_OR_PRIMITIVE_ONLY,PASS,
603,茶,TEA,"チャ, サ",,艸 | 人,"grass, vegetation | person, *roof*",艸 | 人,茶 → 艸 + 人,艸 | 人,艸 | 人,EARLIER_KLC_OR_PRIMITIVE_ONLY,PASS,
604,世,"WORLD, AGE, GENERATION","セイ, セ",よ,,,,世,世,,ATOMIC_OR_ROOT_RECORD,PASS,
605,葉,LEAF,ヨウ,は,艸 | 木 | 世,"grass, vegetation | tree | WORLD, AGE, GENERATION",艸 | 木,葉 → 艸 + 木 + 世,艸 | 木 | 世,艸 | 木,EARLIER_KLC_OR_PRIMITIVE_ONLY,PASS,
606,棄,ABANDON,キ,す.てる,丗 | 木,trashcan | tree,木,棄 → 丗 + 木,丗 | 木,木,EARLIER_KLC_OR_PRIMITIVE_ONLY,PASS,
607,緑,GREEN,"リョク, ロク",みどり,糸 | 水,"thread, silk | water, *liquid*",糸 | 水,緑 → 糸 + 水,糸 | 水,糸 | 水,EARLIER_KLC_OR_PRIMITIVE_ONLY,PASS,
608,録,"RECORD, REGISTER",ロク,,金 | 水,"metal, gold, money | water, *liquid*",金 | 水,録 → 金 + 水,金 | 水,金 | 水,EARLIER_KLC_OR_PRIMITIVE_ONLY,PASS,
609,剝,PEEL OFF,ハク,"は.ぐ, は.げる, は.がれる, は.がす  む.く*・ む.ける*",水 | 刀,"water, *liquid* | knife, sword, *cut*",水 | 刀,剝 → 水 + 刀,水 | 刀,水 | 刀,EARLIER_KLC_OR_PRIMITIVE_ONLY,PASS,
610,縁,"RELATION, EDGE","エン, -ネン",ふち,豕 | 糸,"pig | thread, silk",豕 | 糸,縁 → 豕 + 糸,豕 | 糸,豕 | 糸,EARLIER_KLC_OR_PRIMITIVE_ONLY,PASS,
611,介,MEDIATE,カイ,,,,,介,介,,ATOMIC_OR_ROOT_RECORD,PASS,
612,界,"WORLD, BOUNDARY",カイ,,介 | 田,"MEDIATE | rice field, *head*",田,界 → 介 + 田,介 | 田,田,EARLIER_KLC_OR_PRIMITIVE_ONLY,PASS,
613,浮,FLOATING,フ,"う.く, う.かれる, う.かぶ, う.かべる",爪 | 子 | 水,"claw | child | water, *liquid*",爪 | 子 | 水,浮 → 爪 + 子 + 水,爪 | 子 | 水,爪 | 子 | 水,EARLIER_KLC_OR_PRIMITIVE_ONLY,PASS,
614,将,GENERAL OFFICER,ショウ,,爪 | 爿 | 寸,"claw | split wood, *wooden tablet* | measurement, tenth of shaku, a bit of",爪 | 爿 | 寸,将 → 爪 + 爿 + 寸,爪 | 爿 | 寸,爪 | 爿 | 寸,EARLIER_KLC_OR_PRIMITIVE_ONLY,PASS,
615,奨,ENCOURAGE,ショウ,,大 | 将,"big, university | GENERAL OFFICER",大,奨 → 大 + 将,大 | 爪 | 爿 | 寸,大 | 爪 | 爿 | 寸,EARLIER_KLC_OR_PRIMITIVE_ONLY,PASS,
616,状,"FORM, CONDITION, LETTER",ジョウ,,爿 | 犬,"split wood, *wooden tablet* | dog, small animal",爿 | 犬,状 → 爿 + 犬,爿 | 犬,爿 | 犬,EARLIER_KLC_OR_PRIMITIVE_ONLY,PASS,
617,病,ILLNESS,"ビョウ, ヘイ","や.む, -や.み  やまい",疒 | 丙,"sickness, illness | THIRD IN A SERIES",疒,病 → 疒 + 丙,疒 | 丙,疒,HAS_LATER_KLC_REFERENCE,PASS_WITH_NOTES,Third-party visual mnemonic contains a later KLC reference; it is not treated as a canonical prerequisite
618,症,PATHOLOGICAL CONDITION,ショウ,,正 | 疒,"CORRECT, RIGHT | sickness, illness",疒,症 → 正 + 疒,止 | 疒,止 | 疒,EARLIER_KLC_OR_PRIMITIVE_ONLY,PASS,
619,痛,"PAIN, ACUTE",ツウ,"いた.い, いた.む, いた.ましい, いた.める",疒 | 甬,"sickness, illness | move forward",疒,痛 → 疒 + 甬,疒 | 甬,疒,EARLIER_KLC_OR_PRIMITIVE_ONLY,PASS,
620,憶,REMEMBER,オク,,心 | 意,"heart, mind, spirit | IDEA, OPINION, THOUGHT",心,憶 → 心 + 意,心 | 音,心 | 音,EARLIER_KLC_OR_PRIMITIVE_ONLY,PASS,
621,臆,FEEL TIMID,オク,,月 | 意,"moon, month, *flesh*, *body part* | IDEA, OPINION, THOUGHT",月,臆 → 月 + 意,月 | 音 | 心,月 | 音 | 心,EARLIER_KLC_OR_PRIMITIVE_ONLY,PASS_WITH_NOTES,Gap repaired from verified KLC order; visual components manually added
622,億,HUNDRED MILLION,オク,,人 | 意,"person, *roof* | IDEA, OPINION, THOUGHT",人,億 → 人 + 意,人 | 音 | 心,人 | 音 | 心,EARLIER_KLC_OR_PRIMITIVE_ONLY,PASS,
623,視,LOOK AT,シ,み.る*,見 | 示,"see | spirit, sign, show",見 | 示,視 → 見 + 示,見 | 示,見 | 示,EARLIER_KLC_OR_PRIMITIVE_ONLY,PASS,
624,規,REGULATION,キ,,夫 | 見,"HUSBAND, MAN LABORER | see",見,規 → 夫 + 見,人 | 見,人 | 見,EARLIER_KLC_OR_PRIMITIVE_ONLY,PASS,
625,則,"RULE, LAW",ソク,のり*,貝 | 刀,"shellfish, money, wealth | knife, sword, *cut*",貝 | 刀,則 → 貝 + 刀,貝 | 刀,貝 | 刀,EARLIER_KLC_OR_PRIMITIVE_ONLY,PASS,
626,側,SIDE,ソク,がわ,人 | 貝 | 刀,"person, *roof* | shellfish, money, wealth | knife, sword, *cut*",人 | 貝 | 刀,側 → 人 + 貝 + 刀,人 | 貝 | 刀,人 | 貝 | 刀,EARLIER_KLC_OR_PRIMITIVE_ONLY,PASS,
627,測,"MEASURE, CONJECTURE, ESTIMATE",ソク,はか.る,則 | 水,"RULE, LAW | water, *liquid*",水,測 → 則 + 水,貝 | 刀 | 水,貝 | 刀 | 水,EARLIER_KLC_OR_PRIMITIVE_ONLY,PASS,
628,考,THINK,コウ,"かんが.える, かんが.え",老,"old, buried",老,考 → 老,老,老,EARLIER_KLC_OR_PRIMITIVE_ONLY,PASS,
629,老,"old, buried",,,,,,老,老,老,ATOMIC_OR_ROOT_RECORD,PASS_WITH_NOTES,KLC character is represented by its shared RAD record in the component map
630,孝,FILIAL PIETY,コウ,,子 | 老,"child | old, buried",子 | 老,孝 → 子 + 老,子 | 老,子 | 老,EARLIER_KLC_OR_PRIMITIVE_ONLY,PASS,
631,厚,"THICK, KIND [gentle]",コウ,あつ.い,子 | 厂 | 日,"child | cliff | sun, day",子 | 厂 | 日,厚 → 子 + 厂 + 日,子 | 厂 | 日,子 | 厂 | 日,EARLIER_KLC_OR_PRIMITIVE_ONLY,PASS,
632,教,"TEACH, RELIGION",キョウ,おし.える  おそ.わる,老 | 攴 | 子,"old, buried | hit, strike, *action* | child",老 | 攴 | 子,教 → 老 + 攴 + 子,老 | 攴 | 子,老 | 攴 | 子,EARLIER_KLC_OR_PRIMITIVE_ONLY,PASS,
633,完,COMPLETE,カン,,元 | 宀,ORIGIN | roof,宀,完 → 元 + 宀,元 | 宀,宀,EARLIER_KLC_OR_PRIMITIVE_ONLY,PASS,
634,院,INSTITUTION,イン,,完 | 阜,COMPLETE | hill [left of kanji],阜,院 → 完 + 阜,元 | 宀 | 阜,宀 | 阜,EARLIER_KLC_OR_PRIMITIVE_ONLY,PASS,
635,奈,PHONETIC [NA],ナ,,示 | 大,"spirit, sign, show | big, university",示 | 大,奈 → 示 + 大,示 | 大,示 | 大,EARLIER_KLC_OR_PRIMITIVE_ONLY,PASS,
636,宗,RELIGIOUS SECT,"シュウ, ソウ",むね*,示 | 宀,"spirit, sign, show | roof",示 | 宀,宗 → 示 + 宀,示 | 宀,示 | 宀,EARLIER_KLC_OR_PRIMITIVE_ONLY,PASS,
637,祭,"FESTIVAL, WORSHIP",サイ,"まつ.る, まつ.り  まつり",示,"spirit, sign, show",示,祭 → 示,示,示,EARLIER_KLC_OR_PRIMITIVE_ONLY,PASS,
638,際,"VERGE, OCCASION",サイ,"きわ, -ぎわ",祭 | 阜,"FESTIVAL, WORSHIP | hill [left of kanji]",阜,際 → 祭 + 阜,示 | 阜,示 | 阜,EARLIER_KLC_OR_PRIMITIVE_ONLY,PASS,
639,察,"INSPECT, GUESS",サツ,,宀 | 祭,"roof | FESTIVAL, WORSHIP",宀,察 → 宀 + 祭,宀 | 示,宀 | 示,EARLIER_KLC_OR_PRIMITIVE_ONLY,PASS,
640,祈,PRAY,キ,いの.る,斤 | 示,"axe, kin [600 grams] | spirit, sign, show",斤 | 示,祈 → 斤 + 示,斤 | 示,斤 | 示,EARLIER_KLC_OR_PRIMITIVE_ONLY,PASS,
641,祖,ANCESTOR,ソ,,示 | 且,"spirit, sign, show | AS WELL AS, MOREOVER, *ladder*",示,祖 → 示 + 且,示 | 且,示,EARLIER_KLC_OR_PRIMITIVE_ONLY,PASS,
642,助,"HELP, SAVE",ジョ,"たす.ける, たす.かる  すけ",力 | 且,"power, strength | AS WELL AS, MOREOVER, *ladder*",力,助 → 力 + 且,力 | 且,力,EARLIER_KLC_OR_PRIMITIVE_ONLY,PASS,
643,仲,INTERMEDIARY,チュウ,なか,人 | 中,"person, *roof* | MIDDLE, IN, CHINA",人,仲 → 人 + 中,人 | 中,人,EARLIER_KLC_OR_PRIMITIVE_ONLY,PASS,
644,忠,LOYALTY,チュウ,,中 | 心,"MIDDLE, IN, CHINA | heart, mind, spirit",心,忠 → 中 + 心,中 | 心,心,EARLIER_KLC_OR_PRIMITIVE_ONLY,PASS,
645,沖,OPEN SEA,チュウ,おき,中 | 水,"MIDDLE, IN, CHINA | water, *liquid*",水,沖 → 中 + 水,中 | 水,水,EARLIER_KLC_OR_PRIMITIVE_ONLY,PASS,
646,保,PRESERVE,ホ,たも.つ,人,"person, *roof*",人,保 → 人,人,人,EARLIER_KLC_OR_PRIMITIVE_ONLY,PASS,
647,呆,"DUMBFOUNDED, SHOCKED","ホウ, ボウ",あき.れる,保,PRESERVE,,呆 → 保,人,人,EARLIER_KLC_OR_PRIMITIVE_ONLY,PASS,
648,守,"PROTECT, KEEP","シュ, ス","まも.る, まも.り  [-]もり",寸 | 宀,"measurement, tenth of shaku, a bit of | roof",寸 | 宀,守 → 寸 + 宀,寸 | 宀,寸 | 宀,EARLIER_KLC_OR_PRIMITIVE_ONLY,PASS,
649,団,"COLLECTIVE, GROUP","ダン, トン",,寸,"measurement, tenth of shaku, a bit of",寸,団 → 寸,寸,寸,EARLIER_KLC_OR_PRIMITIVE_ONLY,PASS,
650,対,OPPOSITE,"タイ, ツイ",,文 | 寸,"script, literature | measurement, tenth of shaku, a bit of",文 | 寸,対 → 文 + 寸,文 | 寸,文 | 寸,EARLIER_KLC_OR_PRIMITIVE_ONLY,PASS,
651,村,VILLAGE,ソン,むら,寸 | 木,"measurement, tenth of shaku, a bit of | tree",寸 | 木,村 → 寸 + 木,寸 | 木,寸 | 木,EARLIER_KLC_OR_PRIMITIVE_ONLY,PASS,
652,才,"TALENT, -YEARS OLD",サイ,,,,,才,才,,ATOMIC_OR_ROOT_RECORD,PASS,
653,財,WEALTH,"ザイ, サイ",,貝 | 才,"shellfish, money, wealth | TALENT, -YEARS OLD",貝,財 → 貝 + 才,貝 | 才,貝,EARLIER_KLC_OR_PRIMITIVE_ONLY,PASS,
654,材,"TIMBER, MATERIAL",ザイ,,木 | 才,"tree | TALENT, -YEARS OLD",木,材 → 木 + 才,木 | 才,木,EARLIER_KLC_OR_PRIMITIVE_ONLY,PASS,
655,沈,SINK,チン,"しず.む, しず.める",水,"water, *liquid*",水,沈 → 水,水,水,EARLIER_KLC_OR_PRIMITIVE_ONLY,PASS,
656,枕,PILLOW,チン,まくら,木,tree,木,枕 → 木,木,木,EARLIER_KLC_OR_PRIMITIVE_ONLY,PASS,
657,丈,"STATURE, ROBUST",ジョウ,たけ,,,,丈,丈,,ATOMIC_OR_ROOT_RECORD,PASS,
658,杖,CANE,ジョウ,つえ,木,tree,木,杖 → 木,木,木,EARLIER_KLC_OR_PRIMITIVE_ONLY,PASS,
659,偉,"GREAT, EMINENT",イ,えら.い,人 | 韋,"person, *roof* | tanned leather",人 | 韋,偉 → 人 + 韋,人 | 韋,人 | 韋,EARLIER_KLC_OR_PRIMITIVE_ONLY,PASS,
660,緯,LATITUDE,イ,,糸 | 韋,"thread, silk | tanned leather",糸 | 韋,緯 → 糸 + 韋,糸 | 韋,糸 | 韋,EARLIER_KLC_OR_PRIMITIVE_ONLY,PASS,
661,衛,GUARD,エイ,,行 | 韋,"go, act | tanned leather",行 | 韋,衛 → 行 + 韋,行 | 韋,行 | 韋,EARLIER_KLC_OR_PRIMITIVE_ONLY,PASS,
662,韓,SOUTH KOREA,カン,,朝 | 韋,"MORNING, DYNASTY | tanned leather",韋,韓 → 朝 + 韋,日 | 十 | 月 | 韋,日 | 十 | 月 | 韋,EARLIER_KLC_OR_PRIMITIVE_ONLY,PASS,
663,違,"DIFFER, WRONG",イ,"ちが.う, ちが.い, [-]ちが.える",辵 | 韋,"walk, *transport* | tanned leather",辵 | 韋,違 → 辵 + 韋,辵 | 韋,辵 | 韋,EARLIER_KLC_OR_PRIMITIVE_ONLY,PASS,
664,抱,HOLD,ホウ,だ.く  いだ.く  かか.える,手 | 包,"hand, performer of action | WRAP, ENCOMPASS",手,抱 → 手 + 包,手 | 包,手,EARLIER_KLC_OR_PRIMITIVE_ONLY,PASS,
665,砲,HEAVY GUN,ホウ,,石 | 包,"stone, rock | WRAP, ENCOMPASS",石,砲 → 石 + 包,石 | 包,石,EARLIER_KLC_OR_PRIMITIVE_ONLY,PASS,
666,泡,BUBBLE,ホウ,あわ,水 | 包,"water, *liquid* | WRAP, ENCOMPASS",水,泡 → 水 + 包,水 | 包,水,EARLIER_KLC_OR_PRIMITIVE_ONLY,PASS,
667,丹,CINNABAR RED,タン,に,,,,丹,丹,,ATOMIC_OR_ROOT_RECORD,PASS,
668,舟,boat,,,,,,舟,舟,舟,ATOMIC_OR_ROOT_RECORD,PASS_WITH_NOTES,KLC character is represented by its shared RAD record in the component map
669,船,SHIP,セン,"ふね, -ぶね  ふな-",舟,boat,舟,船 → 舟,舟,舟,EARLIER_KLC_OR_PRIMITIVE_ONLY,PASS,
670,舶,OCEANGOING SHIP,ハク,,舟 | 白,boat | white,舟 | 白,舶 → 舟 + 白,舟 | 白,舟 | 白,EARLIER_KLC_OR_PRIMITIVE_ONLY,PASS,
671,般,"SORT, KIND",ハン,,舟 | 殳,boat | weapon,舟 | 殳,般 → 舟 + 殳,舟 | 殳,舟 | 殳,EARLIER_KLC_OR_PRIMITIVE_ONLY,PASS,
672,搬,CARRY,ハン,,般 | 舟 | 殳 | 手,"SORT, KIND | boat | weapon | hand, performer of action",舟 | 殳 | 手,搬 → 般 + 舟 + 殳 + 手,舟 | 殳 | 手,舟 | 殳 | 手,EARLIER_KLC_OR_PRIMITIVE_ONLY,PASS,
673,盤,"DISK, BOARD [like chess]",バン,,皿 | 般,"plate, dish | SORT, KIND",皿,盤 → 皿 + 般,皿 | 舟 | 殳,皿 | 舟 | 殳,EARLIER_KLC_OR_PRIMITIVE_ONLY,PASS,
674,歯,TOOTH,シ,は,止 | 米,stop | rice,止 | 米,歯 → 止 + 米,止 | 米,止 | 米,EARLIER_KLC_OR_PRIMITIVE_ONLY,PASS,
675,冷,COLD,レイ,"つめ.たい  ひ.える, ひ.や, ひ.ややか, ひ.やす, ひ.やかす  さ.める, さ.ます",冫 | 令,ice | COMMAND,冫,冷 → 冫 + 令,冫 | 今,冫,EARLIER_KLC_OR_PRIMITIVE_ONLY,PASS,
676,齢,AGE,レイ,,歯 | 令,TOOTH | COMMAND,,齢 → 歯 + 令,止 | 米 | 今,止 | 米,EARLIER_KLC_OR_PRIMITIVE_ONLY,PASS,
677,少,"LITTLE, FEW",ショウ,すく.ない  すこ.し,小,small,小,少 → 小,小,小,EARLIER_KLC_OR_PRIMITIVE_ONLY,PASS,
678,砂,SAND,"サ, シャ",すな,少 | 石,"LITTLE, FEW | stone, rock",石,砂 → 少 + 石,小 | 石,小 | 石,EARLIER_KLC_OR_PRIMITIVE_ONLY,PASS,
679,歩,WALK,"ホ, ブ, フ",ある.く  あゆ.む,少 | 止,"LITTLE, FEW | stop",止,歩 → 少 + 止,小 | 止,小 | 止,EARLIER_KLC_OR_PRIMITIVE_ONLY,PASS,
680,渉,"FORD, INVOLVE",ショウ,,水 | 歩,"water, *liquid* | WALK",水,渉 → 水 + 歩,水 | 小 | 止,水 | 小 | 止,EARLIER_KLC_OR_PRIMITIVE_ONLY,PASS,
681,省,"MINISTRY, CONSERVE, INTROSPECT","セイ, ショウ",かえり.みる  はぶ.く,少 | 目,"LITTLE, FEW | eye",目,省 → 少 + 目,小 | 目,小 | 目,EARLIER_KLC_OR_PRIMITIVE_ONLY,PASS,
682,相,"ASPECT, MINISTER [of state], MUTUAL","ソウ, ショウ",あい-,目 | 木,eye | tree,目 | 木,相 → 目 + 木,目 | 木,目 | 木,EARLIER_KLC_OR_PRIMITIVE_ONLY,PASS,
683,想,"IDEA, CONCEPTION","ソウ, ソ",おも.う*,相 | 心,"ASPECT, MINISTER [of state], MUTUAL | heart, mind, spirit",心,想 → 相 + 心,目 | 木 | 心,目 | 木 | 心,EARLIER_KLC_OR_PRIMITIVE_ONLY,PASS,
684,称,"TITLE, NAME",ショウ,,少 | 𠂉 | 禾,"LITTLE, FEW | resting person, rod | grain",禾,称 → 少 + 𠂉 + 禾,小 | 𠂉 | 禾,小 | 禾,EARLIER_KLC_OR_PRIMITIVE_ONLY,PASS,
685,弥,"PHONETIC [MI] / [YA], INCREASINGLY",ミ,いや*  や*,少 | 𠂉 | 弓,"LITTLE, FEW | resting person, rod | bow",弓,弥 → 少 + 𠂉 + 弓,小 | 𠂉 | 弓,小 | 弓,EARLIER_KLC_OR_PRIMITIVE_ONLY,PASS,
686,互,RECIPROCAL,ゴ,たが.い,,,,互,互,,ATOMIC_OR_ROOT_RECORD,PASS,
687,務,DUTY,ム,"つと.める, つと.まる",攴 | 力 | 矛,"hit, strike, *action* | power, strength | spear",攴 | 力 | 矛,務 → 攴 + 力 + 矛,攴 | 力 | 矛,攴 | 力 | 矛,EARLIER_KLC_OR_PRIMITIVE_ONLY,PASS,
688,柔,"SOFT, GENTLE","ジュウ, ニュウ","やわ.らか, やわ.らかい",矛 | 木,spear | tree,矛 | 木,柔 → 矛 + 木,矛 | 木,矛 | 木,EARLIER_KLC_OR_PRIMITIVE_ONLY,PASS,
689,軟,SOFT,ナン,"やわ.らか, やわ.らかい",車 | 欠,"car, cart | lack, *open mouth*",車 | 欠,軟 → 車 + 欠,車 | 欠,車 | 欠,EARLIER_KLC_OR_PRIMITIVE_ONLY,PASS,
690,軌,TRACK,キ,,車 | 九,"car, cart | NINE",車,軌 → 車 + 九,車 | 九,車,EARLIER_KLC_OR_PRIMITIVE_ONLY,PASS,
691,軒,"EAVES, COUNTER FOR HOUSES",ケン,のき,車 | 干,"car, cart | dry",車 | 干,軒 → 車 + 干,車 | 干,車 | 干,EARLIER_KLC_OR_PRIMITIVE_ONLY,PASS,
692,軸,"AXIS, PIVOT",ジク,,車,"car, cart",車,軸 → 車,車,車,EARLIER_KLC_OR_PRIMITIVE_ONLY,PASS,
693,較,COMPARE,カク,,交 | 車,"MIXING, CROSS, ASSOCIATION | car, cart",車,較 → 交 + 車,父 | 亠 | 車,父 | 亠 | 車,EARLIER_KLC_OR_PRIMITIVE_ONLY,PASS,
694,庫,STORAGE CHAMBER,"コ, ク",くら,广 | 車,"dotted cliff, *shelter* | car, cart",广 | 車,庫 → 广 + 車,广 | 車,广 | 車,EARLIER_KLC_OR_PRIMITIVE_ONLY,PASS,
695,蔵,"STOREHOUSE, POSSESS",ゾウ,くら,臣 | 戊 | 艸,"minister, subject, servant | scythe | grass, vegetation",臣 | 艸,蔵 → 臣 + 戊 + 艸,臣 | 戊 | 艸,臣 | 艸,EARLIER_KLC_OR_PRIMITIVE_ONLY,PASS,
696,倉,STOREHOUSE,ソウ,くら,口 | 戸 | 人,"mouth, *opening* | door | person, *roof*",口 | 戸 | 人,倉 → 口 + 戸 + 人,口 | 戸 | 人,口 | 戸 | 人,EARLIER_KLC_OR_PRIMITIVE_ONLY,PASS,
697,創,CREATE,ソウ,つく.る,倉 | 刀,"STOREHOUSE | knife, sword, *cut*",刀,創 → 倉 + 刀,口 | 戸 | 人 | 刀,口 | 戸 | 人 | 刀,EARLIER_KLC_OR_PRIMITIVE_ONLY,PASS,
698,告,"NOTIFY, ACCUSE",コク,つ.げる,生 | 口,"life, student, *growing plant* | mouth, *opening*",生 | 口,告 → 生 + 口,生 | 口,生 | 口,EARLIER_KLC_OR_PRIMITIVE_ONLY,PASS,
699,造,"MAKE, BUILD",ゾウ,"つく.る, つく.り, -づくり",告 | 辵,"NOTIFY, ACCUSE | walk, *transport*",辵,造 → 告 + 辵,生 | 口 | 辵,生 | 口 | 辵,EARLIER_KLC_OR_PRIMITIVE_ONLY,PASS,
700,衣,"clothes, garment",,,,,,衣,衣,衣,ATOMIC_OR_ROOT_RECORD,PASS_WITH_NOTES,KLC character is represented by its shared RAD record in the component map
701,依,DEPEND ON,"イ, エ",,人 | 衣,"person, *roof* | clothes, garment",人 | 衣,依 → 人 + 衣,人 | 衣,人 | 衣,EARLIER_KLC_OR_PRIMITIVE_ONLY,PASS,
702,袋,BAG,タイ,ふくろ,衣 | 代,"clothes, garment | SUBSTITUTE, REPLACE, GENERATION",衣,袋 → 衣 + 代,衣 | 人 | 弋,衣 | 人 | 弋,EARLIER_KLC_OR_PRIMITIVE_ONLY,PASS,
703,褒,"COMMEND, PRAISE",ホウ,ほ.める,衣 | 保,"clothes, garment | PRESERVE",衣,褒 → 衣 + 保,衣 | 人,衣 | 人,EARLIER_KLC_OR_PRIMITIVE_ONLY,PASS,
704,裏,"REAR, REVERSE, INSIDE",リ,うら,里 | 衣,"village | clothes, garment",里 | 衣,裏 → 里 + 衣,里 | 衣,里 | 衣,EARLIER_KLC_OR_PRIMITIVE_ONLY,PASS,
705,表,"EXPRESS, SURFACE",ヒョウ,"[-]おもて  あらわ.す, あらわ.れる",衣 | 生,"clothes, garment | life, student, *growing plant*",衣 | 生,表 → 衣 + 生,衣 | 生,衣 | 生,EARLIER_KLC_OR_PRIMITIVE_ONLY,PASS,
706,現,"PRESENT TIME, APPEAR",ゲン,"あらわ.れる, あらわ.す",玉 | 見,"jewel, spherical object | see",玉 | 見,現 → 玉 + 見,玉 | 見,玉 | 見,EARLIER_KLC_OR_PRIMITIVE_ONLY,PASS,
707,著,"AUTHOR, CONSPICUOUS",チョ,あらわ.す  いちじる.しい,人 | 艸,"person, *roof* | grass, vegetation",人 | 艸,著 → 人 + 艸,人 | 艸,人 | 艸,EARLIER_KLC_OR_PRIMITIVE_ONLY,PASS,
708,制,"CONTROL, SYSTEM",セイ,,刀 | 生,"knife, sword, *cut* | life, student, *growing plant*",刀 | 生,制 → 刀 + 生,刀 | 生,刀 | 生,EARLIER_KLC_OR_PRIMITIVE_ONLY,PASS,
709,製,MANUFACTURE,セイ,,衣 | 制,"clothes, garment | CONTROL, SYSTEM",衣,製 → 衣 + 制,衣 | 刀 | 生,衣 | 刀 | 生,EARLIER_KLC_OR_PRIMITIVE_ONLY,PASS,
710,初,FIRST,ショ,"はじ.め, はじ.めて  はつ[-]  うい-  -そ.める, -ぞ.め",刀 | 衣,"knife, sword, *cut* | clothes, garment",刀 | 衣,初 → 刀 + 衣,刀 | 衣,刀 | 衣,EARLIER_KLC_OR_PRIMITIVE_ONLY,PASS,
711,裸,NAKED,ラ,はだか,衣 | 果,"clothes, garment | FRUIT, ACCOMPLISH, RESULT",衣,裸 → 衣 + 果,衣 | 木,衣 | 木,EARLIER_KLC_OR_PRIMITIVE_ONLY,PASS,
712,難,"DIFFICULT, DISASTER, FAULT",ナン,"かた.い, -がた.い  むずか.しい",隹,small bird,隹,難 → 隹,隹,隹,EARLIER_KLC_OR_PRIMITIVE_ONLY,PASS,
713,准,JUNIOR,ジュン,,隹,small bird,隹,准 → 隹,隹,隹,EARLIER_KLC_OR_PRIMITIVE_ONLY,PASS,
714,準,"STANDARD, QUASI-",ジュン,なぞら.える,水 | 隹,"water, *liquid* | small bird",水 | 隹,準 → 水 + 隹,水 | 隹,水 | 隹,EARLIER_KLC_OR_PRIMITIVE_ONLY,PASS,
715,備,"PROVIDE FOR, PROVISION",ビ,"そな.える, そな.わる",人 | 艸 | 厂 | 用,"person, *roof* | grass, vegetation | cliff | use, task, *container*",人 | 艸 | 厂 | 用,備 → 人 + 艸 + 厂 + 用,人 | 艸 | 厂 | 用,人 | 艸 | 厂 | 用,EARLIER_KLC_OR_PRIMITIVE_ONLY,PASS,
716,死,DIE,シ,"し.ぬ, し.に-",匕 | 歹,"spoon, *seated person* | death",匕 | 歹,死 → 匕 + 歹,匕 | 歹,匕 | 歹,EARLIER_KLC_OR_PRIMITIVE_ONLY,PASS,
717,葬,FUNERAL,ソウ,ほうむ.る,廾 | 死 | 艸,"arch, *two hands* | DIE | grass, vegetation",廾 | 艸,葬 → 廾 + 死 + 艸,廾 | 匕 | 歹 | 艸,廾 | 匕 | 歹 | 艸,EARLIER_KLC_OR_PRIMITIVE_ONLY,PASS,
718,列,COLUMN,レツ,,歹 | 刀,"death | knife, sword, *cut*",歹 | 刀,列 → 歹 + 刀,歹 | 刀,歹 | 刀,EARLIER_KLC_OR_PRIMITIVE_ONLY,PASS,
719,烈,INTENSE,レツ,,火 | 列,fire | COLUMN,火,烈 → 火 + 列,火 | 歹 | 刀,火 | 歹 | 刀,EARLIER_KLC_OR_PRIMITIVE_ONLY,PASS,
720,裂,"SPLIT, TEAR [verb]",レツ,"さ.く, さ.ける",衣 | 列,"clothes, garment | COLUMN",衣,裂 → 衣 + 列,衣 | 歹 | 刀,衣 | 歹 | 刀,EARLIER_KLC_OR_PRIMITIVE_ONLY,PASS,
721,例,EXAMPLE,レイ,たと.える,人 | 列,"person, *roof* | COLUMN",人,例 → 人 + 列,人 | 歹 | 刀,人 | 歹 | 刀,EARLIER_KLC_OR_PRIMITIVE_ONLY,PASS,
722,刑,PENALTY,ケイ,,开 | 刀,"torii gate | knife, sword, *cut*",刀,刑 → 开 + 刀,开 | 刀,刀,EARLIER_KLC_OR_PRIMITIVE_ONLY,PASS,
723,型,"TYPE, MODEL",ケイ,"かた, -がた",刑 | 土,"PENALTY | soil, earth",土,型 → 刑 + 土,开 | 刀 | 土,刀 | 土,EARLIER_KLC_OR_PRIMITIVE_ONLY,PASS,
724,研,"GRIND, RESEARCH",ケン,と.ぐ,石 | 开,"stone, rock | torii gate",石,研 → 石 + 开,石 | 开,石,EARLIER_KLC_OR_PRIMITIVE_ONLY,PASS,
725,厄,"MISFORTUNE, TROUBLE",ヤク,,卩 | 厂,seal [device] | cliff,卩 | 厂,厄 → 卩 + 厂,卩 | 厂,卩 | 厂,EARLIER_KLC_OR_PRIMITIVE_ONLY,PASS,
726,危,DANGEROUS,キ,"あぶ.ない = あや.うい, あや.ぶむ",厄,"MISFORTUNE, TROUBLE",,危 → 厄,卩 | 厂,卩 | 厂,EARLIER_KLC_OR_PRIMITIVE_ONLY,PASS,
727,範,MODEL [to follow],ハン,,竹 | 卩 | 車,"bamboo, counting | seal [device] | car, cart",竹 | 卩 | 車,範 → 竹 + 卩 + 車,竹 | 卩 | 車,竹 | 卩 | 車,EARLIER_KLC_OR_PRIMITIVE_ONLY,PASS,
728,怨,"RESENT, GRUDGE","エン, オン","うら.む*, うら.み*, うら.めしい*",歹 | 心,"death | heart, mind, spirit",歹 | 心,怨 → 歹 + 心,歹 | 心,歹 | 心,EARLIER_KLC_OR_PRIMITIVE_ONLY,PASS,
729,苑,IMPERIAL GARDEN,"エン, オン",その,艸 | 歹,"grass, vegetation | death",艸 | 歹,苑 → 艸 + 歹,艸 | 歹,艸 | 歹,EARLIER_KLC_OR_PRIMITIVE_ONLY,PASS,
730,宛,ADDRESS,エン*,"あ.てる, -あ.て, -あて",歹 | 宀,death | roof,歹 | 宀,宛 → 歹 + 宀,歹 | 宀,歹 | 宀,EARLIER_KLC_OR_PRIMITIVE_ONLY,PASS,
731,碗,"BOWL, CUP",ワン,,石 | 宛,"stone, rock | ADDRESS",石,碗 → 石 + 宛,石 | 歹 | 宀,石 | 歹 | 宀,EARLIER_KLC_OR_PRIMITIVE_ONLY,PASS,
732,腕,"ARM, ABILITY",ワン,うで,月 | 宛,"moon, month, *flesh*, *body part* | ADDRESS",月,腕 → 月 + 宛,月 | 歹 | 宀,月 | 歹 | 宀,EARLIER_KLC_OR_PRIMITIVE_ONLY,PASS,
733,却,ELIMINATE,キャク,,卩 | 去,"seal [device] | GONE, LEAVE, PAST",卩,却 → 卩 + 去,卩 | 厶 | 土,卩 | 厶 | 土,EARLIER_KLC_OR_PRIMITIVE_ONLY,PASS,
734,脚,LEG,"キャク, キャ",あし,月 | 却,"moon, month, *flesh*, *body part* | ELIMINATE",月,脚 → 月 + 却,月 | 卩 | 厶 | 土,月 | 卩 | 厶 | 土,EARLIER_KLC_OR_PRIMITIVE_ONLY,PASS,
735,犯,OFFENSE,ハン,おか.す,犬 | 卩,"dog, small animal | seal [device]",犬 | 卩,犯 → 犬 + 卩,犬 | 卩,犬 | 卩,EARLIER_KLC_OR_PRIMITIVE_ONLY,PASS,
736,狂,CRAZY,キョウ,"くる.う, くる.おしい, くる.わす, くる.わせる",王 | 犬,"KING | dog, small animal",犬,狂 → 王 + 犬,王 | 犬,犬,EARLIER_KLC_OR_PRIMITIVE_ONLY,PASS,
737,獄,PRISON,ゴク,,犬 | 言,"dog, small animal | speech, word, say",犬 | 言,獄 → 犬 + 言,犬 | 言,犬 | 言,EARLIER_KLC_OR_PRIMITIVE_ONLY,PASS,
738,非,"wrong, mistake, negative",,,,,,非,非,非,ATOMIC_OR_ROOT_RECORD,PASS_WITH_NOTES,KLC character is represented by its shared RAD record in the component map
739,排,"EXCLUDE, DISCHARGE",ハイ,,手 | 非,"hand, performer of action | wrong, mistake, negative",手 | 非,排 → 手 + 非,手 | 非,手 | 非,EARLIER_KLC_OR_PRIMITIVE_ONLY,PASS,
740,俳,"HAIKU, ACTOR",ハイ,,人 | 非,"person, *roof* | wrong, mistake, negative",人 | 非,俳 → 人 + 非,人 | 非,人 | 非,EARLIER_KLC_OR_PRIMITIVE_ONLY,PASS,
741,罪,"CRIME, SIN",ザイ,つみ,网 | 非,"net, *law* | wrong, mistake, negative",网 | 非,罪 → 网 + 非,网 | 非,网 | 非,EARLIER_KLC_OR_PRIMITIVE_ONLY,PASS,
742,罰,PUNISHMENT,"バツ, バチ",,言 | 网 | 刀,"speech, word, say | net, *law* | knife, sword, *cut*",言 | 网 | 刀,罰 → 言 + 网 + 刀,言 | 网 | 刀,言 | 网 | 刀,EARLIER_KLC_OR_PRIMITIVE_ONLY,PASS,
743,伴,ACCOMPANY,"ハン, バン",ともな.う,人 | 半,"person, *roof* | HALF",人,伴 → 人 + 半,人 | 半,人,EARLIER_KLC_OR_PRIMITIVE_ONLY,PASS,
744,判,"JUDGE, DECISION","ハン, バン",,刀 | 半,"knife, sword, *cut* | HALF",刀,判 → 刀 + 半,刀 | 半,刀,EARLIER_KLC_OR_PRIMITIVE_ONLY,PASS,
745,評,"COMMENT, EVALUATE",ヒョウ,,言 | 平,"speech, word, say | FLAT, CALM",言,評 → 言 + 平,言 | 干,言 | 干,EARLIER_KLC_OR_PRIMITIVE_ONLY,PASS,
746,批,CRITICIZE,ヒ,,手 | 匕,"hand, performer of action | spoon, *seated person*",手 | 匕,批 → 手 + 匕,手 | 匕,手 | 匕,EARLIER_KLC_OR_PRIMITIVE_ONLY,PASS,
747,帥,COMMANDER IN CHIEF,スイ,,官 | 巾,"GOVERNMENT, GOVERNMENT OFFICIAL | cloth, towel, scarf",巾,帥 → 官 + 巾,宀 | 巾,宀 | 巾,EARLIER_KLC_OR_PRIMITIVE_ONLY,PASS,
748,師,"MASTER, TEACHER",シ,,官 | 巾,"GOVERNMENT, GOVERNMENT OFFICIAL | cloth, towel, scarf",巾,師 → 官 + 巾,宀 | 巾,宀 | 巾,EARLIER_KLC_OR_PRIMITIVE_ONLY,PASS,
749,座,"SEAT, SIT",ザ,すわ.る,人 | 广,"person, *roof* | dotted cliff, *shelter*",人 | 广,座 → 人 + 广,人 | 广,人 | 广,EARLIER_KLC_OR_PRIMITIVE_ONLY,PASS,
750,坐,SIT,ザ,すわ.る,座,"SEAT, SIT",,坐 → 座,人 | 广,人 | 广,EARLIER_KLC_OR_PRIMITIVE_ONLY,PASS,
751,卒,"GRADUATE, PRIVATE [soldier]",ソツ,,人,"person, *roof*",人,卒 → 人,人,人,EARLIER_KLC_OR_PRIMITIVE_ONLY,PASS,
752,率,"COMMAND, RATE [proportion]","リツ, ソツ",ひき.いる,十 | 玄 | 楽,"ten, complete, *cross*, *needle*, *plant* | profound, occult | PLEASURE, COMFORTABLE, MUSIC",十 | 玄,率 → 十 + 玄 + 楽,十 | 玄 | 木,十 | 玄 | 木,EARLIER_KLC_OR_PRIMITIVE_ONLY,PASS,
753,傘,UMBRELLA,サン,かさ,,,,傘,傘,,ATOMIC_OR_ROOT_RECORD,PASS,
754,笠,BAMBOO HAT,リュウ,かさ,竹 | 立,"bamboo, counting | stand",竹 | 立,笠 → 竹 + 立,竹 | 立,竹 | 立,EARLIER_KLC_OR_PRIMITIVE_ONLY,PASS,
755,星,"STAR, CELESTIAL BODY","セイ, ショウ","ほし, -ぼし",日 | 生,"sun, day | life, student, *growing plant*",日 | 生,星 → 日 + 生,日 | 生,日 | 生,EARLIER_KLC_OR_PRIMITIVE_ONLY,PASS,
756,汁,"JUICE, SOUP",ジュウ,[-]しる,十 | 水,"ten, complete, *cross*, *needle*, *plant* | water, *liquid*",十 | 水,汁 → 十 + 水,十 | 水,十 | 水,EARLIER_KLC_OR_PRIMITIVE_ONLY,PASS,
757,斗,"dipper, measure, to [18 l]",,,,,,斗,斗,斗,ATOMIC_OR_ROOT_RECORD,PASS_WITH_NOTES,KLC character is represented by its shared RAD record in the component map
758,料,"FEE, MATERIALS",リョウ,,米 | 斗,"rice | dipper, measure, to [18 l]",米 | 斗,料 → 米 + 斗,米 | 斗,米 | 斗,EARLIER_KLC_OR_PRIMITIVE_ONLY,PASS,
759,科,"SCIENCE, FIELD OF STUDY",カ,,斗 | 禾,"dipper, measure, to [18 l] | grain",斗 | 禾,科 → 斗 + 禾,斗 | 禾,斗 | 禾,EARLIER_KLC_OR_PRIMITIVE_ONLY,PASS,
760,然,"-LIKE, SORT OF THING","ゼン, ネン",,火 | 犬 | 月,"fire | dog, small animal | moon, month, *flesh*, *body part*",火 | 犬 | 月,然 → 火 + 犬 + 月,火 | 犬 | 月,火 | 犬 | 月,EARLIER_KLC_OR_PRIMITIVE_ONLY,PASS,
761,燃,BURN,ネン,"も.える, も.やす, も.す",火 | 然,"fire | -LIKE, SORT OF THING",火,燃 → 火 + 然,火 | 犬 | 月,火 | 犬 | 月,EARLIER_KLC_OR_PRIMITIVE_ONLY,PASS,
762,黙,SILENT,モク,だま.る,火 | 犬 | 里,"fire | dog, small animal | village",火 | 犬 | 里,黙 → 火 + 犬 + 里,火 | 犬 | 里,火 | 犬 | 里,EARLIER_KLC_OR_PRIMITIVE_ONLY,PASS,
763,獣,BEAST,ジュウ,けもの,犬,"dog, small animal",犬,獣 → 犬,犬,犬,EARLIER_KLC_OR_PRIMITIVE_ONLY,PASS,
764,猟,HUNTING,リョウ,,犬 | 鼠,"dog, small animal | rat",犬 | 鼠,猟 → 犬 + 鼠,犬 | 鼠,犬 | 鼠,EARLIER_KLC_OR_PRIMITIVE_ONLY,PASS,
765,漁,FISHING,"ギョ, リョウ",,魚 | 水,"fish | water, *liquid*",魚 | 水,漁 → 魚 + 水,魚 | 水,魚 | 水,EARLIER_KLC_OR_PRIMITIVE_ONLY,PASS,
766,狩,HUNT,シュ,"か.る, か.り, -が.り",犬 | 守,"dog, small animal | PROTECT, KEEP",犬,狩 → 犬 + 守,犬 | 寸 | 宀,犬 | 寸 | 宀,EARLIER_KLC_OR_PRIMITIVE_ONLY,PASS,
767,猛,FEROCIOUS,モウ,,犬 | 子 | 皿,"dog, small animal | child | plate, dish",犬 | 子 | 皿,猛 → 犬 + 子 + 皿,犬 | 子 | 皿,犬 | 子 | 皿,EARLIER_KLC_OR_PRIMITIVE_ONLY,PASS,
768,煙,SMOKE,エン,"けむ.る, けむ.い  けむり",覀 | 火 | 土,"basket, box | fire | soil, earth",火 | 土,煙 → 覀 + 火 + 土,覀 | 火 | 土,火 | 土,EARLIER_KLC_OR_PRIMITIVE_ONLY,PASS,
769,焼,BURN,ショウ,"や.く, [-]や.き[-], や.ける",元 | 尭,ORIGIN | flames,,焼 → 元 + 尭,元 | 尭,,EARLIER_KLC_OR_PRIMITIVE_ONLY,PASS,
770,暁,DAWN,ギョウ,あかつき,尭 | 日,"flames | sun, day",日,暁 → 尭 + 日,尭 | 日,日,EARLIER_KLC_OR_PRIMITIVE_ONLY,PASS,
771,旧,"FORMER, OLD",キュウ,,日,"sun, day",日,旧 → 日,日,日,EARLIER_KLC_OR_PRIMITIVE_ONLY,PASS,
772,児,CHILD [newborn],"ジ, ニ",こ*,儿 | 旧,"son, legs | FORMER, OLD",儿,児 → 儿 + 旧,儿 | 日,儿 | 日,EARLIER_KLC_OR_PRIMITIVE_ONLY,PASS,
773,亦,"ALSO, AGAIN",エキ,また,,,,亦,亦,,ATOMIC_OR_ROOT_RECORD,PASS,
774,赤,red,,,火 | 十,"fire | ten, complete, *cross*, *needle*, *plant*",火 | 十,赤 → 火 + 十,火 | 十,火 | 十,EARLIER_KLC_OR_PRIMITIVE_ONLY,PASS_WITH_NOTES,KLC character is represented by its shared RAD record in the component map
775,変,"CHANGE, ABNORMAL",ヘン,"か.わる, か.わり, か.える",夂 | 亦,"winter, go, *rooftop*, *crossed legs* | ALSO, AGAIN",夂,変 → 夂 + 亦,夂 | 亦,夂,EARLIER_KLC_OR_PRIMITIVE_ONLY,PASS,
776,蛮,BARBARIAN,バン,,亦 | 虫,"ALSO, AGAIN | insect, worm",虫,蛮 → 亦 + 虫,亦 | 虫,虫,EARLIER_KLC_OR_PRIMITIVE_ONLY,PASS,
777,恋,LOVE [romantic],レン,"こ.う  こい, こい.しい",心 | 亦,"heart, mind, spirit | ALSO, AGAIN",心,恋 → 心 + 亦,心 | 亦,心,EARLIER_KLC_OR_PRIMITIVE_ONLY,PASS,
778,愛,LOVE,アイ,いと.しい*,爪 | 冖 | 心 | 夂,"claw | cloth cover | heart, mind, spirit | winter, go, *rooftop*, *crossed legs*",爪 | 冖 | 心 | 夂,愛 → 爪 + 冖 + 心 + 夂,爪 | 冖 | 心 | 夂,爪 | 冖 | 心 | 夂,EARLIER_KLC_OR_PRIMITIVE_ONLY,PASS,
779,憂,"BE ANXIOUS, GRIEF",ユウ,"うれ.える, うれ.い  う.い, う.き",心 | 夂,"heart, mind, spirit | winter, go, *rooftop*, *crossed legs*",心 | 夂,憂 → 心 + 夂,心 | 夂,心 | 夂,EARLIER_KLC_OR_PRIMITIVE_ONLY,PASS,
780,優,"SUPERIOR, KIND, ACTOR",ユウ,やさ.しい  すぐ.れる,人 | 憂,"person, *roof* | BE ANXIOUS, GRIEF",人,優 → 人 + 憂,人 | 心 | 夂,人 | 心 | 夂,EARLIER_KLC_OR_PRIMITIVE_ONLY,PASS,
781,栗,CHESTNUT,"リツ, リ",くり,覀 | 木,"basket, box | tree",木,栗 → 覀 + 木,覀 | 木,木,EARLIER_KLC_OR_PRIMITIVE_ONLY,PASS,
782,票,"SLIP OF PAPER, BALLOT",ヒョウ,,示 | 覀,"spirit, sign, show | basket, box",示,票 → 示 + 覀,示 | 覀,示,EARLIER_KLC_OR_PRIMITIVE_ONLY,PASS,
783,標,MARK,ヒョウ,,票 | 木,"SLIP OF PAPER, BALLOT | tree",木,標 → 票 + 木,示 | 覀 | 木,示 | 木,EARLIER_KLC_OR_PRIMITIVE_ONLY,PASS,
784,漂,DRIFT,ヒョウ,ただよ.う,票 | 水,"SLIP OF PAPER, BALLOT | water, *liquid*",水,漂 → 票 + 水,示 | 覀 | 水,示 | 水,EARLIER_KLC_OR_PRIMITIVE_ONLY,PASS,
785,遷,TRANSFER,セン,,大 | 覀 | 己 | 辵,"big, university | basket, box | oneself, *roll* | walk, *transport*",大 | 己 | 辵,遷 → 大 + 覀 + 己 + 辵,大 | 覀 | 己 | 辵,大 | 己 | 辵,EARLIER_KLC_OR_PRIMITIVE_ONLY,PASS,
786,各,"EACH, *cabin*",カク,おのおの,夂 | 口,"winter, go, *rooftop*, *crossed legs* | mouth, *opening*",夂 | 口,各 → 夂 + 口,夂 | 口,夂 | 口,EARLIER_KLC_OR_PRIMITIVE_ONLY,PASS,
787,客,"VISITOR, CUSTOMER","キャク, カク",,各 | 宀,"EACH, *cabin* | roof",宀,客 → 各 + 宀,夂 | 口 | 宀,夂 | 口 | 宀,EARLIER_KLC_OR_PRIMITIVE_ONLY,PASS,
788,路,ROAD,ロ,-じ,各 | 足,"EACH, *cabin* | foot, suffice",足,路 → 各 + 足,夂 | 口 | 足,夂 | 口 | 足,EARLIER_KLC_OR_PRIMITIVE_ONLY,PASS,
789,格,"STANDARD, STATUS, CHARACTER","カク, コウ",,木 | 各,"tree | EACH, *cabin*",木,格 → 木 + 各,木 | 夂 | 口,木 | 夂 | 口,EARLIER_KLC_OR_PRIMITIVE_ONLY,PASS,
790,絡,"INTERLINK, ENTWINE",ラク,"から.む, から.める, から.まる",各 | 糸,"EACH, *cabin* | thread, silk",糸,絡 → 各 + 糸,夂 | 口 | 糸,夂 | 口 | 糸,EARLIER_KLC_OR_PRIMITIVE_ONLY,PASS,
791,略,"LEAVE OUT, STRATEGY",リャク,ほぼ*,各 | 田,"EACH, *cabin* | rice field, *head*",田,略 → 各 + 田,夂 | 口 | 田,夂 | 口 | 田,EARLIER_KLC_OR_PRIMITIVE_ONLY,PASS,
792,閣,"GRAND BUILDING, CABINET [govt]",カク,,各 | 門,"EACH, *cabin* | gate",門,閣 → 各 + 門,夂 | 口 | 門,夂 | 口 | 門,EARLIER_KLC_OR_PRIMITIVE_ONLY,PASS,
793,落,FALL,ラク,"お.ちる, お.ち, お.とす",水 | 艸 | 各,"water, *liquid* | grass, vegetation | EACH, *cabin*",水 | 艸,落 → 水 + 艸 + 各,水 | 艸 | 夂 | 口,水 | 艸 | 夂 | 口,EARLIER_KLC_OR_PRIMITIVE_ONLY,PASS,
794,南,SOUTH,"ナン, ナ",みなみ,辛,"spicy, bitter, painful",辛,南 → 辛,辛,辛,EARLIER_KLC_OR_PRIMITIVE_ONLY,PASS,
795,西,WEST,"セイ, サイ",にし,,,,西,西,,ATOMIC_OR_ROOT_RECORD,PASS,
796,酉,"wine, liquor, *bottle*",,,,,,酉,酉,酉,ATOMIC_OR_ROOT_RECORD,PASS_WITH_NOTES,KLC character is represented by its shared RAD record in the component map
797,酒,ALCOHOLIC DRINK,シュ,"さけ, さか-",水,"water, *liquid*",水,酒 → 水,水,水,EARLIER_KLC_OR_PRIMITIVE_ONLY,PASS,
798,洒,SPRINKLE,"シャ, サイ",,酒,ALCOHOLIC DRINK,,洒 → 酒,水,水,EARLIER_KLC_OR_PRIMITIVE_ONLY,PASS,
799,配,"DISTRIBUTE, PUT IN ORDER",ハイ,くば.る,酉 | 己,"wine, liquor, *bottle* | oneself, *roll*",酉 | 己,配 → 酉 + 己,酉 | 己,酉 | 己,EARLIER_KLC_OR_PRIMITIVE_ONLY,PASS,
800,酸,"ACID, OXYGEN",サン,す.い,酉 | 夋,"wine, liquor, *bottle* | sharp stimulus",酉,酸 → 酉 + 夋,酉 | 夋,酉,EARLIER_KLC_OR_PRIMITIVE_ONLY,PASS,
801,猶,DELAY,ユウ,なお*,犬 | 酉,"dog, small animal | wine, liquor, *bottle*",犬 | 酉,猶 → 犬 + 酉,犬 | 酉,犬 | 酉,EARLIER_KLC_OR_PRIMITIVE_ONLY,PASS,
802,尊,"HONOR, NOBLE",ソン,たっと.い = とうと.い  たっと.ぶ = とうと.ぶ,寸 | 酉,"measurement, tenth of shaku, a bit of | wine, liquor, *bottle*",寸 | 酉,尊 → 寸 + 酉,寸 | 酉,寸 | 酉,EARLIER_KLC_OR_PRIMITIVE_ONLY,PASS,
803,遵,OBEY,ジュン,,辵 | 尊,"walk, *transport* | HONOR, NOBLE",辵,遵 → 辵 + 尊,辵 | 寸 | 酉,辵 | 寸 | 酉,EARLIER_KLC_OR_PRIMITIVE_ONLY,PASS,
804,導,GUIDE,ドウ,みちび.く,寸 | 道,"measurement, tenth of shaku, a bit of | WAY, ROAD",寸,導 → 寸 + 道,寸 | 辵 | 首,寸 | 辵 | 首,EARLIER_KLC_OR_PRIMITIVE_ONLY,PASS,
805,敬,"RESPECT, AWE",ケイ,うやま.う,勹 | 口 | 攴,"wrap, *elephant* | mouth, *opening* | hit, strike, *action*",勹 | 口 | 攴,敬 → 勹 + 口 + 攴,勹 | 口 | 攴,勹 | 口 | 攴,EARLIER_KLC_OR_PRIMITIVE_ONLY,PASS,
806,警,"GUARD AGAINST, WARN",ケイ,,言 | 敬,"speech, word, say | RESPECT, AWE",言,警 → 言 + 敬,言 | 勹 | 口 | 攴,言 | 勹 | 口 | 攴,EARLIER_KLC_OR_PRIMITIVE_ONLY,PASS,
807,驚,SURPRISE,キョウ,"おどろ.く, おどろ.かす",馬 | 敬,"horse | RESPECT, AWE",馬,驚 → 馬 + 敬,馬 | 勹 | 口 | 攴,馬 | 勹 | 口 | 攴,EARLIER_KLC_OR_PRIMITIVE_ONLY,PASS,
808,散,"SCATTER, DISPERSE",サン,"ち.る, [-]ち.らす, ち.らかす, ち.らかる, ち.らばる",攴 | 月 | 共,"hit, strike, *action* | moon, month, *flesh*, *body part* | JOINT, TOGETHER",攴 | 月,散 → 攴 + 月 + 共,攴 | 月 | 士,攴 | 月 | 士,EARLIER_KLC_OR_PRIMITIVE_ONLY,PASS,
809,敢,BOLDLY,カン,"あ.えて*, あ.えず*",攴 | 耳,"hit, strike, *action* | ear, hearing",攴 | 耳,敢 → 攴 + 耳,攴 | 耳,攴 | 耳,EARLIER_KLC_OR_PRIMITIVE_ONLY,PASS,
810,厳,"SEVERE, SOLEMN","ゲン, ゴン",おごそ.か  きび.しい,敢 | 厂,BOLDLY | cliff,厂,厳 → 敢 + 厂,攴 | 耳 | 厂,攴 | 耳 | 厂,EARLIER_KLC_OR_PRIMITIVE_ONLY,PASS,
811,仏,BUDDHA,"ブツ, フツ*",ほとけ,厶 | 人,"private, *self* | person, *roof*",厶 | 人,仏 → 厶 + 人,厶 | 人,厶 | 人,EARLIER_KLC_OR_PRIMITIVE_ONLY,PASS,
812,払,"PAY, DISPOSE OF",フツ,"はら.う, -はら.い, -ばら.い",厶 | 手,"private, *self* | hand, performer of action",厶 | 手,払 → 厶 + 手,厶 | 手,厶 | 手,EARLIER_KLC_OR_PRIMITIVE_ONLY,PASS,
813,拡,ENLARGE,カク,ひろ.げる*,手 | 広,"hand, performer of action | WIDE",手,拡 → 手 + 広,手 | 厶 | 广,手 | 厶 | 广,EARLIER_KLC_OR_PRIMITIVE_ONLY,PASS,
814,可,"POSSIBLE, APPROVE, -ABLE",カ,,,,,可,可,,ATOMIC_OR_ROOT_RECORD,PASS,
815,何,"WHAT, HOW MANY, SEVERAL",カ,なに[-]  なん[-],人 | 可,"person, *roof* | POSSIBLE, APPROVE, -ABLE",人,何 → 人 + 可,人 | 可,人,EARLIER_KLC_OR_PRIMITIVE_ONLY,PASS,
816,苛,TORMENT,カ,"いじ.め*, いじ.める*  いら*  さいな.む*",可 | 艸,"POSSIBLE, APPROVE, -ABLE | grass, vegetation",艸,苛 → 可 + 艸,可 | 艸,艸,EARLIER_KLC_OR_PRIMITIVE_ONLY,PASS,
817,荷,LOAD,カ,に,何 | 艸,"WHAT, HOW MANY, SEVERAL | grass, vegetation",艸,荷 → 何 + 艸,人 | 可 | 艸,人 | 艸,EARLIER_KLC_OR_PRIMITIVE_ONLY,PASS,
818,河,RIVER,カ,かわ,水 | 可,"water, *liquid* | POSSIBLE, APPROVE, -ABLE",水,河 → 水 + 可,水 | 可,水,EARLIER_KLC_OR_PRIMITIVE_ONLY,PASS,
819,阿,PHONETIC [A],ア,お‑  おもね.る,,,,阿,阿,,ATOMIC_OR_ROOT_RECORD,PASS,
820,司,"OFFICE, DIRECTOR, ADMINISTER",シ,,,,,司,司,,ATOMIC_OR_ROOT_RECORD,PASS,
821,伺,"INQUIRE, VISIT",シ,うかが.う,人 | 司,"person, *roof* | OFFICE, DIRECTOR, ADMINISTER",人,伺 → 人 + 司,人 | 司,人,EARLIER_KLC_OR_PRIMITIVE_ONLY,PASS,
822,詞,WORDS,シ,,言 | 司,"speech, word, say | OFFICE, DIRECTOR, ADMINISTER",言,詞 → 言 + 司,言 | 司,言,EARLIER_KLC_OR_PRIMITIVE_ONLY,PASS,
823,飼,RAISE ANIMALS,シ,か.う,司 | 食,"OFFICE, DIRECTOR, ADMINISTER | eat",食,飼 → 司 + 食,司 | 食,食,EARLIER_KLC_OR_PRIMITIVE_ONLY,PASS,
824,冊,"COUNTER FOR BOOKS, *bookcase*","サツ, サク",,,,,冊,冊,,ATOMIC_OR_ROOT_RECORD,PASS,
825,嗣,HEIR,シ,,口 | 冊 | 司,"mouth, *opening* | COUNTER FOR BOOKS, *bookcase* | OFFICE, DIRECTOR, ADMINISTER",口,嗣 → 口 + 冊 + 司,口 | 冊 | 司,口,EARLIER_KLC_OR_PRIMITIVE_ONLY,PASS,
826,覗,PEEK,シ,のぞ.く,見 | 司,"see | OFFICE, DIRECTOR, ADMINISTER",見,覗 → 見 + 司,見 | 司,見,EARLIER_KLC_OR_PRIMITIVE_ONLY,PASS,
827,歌,"SONG, JAPANESE POEM",カ,"うた, うた.う",可 | 欠,"POSSIBLE, APPROVE, -ABLE | lack, *open mouth*",欠,歌 → 可 + 欠,可 | 欠,欠,EARLIER_KLC_OR_PRIMITIVE_ONLY,PASS,
828,唄,"DITTY, SONG",バイ*,"うた, うた.う",口 | 貝,"mouth, *opening* | shellfish, money, wealth",口 | 貝,唄 → 口 + 貝,口 | 貝,口 | 貝,EARLIER_KLC_OR_PRIMITIVE_ONLY,PASS,
829,負,"BEAR, LOSE",フ,"ま.ける, ま.かす  お.う",貝,"shellfish, money, wealth",貝,負 → 貝,貝,貝,EARLIER_KLC_OR_PRIMITIVE_ONLY,PASS,
830,敗,BE DEFEATED,ハイ,やぶ.れる,攴 | 貝,"hit, strike, *action* | shellfish, money, wealth",攴 | 貝,敗 → 攴 + 貝,攴 | 貝,攴 | 貝,EARLIER_KLC_OR_PRIMITIVE_ONLY,PASS,
831,責,"RESPONSIBILITY, BLAME",セキ,せ.める,生 | 貝,"life, student, *growing plant* | shellfish, money, wealth",生 | 貝,責 → 生 + 貝,生 | 貝,生 | 貝,EARLIER_KLC_OR_PRIMITIVE_ONLY,PASS,
832,積,ACCUMULATE,セキ,"つ.む, つ.もる, つ.もり  -づみ",禾 | 責,"grain | RESPONSIBILITY, BLAME",禾,積 → 禾 + 責,禾 | 生 | 貝,禾 | 生 | 貝,EARLIER_KLC_OR_PRIMITIVE_ONLY,PASS,
833,債,"DEBT, BOND",サイ,,人 | 責,"person, *roof* | RESPONSIBILITY, BLAME",人,債 → 人 + 責,人 | 生 | 貝,人 | 生 | 貝,EARLIER_KLC_OR_PRIMITIVE_ONLY,PASS,
834,漬,"PICKLE, IMMERSE",シ*,"つ.ける, つ.かる, -づ.け  -づけ",水 | 責,"water, *liquid* | RESPONSIBILITY, BLAME",水,漬 → 水 + 責,水 | 生 | 貝,水 | 生 | 貝,EARLIER_KLC_OR_PRIMITIVE_ONLY,PASS,
835,紡,"SPIN, YARN",ボウ,つむ.ぐ,糸 | 方,"thread, silk | direction, person, square",糸 | 方,紡 → 糸 + 方,糸 | 方,糸 | 方,EARLIER_KLC_OR_PRIMITIVE_ONLY,PASS,
836,績,"ACHIEVEMENT, SPIN THREAD",セキ,,糸,"thread, silk",糸,績 → 糸,糸,糸,EARLIER_KLC_OR_PRIMITIVE_ONLY,PASS,
837,具,TOOL,グ,,貝,"shellfish, money, wealth",貝,具 → 貝,貝,貝,EARLIER_KLC_OR_PRIMITIVE_ONLY,PASS,
838,真,TRUE,シン,ま[-]  まこと*,具 | 十,"TOOL | ten, complete, *cross*, *needle*, *plant*",十,真 → 具 + 十,貝 | 十,貝 | 十,EARLIER_KLC_OR_PRIMITIVE_ONLY,PASS,
839,直,"DIRECT, REPAIR, STRAIGHT","チョク, ジキ, ジカ*","ただ.ちに  [-]なお.す, なお.る  す.ぐ*",,,,直,直,,ATOMIC_OR_ROOT_RECORD,PASS,
840,植,PLANT,ショク,"う.える, う.わる",木 | 直,"tree | DIRECT, REPAIR, STRAIGHT",木,植 → 木 + 直,木 | 直,木,EARLIER_KLC_OR_PRIMITIVE_ONLY,PASS,
841,殖,"MULTIPLY, AUGMENT",ショク,"ふ.える, ふ.やす",直 | 歹,"DIRECT, REPAIR, STRAIGHT | death",歹,殖 → 直 + 歹,直 | 歹,歹,EARLIER_KLC_OR_PRIMITIVE_ONLY,PASS,
842,値,"VALUE, COST",チ,ね  あたい,人 | 直,"person, *roof* | DIRECT, REPAIR, STRAIGHT",人,値 → 人 + 直,人 | 直,人,EARLIER_KLC_OR_PRIMITIVE_ONLY,PASS,
843,置,"PLACE, PUT",チ,"お.く, -お.き",直 | 网,"DIRECT, REPAIR, STRAIGHT | net, *law*",网,置 → 直 + 网,直 | 网,网,EARLIER_KLC_OR_PRIMITIVE_ONLY,PASS,
844,県,PREFECTURE,ケン,,直,"DIRECT, REPAIR, STRAIGHT",,県 → 直,直,,EARLIER_KLC_OR_PRIMITIVE_ONLY,PASS,
845,州,"STATE, PROVINCE",シュウ,す,川,river,川,州 → 川,川,川,EARLIER_KLC_OR_PRIMITIVE_ONLY,PASS,
846,洲,SANDBAR,シュウ,す,川 | 水,"river | water, *liquid*",川 | 水,洲 → 川 + 水,川 | 水,川 | 水,EARLIER_KLC_OR_PRIMITIVE_ONLY,PASS,
847,接,CONTACT,セツ,つ.ぐ,手 | 妾,"hand, performer of action | concubine",手,接 → 手 + 妾,手 | 妾,手,EARLIER_KLC_OR_PRIMITIVE_ONLY,PASS,
848,継,"SUCCEED, FOLLOW",ケイ,つ.ぐ,米 | 匚 | 糸,"rice | box | thread, silk",米 | 匚 | 糸,継 → 米 + 匚 + 糸,米 | 匚 | 糸,米 | 匚 | 糸,EARLIER_KLC_OR_PRIMITIVE_ONLY,PASS,
849,断,"CUT OFF, REFUSE",ダン,た.つ  ことわ.る,斤 | 米,"axe, kin [600 grams] | rice",斤 | 米,断 → 斤 + 米,斤 | 米,斤 | 米,EARLIER_KLC_OR_PRIMITIVE_ONLY,PASS,
850,応,RESPOND,オウ,こた.える,广 | 心,"dotted cliff, *shelter* | heart, mind, spirit",广 | 心,応 → 广 + 心,广 | 心,广 | 心,EARLIER_KLC_OR_PRIMITIVE_ONLY,PASS,
851,床,"BED, FLOOR",ショウ,とこ  ゆか,木 | 广,"tree | dotted cliff, *shelter*",木 | 广,床 → 木 + 广,木 | 广,木 | 广,EARLIER_KLC_OR_PRIMITIVE_ONLY,PASS,
852,麻,"hemp, numb",,,木 | 广,"tree | dotted cliff, *shelter*",木 | 广,麻 → 木 + 广,木 | 广,木 | 广,EARLIER_KLC_OR_PRIMITIVE_ONLY,PASS_WITH_NOTES,KLC character is represented by its shared RAD record in the component map
853,歴,"PERSONAL HISTORY, CURRICULUM",レキ,,止 | 麻,"stop | hemp, numb",止 | 麻,歴 → 止 + 麻,止 | 麻,止 | 麻,EARLIER_KLC_OR_PRIMITIVE_ONLY,PASS,
854,暦,CALENDAR,レキ,こよみ,麻 | 日,"hemp, numb | sun, day",麻 | 日,暦 → 麻 + 日,麻 | 日,麻 | 日,EARLIER_KLC_OR_PRIMITIVE_ONLY,PASS,
855,臨,"CONFRONT, ATTEND TO",リン,のぞ.む,臣 | 品,"minister, subject, servant | ARTICLE, CLASSIFICATION, GRADE OF EXCELLENCE",臣,臨 → 臣 + 品,臣 | 品,臣,EARLIER_KLC_OR_PRIMITIVE_ONLY,PASS,
856,園,GARDEN,エン,その,土 | 衣,"soil, earth | clothes, garment",土 | 衣,園 → 土 + 衣,土 | 衣,土 | 衣,EARLIER_KLC_OR_PRIMITIVE_ONLY,PASS,
857,遠,DISTANT,"エン, オン",とお.い,園 | 辵,"GARDEN | walk, *transport*",辵,遠 → 園 + 辵,土 | 衣 | 辵,土 | 衣 | 辵,EARLIER_KLC_OR_PRIMITIVE_ONLY,PASS,
858,与,"GIVE, PARTICIPATE",ヨ,あた.える,,,,与,与,,ATOMIC_OR_ROOT_RECORD,PASS,
859,写,COPY,シャ,"うつ.す, うつ.る",冖,cloth cover,冖,写 → 冖,冖,冖,EARLIER_KLC_OR_PRIMITIVE_ONLY,PASS,
860,移,"MOVE, SHIFT",イ,"うつ.る, うつ.す",多 | 禾,MANY | grain,禾,移 → 多 + 禾,夕 | 禾,夕 | 禾,EARLIER_KLC_OR_PRIMITIVE_ONLY,PASS,
861,卸,WHOLESALE,,"おろ.す, おろ.し  おろし",牛 | 止 | 卩,"cow, cattle | stop | seal [device]",牛 | 止 | 卩,卸 → 牛 + 止 + 卩,牛 | 止 | 卩,牛 | 止 | 卩,EARLIER_KLC_OR_PRIMITIVE_ONLY,PASS,
862,御,GENERAL HONORIFIC TERM,"ギョ, ゴ",おん-  お-*  み-*,彳,"linger, stop, go",彳,御 → 彳,彳,彳,EARLIER_KLC_OR_PRIMITIVE_ONLY,PASS,
863,複,"COMPOUND, DUPLICATE",フク,,复 | 衣,"repeat, return | clothes, garment",衣,複 → 复 + 衣,复 | 衣,衣,EARLIER_KLC_OR_PRIMITIVE_ONLY,PASS,
864,腹,BELLY,フク,はら  なか*,复 | 月,"repeat, return | moon, month, *flesh*, *body part*",月,腹 → 复 + 月,复 | 月,月,EARLIER_KLC_OR_PRIMITIVE_ONLY,PASS,
865,復,"RETURN, RESTORE",フク,,彳 | 复,"linger, stop, go | repeat, return",彳,復 → 彳 + 复,彳 | 复,彳,EARLIER_KLC_OR_PRIMITIVE_ONLY,PASS,
866,往,"JOURNEY, PROCEED",オウ,い.く*,主 | 彳,"MAIN, LORD, MASTER | linger, stop, go",彳,往 → 主 + 彳,王 | 彳,彳,EARLIER_KLC_OR_PRIMITIVE_ONLY,PASS,
867,柱,PILLAR,チュウ,はしら,主 | 木,"MAIN, LORD, MASTER | tree",木,柱 → 主 + 木,王 | 木,木,EARLIER_KLC_OR_PRIMITIVE_ONLY,PASS,
868,征,CONQUER,セイ,,彳 | 正,"linger, stop, go | CORRECT, RIGHT",彳,征 → 彳 + 正,彳 | 止,彳 | 止,EARLIER_KLC_OR_PRIMITIVE_ONLY,PASS,
869,従,"FOLLOW, OBEY","ジュウ, ジュ, ショウ","したが.う, したが.える",征,CONQUER,,従 → 征,彳 | 止,彳 | 止,EARLIER_KLC_OR_PRIMITIVE_ONLY,PASS,
870,徒,"FOLLOWER, PUPIL",ト,,彳 | 走,"linger, stop, go | run",彳 | 走,徒 → 彳 + 走,彳 | 走,彳 | 走,EARLIER_KLC_OR_PRIMITIVE_ONLY,PASS,
871,縦,VERTICAL,ジュウ,たて,糸 | 従,"thread, silk | FOLLOW, OBEY",糸,縦 → 糸 + 従,糸 | 彳 | 止,糸 | 彳 | 止,EARLIER_KLC_OR_PRIMITIVE_ONLY,PASS,
872,延,"EXTEND, POSTPONE",エン,"の.びる, の.べる, の.べ, の.ばす",廴 | 正,"long stride, stretch | CORRECT, RIGHT",廴,延 → 廴 + 正,廴 | 止,廴 | 止,EARLIER_KLC_OR_PRIMITIVE_ONLY,PASS,
873,伸,"STRETCH, GROW",シン,"の.びる, の.ばす, の.べる",人 | 申,"person, *roof* | REPORT, SPEAK HUMBLY, SIGN OF THE MONKEY",人,伸 → 人 + 申,人 | 申,人,EARLIER_KLC_OR_PRIMITIVE_ONLY,PASS,
874,紳,GENTLEMAN,シン,,糸,"thread, silk",糸,紳 → 糸,糸,糸,EARLIER_KLC_OR_PRIMITIVE_ONLY,PASS,
875,縮,SHRINK,シュク,"ちぢ.む, ちぢ.まる, ちぢ.める, ちぢ.れる, ちぢ.らす",糸 | 宿,"thread, silk | LODGE",糸,縮 → 糸 + 宿,糸 | 百 | 人 | 宀,糸 | 人 | 宀,EARLIER_KLC_OR_PRIMITIVE_ONLY,PASS,
876,誕,BE BORN,タン,,言 | 延,"speech, word, say | EXTEND, POSTPONE",言,誕 → 言 + 延,言 | 廴 | 止,言 | 廴 | 止,EARLIER_KLC_OR_PRIMITIVE_ONLY,PASS,
877,廷,COURT [imperial],テイ,,廴 | 王,"long stride, stretch | KING",廴,廷 → 廴 + 王,廴 | 王,廴,EARLIER_KLC_OR_PRIMITIVE_ONLY,PASS,
878,庭,"COURTYARD, GARDEN",テイ,にわ,廷,COURT [imperial],,庭 → 廷,廴 | 王,廴,EARLIER_KLC_OR_PRIMITIVE_ONLY,PASS,
879,艇,SMALL BOAT [dinghy],テイ,,舟 | 廷,boat | COURT [imperial],舟,艇 → 舟 + 廷,舟 | 廴 | 王,舟 | 廴,EARLIER_KLC_OR_PRIMITIVE_ONLY,PASS,
880,展,"UNFOLD, DEVELOP",テン,,戸 | 衣 | 共,"door | clothes, garment | JOINT, TOGETHER",戸 | 衣,展 → 戸 + 衣 + 共,戸 | 衣 | 士,戸 | 衣 | 士,EARLIER_KLC_OR_PRIMITIVE_ONLY,PASS,
881,殿,"PALACE, FORMAL HONORIFIC TITLE","デン, テン","との, -どの",戸 | 共 | 殳,"door | JOINT, TOGETHER | weapon",戸 | 殳,殿 → 戸 + 共 + 殳,戸 | 士 | 殳,戸 | 士 | 殳,EARLIER_KLC_OR_PRIMITIVE_ONLY,PASS,
882,異,DIFFERENT,イ,"こと, こと.なる",田 | 共,"rice field, *head* | JOINT, TOGETHER",田,異 → 田 + 共,田 | 士,田 | 士,EARLIER_KLC_OR_PRIMITIVE_ONLY,PASS,
883,翼,WING,ヨク,つばさ,異 | 羽,"DIFFERENT | feather, wing",羽,翼 → 異 + 羽,田 | 士 | 羽,田 | 士 | 羽,EARLIER_KLC_OR_PRIMITIVE_ONLY,PASS,
884,累,"ACCUMULATE, ENCUMBER",ルイ,,田 | 糸,"rice field, *head* | thread, silk",田 | 糸,累 → 田 + 糸,田 | 糸,田 | 糸,EARLIER_KLC_OR_PRIMITIVE_ONLY,PASS,
885,塁,"BASE, SMALL FORT",ルイ,,土,"soil, earth",土,塁 → 土,土,土,EARLIER_KLC_OR_PRIMITIVE_ONLY,PASS,
886,吏,"OFFICIAL, OFFICER",リ,,,,,吏,吏,,ATOMIC_OR_ROOT_RECORD,PASS,
887,使,"USE, ENVOY",シ,"つか.う, [-]つか.い, -づか.い",人 | 吏,"person, *roof* | OFFICIAL, OFFICER",人,使 → 人 + 吏,人 | 吏,人,EARLIER_KLC_OR_PRIMITIVE_ONLY,PASS,
888,史,HISTORY,シ,,中,"MIDDLE, IN, CHINA",,史 → 中,中,,EARLIER_KLC_OR_PRIMITIVE_ONLY,PASS,
889,更,"RENEW, FURTHERMORE, GROW LATE",コウ,"さら, さら.に  ふ.ける, ふ.かす",田 | 史,"rice field, *head* | HISTORY",田,更 → 田 + 史,田 | 中,田,EARLIER_KLC_OR_PRIMITIVE_ONLY,PASS,
890,便,"CONVENIENT, POSTAL DELIVERY","ベン, ビン",たよ.り,人 | 更,"person, *roof* | RENEW, FURTHERMORE, GROW LATE",人,便 → 人 + 更,人 | 田 | 中,人 | 田,EARLIER_KLC_OR_PRIMITIVE_ONLY,PASS,
891,硬,HARD,コウ,かた.い,石 | 更,"stone, rock | RENEW, FURTHERMORE, GROW LATE",石,硬 → 石 + 更,石 | 田 | 中,石 | 田,EARLIER_KLC_OR_PRIMITIVE_ONLY,PASS,
892,能,"ABILITY, CAPACITY",ノウ,,匕,"spoon, *seated person*",匕,能 → 匕,匕,匕,EARLIER_KLC_OR_PRIMITIVE_ONLY,PASS,
893,態,"STATE [condition], POSTURE",タイ,,心 | 能,"heart, mind, spirit | ABILITY, CAPACITY",心,態 → 心 + 能,心 | 匕,心 | 匕,EARLIER_KLC_OR_PRIMITIVE_ONLY,PASS,
894,熊,BEAR [animal],ユウ,くま,能 | 火,"ABILITY, CAPACITY | fire",火,熊 → 能 + 火,匕 | 火,匕 | 火,EARLIER_KLC_OR_PRIMITIVE_ONLY,PASS,
895,罷,"STOP, DISCONTINUE",ヒ,や.める*,能 | 网,"ABILITY, CAPACITY | net, *law*",网,罷 → 能 + 网,匕 | 网,匕 | 网,EARLIER_KLC_OR_PRIMITIVE_ONLY,PASS,
896,羅,"LINE UP, PHONETIC [RA]",ラ,,隹 | 糸 | 网,"small bird | thread, silk | net, *law*",隹 | 糸 | 网,羅 → 隹 + 糸 + 网,隹 | 糸 | 网,隹 | 糸 | 网,EARLIER_KLC_OR_PRIMITIVE_ONLY,PASS,
897,雲,CLOUD,ウン,"くも, -ぐも",雨 | 云,rain | cloud,雨,雲 → 雨 + 云,雨 | 云,雨,EARLIER_KLC_OR_PRIMITIVE_ONLY,PASS,
898,曇,CLOUDY,ドン,くも.る,日 | 云,"sun, day | cloud",日,曇 → 日 + 云,日 | 云,日,EARLIER_KLC_OR_PRIMITIVE_ONLY,PASS,
899,雪,SNOW,セツ,ゆき,ヨ | 雨,"nails, pierce | rain",雨,雪 → ヨ + 雨,ヨ | 雨,雨,EARLIER_KLC_OR_PRIMITIVE_ONLY,PASS,
900,雷,THUNDER,ライ,かみなり,電,ELECTRICITY,,雷 → 電,雨 | 田,雨 | 田,EARLIER_KLC_OR_PRIMITIVE_ONLY,PASS,
901,零,"ZERO, SPILL",レイ,"こぼ.す, こぼ.れる",令 | 雨,COMMAND | rain,雨,零 → 令 + 雨,今 | 雨,雨,EARLIER_KLC_OR_PRIMITIVE_ONLY,PASS,
902,震,"QUAKE, SHAKE",シン,"ふる.う, ふる.える",辰 | 雨,"morning, sign of the dragon | rain",辰 | 雨,震 → 辰 + 雨,辰 | 雨,辰 | 雨,EARLIER_KLC_OR_PRIMITIVE_ONLY,PASS,
903,振,"WAVE, SWING",シン,"ふ.る, ぶ.る, ふ.り, -ぶ.り, ふ.るう, ふ.れる",辰 | 手,"morning, sign of the dragon | hand, performer of action",辰 | 手,振 → 辰 + 手,辰 | 手,辰 | 手,EARLIER_KLC_OR_PRIMITIVE_ONLY,PASS,
904,久,LONG DURATION,"キュウ, ク",ひさ.しい,,,,久,久,,ATOMIC_OR_ROOT_RECORD,PASS,
905,賑,"FLOURISH, PROSPERITY",シン,"にぎ.わう, にぎ.わす, にぎ.やか",辰 | 貝,"morning, sign of the dragon | shellfish, money, wealth",辰 | 貝,賑 → 辰 + 貝,辰 | 貝,辰 | 貝,EARLIER_KLC_OR_PRIMITIVE_ONLY,PASS,
906,丘,HILL,キュウ,おか,斤,"axe, kin [600 grams]",斤,丘 → 斤,斤,斤,EARLIER_KLC_OR_PRIMITIVE_ONLY,PASS,
907,兵,SOLDIER,"ヘイ, ヒョウ",,丘,HILL,,兵 → 丘,斤,斤,EARLIER_KLC_OR_PRIMITIVE_ONLY,PASS,
908,岳,HIGH MOUNTAIN,ガク,たけ,山 | 丘,mountain | HILL,山,岳 → 山 + 丘,山 | 斤,山 | 斤,EARLIER_KLC_OR_PRIMITIVE_ONLY,PASS,
909,浜,BEACH,ヒン,はま,兵 | 水,"SOLDIER | water, *liquid*",水,浜 → 兵 + 水,斤 | 水,斤 | 水,EARLIER_KLC_OR_PRIMITIVE_ONLY,PASS,
910,舎,HUT,シャ,,口 | 土 | 人,"mouth, *opening* | soil, earth | person, *roof*",口 | 土 | 人,舎 → 口 + 土 + 人,口 | 土 | 人,口 | 土 | 人,EARLIER_KLC_OR_PRIMITIVE_ONLY,PASS,
911,再,"AGAIN, ANOTHER TIME","サイ, サ",ふたた.び,工 | 月,"construction, craft, work | moon, month, *flesh*, *body part*",工 | 月,再 → 工 + 月,工 | 月,工 | 月,EARLIER_KLC_OR_PRIMITIVE_ONLY,PASS,
912,虎,TIGER,コ,とら,虍 | 儿,"tiger | son, legs",虍 | 儿,虎 → 虍 + 儿,虍 | 儿,虍 | 儿,EARLIER_KLC_OR_PRIMITIVE_ONLY,PASS,
913,寅,SIGN OF THE TIGER,イン,とら,宀,roof,宀,寅 → 宀,宀,宀,EARLIER_KLC_OR_PRIMITIVE_ONLY,PASS,
914,演,PERFORM,エン,,寅 | 水,"SIGN OF THE TIGER | water, *liquid*",水,演 → 寅 + 水,宀 | 水,宀 | 水,EARLIER_KLC_OR_PRIMITIVE_ONLY,PASS,
915,黄,yellow,,,田,"rice field, *head*",田,黄 → 田,田,田,EARLIER_KLC_OR_PRIMITIVE_ONLY,PASS_WITH_NOTES,KLC character is represented by its shared RAD record in the component map
916,横,"SIDEWAYS, ARBITRARY",オウ,よこ,木 | 黄,tree | yellow,木 | 黄,横 → 木 + 黄,木 | 黄,木 | 黄,EARLIER_KLC_OR_PRIMITIVE_ONLY,PASS,
917,構,"MIND, BUILD, APPEARANCE",コウ,"かま.える, かま.う",冓 | 木,multilevel structure | tree,木,構 → 冓 + 木,冓 | 木,木,EARLIER_KLC_OR_PRIMITIVE_ONLY,PASS,
918,講,LECTURE,コウ,,冓 | 言,"multilevel structure | speech, word, say",言,講 → 冓 + 言,冓 | 言,言,EARLIER_KLC_OR_PRIMITIVE_ONLY,PASS,
919,購,PURCHASE,コウ,,冓 | 貝,"multilevel structure | shellfish, money, wealth",貝,購 → 冓 + 貝,冓 | 貝,貝,EARLIER_KLC_OR_PRIMITIVE_ONLY,PASS,
920,溝,"SEWER, DITCH",コウ,みぞ  どぶ*,冓 | 水,"multilevel structure | water, *liquid*",水,溝 → 冓 + 水,冓 | 水,水,EARLIER_KLC_OR_PRIMITIVE_ONLY,PASS,
921,仮,"TEMPORARY, FAKE","カ, ケ",かり[-],人 | 反,"person, *roof* | COUNTER, ANTI",人,仮 → 人 + 反,人 | 又 | 厂,人 | 又 | 厂,EARLIER_KLC_OR_PRIMITIVE_ONLY,PASS,
922,片,"slice, fragment, *wooden tablet*",,,,,,片,片,片,ATOMIC_OR_ROOT_RECORD,PASS_WITH_NOTES,KLC character is represented by its shared RAD record in the component map
923,版,"PRINTING [PLATE], PUBLISHING",ハン,,反 | 片,"COUNTER, ANTI | slice, fragment, *wooden tablet*",片,版 → 反 + 片,又 | 厂 | 片,又 | 厂 | 片,EARLIER_KLC_OR_PRIMITIVE_ONLY,PASS,
924,板,"BOARD, PLATE","ハン, バン",いた,木 | 反,"tree | COUNTER, ANTI",木,板 → 木 + 反,木 | 又 | 厂,木 | 又 | 厂,EARLIER_KLC_OR_PRIMITIVE_ONLY,PASS,
925,販,"SELL, TRADE",ハン,,貝 | 反,"shellfish, money, wealth | COUNTER, ANTI",貝,販 → 貝 + 反,貝 | 又 | 厂,貝 | 又 | 厂,EARLIER_KLC_OR_PRIMITIVE_ONLY,PASS,
926,義,"RIGHTEOUSNESS, MEANING, SUBSTITUTE",ギ,,我 | 羊,SELF | sheep,羊,義 → 我 + 羊,戈 | 手 | 羊,戈 | 手 | 羊,EARLIER_KLC_OR_PRIMITIVE_ONLY,PASS,
927,議,"DISCUSS, DEBATE, LEGISLATIVE BODY",ギ,,言 | 義,"speech, word, say | RIGHTEOUSNESS, MEANING, SUBSTITUTE",言,議 → 言 + 義,言 | 戈 | 手 | 羊,言 | 戈 | 手 | 羊,EARLIER_KLC_OR_PRIMITIVE_ONLY,PASS,
928,儀,"CEREMONY, RITE",ギ,,人 | 義,"person, *roof* | RIGHTEOUSNESS, MEANING, SUBSTITUTE",人,儀 → 人 + 義,人 | 戈 | 手 | 羊,人 | 戈 | 手 | 羊,EARLIER_KLC_OR_PRIMITIVE_ONLY,PASS,
929,犠,SACRIFICE,ギ,,牛 | 義,"cow, cattle | RIGHTEOUSNESS, MEANING, SUBSTITUTE",牛,犠 → 牛 + 義,牛 | 戈 | 手 | 羊,牛 | 戈 | 手 | 羊,EARLIER_KLC_OR_PRIMITIVE_ONLY,PASS,
930,牲,SACRIFICE [of animal],セイ,,牛 | 生,"cow, cattle | life, student, *growing plant*",牛 | 生,牲 → 牛 + 生,牛 | 生,牛 | 生,EARLIER_KLC_OR_PRIMITIVE_ONLY,PASS,
931,旨,"DELICIOUS, POINT [gist]",シ,むね  うま.い*,匕 | 日,"spoon, *seated person* | sun, day",匕 | 日,旨 → 匕 + 日,匕 | 日,匕 | 日,EARLIER_KLC_OR_PRIMITIVE_ONLY,PASS,
932,指,"FINGER, POINT [out]",シ,"ゆび  さ.す, -さ.し",旨 | 手,"DELICIOUS, POINT [gist] | hand, performer of action",手,指 → 旨 + 手,匕 | 日 | 手,匕 | 日 | 手,EARLIER_KLC_OR_PRIMITIVE_ONLY,PASS,
933,揮,"BRANDISH, WAVE",キ,,手 | 軍,"hand, performer of action | ARMY, MILITARY",手,揮 → 手 + 軍,手 | 車,手 | 車,EARLIER_KLC_OR_PRIMITIVE_ONLY,PASS,
934,輝,"RADIANCE, SHINE",キ,かがや.く,軍 | 光,"ARMY, MILITARY | LIGHT, GLOW",,輝 → 軍 + 光,車 | 光,車,EARLIER_KLC_OR_PRIMITIVE_ONLY,PASS,
935,刺,"PIERCE, STAB",シ,"さ.す, さ.さる, さ.し  さし",刀,"knife, sword, *cut*",刀,刺 → 刀,刀,刀,EARLIER_KLC_OR_PRIMITIVE_ONLY,PASS,
936,策,"SCHEME, MEASURE, PLAN",サク,,刺 | 竹,"PIERCE, STAB | bamboo, counting",竹,策 → 刺 + 竹,刀 | 竹,刀 | 竹,EARLIER_KLC_OR_PRIMITIVE_ONLY,PASS,
937,差,"DISTINCTION, DIFFERENCE",サ,"さ.す, さ.し",羊 | 左,sheep | LEFT,羊,差 → 羊 + 左,羊 | 工,羊 | 工,EARLIER_KLC_OR_PRIMITIVE_ONLY,PASS,
938,着,"PUT ON [clothes], ARRIVE","チャク, ジャク","き.る, き.せる, -ぎ, -き.せ  つ.く, つ.ける",羊 | 目,sheep | eye,羊 | 目,着 → 羊 + 目,羊 | 目,羊 | 目,EARLIER_KLC_OR_PRIMITIVE_ONLY,PASS,
939,看,OBSERVE,カン,,手 | 目,"hand, performer of action | eye",手 | 目,看 → 手 + 目,手 | 目,手 | 目,EARLIER_KLC_OR_PRIMITIVE_ONLY,PASS,
940,到,ARRIVE,トウ,いた.る,刀 | 至,"knife, sword, *cut* | arrive, utmost",刀 | 至,到 → 刀 + 至,刀 | 至,刀 | 至,EARLIER_KLC_OR_PRIMITIVE_ONLY,PASS,
941,倒,TOPPLE,トウ,"たお.れる, -だお.れ, たお.す",人 | 到,"person, *roof* | ARRIVE",人,倒 → 人 + 到,人 | 刀 | 至,人 | 刀 | 至,EARLIER_KLC_OR_PRIMITIVE_ONLY,PASS,
942,論,"ARGUE, THEORY",ロン,,言 | 侖,"speech, word, say | library",言,論 → 言 + 侖,言 | 侖,言,EARLIER_KLC_OR_PRIMITIVE_ONLY,PASS,
943,倫,MORALS,リン,,人 | 侖,"person, *roof* | library",人,倫 → 人 + 侖,人 | 侖,人,EARLIER_KLC_OR_PRIMITIVE_ONLY,PASS,
944,輪,"WHEEL, RING",リン,わ,侖 | 車,"library | car, cart",車,輪 → 侖 + 車,侖 | 車,車,EARLIER_KLC_OR_PRIMITIVE_ONLY,PASS,
945,輸,TRANSPORT,ユ,,車 | 俞,"car, cart | butcher shop, sliced meat",車,輸 → 車 + 俞,車 | 俞,車,EARLIER_KLC_OR_PRIMITIVE_ONLY,PASS,
946,諭,"ADMONISH, INSTRUCT",ユ,さと.す,言 | 俞,"speech, word, say | butcher shop, sliced meat",言,諭 → 言 + 俞,言 | 俞,言,EARLIER_KLC_OR_PRIMITIVE_ONLY,PASS,
947,愉,PLEASED,ユ,,心 | 俞,"heart, mind, spirit | butcher shop, sliced meat",心,愉 → 心 + 俞,心 | 俞,心,EARLIER_KLC_OR_PRIMITIVE_ONLY,PASS,
948,癒,HEAL,ユ,いや.す  い.える,疒 | 俞 | 心,"sickness, illness | butcher shop, sliced meat | heart, mind, spirit",疒 | 心,癒 → 疒 + 俞 + 心,疒 | 俞 | 心,疒 | 心,EARLIER_KLC_OR_PRIMITIVE_ONLY,PASS,
949,台,"PLATFORM, VEHICLES COUNTER, TAIWAN","ダイ, タイ",,,,,台,台,,ATOMIC_OR_ROOT_RECORD,PASS,
950,治,"GOVERN, CURE","ジ, チ","おさ.める, おさ.まる  なお.す, なお.る",台 | 水,"PLATFORM, VEHICLES COUNTER, TAIWAN | water, *liquid*",水,治 → 台 + 水,台 | 水,水,EARLIER_KLC_OR_PRIMITIVE_ONLY,PASS,
951,冶,"MELTING, SMELTING",ヤ,,冫 | 台,"ice | PLATFORM, VEHICLES COUNTER, TAIWAN",冫,冶 → 冫 + 台,冫 | 台,冫,EARLIER_KLC_OR_PRIMITIVE_ONLY,PASS,
952,療,"TREAT, MEDICATE",リョウ,,尞 | 疒,"big pleasure | sickness, illness",疒,療 → 尞 + 疒,尞 | 疒,疒,EARLIER_KLC_OR_PRIMITIVE_ONLY,PASS,
953,僚,COLLEAGUE,リョウ,,人 | 尞,"person, *roof* | big pleasure",人,僚 → 人 + 尞,人 | 尞,人,EARLIER_KLC_OR_PRIMITIVE_ONLY,PASS,
954,瞭,CLEAR [obvious],リョウ,,尞 | 目,big pleasure | eye,目,瞭 → 尞 + 目,尞 | 目,目,EARLIER_KLC_OR_PRIMITIVE_ONLY,PASS,
955,寮,DORMITORY,リョウ,,尞 | 宀,big pleasure | roof,宀,寮 → 尞 + 宀,尞 | 宀,宀,EARLIER_KLC_OR_PRIMITIVE_ONLY,PASS,
956,始,BEGIN,シ,"[-]はじ.める, はじ.まる",女 | 台,"woman | PLATFORM, VEHICLES COUNTER, TAIWAN",女,始 → 女 + 台,女 | 台,女,EARLIER_KLC_OR_PRIMITIVE_ONLY,PASS,
957,終,END,シュウ,"[-]お.わる, お.える",糸 | 夂,"thread, silk | winter, go, *rooftop*, *crossed legs*",糸 | 夂,終 → 糸 + 夂,糸 | 夂,糸 | 夂,EARLIER_KLC_OR_PRIMITIVE_ONLY,PASS,
958,了,"FINISH, COMPREHEND",リョウ,,子,child,子,了 → 子,子,子,EARLIER_KLC_OR_PRIMITIVE_ONLY,PASS,
959,承,"AGREE TO, RECEIVE",ショウ,うけたまわ.る,,,,承,承,,ATOMIC_OR_ROOT_RECORD,PASS,
960,蒸,STEAM,ジョウ,"む.す, む.れる, む.らす",水 | 火 | 艸,"water, *liquid* | fire | grass, vegetation",水 | 火 | 艸,蒸 → 水 + 火 + 艸,水 | 火 | 艸,水 | 火 | 艸,EARLIER_KLC_OR_PRIMITIVE_ONLY,PASS,
961,舞,DANCE,ブ,[-]ま.う  まい,舛 | 曲,"oppose, dancing | MELODY, CURVE",舛,舞 → 舛 + 曲,舛 | 曲,舛,EARLIER_KLC_OR_PRIMITIVE_ONLY,PASS,
962,隣,NEIGHBOR,リン,とな.る  となり,阜 | 舛 | 米,"hill [left of kanji] | oppose, dancing | rice",阜 | 舛 | 米,隣 → 阜 + 舛 + 米,阜 | 舛 | 米,阜 | 舛 | 米,EARLIER_KLC_OR_PRIMITIVE_ONLY,PASS,
963,瞬,BLINK [instant],シュン,またた.く,目 | 舛,"eye | oppose, dancing",目 | 舛,瞬 → 目 + 舛,目 | 舛,目 | 舛,EARLIER_KLC_OR_PRIMITIVE_ONLY,PASS,
964,夢,DREAM,ム,ゆめ,夕,"evening, *moon*",夕,夢 → 夕,夕,夕,EARLIER_KLC_OR_PRIMITIVE_ONLY,PASS,
965,枝,BRANCH,シ,えだ,木 | 支,"tree | branch, support",木 | 支,枝 → 木 + 支,木 | 支,木 | 支,EARLIER_KLC_OR_PRIMITIVE_ONLY,PASS,
966,技,SKILL [manual],ギ,わざ,又 | 支,"again, or, *hand* | branch, support",又 | 支,技 → 又 + 支,又 | 支,又 | 支,EARLIER_KLC_OR_PRIMITIVE_ONLY,PASS,
967,伎,PERFORMANCE [drama],"キ, ギ*",,人 | 支,"person, *roof* | branch, support",人 | 支,伎 → 人 + 支,人 | 支,人 | 支,EARLIER_KLC_OR_PRIMITIVE_ONLY,PASS,
968,岐,"DIVERGE, FORK",キ,,山 | 支,"mountain | branch, support",山 | 支,岐 → 山 + 支,山 | 支,山 | 支,EARLIER_KLC_OR_PRIMITIVE_ONLY,PASS,
969,峠,MOUNTAIN PASS,,とうげ,山 | 下 | 上,"mountain | DOWN, BELOW | UP, ABOVE",山,峠 → 山 + 下 + 上,山 | 下 | 上,山,EARLIER_KLC_OR_PRIMITIVE_ONLY,PASS,
970,阜,hill [left of kanji],,,,,,阜,阜,阜,ATOMIC_OR_ROOT_RECORD,PASS_WITH_NOTES,KLC character is represented by its shared RAD record in the component map
971,急,"URGENT, HURRY, SUDDEN",キュウ,"いそ.ぐ, いそ.ぎ",心,"heart, mind, spirit",心,急 → 心,心,心,EARLIER_KLC_OR_PRIMITIVE_ONLY,PASS,
972,争,"CONTEND, DISPUTE",ソウ,あらそ.う,,,,争,争,,ATOMIC_OR_ROOT_RECORD,PASS,
973,情,"EMOTION, FEELING","ジョウ, セイ",なさ.け,青 | 心,"blue, green | heart, mind, spirit",青 | 心,情 → 青 + 心,青 | 心,青 | 心,EARLIER_KLC_OR_PRIMITIVE_ONLY,PASS,
974,清,"CLEAR, PURE","セイ, ショウ","きよ.い, きよ.まる, きよ.める",青 | 水,"blue, green | water, *liquid*",青 | 水,清 → 青 + 水,青 | 水,青 | 水,EARLIER_KLC_OR_PRIMITIVE_ONLY,PASS,
975,晴,CLEAR SKY,セイ,"は.れる, は.れ[-], -ば.れ, は.らす",青 | 日,"blue, green | sun, day",青 | 日,晴 → 青 + 日,青 | 日,青 | 日,EARLIER_KLC_OR_PRIMITIVE_ONLY,PASS,
976,精,"REFINED, ESSENCE","セイ, ショウ",,米 | 青,"rice | blue, green",米 | 青,精 → 米 + 青,米 | 青,米 | 青,EARLIER_KLC_OR_PRIMITIVE_ONLY,PASS,
977,請,REQUEST,"セイ, シン",こ.う  う.ける,青 | 言,"blue, green | speech, word, say",青 | 言,請 → 青 + 言,青 | 言,青 | 言,EARLIER_KLC_OR_PRIMITIVE_ONLY,PASS,
978,静,QUIET,"セイ, ジョウ","しず-, しず.か, しず.まる, しず.める",争 | 青,"CONTEND, DISPUTE | blue, green",青,静 → 争 + 青,争 | 青,青,EARLIER_KLC_OR_PRIMITIVE_ONLY,PASS,
979,浄,"CLEAN, PURE",ジョウ,,水 | 争,"water, *liquid* | CONTEND, DISPUTE",水,浄 → 水 + 争,水 | 争,水,EARLIER_KLC_OR_PRIMITIVE_ONLY,PASS,
980,算,CALCULATE,サン,,竹 | 廾,"bamboo, counting | arch, *two hands*",竹 | 廾,算 → 竹 + 廾,竹 | 廾,竹 | 廾,EARLIER_KLC_OR_PRIMITIVE_ONLY,PASS,
981,答,ANSWER,トウ,"こた.える, こた.え",竹 | 合,"bamboo, counting | COMBINE, FIT",竹,答 → 竹 + 合,竹 | 合,竹,EARLIER_KLC_OR_PRIMITIVE_ONLY,PASS,
982,符,"TOKEN, SYMBOL",フ,,付 | 竹,"ATTACH, HAND OVER | bamboo, counting",竹,符 → 付 + 竹,人 | 寸 | 竹,人 | 寸 | 竹,EARLIER_KLC_OR_PRIMITIVE_ONLY,PASS,
983,博,"EXTENSIVE KNOWLEDGE, DOCTOR","ハク, バク",,十 | 専,"ten, complete, *cross*, *needle*, *plant* | EXCLUSIVELY, ENTIRE",十,博 → 十 + 専,十 | 寸,十 | 寸,EARLIER_KLC_OR_PRIMITIVE_ONLY,PASS,
984,縛,"BIND, RESTRAIN",バク,しば.る,糸 | 専,"thread, silk | EXCLUSIVELY, ENTIRE",糸,縛 → 糸 + 専,糸 | 寸,糸 | 寸,EARLIER_KLC_OR_PRIMITIVE_ONLY,PASS,
985,簿,RECORD BOOK,ボ,,竹 | 専 | 水,"bamboo, counting | EXCLUSIVELY, ENTIRE | water, *liquid*",竹 | 水,簿 → 竹 + 専 + 水,竹 | 寸 | 水,竹 | 寸 | 水,EARLIER_KLC_OR_PRIMITIVE_ONLY,PASS,
986,薄,"THIN, FRAIL",ハク,"うす.い, [-]うす[-], うす.める, うす.まる, うす.らぐ, うす.ら-, うす.れる",専 | 水 | 艸,"EXCLUSIVELY, ENTIRE | water, *liquid* | grass, vegetation",水 | 艸,薄 → 専 + 水 + 艸,寸 | 水 | 艸,寸 | 水 | 艸,EARLIER_KLC_OR_PRIMITIVE_ONLY,PASS,
987,采,GATHER,サイ,,爪 | 木,claw | tree,爪 | 木,采 → 爪 + 木,爪 | 木,爪 | 木,EARLIER_KLC_OR_PRIMITIVE_ONLY,PASS,
988,菜,VEGETABLE,サイ,な,采 | 艸,"GATHER | grass, vegetation",艸,菜 → 采 + 艸,爪 | 木 | 艸,爪 | 木 | 艸,EARLIER_KLC_OR_PRIMITIVE_ONLY,PASS,
989,採,"PICK, GATHER",サイ,と.る,手 | 采,"hand, performer of action | GATHER",手,採 → 手 + 采,手 | 爪 | 木,手 | 爪 | 木,EARLIER_KLC_OR_PRIMITIVE_ONLY,PASS,
990,彩,BEAUTIFUL COLORING,サイ,いろど.る,采,GATHER,,彩 → 采,爪 | 木,爪 | 木,EARLIER_KLC_OR_PRIMITIVE_ONLY,PASS,
991,杉,CRYPTOMERIA [Japanese cedar],,すぎ,木,tree,木,杉 → 木,木,木,EARLIER_KLC_OR_PRIMITIVE_ONLY,PASS,
992,街,"CITY STREET, QUARTER","ガイ, カイ",まち,行 | 土,"go, act | soil, earth",行 | 土,街 → 行 + 土,行 | 土,行 | 土,EARLIER_KLC_OR_PRIMITIVE_ONLY,PASS,
993,術,"PRACTICAL ART, TECHNIQUE",ジュツ,,行 | 朮,"go, act | special tree",行,術 → 行 + 朮,行 | 朮,行,EARLIER_KLC_OR_PRIMITIVE_ONLY,PASS,
994,述,"STATE [express], MENTION",ジュツ,の.べる,辵 | 朮,"walk, *transport* | special tree",辵,述 → 辵 + 朮,辵 | 朮,辵,EARLIER_KLC_OR_PRIMITIVE_ONLY,PASS,
995,余,"REMAINING, EXCESS",ヨ,"あま.る, あま.り, あま.す",人,"person, *roof*",人,余 → 人,人,人,EARLIER_KLC_OR_PRIMITIVE_ONLY,PASS,
996,除,RID OF,"ジョ, ジ",のぞ.く,余 | 阜,"REMAINING, EXCESS | hill [left of kanji]",阜,除 → 余 + 阜,人 | 阜,人 | 阜,EARLIER_KLC_OR_PRIMITIVE_ONLY,PASS,
997,徐,SLOWLY,ジョ,,彳 | 余,"linger, stop, go | REMAINING, EXCESS",彳,徐 → 彳 + 余,彳 | 人,彳 | 人,EARLIER_KLC_OR_PRIMITIVE_ONLY,PASS,
998,叙,DESCRIBE,ジョ,,余 | 又,"REMAINING, EXCESS | again, or, *hand*",又,叙 → 余 + 又,人 | 又,人 | 又,EARLIER_KLC_OR_PRIMITIVE_ONLY,PASS,
999,斜,"OBLIQUE, DIAGONAL",シャ,なな.め,斗 | 余,"dipper, measure, to [18 l] | REMAINING, EXCESS",斗,斜 → 斗 + 余,斗 | 人,斗 | 人,EARLIER_KLC_OR_PRIMITIVE_ONLY,PASS,
1000,途,"WAY, ROAD",ト,,余 | 辵,"REMAINING, EXCESS | walk, *transport*",辵,途 → 余 + 辵,人 | 辵,人 | 辵,EARLIER_KLC_OR_PRIMITIVE_ONLY,PASS,
1001,塗,"PAINT, COATING",ト,"ぬ.る, ぬ.り",水 | 余 | 土,"water, *liquid* | REMAINING, EXCESS | soil, earth",水 | 土,塗 → 水 + 余 + 土,水 | 人 | 土,水 | 人 | 土,EARLIER_KLC_OR_PRIMITIVE_ONLY,PASS,
1002,漆,LACQUER,シツ,うるし,木 | 水,"tree | water, *liquid*",木 | 水,漆 → 木 + 水,木 | 水,木 | 水,EARLIER_KLC_OR_PRIMITIVE_ONLY,PASS,
1003,仙,HERMIT,セン,,人 | 山,"person, *roof* | mountain",人 | 山,仙 → 人 + 山,人 | 山,人 | 山,EARLIER_KLC_OR_PRIMITIVE_ONLY,PASS,
1004,垂,"DROOP, DANGLE",スイ,"た.れる, た.らす, [-]た.れ",,,,垂,垂,,ATOMIC_OR_ROOT_RECORD,PASS,
1005,乗,RIDE,ジョウ,"の.る, -の.り, の.せる",車,"car, cart",車,乗 → 車,車,車,EARLIER_KLC_OR_PRIMITIVE_ONLY,PASS,
1006,兼,"CONCURRENTLY, COMBINE, CANNOT [difficult to]",ケン,[-]か.ねる,書,"WRITE, BOOK",,兼 → 書,聿 | 曰,聿 | 曰,EARLIER_KLC_OR_PRIMITIVE_ONLY,PASS,
1007,剰,SURPLUS,ジョウ,,乗 | 刀,"RIDE | knife, sword, *cut*",刀,剰 → 乗 + 刀,車 | 刀,車 | 刀,EARLIER_KLC_OR_PRIMITIVE_ONLY,PASS,
1008,睡,SLEEP,スイ,,目 | 垂,"eye | DROOP, DANGLE",目,睡 → 目 + 垂,目 | 垂,目,EARLIER_KLC_OR_PRIMITIVE_ONLY,PASS,
1009,眠,SLEEP,ミン,"ねむ.る, ねむ.い",氏 | 目,"family, clan | eye",氏 | 目,眠 → 氏 + 目,氏 | 目,氏 | 目,EARLIER_KLC_OR_PRIMITIVE_ONLY,PASS,
1010,郵,MAIL,ユウ,,垂 | 邑,"DROOP, DANGLE | city [right of kanji]",邑,郵 → 垂 + 邑,垂 | 邑,邑,EARLIER_KLC_OR_PRIMITIVE_ONLY,PASS,
1011,錘,SPINDLE,スイ,つむ,金 | 垂,"metal, gold, money | DROOP, DANGLE",金,錘 → 金 + 垂,金 | 垂,金,EARLIER_KLC_OR_PRIMITIVE_ONLY,PASS_WITH_NOTES,Gap repaired from verified KLC order; visual components manually added
1012,華,"FLOWER, MAGNIFICENT, CHINA","カ, ケ",はな,艸,"grass, vegetation",艸,華 → 艸,艸,艸,EARLIER_KLC_OR_PRIMITIVE_ONLY,PASS,
1013,侵,"INVADE, VIOLATE",シン,おか.す,人 | 冖 | 又,"person, *roof* | cloth cover | again, or, *hand*",人 | 冖 | 又,侵 → 人 + 冖 + 又,人 | 冖 | 又,人 | 冖 | 又,EARLIER_KLC_OR_PRIMITIVE_ONLY,PASS,
1014,浸,"SOAK, IMMERSE",シン,"ひた.す, ひた.る",冖 | 又 | 水,"cloth cover | again, or, *hand* | water, *liquid*",冖 | 又 | 水,浸 → 冖 + 又 + 水,冖 | 又 | 水,冖 | 又 | 水,EARLIER_KLC_OR_PRIMITIVE_ONLY,PASS,
1015,寝,GO TO SLEEP,シン,"ね.る, ね.かす = ね.かせる",宀 | 爿,"roof | split wood, *wooden tablet*",宀 | 爿,寝 → 宀 + 爿,宀 | 爿,宀 | 爿,EARLIER_KLC_OR_PRIMITIVE_ONLY,PASS,
1016,掃,"SWEEP, BRUSH",ソウ,は.く,手 | 帚,"hand, performer of action | broom",手,掃 → 手 + 帚,手 | 帚,手,EARLIER_KLC_OR_PRIMITIVE_ONLY,PASS,
1017,婦,"ADULT WOMAN, WIFE",フ,,女 | 帚,woman | broom,女,婦 → 女 + 帚,女 | 帚,女,EARLIER_KLC_OR_PRIMITIVE_ONLY,PASS,
1018,帰,RETURN [home],キ,"かえ.る, かえ.す",刀 | 帚,"knife, sword, *cut* | broom",刀,帰 → 刀 + 帚,刀 | 帚,刀,EARLIER_KLC_OR_PRIMITIVE_ONLY,PASS,
1019,戻,"RETURN, REVERT",レイ,"もど.す, もど.る",大 | 戸,"big, university | door",大 | 戸,戻 → 大 + 戸,大 | 戸,大 | 戸,EARLIER_KLC_OR_PRIMITIVE_ONLY,PASS,
1020,涙,TEARDROP,ルイ,なみだ,水 | 戻,"water, *liquid* | RETURN, REVERT",水,涙 → 水 + 戻,水 | 大 | 戸,水 | 大 | 戸,EARLIER_KLC_OR_PRIMITIVE_ONLY,PASS,
1021,射,SHOOT,シャ,い.る  さ.す*,寸 | 身,"measurement, tenth of shaku, a bit of | body, social position",寸 | 身,射 → 寸 + 身,寸 | 身,寸 | 身,EARLIER_KLC_OR_PRIMITIVE_ONLY,PASS,
1022,謝,"THANK, APOLOGIZE",シャ,あやま.る,言 | 射,"speech, word, say | SHOOT",言,謝 → 言 + 射,言 | 寸 | 身,言 | 寸 | 身,EARLIER_KLC_OR_PRIMITIVE_ONLY,PASS,
1023,討,"CONQUER, STUDY",トウ,う.つ,寸 | 言,"measurement, tenth of shaku, a bit of | speech, word, say",寸 | 言,討 → 寸 + 言,寸 | 言,寸 | 言,EARLIER_KLC_OR_PRIMITIVE_ONLY,PASS,
1024,訂,"REVISE, CORRECT",テイ,,言 | 丁,"speech, word, say | TOWN SUBSECTION, ROAD, MISCELLANEOUS COUNTER",言,訂 → 言 + 丁,言 | 丁,言,EARLIER_KLC_OR_PRIMITIVE_ONLY,PASS,
1025,打,STRIKE,ダ,"う.つ, う.ち-",丁 | 手,"TOWN SUBSECTION, ROAD, MISCELLANEOUS COUNTER | hand, performer of action",手,打 → 丁 + 手,丁 | 手,手,EARLIER_KLC_OR_PRIMITIVE_ONLY,PASS,
1026,撃,"ATTACK, STRIKE",ゲキ,う.つ,殳 | 手 | 車,"weapon | hand, performer of action | car, cart",殳 | 手 | 車,撃 → 殳 + 手 + 車,殳 | 手 | 車,殳 | 手 | 車,EARLIER_KLC_OR_PRIMITIVE_ONLY,PASS,
1027,拭,WIPE,ショク,ふ.く  ぬぐ.う,手 | 式,"hand, performer of action | CEREMONY, FORM",手,拭 → 手 + 式,手 | 工 | 弋,手 | 工 | 弋,EARLIER_KLC_OR_PRIMITIVE_ONLY,PASS,
1028,試,"TRY, TEST",シ,こころ.みる  ため.す,言 | 式,"speech, word, say | CEREMONY, FORM",言,試 → 言 + 式,言 | 工 | 弋,言 | 工 | 弋,EARLIER_KLC_OR_PRIMITIVE_ONLY,PASS,
1029,検,"EXAMINATION, INVESTIGATION",ケン,,㑒 | 木,officer's house | tree,木,検 → 㑒 + 木,㑒 | 木,木,EARLIER_KLC_OR_PRIMITIVE_ONLY,PASS,
1030,験,"TEST, VERIFICATION","ケン, ゲン",,馬 | 㑒,horse | officer's house,馬,験 → 馬 + 㑒,馬 | 㑒,馬,EARLIER_KLC_OR_PRIMITIVE_ONLY,PASS,
1031,険,"DANGEROUS, STEEP",ケン,けわ.しい,㑒 | 阜,officer's house | hill [left of kanji],阜,険 → 㑒 + 阜,㑒 | 阜,阜,EARLIER_KLC_OR_PRIMITIVE_ONLY,PASS,
1032,倹,FRUGAL,ケン,,人 | 㑒,"person, *roof* | officer's house",人,倹 → 人 + 㑒,人 | 㑒,人,EARLIER_KLC_OR_PRIMITIVE_ONLY,PASS,
1033,剣,SWORD,ケン,つるぎ,刀 | 㑒,"knife, sword, *cut* | officer's house",刀,剣 → 刀 + 㑒,刀 | 㑒,刀,EARLIER_KLC_OR_PRIMITIVE_ONLY,PASS,
1034,谷,valley,,,,,,谷,谷,谷,ATOMIC_OR_ROOT_RECORD,PASS_WITH_NOTES,KLC character is represented by its shared RAD record in the component map
1035,欲,DESIRE,ヨク,ほっ.する  ほ.しい,谷 | 欠,"valley | lack, *open mouth*",谷 | 欠,欲 → 谷 + 欠,谷 | 欠,谷 | 欠,EARLIER_KLC_OR_PRIMITIVE_ONLY,PASS,
1036,浴,BATHE,ヨク,"あ.びる, あ.びせる",谷 | 水,"valley | water, *liquid*",谷 | 水,浴 → 谷 + 水,谷 | 水,谷 | 水,EARLIER_KLC_OR_PRIMITIVE_ONLY,PASS,
1037,容,CONTAIN,ヨウ,,宀 | 谷,roof | valley,宀 | 谷,容 → 宀 + 谷,宀 | 谷,宀 | 谷,EARLIER_KLC_OR_PRIMITIVE_ONLY,PASS,
1038,溶,"DISSOLVE, MELT",ヨウ,"と.ける, と.かす, と.く",水 | 容,"water, *liquid* | CONTAIN",水,溶 → 水 + 容,水 | 宀 | 谷,水 | 宀 | 谷,EARLIER_KLC_OR_PRIMITIVE_ONLY,PASS,
1039,俗,"POPULAR, VULGAR",ゾク,,人 | 谷,"person, *roof* | valley",人 | 谷,俗 → 人 + 谷,人 | 谷,人 | 谷,EARLIER_KLC_OR_PRIMITIVE_ONLY,PASS,
1040,裕,ABUNDANT,ユウ,,谷 | 衣,"valley | clothes, garment",谷 | 衣,裕 → 谷 + 衣,谷 | 衣,谷 | 衣,EARLIER_KLC_OR_PRIMITIVE_ONLY,PASS,
1041,寛,"TOLERANT, LENIENT",カン,くつろ.ぐ*,艸 | 宀,"grass, vegetation | roof",艸 | 宀,寛 → 艸 + 宀,艸 | 宀,艸 | 宀,EARLIER_KLC_OR_PRIMITIVE_ONLY,PASS,
1042,甘,sweet,,,,,,甘,甘,甘,ATOMIC_OR_ROOT_RECORD,PASS_WITH_NOTES,KLC character is represented by its shared RAD record in the component map
1043,紺,DARK BLUE,コン,,甘 | 糸,"sweet | thread, silk",甘 | 糸,紺 → 甘 + 糸,甘 | 糸,甘 | 糸,EARLIER_KLC_OR_PRIMITIVE_ONLY,PASS,
1044,紅,CRIMSON,"コウ, ク",べに  くれない,糸 | 工,"thread, silk | construction, craft, work",糸 | 工,紅 → 糸 + 工,糸 | 工,糸 | 工,EARLIER_KLC_OR_PRIMITIVE_ONLY,PASS,
1045,攻,ATTACK,コウ,せ.める,攴 | 工,"hit, strike, *action* | construction, craft, work",攴 | 工,攻 → 攴 + 工,攴 | 工,攴 | 工,EARLIER_KLC_OR_PRIMITIVE_ONLY,PASS,
1046,功,"MERIT, ACHIEVEMENT","コウ, ク",いさお*,工 | 力,"construction, craft, work | power, strength",工 | 力,功 → 工 + 力,工 | 力,工 | 力,EARLIER_KLC_OR_PRIMITIVE_ONLY,PASS,
1047,巧,SKILLFUL,コウ,たく.み,工,"construction, craft, work",工,巧 → 工,工,工,EARLIER_KLC_OR_PRIMITIVE_ONLY,PASS,
1048,朽,"DECAY, ROT",キュウ,く.ちる,木,tree,木,朽 → 木,木,木,EARLIER_KLC_OR_PRIMITIVE_ONLY,PASS,
1049,枯,WITHER,コ,"か.れる, か.らす",木 | 古,"tree | OLD, *tombstone*",木,枯 → 木 + 古,木 | 古,木,EARLIER_KLC_OR_PRIMITIVE_ONLY,PASS,
1050,汚,DIRTY,オ,"けが.す, けが.れる, けが.らわしい  よご.す, よご.れる  きたな.い",水,"water, *liquid*",水,汚 → 水,水,水,EARLIER_KLC_OR_PRIMITIVE_ONLY,PASS,
1051,升,SHO [1.8 litres],ショウ,ます,,,,升,升,,ATOMIC_OR_ROOT_RECORD,PASS,
1052,弁,"SPEAK, MANAGE, VALVE",ベン,,,,,弁,弁,,ATOMIC_OR_ROOT_RECORD,PASS,
1053,昇,ASCEND,ショウ,のぼ.る,日,"sun, day",日,昇 → 日,日,日,EARLIER_KLC_OR_PRIMITIVE_ONLY,PASS,
1054,登,"CLIMB, REGISTER","トウ, ト",のぼ.る,豆 | 癶,"bean, pea, small thing | footsteps, tent",豆 | 癶,登 → 豆 + 癶,豆 | 癶,豆 | 癶,EARLIER_KLC_OR_PRIMITIVE_ONLY,PASS,
1055,澄,"LUCIDITY, CLARITY",チョウ,"す.む, [-]す.ます",水 | 登,"water, *liquid* | CLIMB, REGISTER",水,澄 → 水 + 登,水 | 豆 | 癶,水 | 豆 | 癶,EARLIER_KLC_OR_PRIMITIVE_ONLY,PASS,
1056,充,"FILL, ALLOT",ジュウ,あ.てる,亠,lid,亠,充 → 亠,亠,亠,EARLIER_KLC_OR_PRIMITIVE_ONLY,PASS,
1057,銃,GUN,ジュウ,,充 | 金,"FILL, ALLOT | metal, gold, money",金,銃 → 充 + 金,亠 | 金,亠 | 金,EARLIER_KLC_OR_PRIMITIVE_ONLY,PASS,
1058,統,"UNITE, RELATIONSHIP",トウ,す.べる,充 | 糸,"FILL, ALLOT | thread, silk",糸,統 → 充 + 糸,亠 | 糸,亠 | 糸,EARLIER_KLC_OR_PRIMITIVE_ONLY,PASS,
1059,流,"FLOW, CURRENT, STYLE","リュウ, ル","なが.れる, なが.れ, [-]なが.す",水,"water, *liquid*",水,流 → 水,水,水,EARLIER_KLC_OR_PRIMITIVE_ONLY,PASS,
1060,硫,SULFUR,リュウ,,流 | 石,"FLOW, CURRENT, STYLE | stone, rock",石,硫 → 流 + 石,水 | 石,水 | 石,EARLIER_KLC_OR_PRIMITIVE_ONLY,PASS,
1061,盲,BLIND,モウ,,亡 | 目,DECEASED | eye,目,盲 → 亡 + 目,亡 | 目,目,EARLIER_KLC_OR_PRIMITIVE_ONLY,PASS,
1062,忘,FORGET,ボウ,わす.れる,亡 | 心,"DECEASED | heart, mind, spirit",心,忘 → 亡 + 心,亡 | 心,心,EARLIER_KLC_OR_PRIMITIVE_ONLY,PASS,
1063,忙,BUSY,ボウ,いそが.しい,亡 | 心,"DECEASED | heart, mind, spirit",心,忙 → 亡 + 心,亡 | 心,心,EARLIER_KLC_OR_PRIMITIVE_ONLY,PASS,
1064,荒,"WILD, DEVASTATED",コウ,"あら.い, あら-  あ.れる, あ.らす, -あ.らし",艸 | 亡 | 川,"grass, vegetation | DECEASED | river",艸 | 川,荒 → 艸 + 亡 + 川,艸 | 亡 | 川,艸 | 川,EARLIER_KLC_OR_PRIMITIVE_ONLY,PASS,
1065,慌,CONFUSED,コウ,"あわ.てる, あわ.ただしい",心 | 荒,"heart, mind, spirit | WILD, DEVASTATED",心,慌 → 心 + 荒,心 | 艸 | 亡 | 川,心 | 艸 | 川,EARLIER_KLC_OR_PRIMITIVE_ONLY,PASS,
1066,望,"HOPE, EXPECT","ボウ, モウ",のぞ.む,王 | 月 | 亡,"KING | moon, month, *flesh*, *body part* | DECEASED",月,望 → 王 + 月 + 亡,王 | 月 | 亡,月,EARLIER_KLC_OR_PRIMITIVE_ONLY,PASS,
1067,希,"RARE, ASPIRE","キ, ケ",まれ*,巾,"cloth, towel, scarf",巾,希 → 巾,巾,巾,EARLIER_KLC_OR_PRIMITIVE_ONLY,PASS,
1068,稀,RARE,"キ, ケ",まれ*,希 | 禾,"RARE, ASPIRE | grain",禾,稀 → 希 + 禾,巾 | 禾,巾 | 禾,EARLIER_KLC_OR_PRIMITIVE_ONLY,PASS,
1069,括,"LUMP TOGETHER, FASTEN",カツ,,手 | 舌,"hand, performer of action | tongue",手 | 舌,括 → 手 + 舌,手 | 舌,手 | 舌,EARLIER_KLC_OR_PRIMITIVE_ONLY,PASS,
1070,拘,ARREST,コウ,かかわ.る*,手 | 句,"hand, performer of action | PHRASE, HAIKU",手,拘 → 手 + 句,手 | 勹 | 口,手 | 勹 | 口,EARLIER_KLC_OR_PRIMITIVE_ONLY,PASS,
1071,拾,PICK UP,"シュウ, ジュウ",ひろ.う,手 | 合,"hand, performer of action | COMBINE, FIT",手,拾 → 手 + 合,手 | 合,手,EARLIER_KLC_OR_PRIMITIVE_ONLY,PASS,
1072,捨,DISCARD,シャ,す.てる,手 | 舎,"hand, performer of action | HUT",手,捨 → 手 + 舎,手 | 口 | 土 | 人,手 | 口 | 土 | 人,EARLIER_KLC_OR_PRIMITIVE_ONLY,PASS,
1073,孤,"SOLITARY, ALONE",コ,,子 | 瓜,child | melon,子 | 瓜,孤 → 子 + 瓜,子 | 瓜,子 | 瓜,EARLIER_KLC_OR_PRIMITIVE_ONLY,PASS,
1074,弧,"ARC, BOW",コ,,弓 | 瓜,bow | melon,弓 | 瓜,弧 → 弓 + 瓜,弓 | 瓜,弓 | 瓜,EARLIER_KLC_OR_PRIMITIVE_ONLY,PASS,
1075,弾,"PROJECTILE, SNAP",ダン,"ひ.く, -ひ.き  はず.む  たま",単 | 弓,"SINGLE, SIMPLE | bow",弓,弾 → 単 + 弓,戈 | 弓,戈 | 弓,EARLIER_KLC_OR_PRIMITIVE_ONLY,PASS,
1076,禅,ZEN,ゼン,,単 | 示,"SINGLE, SIMPLE | spirit, sign, show",示,禅 → 単 + 示,戈 | 示,戈 | 示,EARLIER_KLC_OR_PRIMITIVE_ONLY,PASS,
1077,系,"SYSTEM, LINEAGE",ケイ,,糸,"thread, silk",糸,系 → 糸,糸,糸,EARLIER_KLC_OR_PRIMITIVE_ONLY,PASS,
1078,係,"CONNECT, PERSON IN CHARGE",ケイ,"かか.る, かか.わる*  かかり, -がかり",人 | 系,"person, *roof* | SYSTEM, LINEAGE",人,係 → 人 + 系,人 | 糸,人 | 糸,EARLIER_KLC_OR_PRIMITIVE_ONLY,PASS,
1079,孫,GRANDCHILD,ソン,まご,子 | 系,"child | SYSTEM, LINEAGE",子,孫 → 子 + 系,子 | 糸,子 | 糸,EARLIER_KLC_OR_PRIMITIVE_ONLY,PASS,
1080,懸,SUSPEND,"ケン, ケ","か.ける, か.かる",,,,懸,懸,,ATOMIC_OR_ROOT_RECORD,PASS,
1081,偏,"ONE-SIDED, PARTIAL",ヘン,かたよ.る,人 | 冊,"person, *roof* | COUNTER FOR BOOKS, *bookcase*",人,偏 → 人 + 冊,人 | 冊,人,EARLIER_KLC_OR_PRIMITIVE_ONLY,PASS,
1082,遍,"TIMES [counter], EVERYWHERE",ヘン,,冊 | 辵,"COUNTER FOR BOOKS, *bookcase* | walk, *transport*",辵,遍 → 冊 + 辵,冊 | 辵,辵,EARLIER_KLC_OR_PRIMITIVE_ONLY,PASS,
1083,編,"COMPILE, KNIT",ヘン,"あ.む, -あ.み",糸 | 冊,"thread, silk | COUNTER FOR BOOKS, *bookcase*",糸,編 → 糸 + 冊,糸 | 冊,糸,EARLIER_KLC_OR_PRIMITIVE_ONLY,PASS,
1084,篇,"VOLUME, CHAPTER",ヘン,,竹 | 冊,"bamboo, counting | COUNTER FOR BOOKS, *bookcase*",竹,篇 → 竹 + 冊,竹 | 冊,竹,EARLIER_KLC_OR_PRIMITIVE_ONLY,PASS,
1085,普,"WIDESPREAD, UNIVERSAL",フ,,並 | 日,"LINE UP | sun, day",日,普 → 並 + 日,並 | 日,日,EARLIER_KLC_OR_PRIMITIVE_ONLY,PASS,
1086,譜,"RECORD [history], MUSIC SCORE",フ,,言 | 普,"speech, word, say | WIDESPREAD, UNIVERSAL",言,譜 → 言 + 普,言 | 並 | 日,言 | 日,EARLIER_KLC_OR_PRIMITIVE_ONLY,PASS,
1087,職,EMPLOYMENT,ショク,,戈 | 耳 | 音,"halberd, spear | ear, hearing | sound",戈 | 耳 | 音,職 → 戈 + 耳 + 音,戈 | 耳 | 音,戈 | 耳 | 音,EARLIER_KLC_OR_PRIMITIVE_ONLY,PASS,
1088,織,WEAVE,"ショク, シキ","お.る, [-]お.り  [-]おり",音 | 戈 | 糸,"sound | halberd, spear | thread, silk",音 | 戈 | 糸,織 → 音 + 戈 + 糸,音 | 戈 | 糸,音 | 戈 | 糸,EARLIER_KLC_OR_PRIMITIVE_ONLY,PASS,
1089,識,"DISCRIMINATE, KNOW",シキ,し.る*,音 | 戈 | 言,"sound | halberd, spear | speech, word, say",音 | 戈 | 言,識 → 音 + 戈 + 言,音 | 戈 | 言,音 | 戈 | 言,EARLIER_KLC_OR_PRIMITIVE_ONLY,PASS,
1090,殉,MARTYRDOM,ジュン,,歹 | 旬,death | TEN-DAY PERIOD,歹,殉 → 歹 + 旬,歹 | 勹 | 日,歹 | 勹 | 日,EARLIER_KLC_OR_PRIMITIVE_ONLY,PASS,
1091,退,RETREAT,タイ,"しりぞ.く, しりぞ.ける  の.く*",辵 | 艮,"walk, *transport* | stopping",辵 | 艮,退 → 辵 + 艮,辵 | 艮,辵 | 艮,EARLIER_KLC_OR_PRIMITIVE_ONLY,PASS,
1092,眼,EYEBALL,"ガン, ゲン",まなこ  め*,目 | 艮,eye | stopping,目 | 艮,眼 → 目 + 艮,目 | 艮,目 | 艮,EARLIER_KLC_OR_PRIMITIVE_ONLY,PASS,
1093,智,"WISDOM, INTELLIGENCE",チ,,知 | 日,"KNOW | sun, day",日,智 → 知 + 日,口 | 矢 | 日,口 | 矢 | 日,EARLIER_KLC_OR_PRIMITIVE_ONLY,PASS,
1094,仁,HUMANITY [virtue],"ジン, ニン, ニ",,人 | 二,"person, *roof* | two",人 | 二,仁 → 人 + 二,人 | 二,人 | 二,EARLIER_KLC_OR_PRIMITIVE_ONLY,PASS,
1095,忍,"ENDURE, BEAR, CONCEAL",ニン,"しの.ぶ, しの.ばせる",刃 | 心,"BLADE | heart, mind, spirit",心,忍 → 刃 + 心,刀 | 心,刀 | 心,EARLIER_KLC_OR_PRIMITIVE_ONLY,PASS,
1096,認,"RECOGNIZE, ACKNOWLEDGE",ニン,みと.める,言 | 忍,"speech, word, say | ENDURE, BEAR, CONCEAL",言,認 → 言 + 忍,言 | 刀 | 心,言 | 刀 | 心,EARLIER_KLC_OR_PRIMITIVE_ONLY,PASS,
1097,求,"SEEK, REQUEST",キュウ,もと.める,水,"water, *liquid*",水,求 → 水,水,水,EARLIER_KLC_OR_PRIMITIVE_ONLY,PASS,
1098,救,SAVE,キュウ,すく.う,求 | 攴,"SEEK, REQUEST | hit, strike, *action*",攴,救 → 求 + 攴,水 | 攴,水 | 攴,EARLIER_KLC_OR_PRIMITIVE_ONLY,PASS,
1099,球,"BALL, SPHERE",キュウ,たま,玉 | 求,"jewel, spherical object | SEEK, REQUEST",玉,球 → 玉 + 求,玉 | 水,玉 | 水,EARLIER_KLC_OR_PRIMITIVE_ONLY,PASS,
1100,屯,"CAMP, POLICE STATION",トン,,人 | 山,"person, *roof* | mountain",人 | 山,屯 → 人 + 山,人 | 山,人 | 山,EARLIER_KLC_OR_PRIMITIVE_ONLY,PASS,
1101,純,"PURE, INNOCENCE",ジュン,,糸 | 屯,"thread, silk | CAMP, POLICE STATION",糸,純 → 糸 + 屯,糸 | 人 | 山,糸 | 人 | 山,EARLIER_KLC_OR_PRIMITIVE_ONLY,PASS,
1102,鈍,"DULL, SLOW",ドン,"にぶ.い, にぶ.る, にぶ-",金,"metal, gold, money",金,鈍 → 金,金,金,EARLIER_KLC_OR_PRIMITIVE_ONLY,PASS,
1103,召,"SUMMON, CALL",ショウ,め.す,口 | 刀,"mouth, *opening* | knife, sword, *cut*",口 | 刀,召 → 口 + 刀,口 | 刀,口 | 刀,EARLIER_KLC_OR_PRIMITIVE_ONLY,PASS,
1104,招,INVITE,ショウ,まね.く,手 | 召,"hand, performer of action | SUMMON, CALL",手,招 → 手 + 召,手 | 口 | 刀,手 | 口 | 刀,EARLIER_KLC_OR_PRIMITIVE_ONLY,PASS,
1105,沼,"MARSH, SWAMP",ショウ,ぬま,水 | 召,"water, *liquid* | SUMMON, CALL",水,沼 → 水 + 召,水 | 口 | 刀,水 | 口 | 刀,EARLIER_KLC_OR_PRIMITIVE_ONLY,PASS,
1106,紹,INTRODUCE,ショウ,,召 | 糸,"SUMMON, CALL | thread, silk",糸,紹 → 召 + 糸,口 | 刀 | 糸,口 | 刀 | 糸,EARLIER_KLC_OR_PRIMITIVE_ONLY,PASS,
1107,詔,IMPERIAL EDICT,ショウ,みことのり,召 | 言,"SUMMON, CALL | speech, word, say",言,詔 → 召 + 言,口 | 刀 | 言,口 | 刀 | 言,EARLIER_KLC_OR_PRIMITIVE_ONLY,PASS,
1108,勅,IMPERIAL DECREE,チョク,,力 | 束,"power, strength | TIE UP, BUNDLE",力,勅 → 力 + 束,力 | 木,力 | 木,EARLIER_KLC_OR_PRIMITIVE_ONLY,PASS,
1109,昭,"BRIGHT, LUMINOUS",ショウ,,召 | 日,"SUMMON, CALL | sun, day",日,昭 → 召 + 日,口 | 刀 | 日,口 | 刀 | 日,EARLIER_KLC_OR_PRIMITIVE_ONLY,PASS,
1110,照,"ILLUMINATE, COMPARE",ショウ,"て.る, て.らす, て.れる",火 | 昭,"fire | BRIGHT, LUMINOUS",火,照 → 火 + 昭,火 | 口 | 刀 | 日,火 | 口 | 刀 | 日,EARLIER_KLC_OR_PRIMITIVE_ONLY,PASS,
1111,超,"SURPASS, ULTRA-",チョウ,"こ.える, こ.す",召 | 走,"SUMMON, CALL | run",走,超 → 召 + 走,口 | 刀 | 走,口 | 刀 | 走,EARLIER_KLC_OR_PRIMITIVE_ONLY,PASS,
1112,越,"SURPASS, GO BEYOND",エツ,"[-]こ.す, -ご.し, こ.える, -ご.え",戈 | 走,"halberd, spear | run",戈 | 走,越 → 戈 + 走,戈 | 走,戈 | 走,EARLIER_KLC_OR_PRIMITIVE_ONLY,PASS,
1113,趣,"GIST, FLAVOR",シュ,おもむき,走 | 取,run | TAKE,走,趣 → 走 + 取,走 | 又 | 耳,走 | 又 | 耳,EARLIER_KLC_OR_PRIMITIVE_ONLY,PASS,
1114,赴,PROCEED TO,フ,おもむ.く,走 | 卜,"run | divination, divining rod, predict",走 | 卜,赴 → 走 + 卜,走 | 卜,走 | 卜,EARLIER_KLC_OR_PRIMITIVE_ONLY,PASS,
1115,訃,DEATH REPORT,フ,,言 | 卜,"speech, word, say | divination, divining rod, predict",言 | 卜,訃 → 言 + 卜,言 | 卜,言 | 卜,EARLIER_KLC_OR_PRIMITIVE_ONLY,PASS,
1116,朴,SIMPLE,ボク,,,,,朴,朴,,ATOMIC_OR_ROOT_RECORD,PASS,
1117,掛,HANG,,"[-]か.ける, [-]か.け, -が.け, [-]か.かる, -が.かる, か.かり, -が.かり, かかり, -がかり",手,"hand, performer of action",手,掛 → 手,手,手,EARLIER_KLC_OR_PRIMITIVE_ONLY,PASS,
1118,摘,"PICK, PLUCK",テキ,つ.む,手 | 商,"hand, performer of action | TRADE, COMMERCE",手,摘 → 手 + 商,手 | 立 | 四,手 | 立,EARLIER_KLC_OR_PRIMITIVE_ONLY,PASS,
1119,滴,"DROP, DRIP",テキ,しずく  したた.る,商 | 水,"TRADE, COMMERCE | water, *liquid*",水,滴 → 商 + 水,立 | 四 | 水,立 | 水,EARLIER_KLC_OR_PRIMITIVE_ONLY,PASS,
1120,嫡,LEGITIMATE WIFE/CHILD,チャク,,商,"TRADE, COMMERCE",,嫡 → 商,立 | 四,立,EARLIER_KLC_OR_PRIMITIVE_ONLY,PASS,
1121,適,"FIT, SUIT",テキ,,商 | 辵,"TRADE, COMMERCE | walk, *transport*",辵,適 → 商 + 辵,立 | 四 | 辵,立 | 辵,EARLIER_KLC_OR_PRIMITIVE_ONLY,PASS,
1122,敵,ENEMY,テキ,かたき,商 | 攴,"TRADE, COMMERCE | hit, strike, *action*",攴,敵 → 商 + 攴,立 | 四 | 攴,立 | 攴,EARLIER_KLC_OR_PRIMITIVE_ONLY,PASS,
1123,授,"CONFER, INSTRUCT",ジュ,"さず.ける, さず.かる",手 | 受,"hand, performer of action | RECEIVE, ACCEPT",手,授 → 手 + 受,手 | 爪 | 冖 | 又,手 | 爪 | 冖 | 又,EARLIER_KLC_OR_PRIMITIVE_ONLY,PASS,
1124,援,"AID, SAVE",エン,,爰 | 手,"give | hand, performer of action",手,援 → 爰 + 手,爰 | 手,手,EARLIER_KLC_OR_PRIMITIVE_ONLY,PASS,
1125,媛,"DAMSEL, PRINCESS",エン,ひめ,女 | 爰,woman | give,女,媛 → 女 + 爰,女 | 爰,女,EARLIER_KLC_OR_PRIMITIVE_ONLY,PASS,
1126,緩,"SLACK, LOOSE",カン,"ゆる.い, ゆる.やか, ゆる.む, ゆる.める",糸 | 爰,"thread, silk | give",糸,緩 → 糸 + 爰,糸 | 爰,糸,EARLIER_KLC_OR_PRIMITIVE_ONLY,PASS,
1127,暖,WARM,"ダン, ノン*","あたた.か = あたた.かい, あたた.まる, あたた.める",日 | 爰,"sun, day | give",日,暖 → 日 + 爰,日 | 爰,日,EARLIER_KLC_OR_PRIMITIVE_ONLY,PASS,
1128,観,"VIEW, APPEARANCE",カン,,隹 | 矢 | 見,"small bird | arrow, *straight* | see",隹 | 矢 | 見,観 → 隹 + 矢 + 見,隹 | 矢 | 見,隹 | 矢 | 見,EARLIER_KLC_OR_PRIMITIVE_ONLY,PASS,
1129,勧,"URGE, ENCOURAGE",カン,すす.める,隹 | 矢 | 力,"small bird | arrow, *straight* | power, strength",隹 | 矢 | 力,勧 → 隹 + 矢 + 力,隹 | 矢 | 力,隹 | 矢 | 力,EARLIER_KLC_OR_PRIMITIVE_ONLY,PASS,
1130,権,"RIGHT, POWER","ケン, ゴン",,隹 | 矢 | 木,"small bird | arrow, *straight* | tree",隹 | 矢 | 木,権 → 隹 + 矢 + 木,隹 | 矢 | 木,隹 | 矢 | 木,EARLIER_KLC_OR_PRIMITIVE_ONLY,PASS,
1131,歓,JOY,カン,,隹 | 矢 | 欠,"small bird | arrow, *straight* | lack, *open mouth*",隹 | 矢 | 欠,歓 → 隹 + 矢 + 欠,隹 | 矢 | 欠,隹 | 矢 | 欠,EARLIER_KLC_OR_PRIMITIVE_ONLY,PASS,
1132,鶴,CRANE [bird],カク*,つる,隹 | 鳥,small bird | bird,隹 | 鳥,鶴 → 隹 + 鳥,隹 | 鳥,隹 | 鳥,EARLIER_KLC_OR_PRIMITIVE_ONLY,PASS,
1133,確,"CERTAIN, DEFINITE, SOLID",カク,"たし.か, たし.かめる",石 | 隹,"stone, rock | small bird",石 | 隹,確 → 石 + 隹,石 | 隹,石 | 隹,EARLIER_KLC_OR_PRIMITIVE_ONLY,PASS,
1134,慢,"ARROGANCE, LAZINESS",マン,,心 | 曼,"heart, mind, spirit | wide, beautiful",心,慢 → 心 + 曼,心 | 曼,心,EARLIER_KLC_OR_PRIMITIVE_ONLY,PASS,
1135,漫,"RAMBLING, COMIC",マン,,水 | 曼,"water, *liquid* | wide, beautiful",水,漫 → 水 + 曼,水 | 曼,水,EARLIER_KLC_OR_PRIMITIVE_ONLY,PASS,
1136,卯,SIGN OF THE HARE,ボウ,う,,,,卯,卯,,ATOMIC_OR_ROOT_RECORD,PASS,
1137,抑,SUPPRESS,ヨク,おさ.える,手 | 卯,"hand, performer of action | SIGN OF THE HARE",手,抑 → 手 + 卯,手 | 卯,手,EARLIER_KLC_OR_PRIMITIVE_ONLY,PASS,
1138,仰,"LOOK UP, RESPECT","ギョウ, コウ",あお.ぐ  おお.せ,卯 | 人,"SIGN OF THE HARE | person, *roof*",人,仰 → 卯 + 人,卯 | 人,人,EARLIER_KLC_OR_PRIMITIVE_ONLY,PASS,
1139,迎,"WELCOME, GREET",ゲイ,むか.える,卯 | 辵,"SIGN OF THE HARE | walk, *transport*",辵,迎 → 卯 + 辵,卯 | 辵,辵,EARLIER_KLC_OR_PRIMITIVE_ONLY,PASS,
1140,柳,WILLOW,リュウ,やなぎ,木,tree,木,柳 → 木,木,木,EARLIER_KLC_OR_PRIMITIVE_ONLY,PASS,
1141,卵,EGG,ラン,たまご,,,,卵,卵,,ATOMIC_OR_ROOT_RECORD,PASS,
1142,疎,"SPARSE, NEGLECT",ソ,"うと.い, うと.む",疋 | 束,"bolt of cloth | TIE UP, BUNDLE",疋,疎 → 疋 + 束,疋 | 木,疋 | 木,EARLIER_KLC_OR_PRIMITIVE_ONLY,PASS,
1143,速,QUICK,ソク,"はや.い, はや-, はや.める, はや.まる  すみ.やか",辵 | 束,"walk, *transport* | TIE UP, BUNDLE",辵,速 → 辵 + 束,辵 | 木,辵 | 木,EARLIER_KLC_OR_PRIMITIVE_ONLY,PASS,
1144,遅,"SLOW, LATE",チ,"おく.れる, おく.らす  おそ.い",辵 | 羊,"walk, *transport* | sheep",辵 | 羊,遅 → 辵 + 羊,辵 | 羊,辵 | 羊,EARLIER_KLC_OR_PRIMITIVE_ONLY,PASS,
1145,辻,CROSSROAD,,つじ,辵,"walk, *transport*",辵,辻 → 辵,辵,辵,EARLIER_KLC_OR_PRIMITIVE_ONLY,PASS,
1146,迅,SWIFT,ジン,,几 | 辻,"table, wind | CROSSROAD",几,迅 → 几 + 辻,几 | 辵,几 | 辵,EARLIER_KLC_OR_PRIMITIVE_ONLY,PASS,
1147,加,"ADD, INCLUDE",カ,"くわ.える, くわ.わる",口 | 力,"mouth, *opening* | power, strength",口 | 力,加 → 口 + 力,口 | 力,口 | 力,EARLIER_KLC_OR_PRIMITIVE_ONLY,PASS,
1148,減,DECREASE,ゲン,"へ.る, へ.らす",戊 | 水,"scythe | water, *liquid*",水,減 → 戊 + 水,戊 | 水,水,EARLIER_KLC_OR_PRIMITIVE_ONLY,PASS,
1149,滅,"DESTROY, EXTINGUISH",メツ,"ほろ.びる, ほろ.ぶ, ほろ.ぼす",火 | 戊 | 水,"fire | scythe | water, *liquid*",火 | 水,滅 → 火 + 戊 + 水,火 | 戊 | 水,火 | 水,EARLIER_KLC_OR_PRIMITIVE_ONLY,PASS,
1150,威,"MIGHT, INTIMIDATE",イ,,戊 | 女,scythe | woman,女,威 → 戊 + 女,戊 | 女,女,EARLIER_KLC_OR_PRIMITIVE_ONLY,PASS,
1151,嚇,"THREATEN, MENACING",カク,,赤 | 口,"red | mouth, *opening*",赤 | 口,嚇 → 赤 + 口,赤 | 口,赤 | 口,EARLIER_KLC_OR_PRIMITIVE_ONLY,PASS,
1152,或,"A CERTAIN, SOME",ワク,あ.る  ある.いは,戈,"halberd, spear",戈,或 → 戈,戈,戈,EARLIER_KLC_OR_PRIMITIVE_ONLY,PASS,
1153,惑,"DECEIVE, PERPLEXITY",ワク,まど.う,心 | 或,"heart, mind, spirit | A CERTAIN, SOME",心,惑 → 心 + 或,心 | 戈,心 | 戈,EARLIER_KLC_OR_PRIMITIVE_ONLY,PASS,
1154,域,"REGION, DISTRICT",イキ,,或 | 土,"A CERTAIN, SOME | soil, earth",土,域 → 或 + 土,戈 | 土,戈 | 土,EARLIER_KLC_OR_PRIMITIVE_ONLY,PASS,
1155,収,"INCOME, REAP",シュウ,"おさ.める, おさ.まる",又,"again, or, *hand*",又,収 → 又,又,又,EARLIER_KLC_OR_PRIMITIVE_ONLY,PASS,
1156,納,"PAY, OBTAIN, ACCEPT","ノウ, ナッ-, ナ, ナン, トウ","[-]おさ.める, おさ.まる",糸 | 内,"thread, silk | INSIDE",糸,納 → 糸 + 内,糸 | 人 | 冂,糸 | 人 | 冂,EARLIER_KLC_OR_PRIMITIVE_ONLY,PASS,
1157,献,OFFER,"ケン, コン",,南 | 犬,"SOUTH | dog, small animal",犬,献 → 南 + 犬,辛 | 犬,辛 | 犬,EARLIER_KLC_OR_PRIMITIVE_ONLY,PASS,
1158,貢,TRIBUTE,"コウ, ク",みつ.ぐ,貝 | 工,"shellfish, money, wealth | construction, craft, work",貝 | 工,貢 → 貝 + 工,貝 | 工,貝 | 工,EARLIER_KLC_OR_PRIMITIVE_ONLY,PASS,
1159,貪,"COVET, ENVY",ドン,むさぼ.る,貝 | 今,"shellfish, money, wealth | PRESENT, NOW, THIS",貝,貪 → 貝 + 今,貝 | 今,貝,EARLIER_KLC_OR_PRIMITIVE_ONLY,PASS,
1160,貰,GET,セイ,もら.う,世 | 貝,"WORLD, AGE, GENERATION | shellfish, money, wealth",貝,貰 → 世 + 貝,世 | 貝,貝,EARLIER_KLC_OR_PRIMITIVE_ONLY,PASS,
1161,貧,POOR,"ヒン, ビン",まず.しい,貝 | 分,"shellfish, money, wealth | DIVIDE, PART, MINUTE",貝,貧 → 貝 + 分,貝 | 刀 | 八,貝 | 刀 | 八,EARLIER_KLC_OR_PRIMITIVE_ONLY,PASS,
1162,賃,"WAGES, FEE",チン,,貝 | 任,"shellfish, money, wealth | OFFICE, ENTRUST, DUTY",貝,賃 → 貝 + 任,貝 | 人 | 王,貝 | 人,EARLIER_KLC_OR_PRIMITIVE_ONLY,PASS,
1163,貸,"LEND, LOAN",タイ,"か.す, か.し-  かし-",貝 | 代,"shellfish, money, wealth | SUBSTITUTE, REPLACE, GENERATION",貝,貸 → 貝 + 代,貝 | 人 | 弋,貝 | 人 | 弋,EARLIER_KLC_OR_PRIMITIVE_ONLY,PASS,
1164,貨,"MONEY, GOODS",カ,,貝 | 化,"shellfish, money, wealth | CHANGE INTO, CONVERT",貝,貨 → 貝 + 化,貝 | 人 | 匕,貝 | 人 | 匕,EARLIER_KLC_OR_PRIMITIVE_ONLY,PASS,
1165,資,"RESOURCES, CAPITAL",シ,,貝 | 次,"shellfish, money, wealth | NEXT, SECONDARY",貝,資 → 貝 + 次,貝 | 欠,貝 | 欠,EARLIER_KLC_OR_PRIMITIVE_ONLY,PASS,
1166,賛,"APPROVE, PRAISE",サン,,貝 | 夫,"shellfish, money, wealth | HUSBAND, MAN LABORER",貝,賛 → 貝 + 夫,貝 | 人,貝 | 人,EARLIER_KLC_OR_PRIMITIVE_ONLY,PASS,
1167,替,REPLACE,タイ,"か.える, か.え-, か.わる",夫 | 日,"HUSBAND, MAN LABORER | sun, day",日,替 → 夫 + 日,人 | 日,人 | 日,EARLIER_KLC_OR_PRIMITIVE_ONLY,PASS,
1168,潜,"SUBMERGE, LURK",セン,ひそ.む  もぐ.る,替 | 水,"REPLACE | water, *liquid*",水,潜 → 替 + 水,人 | 日 | 水,人 | 日 | 水,EARLIER_KLC_OR_PRIMITIVE_ONLY,PASS,
1169,貿,TRADE,ボウ,,刀 | 貝,"knife, sword, *cut* | shellfish, money, wealth",刀 | 貝,貿 → 刀 + 貝,刀 | 貝,刀 | 貝,EARLIER_KLC_OR_PRIMITIVE_ONLY,PASS,
1170,留,"KEEP IN PLACE, RESIDE","リュウ, ル","[-]と.める, -ど.め, と.まる  とど.まる*",刀 | 田,"knife, sword, *cut* | rice field, *head*",刀 | 田,留 → 刀 + 田,刀 | 田,刀 | 田,EARLIER_KLC_OR_PRIMITIVE_ONLY,PASS,
1171,溜,"ACCUMULATE, GATHER",リュウ,"た.まる, た.める",水 | 留,"water, *liquid* | KEEP IN PLACE, RESIDE",水,溜 → 水 + 留,水 | 刀 | 田,水 | 刀 | 田,EARLIER_KLC_OR_PRIMITIVE_ONLY,PASS,
1172,賀,CONGRATULATE,ガ,,加 | 貝,"ADD, INCLUDE | shellfish, money, wealth",貝,賀 → 加 + 貝,口 | 力 | 貝,口 | 力 | 貝,EARLIER_KLC_OR_PRIMITIVE_ONLY,PASS,
1173,架,"LAY ACROSS, CONSTRUCT",カ,"か.ける, か.かる",木 | 加,"tree | ADD, INCLUDE",木,架 → 木 + 加,木 | 口 | 力,木 | 口 | 力,EARLIER_KLC_OR_PRIMITIVE_ONLY,PASS,
1174,染,DYE,セン,"そ.まる, そ.める, -ぞ.め, -ぞめ  し.みる, -じ.みる, し.み",水 | 木 | 九,"water, *liquid* | tree | NINE",水 | 木,染 → 水 + 木 + 九,水 | 木 | 九,水 | 木,EARLIER_KLC_OR_PRIMITIVE_ONLY,PASS,
1175,梨,PEAR,リ*,なし,木 | 利,"tree | ADVANTAGE, PROFIT",木,梨 → 木 + 利,木 | 刀 | 禾,木 | 刀 | 禾,EARLIER_KLC_OR_PRIMITIVE_ONLY,PASS,
1176,傑,"EXCELLENCE, GREATNESS",ケツ,,人 | 舛 | 木,"person, *roof* | oppose, dancing | tree",人 | 舛 | 木,傑 → 人 + 舛 + 木,人 | 舛 | 木,人 | 舛 | 木,EARLIER_KLC_OR_PRIMITIVE_ONLY,PASS,
1177,貴,"HONOR, PRECIOUS",キ,たっと.い = とうと.い  たっと.ぶ = とうと.ぶ,中 | 貝,"MIDDLE, IN, CHINA | shellfish, money, wealth",貝,貴 → 中 + 貝,中 | 貝,貝,EARLIER_KLC_OR_PRIMITIVE_ONLY,PASS,
1178,潰,"CRUSH, SMASH",カイ,"つぶ.す, つぶ.れる",貴 | 水,"HONOR, PRECIOUS | water, *liquid*",水,潰 → 貴 + 水,中 | 貝 | 水,貝 | 水,EARLIER_KLC_OR_PRIMITIVE_ONLY,PASS,
1179,遺,"LEAVE BEHIND, BEQUEATH","イ, ユイ",,辵 | 貴,"walk, *transport* | HONOR, PRECIOUS",辵,遺 → 辵 + 貴,辵 | 中 | 貝,辵 | 貝,EARLIER_KLC_OR_PRIMITIVE_ONLY,PASS,
1180,遣,"DISPATCH, DONATE, DO",ケン,"[-]つか.う, つか.わす, -づか.い",官 | 辵 | 中,"GOVERNMENT, GOVERNMENT OFFICIAL | walk, *transport* | MIDDLE, IN, CHINA",辵,遣 → 官 + 辵 + 中,宀 | 辵 | 中,宀 | 辵,EARLIER_KLC_OR_PRIMITIVE_ONLY,PASS,
1181,追,CHASE,ツイ,お.う,官 | 辵,"GOVERNMENT, GOVERNMENT OFFICIAL | walk, *transport*",辵,追 → 官 + 辵,宀 | 辵,宀 | 辵,EARLIER_KLC_OR_PRIMITIVE_ONLY,PASS,
1182,迫,"PRESS, URGE, IMMINENT",ハク,せま.る,辵 | 白,"walk, *transport* | white",辵 | 白,迫 → 辵 + 白,辵 | 白,辵 | 白,EARLIER_KLC_OR_PRIMITIVE_ONLY,PASS,
1183,泊,STAY OVERNIGHT,ハク,"と.まる, と.める",白 | 水,"white | water, *liquid*",白 | 水,泊 → 白 + 水,白 | 水,白 | 水,EARLIER_KLC_OR_PRIMITIVE_ONLY,PASS,
1184,伯,"CHIEF, EARL, UNCLE",ハク,,白 | 人,"white | person, *roof*",白 | 人,伯 → 白 + 人,白 | 人,白 | 人,EARLIER_KLC_OR_PRIMITIVE_ONLY,PASS,
1185,拍,"BEAT, RHYTHM","ハク, ヒョウ",,手 | 白,"hand, performer of action | white",手 | 白,拍 → 手 + 白,手 | 白,手 | 白,EARLIER_KLC_OR_PRIMITIVE_ONLY,PASS,
1186,弔,"CONDOLE, MOURN",チョウ,とむら.う,弓,bow,弓,弔 → 弓,弓,弓,EARLIER_KLC_OR_PRIMITIVE_ONLY,PASS,
1187,沸,BOIL,フツ,"わ.く, わ.かす",弗 | 水,"dollar | water, *liquid*",水,沸 → 弗 + 水,弗 | 水,水,EARLIER_KLC_OR_PRIMITIVE_ONLY,PASS,
1188,煮,"BOIL, COOK",シャ,"に.る, -に, に.える, に.やす",人 | 火,"person, *roof* | fire",人 | 火,煮 → 人 + 火,人 | 火,人 | 火,EARLIER_KLC_OR_PRIMITIVE_ONLY,PASS,
1189,費,SPEND,ヒ,"つい.やす, つい.える",弗 | 貝,"dollar | shellfish, money, wealth",貝,費 → 弗 + 貝,弗 | 貝,貝,EARLIER_KLC_OR_PRIMITIVE_ONLY,PASS,
1190,弟,YOUNGER BROTHER,"テイ, ダイ, デ",おとうと,弓,bow,弓,弟 → 弓,弓,弓,EARLIER_KLC_OR_PRIMITIVE_ONLY,PASS,
1191,第,ORDINAL NUMBER PREFIX,ダイ,,竹 | 弟,"bamboo, counting | YOUNGER BROTHER",竹,第 → 竹 + 弟,竹 | 弓,竹 | 弓,EARLIER_KLC_OR_PRIMITIVE_ONLY,PASS,
1192,剃,SHAVE,テイ,そ.る  す.る*,弟 | 刀,"YOUNGER BROTHER | knife, sword, *cut*",刀,剃 → 弟 + 刀,弓 | 刀,弓 | 刀,EARLIER_KLC_OR_PRIMITIVE_ONLY,PASS,
1193,兄,OLDER BROTHER,"ケイ, キョウ",あに,口 | 儿,"mouth, *opening* | son, legs",口 | 儿,兄 → 口 + 儿,口 | 儿,口 | 儿,EARLIER_KLC_OR_PRIMITIVE_ONLY,PASS,
1194,只,"FREE, JUST",シ,ただ[-],,,,只,只,,ATOMIC_OR_ROOT_RECORD,PASS,
1195,税,TAX,ゼイ,,禾 | 兄,grain | OLDER BROTHER,禾,税 → 禾 + 兄,禾 | 口 | 儿,禾 | 口 | 儿,EARLIER_KLC_OR_PRIMITIVE_ONLY,PASS,
1196,鋭,SHARP,エイ,するど.い,兄 | 金,"OLDER BROTHER | metal, gold, money",金,鋭 → 兄 + 金,口 | 儿 | 金,口 | 儿 | 金,EARLIER_KLC_OR_PRIMITIVE_ONLY,PASS,
1197,説,"EXPLAIN, THEORY","セツ, ゼイ",と.く,兄 | 言,"OLDER BROTHER | speech, word, say",言,説 → 兄 + 言,口 | 儿 | 言,口 | 儿 | 言,EARLIER_KLC_OR_PRIMITIVE_ONLY,PASS,
1198,脱,"REMOVE, ESCAPE FROM",ダツ,"ぬ.ぐ, ぬ.げる",兄 | 月,"OLDER BROTHER | moon, month, *flesh*, *body part*",月,脱 → 兄 + 月,口 | 儿 | 月,口 | 儿 | 月,EARLIER_KLC_OR_PRIMITIVE_ONLY,PASS,
1199,閲,"REVIEW, INSPECT",エツ,,兄 | 門,OLDER BROTHER | gate,門,閲 → 兄 + 門,口 | 儿 | 門,口 | 儿 | 門,EARLIER_KLC_OR_PRIMITIVE_ONLY,PASS,
1200,祝,CELEBRATE,"シュウ, シュク",いわ.う,兄 | 示,"OLDER BROTHER | spirit, sign, show",示,祝 → 兄 + 示,口 | 儿 | 示,口 | 儿 | 示,EARLIER_KLC_OR_PRIMITIVE_ONLY,PASS,
1201,況,"CONDITION, SITUATION",キョウ,,水 | 兄,"water, *liquid* | OLDER BROTHER",水,況 → 水 + 兄,水 | 口 | 儿,水 | 口 | 儿,EARLIER_KLC_OR_PRIMITIVE_ONLY,PASS,
1202,悦,"DELIGHT, JOY",エツ,よろこ.ぶ*,心 | 兄,"heart, mind, spirit | OLDER BROTHER",心,悦 → 心 + 兄,心 | 口 | 儿,心 | 口 | 儿,EARLIER_KLC_OR_PRIMITIVE_ONLY,PASS,
1203,克,OVERCOME,コク,か.つ*,兄 | 十,"OLDER BROTHER | ten, complete, *cross*, *needle*, *plant*",十,克 → 兄 + 十,口 | 儿 | 十,口 | 儿 | 十,EARLIER_KLC_OR_PRIMITIVE_ONLY,PASS,
1204,競,COMPETE,"キョウ, ケイ",きそ.う  せ.る,立 | 兄,stand | OLDER BROTHER,立,競 → 立 + 兄,立 | 口 | 儿,立 | 口 | 儿,EARLIER_KLC_OR_PRIMITIVE_ONLY,PASS,
1205,姉,OLDER SISTER,シ,あね,女 | 市,"woman | CITY, MARKET",女,姉 → 女 + 市,女 | 巾 | 亠,女 | 巾 | 亠,EARLIER_KLC_OR_PRIMITIVE_ONLY,PASS,
1206,妹,YOUNGER SISTER,マイ,いもうと,女 | 未,woman | NOT YET,女,妹 → 女 + 未,女 | 木,女 | 木,EARLIER_KLC_OR_PRIMITIVE_ONLY,PASS,
1207,珠,PEARL,シュ,たま,玉 | 朱,"jewel, spherical object | VERMILION",玉,珠 → 玉 + 朱,玉 | 木 | 矢,玉 | 木 | 矢,EARLIER_KLC_OR_PRIMITIVE_ONLY,PASS,
1208,殊,SPECIAL,シュ,こと,朱 | 歹,VERMILION | death,歹,殊 → 朱 + 歹,木 | 矢 | 歹,木 | 矢 | 歹,EARLIER_KLC_OR_PRIMITIVE_ONLY,PASS,
1209,序,"PREFACE, BEGINNING",ジョ,つい.で   ついで,予 | 广,"BEFOREHAND, IN ADVANCE | dotted cliff, *shelter*",广,序 → 予 + 广,予 | 广,广,EARLIER_KLC_OR_PRIMITIVE_ONLY,PASS,
1210,秩,ORDER,チツ,,失 | 禾,"LOSE, SLIP | grain",禾,秩 → 失 + 禾,矢 | 禾,矢 | 禾,EARLIER_KLC_OR_PRIMITIVE_ONLY,PASS,
1211,迭,ALTERNATE,テツ,,辵 | 失,"walk, *transport* | LOSE, SLIP",辵,迭 → 辵 + 失,辵 | 矢,辵 | 矢,EARLIER_KLC_OR_PRIMITIVE_ONLY,PASS,
1212,喜,"HAPPY, PLEASURE",キ,"よろこ.ぶ, よろこ.ばす",士 | 口,"scholar, military man | mouth, *opening*",士 | 口,喜 → 士 + 口,士 | 口,士 | 口,EARLIER_KLC_OR_PRIMITIVE_ONLY,PASS,
1213,善,"GOOD, VIRTUOUS",ゼン,よ.い,羊 | 立 | 口,"sheep | stand | mouth, *opening*",羊 | 立 | 口,善 → 羊 + 立 + 口,羊 | 立 | 口,羊 | 立 | 口,EARLIER_KLC_OR_PRIMITIVE_ONLY,PASS,
1214,繕,"MEND, REPAIR",ゼン,つくろ.う,糸 | 善,"thread, silk | GOOD, VIRTUOUS",糸,繕 → 糸 + 善,糸 | 羊 | 立 | 口,糸 | 羊 | 立 | 口,EARLIER_KLC_OR_PRIMITIVE_ONLY,PASS,
1215,膳,SMALL TABLE,ゼン,,善 | 月,"GOOD, VIRTUOUS | moon, month, *flesh*, *body part*",月,膳 → 善 + 月,羊 | 立 | 口 | 月,羊 | 立 | 口 | 月,EARLIER_KLC_OR_PRIMITIVE_ONLY,PASS,
1216,憾,"REMORSE, REGRET",カン,うら.む*,心 | 感,"heart, mind, spirit | SENSE, FEEL",心,憾 → 心 + 感,心 | 戊 | 口,心 | 口,EARLIER_KLC_OR_PRIMITIVE_ONLY,PASS,
1217,恨,"GRUDGE, RESENT",コン,"うら.む, うら.めしい",艮 | 心,"stopping | heart, mind, spirit",艮 | 心,恨 → 艮 + 心,艮 | 心,艮 | 心,EARLIER_KLC_OR_PRIMITIVE_ONLY,PASS,
1218,惜,"REGRET, PITY",セキ,"お.しい, お.しむ",心 | 昔,"heart, mind, spirit | ANCIENT, FORMER TIMES",心,惜 → 心 + 昔,心 | 日 | 士,心 | 日 | 士,EARLIER_KLC_OR_PRIMITIVE_ONLY,PASS,
1219,措,"DISPOSE OF, GIVE UP",ソ,お.く*,手 | 昔,"hand, performer of action | ANCIENT, FORMER TIMES",手,措 → 手 + 昔,手 | 日 | 士,手 | 日 | 士,EARLIER_KLC_OR_PRIMITIVE_ONLY,PASS,
1220,借,"BORROW, RENT",シャク,か.りる,人 | 昔,"person, *roof* | ANCIENT, FORMER TIMES",人,借 → 人 + 昔,人 | 日 | 士,人 | 日 | 士,EARLIER_KLC_OR_PRIMITIVE_ONLY,PASS,
1221,錯,"MIX, CONFUSED",サク,,金 | 昔,"metal, gold, money | ANCIENT, FORMER TIMES",金,錯 → 金 + 昔,金 | 日 | 士,金 | 日 | 士,EARLIER_KLC_OR_PRIMITIVE_ONLY,PASS,
1222,曽,"BEFORE, *build up*","ソウ, ソ, ゾ",ひ*  ひい*,,,,曽,曽,,ATOMIC_OR_ROOT_RECORD,PASS,
1223,増,INCREASE,ゾウ,"ま.す, ま.し  ふ.える, ふ.やす",土 | 曽,"soil, earth | BEFORE, *build up*",土,増 → 土 + 曽,土 | 曽,土,EARLIER_KLC_OR_PRIMITIVE_ONLY,PASS,
1224,層,"STRATUM, SOCIAL CLASS",ソウ,,曽 | 尸,"BEFORE, *build up* | corpse, *flag*",尸,層 → 曽 + 尸,曽 | 尸,尸,EARLIER_KLC_OR_PRIMITIVE_ONLY,PASS,
1225,憎,HATE,ゾウ,"にく.む, にく.い, にく.らしい, にく.しみ",心 | 曽,"heart, mind, spirit | BEFORE, *build up*",心,憎 → 心 + 曽,心 | 曽,心,EARLIER_KLC_OR_PRIMITIVE_ONLY,PASS,
1226,僧,"MONK, PRIEST",ソウ,,人 | 曽,"person, *roof* | BEFORE, *build up*",人,僧 → 人 + 曽,人 | 曽,人,EARLIER_KLC_OR_PRIMITIVE_ONLY,PASS,
1227,贈,PRESENT A GIFT,"ゾウ, ソウ",おく.る,貝 | 曽,"shellfish, money, wealth | BEFORE, *build up*",貝,贈 → 貝 + 曽,貝 | 曽,貝,EARLIER_KLC_OR_PRIMITIVE_ONLY,PASS,
1228,賄,"BRIBE, SUPPLY",ワイ,まかな.う,貝 | 有,"shellfish, money, wealth | HAVE, EXIST",貝,賄 → 貝 + 有,貝 | 月 | 又,貝 | 月 | 又,EARLIER_KLC_OR_PRIMITIVE_ONLY,PASS,
1229,賂,BRIBE,ロ,まいない*,貝 | 各,"shellfish, money, wealth | EACH, *cabin*",貝,賂 → 貝 + 各,貝 | 夂 | 口,貝 | 夂 | 口,EARLIER_KLC_OR_PRIMITIVE_ONLY,PASS,
1230,賦,"INSTALLMENT, TRIBUTE",フ,,貝 | 武,"shellfish, money, wealth | MILITARY, WARRIOR",貝,賦 → 貝 + 武,貝 | 止 | 弋,貝 | 止 | 弋,EARLIER_KLC_OR_PRIMITIVE_ONLY,PASS,
1231,賊,BANDIT,ゾク,,貝 | 戈,"shellfish, money, wealth | halberd, spear",貝 | 戈,賊 → 貝 + 戈,貝 | 戈,貝 | 戈,EARLIER_KLC_OR_PRIMITIVE_ONLY,PASS,
1232,帯,"BELT, SASH, WEAR",タイ,お.びる  おび,巾 | 冖,"cloth, towel, scarf | cloth cover",巾 | 冖,帯 → 巾 + 冖,巾 | 冖,巾 | 冖,EARLIER_KLC_OR_PRIMITIVE_ONLY,PASS,
1233,滞,"STAGNATE, STAY",タイ,とどこお.る,帯 | 水,"BELT, SASH, WEAR | water, *liquid*",水,滞 → 帯 + 水,巾 | 冖 | 水,巾 | 冖 | 水,EARLIER_KLC_OR_PRIMITIVE_ONLY,PASS,
1234,渋,"ASTRINGENT [sour], RELUCTANT",ジュウ,"しぶ, しぶ.い, しぶ.る",止 | 水,"stop | water, *liquid*",止 | 水,渋 → 止 + 水,止 | 水,止 | 水,EARLIER_KLC_OR_PRIMITIVE_ONLY,PASS,
1235,摂,"TAKE IN, ACT AS REGENT",セツ,と.る*,手,"hand, performer of action",手,摂 → 手,手,手,EARLIER_KLC_OR_PRIMITIVE_ONLY,PASS,
1236,為,"DO, SAKE, BENEFIT",イ,ため*  な.す*,火,fire,火,為 → 火,火,火,EARLIER_KLC_OR_PRIMITIVE_ONLY,PASS,
1237,偽,"FALSIFY, DECEIVE",ギ,いつわ.る  にせ,人 | 為,"person, *roof* | DO, SAKE, BENEFIT",人,偽 → 人 + 為,人 | 火,人 | 火,EARLIER_KLC_OR_PRIMITIVE_ONLY,PASS,
1238,参,"PARTICIPATE, VISIT","サン, シン*",まい.る,大 | 厶,"big, university | private, *self*",大 | 厶,参 → 大 + 厶,大 | 厶,大 | 厶,EARLIER_KLC_OR_PRIMITIVE_ONLY,PASS,
1239,惨,"MISERABLE, CRUEL","サン, ザン",みじ.め,心,"heart, mind, spirit",心,惨 → 心,心,心,EARLIER_KLC_OR_PRIMITIVE_ONLY,PASS,
1240,呂,"SPINE, PHONETIC [RO]",ロ,,,,,呂,呂,,ATOMIC_OR_ROOT_RECORD,PASS,
1241,侶,COMPANION,リョ,,人,"person, *roof*",人,侶 → 人,人,人,EARLIER_KLC_OR_PRIMITIVE_ONLY,PASS,
1242,宮,"ROYAL PALACE, SHINTŌ SHRINE","キュウ, グウ, ク",みや,,,,宮,宮,,ATOMIC_OR_ROOT_RECORD,PASS,
1243,営,"OPERATE, BARRACKS",エイ,いとな.む,,,,営,営,,ATOMIC_OR_ROOT_RECORD,PASS,
1244,蛍,FIREFLY,ケイ,ほたる,虫,"insect, worm",虫,蛍 → 虫,虫,虫,EARLIER_KLC_OR_PRIMITIVE_ONLY,PASS,
1245,栄,"FLOURISH, GLORY",エイ,"さか.える  は.え, -ば.え, は.える",木,tree,木,栄 → 木,木,木,EARLIER_KLC_OR_PRIMITIVE_ONLY,PASS,
1246,誉,HONOR,ヨ,ほま.れ,龸 | 言,"crown | speech, word, say",言,誉 → 龸 + 言,龸 | 言,言,EARLIER_KLC_OR_PRIMITIVE_ONLY,PASS,
1247,挙,"PLAN, RAISE [one's hand]",キョ,"あ.げる, あ.がる",龸 | 手,"crown | hand, performer of action",手,挙 → 龸 + 手,龸 | 手,手,EARLIER_KLC_OR_PRIMITIVE_ONLY,PASS,
1248,拳,FIST,"ケン, ゲン*",こぶし,挙,"PLAN, RAISE [one's hand]",,拳 → 挙,龸 | 手,手,EARLIER_KLC_OR_PRIMITIVE_ONLY,PASS,
1249,桜,CHERRY,オウ,さくら,女 | 木,woman | tree,女 | 木,桜 → 女 + 木,女 | 木,女 | 木,EARLIER_KLC_OR_PRIMITIVE_ONLY,PASS,
1250,妥,"GENTLE, PEACE",ダ,,爪 | 女,claw | woman,爪 | 女,妥 → 爪 + 女,爪 | 女,爪 | 女,EARLIER_KLC_OR_PRIMITIVE_ONLY,PASS,
1251,咲,BLOOM,,"さ.く, -ざ.き",关 | 口,"angel | mouth, *opening*",口,咲 → 关 + 口,关 | 口,口,EARLIER_KLC_OR_PRIMITIVE_ONLY,PASS,
1252,朕,IMPERIAL WE [formal 1st person pronoun],チン,,关 | 月,"angel | moon, month, *flesh*, *body part*",月,朕 → 关 + 月,关 | 月,月,EARLIER_KLC_OR_PRIMITIVE_ONLY,PASS,
1253,茎,STEM,ケイ,くき,圣 | 艸,"straight | grass, vegetation",艸,茎 → 圣 + 艸,圣 | 艸,艸,EARLIER_KLC_OR_PRIMITIVE_ONLY,PASS,
1254,径,"PATH, DIAMETER",ケイ,,彳 | 圣,"linger, stop, go | straight",彳,径 → 彳 + 圣,彳 | 圣,彳,EARLIER_KLC_OR_PRIMITIVE_ONLY,PASS,
1255,怪,MYSTERIOUS,"カイ, ケ*","あや.しい, あや.しむ",心,"heart, mind, spirit",心,怪 → 心,心,心,EARLIER_KLC_OR_PRIMITIVE_ONLY,PASS,
1256,軽,LIGHT [weight/importance],ケイ,かる.い  かろ.やか,車 | 圣,"car, cart | straight",車,軽 → 車 + 圣,車 | 圣,車,EARLIER_KLC_OR_PRIMITIVE_ONLY,PASS,
1257,経,"PASS THROUGH, MANAGE","ケイ, キョウ",へ.る  た.つ*,糸 | 圣,"thread, silk | straight",糸,経 → 糸 + 圣,糸 | 圣,糸,EARLIER_KLC_OR_PRIMITIVE_ONLY,PASS,
1258,斉,EQUAL,セイ,,文,"script, literature",文,斉 → 文,文,文,EARLIER_KLC_OR_PRIMITIVE_ONLY,PASS,
1259,斎,"PURIFICATION, WORSHIP, STUDY [room]",サイ,,文 | 示,"script, literature | spirit, sign, show",文 | 示,斎 → 文 + 示,文 | 示,文 | 示,EARLIER_KLC_OR_PRIMITIVE_ONLY,PASS,
1260,済,"SETTLE [debt], RELIEVE",サイ,"す.む, -ず.み, -ずみ, す.まない, [-]す.ます = す.ませる",水 | 斉,"water, *liquid* | EQUAL",水,済 → 水 + 斉,水 | 文,水 | 文,EARLIER_KLC_OR_PRIMITIVE_ONLY,PASS,
1261,剤,"DOSE, MEDICINE",ザイ,,斉 | 刀,"EQUAL | knife, sword, *cut*",刀,剤 → 斉 + 刀,文 | 刀,文 | 刀,EARLIER_KLC_OR_PRIMITIVE_ONLY,PASS,
1262,剖,"DISSECT, DIVIDE",ボウ,,立 | 口 | 刀,"stand | mouth, *opening* | knife, sword, *cut*",立 | 口 | 刀,剖 → 立 + 口 + 刀,立 | 口 | 刀,立 | 口 | 刀,EARLIER_KLC_OR_PRIMITIVE_ONLY,PASS,
1263,陪,"FOLLOW, ATTEND ON",バイ,,立 | 口 | 阜,"stand | mouth, *opening* | hill [left of kanji]",立 | 口 | 阜,陪 → 立 + 口 + 阜,立 | 口 | 阜,立 | 口 | 阜,EARLIER_KLC_OR_PRIMITIVE_ONLY,PASS,
1264,培,CULTIVATE,バイ,つちか.う,立 | 口 | 土,"stand | mouth, *opening* | soil, earth",立 | 口 | 土,培 → 立 + 口 + 土,立 | 口 | 土,立 | 口 | 土,EARLIER_KLC_OR_PRIMITIVE_ONLY,PASS,
1265,賠,"COMPENSATE, INDEMNIFY",バイ,,立 | 貝 | 口,"stand | shellfish, money, wealth | mouth, *opening*",立 | 貝 | 口,賠 → 立 + 貝 + 口,立 | 貝 | 口,立 | 貝 | 口,EARLIER_KLC_OR_PRIMITIVE_ONLY,PASS,
1266,貼,"STICK, PASTE","チョウ, テン*","は.る, -ば.り",占 | 貝,"OCCUPY, DIVINE | shellfish, money, wealth",貝,貼 → 占 + 貝,占 | 貝,貝,EARLIER_KLC_OR_PRIMITIVE_ONLY,PASS,
1267,粘,STICKY,ネン,ねば.る,米 | 占,"rice | OCCUPY, DIVINE",米,粘 → 米 + 占,米 | 占,米,EARLIER_KLC_OR_PRIMITIVE_ONLY,PASS,
1268,衡,"BALANCE, WEIGH",コウ,,大 | 魚,"big, university | fish",大 | 魚,衡 → 大 + 魚,大 | 魚,大 | 魚,EARLIER_KLC_OR_PRIMITIVE_ONLY,PASS,
1269,換,"EXCHANGE, REPLACE",カン,"[-]か.える, か.わる",手 | 大 | 魚,"hand, performer of action | big, university | fish",手 | 大 | 魚,換 → 手 + 大 + 魚,手 | 大 | 魚,手 | 大 | 魚,EARLIER_KLC_OR_PRIMITIVE_ONLY,PASS,
1270,喚,"CALL, SCREAM",カン,,大 | 魚 | 口,"big, university | fish | mouth, *opening*",大 | 魚 | 口,喚 → 大 + 魚 + 口,大 | 魚 | 口,大 | 魚 | 口,EARLIER_KLC_OR_PRIMITIVE_ONLY,PASS,
1271,絶,"BREAK OFF, COME TO AN END",ゼツ,"た.える, た.やす, た.つ",色 | 糸,"color | thread, silk",色 | 糸,絶 → 色 + 糸,色 | 糸,色 | 糸,EARLIER_KLC_OR_PRIMITIVE_ONLY,PASS,
1272,免,"EXEMPTION, ESCAPE",メン,まぬか.れる = まぬが.れる*,儿,"son, legs",儿,免 → 儿,儿,儿,EARLIER_KLC_OR_PRIMITIVE_ONLY,PASS,
1273,逸,"EVADE, DEVIATE",イツ,,辵 | 免,"walk, *transport* | EXEMPTION, ESCAPE",辵,逸 → 辵 + 免,辵 | 儿,辵 | 儿,EARLIER_KLC_OR_PRIMITIVE_ONLY,PASS,
1274,勉,"EXERTION, EFFORT",ベン,,力 | 免,"power, strength | EXEMPTION, ESCAPE",力,勉 → 力 + 免,力 | 儿,力 | 儿,EARLIER_KLC_OR_PRIMITIVE_ONLY,PASS,
1275,晩,EVENING,バン,,日 | 免,"sun, day | EXEMPTION, ESCAPE",日,晩 → 日 + 免,日 | 儿,日 | 儿,EARLIER_KLC_OR_PRIMITIVE_ONLY,PASS,
1276,許,PERMIT,キョ,ゆる.す,言 | 午,"speech, word, say | NOON, SIGN OF THE HORSE",言,許 → 言 + 午,言 | 干,言 | 干,EARLIER_KLC_OR_PRIMITIVE_ONLY,PASS,
1277,象,"PHENOMENON, ELEPHANT","ショウ, ゾウ",,豕,pig,豕,象 → 豕,豕,豕,EARLIER_KLC_OR_PRIMITIVE_ONLY,PASS,
1278,像,"IMAGE, LIKENESS",ゾウ,,人 | 象,"person, *roof* | PHENOMENON, ELEPHANT",人,像 → 人 + 象,人 | 豕,人 | 豕,EARLIER_KLC_OR_PRIMITIVE_ONLY,PASS,
1279,彫,"CARVE, ENGRAVE",チョウ,"ほ.る, -ぼ.り",彡 | 周,"hair, fur, *chisel* | PERIPHERY, CIRCUMFERENCE",彡,彫 → 彡 + 周,彡 | 土 | 口,彡 | 土 | 口,EARLIER_KLC_OR_PRIMITIVE_ONLY,PASS,
1280,景,"SCENE, VIEW",ケイ,,京 | 日,"CAPITAL, TŌKYŌ, KYŌTO | sun, day",日,景 → 京 + 日,京 | 日,日,EARLIER_KLC_OR_PRIMITIVE_ONLY,PASS,
1281,影,SHADOW,エイ,かげ,景,"SCENE, VIEW",,影 → 景,京 | 日,日,EARLIER_KLC_OR_PRIMITIVE_ONLY,PASS,
1282,撮,PHOTOGRAPH,サツ,"と.る, -ど.り",手 | 取 | 日,"hand, performer of action | TAKE | sun, day",手 | 日,撮 → 手 + 取 + 日,手 | 又 | 耳 | 日,手 | 又 | 耳 | 日,EARLIER_KLC_OR_PRIMITIVE_ONLY,PASS,
1283,就,"TAKE POSITION, DEPART","シュウ, ジュ","つ.く, つ.ける",沈 | 京,"SINK | CAPITAL, TŌKYŌ, KYŌTO",,就 → 沈 + 京,水 | 京,水,EARLIER_KLC_OR_PRIMITIVE_ONLY,PASS,
1284,涼,"COOL, REFRESHING",リョウ,"すず.しい, すず.む",水 | 京,"water, *liquid* | CAPITAL, TŌKYŌ, KYŌTO",水,涼 → 水 + 京,水 | 京,水,EARLIER_KLC_OR_PRIMITIVE_ONLY,PASS,
1285,鯨,WHALE,ゲイ,くじら,魚 | 京,"fish | CAPITAL, TŌKYŌ, KYŌTO",魚,鯨 → 魚 + 京,魚 | 京,魚,EARLIER_KLC_OR_PRIMITIVE_ONLY,PASS,
1286,隔,"SEPARATE, ISOLATE",カク,"へだ.てる, へだ.たる",鬲 | 阜,cauldron | hill [left of kanji],鬲 | 阜,隔 → 鬲 + 阜,鬲 | 阜,鬲 | 阜,EARLIER_KLC_OR_PRIMITIVE_ONLY,PASS,
1287,融,"FUSE, MELT",ユウ,,虫 | 鬲,"insect, worm | cauldron",虫 | 鬲,融 → 虫 + 鬲,虫 | 鬲,虫 | 鬲,EARLIER_KLC_OR_PRIMITIVE_ONLY,PASS,
1288,肖,RESEMBLANCE,ショウ,,月,"moon, month, *flesh*, *body part*",月,肖 → 月,月,月,EARLIER_KLC_OR_PRIMITIVE_ONLY,PASS,
1289,消,"EXTINGUISH, SPEND",ショウ,き.える  け.す,水 | 肖,"water, *liquid* | RESEMBLANCE",水,消 → 水 + 肖,水 | 月,水 | 月,EARLIER_KLC_OR_PRIMITIVE_ONLY,PASS,
1290,硝,NITRATE,ショウ,,肖 | 石,"RESEMBLANCE | stone, rock",石,硝 → 肖 + 石,月 | 石,月 | 石,EARLIER_KLC_OR_PRIMITIVE_ONLY,PASS,
1291,梢,TWIG,ショウ,こずえ,肖 | 木,RESEMBLANCE | tree,木,梢 → 肖 + 木,月 | 木,月 | 木,EARLIER_KLC_OR_PRIMITIVE_ONLY,PASS,
1292,削,CUT BY CHIPPING,サク,けず.る,肖 | 刀,"RESEMBLANCE | knife, sword, *cut*",刀,削 → 肖 + 刀,月 | 刀,月 | 刀,EARLIER_KLC_OR_PRIMITIVE_ONLY,PASS,
1293,宵,EVENING,ショウ,よい,月 | 宀,"moon, month, *flesh*, *body part* | roof",月 | 宀,宵 → 月 + 宀,月 | 宀,月 | 宀,EARLIER_KLC_OR_PRIMITIVE_ONLY,PASS,
1294,宴,BANQUET,エン,うたげ*,女 | 宀 | 日,"woman | roof | sun, day",女 | 宀 | 日,宴 → 女 + 宀 + 日,女 | 宀 | 日,女 | 宀 | 日,EARLIER_KLC_OR_PRIMITIVE_ONLY,PASS,
1295,郷,HOMETOWN,"キョウ, ゴウ",さと*,幺 | 艮 | 邑,"short thread, *child* | stopping | city [right of kanji]",幺 | 艮 | 邑,郷 → 幺 + 艮 + 邑,幺 | 艮 | 邑,幺 | 艮 | 邑,EARLIER_KLC_OR_PRIMITIVE_ONLY,PASS,
1296,饗,BANQUET,キョウ,,食 | 郷,eat | HOMETOWN,食,饗 → 食 + 郷,食 | 幺 | 艮 | 邑,食 | 幺 | 艮 | 邑,EARLIER_KLC_OR_PRIMITIVE_ONLY,PASS,
1297,響,REVERBERATE,キョウ,ひび.く,郷 | 音,HOMETOWN | sound,音,響 → 郷 + 音,幺 | 艮 | 邑 | 音,幺 | 艮 | 邑 | 音,EARLIER_KLC_OR_PRIMITIVE_ONLY,PASS,
1298,城,CASTLE,ジョウ,しろ,土 | 成,"soil, earth | BECOME, ACHIEVE",土,城 → 土 + 成,土 | 刀 | 戈,土 | 刀 | 戈,EARLIER_KLC_OR_PRIMITIVE_ONLY,PASS,
1299,誠,SINCERITY,セイ,まこと,成 | 言,"BECOME, ACHIEVE | speech, word, say",言,誠 → 成 + 言,刀 | 戈 | 言,刀 | 戈 | 言,EARLIER_KLC_OR_PRIMITIVE_ONLY,PASS,
1300,盛,PROSPER,"セイ, ジョウ","も.る  さか.る, さか.ん",皿 | 成,"plate, dish | BECOME, ACHIEVE",皿,盛 → 皿 + 成,皿 | 刀 | 戈,皿 | 刀 | 戈,EARLIER_KLC_OR_PRIMITIVE_ONLY,PASS,
1301,旺,"FLOURISHING, VIGOROUS",オウ,さか.ん*,日 | 王,"sun, day | KING",日,旺 → 日 + 王,日 | 王,日,EARLIER_KLC_OR_PRIMITIVE_ONLY,PASS,
1302,盆,TRAY,ボン,,皿 | 分,"plate, dish | DIVIDE, PART, MINUTE",皿,盆 → 皿 + 分,皿 | 刀 | 八,皿 | 刀 | 八,EARLIER_KLC_OR_PRIMITIVE_ONLY,PASS,
1303,蓋,LID,ガイ,ふた,皿 | 去,"plate, dish | GONE, LEAVE, PAST",皿,蓋 → 皿 + 去,皿 | 厶 | 土,皿 | 厶 | 土,EARLIER_KLC_OR_PRIMITIVE_ONLY,PASS,
1304,盗,STEAL,トウ,ぬす.む,次 | 皿,"NEXT, SECONDARY | plate, dish",皿,盗 → 次 + 皿,欠 | 皿,欠 | 皿,EARLIER_KLC_OR_PRIMITIVE_ONLY,PASS,
1305,盟,"ALLIANCE, PACT",メイ,,日 | 月 | 皿,"sun, day | moon, month, *flesh*, *body part* | plate, dish",日 | 月 | 皿,盟 → 日 + 月 + 皿,日 | 月 | 皿,日 | 月 | 皿,EARLIER_KLC_OR_PRIMITIVE_ONLY,PASS,
1306,塩,SALT,エン,しお,𠂉 | 土 | 皿 | 口,"resting person, rod | soil, earth | plate, dish | mouth, *opening*",土 | 皿 | 口,塩 → 𠂉 + 土 + 皿 + 口,𠂉 | 土 | 皿 | 口,土 | 皿 | 口,EARLIER_KLC_OR_PRIMITIVE_ONLY,PASS,
1307,傷,"WOUND, SCAR",ショウ,"いた.む, いた.める  きず",人 | 昜 | 𠂉,"person, *roof* | difficult | resting person, rod",人,傷 → 人 + 昜 + 𠂉,人 | 昜 | 𠂉,人,EARLIER_KLC_OR_PRIMITIVE_ONLY,PASS,
1308,揚,"RAISE, FRY",ヨウ,"あ.げる, -あ.げ, あ.がる",手 | 昜,"hand, performer of action | difficult",手,揚 → 手 + 昜,手 | 昜,手,EARLIER_KLC_OR_PRIMITIVE_ONLY,PASS,
1309,暢,FLUENT,チョウ,,申 | 昜,"REPORT, SPEAK HUMBLY, SIGN OF THE MONKEY | difficult",,暢 → 申 + 昜,申 | 昜,,EARLIER_KLC_OR_PRIMITIVE_ONLY,PASS,
1310,陽,"SUN, POSITIVE",ヨウ,ひ,陰 | 阜 | 日,"SHADOW, NEGATIVE | hill [left of kanji] | sun, day",阜 | 日,陽 → 陰 + 阜 + 日,陰 | 阜 | 日 | 云,阜 | 日,HAS_LATER_KLC_REFERENCE,PASS_WITH_NOTES,Third-party visual mnemonic contains a later KLC reference; it is not treated as a canonical prerequisite; Cycle is reachable in the third-party KLC-linked graph
1311,陰,"SHADOW, NEGATIVE",イン,"かげ, かげ.る",陽 | 阜 | 云,"SUN, POSITIVE | hill [left of kanji] | cloud",阜,陰 → 陽 + 阜 + 云,陽 | 阜 | 云 | 日,阜 | 日,EARLIER_KLC_OR_PRIMITIVE_ONLY,PASS_WITH_NOTES,Cycle is reachable in the third-party KLC-linked graph
1312,隠,HIDE [conceal],イン,"かく.す, かく.し-, かく.れる",急 | 阜,"URGENT, HURRY, SUDDEN | hill [left of kanji]",阜,隠 → 急 + 阜,心 | 阜,心 | 阜,EARLIER_KLC_OR_PRIMITIVE_ONLY,PASS,
1313,穏,"CALM, MILD",オン,おだ.やか,禾 | 急,"grain | URGENT, HURRY, SUDDEN",禾,穏 → 禾 + 急,禾 | 心,禾 | 心,EARLIER_KLC_OR_PRIMITIVE_ONLY,PASS,
1314,穂,EAR OF GRAIN,スイ,ほ,禾 | 恵,"grain | FAVOR, BLESSING",禾,穂 → 禾 + 恵,禾 | 心,禾 | 心,EARLIER_KLC_OR_PRIMITIVE_ONLY,PASS,
1315,稲,RICE PLANT,トウ,いね  いな-,禾 | 爪 | 旧,"grain | claw | FORMER, OLD",禾 | 爪,稲 → 禾 + 爪 + 旧,禾 | 爪 | 日,禾 | 爪 | 日,EARLIER_KLC_OR_PRIMITIVE_ONLY,PASS,
1316,愁,MELANCHOLY,シュウ,"うれ.える, うれ.い",秋 | 心,"AUTUMN | heart, mind, spirit",心,愁 → 秋 + 心,禾 | 火 | 心,禾 | 火 | 心,EARLIER_KLC_OR_PRIMITIVE_ONLY,PASS,
1317,裁,"CUT [tailor], JUDGE",サイ,さば.く  　た.つ,戈 | 衣,"halberd, spear | clothes, garment",戈 | 衣,裁 → 戈 + 衣,戈 | 衣,戈 | 衣,EARLIER_KLC_OR_PRIMITIVE_ONLY,PASS,
1318,載,"LOAD, RIDE, PUBLISH",サイ,"の.る, の.せる",戈 | 車,"halberd, spear | car, cart",戈 | 車,載 → 戈 + 車,戈 | 車,戈 | 車,EARLIER_KLC_OR_PRIMITIVE_ONLY,PASS,
1319,栽,PLANTING,サイ,,戈 | 木,"halberd, spear | tree",戈 | 木,栽 → 戈 + 木,戈 | 木,戈 | 木,EARLIER_KLC_OR_PRIMITIVE_ONLY,PASS,
1320,赦,"AMNESTY, FORGIVENESS",シャ,,攴 | 赤,"hit, strike, *action* | red",攴 | 赤,赦 → 攴 + 赤,攴 | 赤,攴 | 赤,EARLIER_KLC_OR_PRIMITIVE_ONLY,PASS,
1321,跡,"TRACE, FOOTPRINT",セキ,あと,足 | 赤,"foot, suffice | red",足 | 赤,跡 → 足 + 赤,足 | 赤,足 | 赤,EARLIER_KLC_OR_PRIMITIVE_ONLY,PASS,
1322,踪,"TRACE, FOOTPRINT",ソウ,,足 | 赤,"foot, suffice | red",足 | 赤,踪 → 足 + 赤,足 | 赤,足 | 赤,EARLIER_KLC_OR_PRIMITIVE_ONLY,PASS,
1323,痕,"SCAR, FOOTPRINT",コン,あと,艮 | 疒,"stopping | sickness, illness",艮 | 疒,痕 → 艮 + 疒,艮 | 疒,艮 | 疒,EARLIER_KLC_OR_PRIMITIVE_ONLY,PASS,
1324,蹴,KICK,シュウ,け.る,足 | 就,"foot, suffice | TAKE POSITION, DEPART",足,蹴 → 足 + 就,足 | 水 | 京,足 | 水,EARLIER_KLC_OR_PRIMITIVE_ONLY,PASS,
1325,踊,"DANCE, LEAP",ヨウ,"おど.る, おど.り",甬 | 弓,move forward | bow,弓,踊 → 甬 + 弓,甬 | 弓,弓,EARLIER_KLC_OR_PRIMITIVE_ONLY,PASS,
1326,踏,"STEP, TRAMPLE",トウ,"ふ.む, ふ.まえる",足 | 水,"foot, suffice | water, *liquid*",足 | 水,踏 → 足 + 水,足 | 水,足 | 水,EARLIER_KLC_OR_PRIMITIVE_ONLY,PASS,
1327,躍,LEAP,ヤク,おど.る,弓 | 隹,bow | small bird,弓 | 隹,躍 → 弓 + 隹,弓 | 隹,弓 | 隹,EARLIER_KLC_OR_PRIMITIVE_ONLY,PASS,
1328,濯,"LAUNDRY, WASH",タク,,隹 | 水,"small bird | water, *liquid*",隹 | 水,濯 → 隹 + 水,隹 | 水,隹 | 水,EARLIER_KLC_OR_PRIMITIVE_ONLY,PASS,
1329,奇,"UNUSUAL, STRANGE",キ,,可 | 大,"POSSIBLE, APPROVE, -ABLE | big, university",大,奇 → 可 + 大,可 | 大,大,EARLIER_KLC_OR_PRIMITIVE_ONLY,PASS,
1330,寄,"CONTRIBUTE, DRAW NEAR",キ,"よ.る, -よ.り, よ.せる",宀 | 奇,"roof | UNUSUAL, STRANGE",宀,寄 → 宀 + 奇,宀 | 可 | 大,宀 | 大,EARLIER_KLC_OR_PRIMITIVE_ONLY,PASS,
1331,騎,RIDE ON HORSEBACK,キ,,奇 | 馬,"UNUSUAL, STRANGE | horse",馬,騎 → 奇 + 馬,可 | 大 | 馬,大 | 馬,EARLIER_KLC_OR_PRIMITIVE_ONLY,PASS,
1332,椅,CHAIR,イ,,木 | 奇,"tree | UNUSUAL, STRANGE",木,椅 → 木 + 奇,木 | 可 | 大,木 | 大,EARLIER_KLC_OR_PRIMITIVE_ONLY,PASS,
1333,崎,PROMONTORY,,さき,奇 | 山,"UNUSUAL, STRANGE | mountain",山,崎 → 奇 + 山,可 | 大 | 山,大 | 山,EARLIER_KLC_OR_PRIMITIVE_ONLY,PASS,
1334,埼,PROMONTORY,キ*,さい  さき*,奇 | 土,"UNUSUAL, STRANGE | soil, earth",土,埼 → 奇 + 土,可 | 大 | 土,大 | 土,EARLIER_KLC_OR_PRIMITIVE_ONLY,PASS,
1335,岬,"CAPE, PROMONTORY",,みさき,山,mountain,山,岬 → 山,山,山,EARLIER_KLC_OR_PRIMITIVE_ONLY,PASS,
1336,模,"PATTERN, COPY","モ, ボ",,莫 | 木,"NOT, MUST NOT | tree",木,模 → 莫 + 木,莫 | 木,木,EARLIER_KLC_OR_PRIMITIVE_ONLY,PASS,
1337,膜,MEMBRANE,マク,,月 | 莫,"moon, month, *flesh*, *body part* | NOT, MUST NOT",月,膜 → 月 + 莫,月 | 莫,月,EARLIER_KLC_OR_PRIMITIVE_ONLY,PASS,
1338,漠,"DESERT, OBSCURE",バク,,水 | 莫,"water, *liquid* | NOT, MUST NOT",水,漠 → 水 + 莫,水 | 莫,水,EARLIER_KLC_OR_PRIMITIVE_ONLY,PASS,
1339,幕,"CURTAIN, SHOGUNATE","マク, バク",,巾 | 莫,"cloth, towel, scarf | NOT, MUST NOT",巾,幕 → 巾 + 莫,巾 | 莫,巾,EARLIER_KLC_OR_PRIMITIVE_ONLY,PASS,
1340,墓,GRAVE,ボ,はか,土 | 莫,"soil, earth | NOT, MUST NOT",土,墓 → 土 + 莫,土 | 莫,土,EARLIER_KLC_OR_PRIMITIVE_ONLY,PASS,
1341,募,RAISE,ボ,つの.る,力 | 莫,"power, strength | NOT, MUST NOT",力,募 → 力 + 莫,力 | 莫,力,EARLIER_KLC_OR_PRIMITIVE_ONLY,PASS,
1342,暮,"DUSK, LIVE",ボ,"く.れる, く.らす",日 | 莫,"sun, day | NOT, MUST NOT",日,暮 → 日 + 莫,日 | 莫,日,EARLIER_KLC_OR_PRIMITIVE_ONLY,PASS,
1343,慕,ADORE,ボ,した.う,心 | 莫,"heart, mind, spirit | NOT, MUST NOT",心,慕 → 心 + 莫,心 | 莫,心,EARLIER_KLC_OR_PRIMITIVE_ONLY,PASS,
1344,添,"ADD TO, ACCOMPANY",テン,"そ.える, そ.う",心 | 水 | 天,"heart, mind, spirit | water, *liquid* | HEAVEN, WEATHER",心 | 水,添 → 心 + 水 + 天,心 | 水 | 大,心 | 水 | 大,EARLIER_KLC_OR_PRIMITIVE_ONLY,PASS,
1345,恭,RESPECTFUL,キョウ,うやうや.しい,心 | 共,"heart, mind, spirit | JOINT, TOGETHER",心,恭 → 心 + 共,心 | 士,心 | 士,EARLIER_KLC_OR_PRIMITIVE_ONLY,PASS,
1346,暴,"VIOLENT, DISCLOSE","ボウ, バク","あば.く, あば.れる",日 | 水 | 共,"sun, day | water, *liquid* | JOINT, TOGETHER",日 | 水,暴 → 日 + 水 + 共,日 | 水 | 士,日 | 水 | 士,EARLIER_KLC_OR_PRIMITIVE_ONLY,PASS,
1347,爆,EXPLODE,バク,,火 | 暴,"fire | VIOLENT, DISCLOSE",火,爆 → 火 + 暴,火 | 日 | 水 | 士,火 | 日 | 水 | 士,EARLIER_KLC_OR_PRIMITIVE_ONLY,PASS,
1348,沿,ALONG[SIDE],エン,"そ.う, -ぞ.い",水,"water, *liquid*",水,沿 → 水,水,水,EARLIER_KLC_OR_PRIMITIVE_ONLY,PASS,
1349,礎,FOUNDATION STONE,ソ,いしずえ,石 | 木 | 疋,"stone, rock | tree | bolt of cloth",石 | 木 | 疋,礎 → 石 + 木 + 疋,石 | 木 | 疋,石 | 木 | 疋,EARLIER_KLC_OR_PRIMITIVE_ONLY,PASS,
1350,疑,"DOUBT, DISTRUST",ギ,うたが.う,矢,"arrow, *straight*",矢,疑 → 矢,矢,矢,EARLIER_KLC_OR_PRIMITIVE_ONLY,PASS,
1351,凝,"FREEZE, STIFF",ギョウ,"こ.る, こ.らす",疑 | 冫,"DOUBT, DISTRUST | ice",冫,凝 → 疑 + 冫,矢 | 冫,矢 | 冫,EARLIER_KLC_OR_PRIMITIVE_ONLY,PASS,
1352,擬,IMITATE,ギ,,手 | 疑,"hand, performer of action | DOUBT, DISTRUST",手,擬 → 手 + 疑,手 | 矢,手 | 矢,EARLIER_KLC_OR_PRIMITIVE_ONLY,PASS,
1353,倣,IMITATE,ホウ,なら.う,人 | 放,"person, *roof* | RELEASE",人,倣 → 人 + 放,人 | 攴 | 方,人 | 攴 | 方,EARLIER_KLC_OR_PRIMITIVE_ONLY,PASS,
1354,似,RESEMBLE,ジ,に.る,,,,似,似,,ATOMIC_OR_ROOT_RECORD,PASS,
1355,俵,"BAG, SACK",ヒョウ,たわら,人 | 生 | 衣,"person, *roof* | life, student, *growing plant* | clothes, garment",人 | 生 | 衣,俵 → 人 + 生 + 衣,人 | 生 | 衣,人 | 生 | 衣,EARLIER_KLC_OR_PRIMITIVE_ONLY,PASS,
1356,俺,I [masculine],,おれ,大 | 電 | 人,"big, university | ELECTRICITY | person, *roof*",大 | 人,俺 → 大 + 電 + 人,大 | 雨 | 田 | 人,大 | 雨 | 田 | 人,EARLIER_KLC_OR_PRIMITIVE_ONLY,PASS,
1357,庵,"HERMITAGE, RETREAT",アン,いおり,大 | 電 | 广,"big, university | ELECTRICITY | dotted cliff, *shelter*",大 | 广,庵 → 大 + 電 + 广,大 | 雨 | 田 | 广,大 | 雨 | 田 | 广,EARLIER_KLC_OR_PRIMITIVE_ONLY,PASS,
1358,僕,"I [familiar], MANSERVANT",ボク,,人 | 業,"person, *roof* | WORK, BUSINESS",人,僕 → 人 + 業,人 | 業,人,EARLIER_KLC_OR_PRIMITIVE_ONLY,PASS,
1359,撲,"STRIKE, HIT",ボク,,手 | 業,"hand, performer of action | WORK, BUSINESS",手,撲 → 手 + 業,手 | 業,手,EARLIER_KLC_OR_PRIMITIVE_ONLY,PASS,
1360,叩,"STRIKE, SLAP",コウ,たた.く,口,"mouth, *opening*",口,叩 → 口,口,口,EARLIER_KLC_OR_PRIMITIVE_ONLY,PASS,
1361,伐,"STRIKE, ATTACK",バツ,き.る*,人 | 戈,"person, *roof* | halberd, spear",人 | 戈,伐 → 人 + 戈,人 | 戈,人 | 戈,EARLIER_KLC_OR_PRIMITIVE_ONLY,PASS,
1362,閥,"CLIQUE, CLAN",バツ,,伐 | 門,"STRIKE, ATTACK | gate",門,閥 → 伐 + 門,人 | 戈 | 門,人 | 戈 | 門,EARLIER_KLC_OR_PRIMITIVE_ONLY,PASS,
1363,闘,FIGHT,トウ,たたか.う,豆 | 門,"bean, pea, small thing | gate",豆 | 門,闘 → 豆 + 門,豆 | 門,豆 | 門,EARLIER_KLC_OR_PRIMITIVE_ONLY,PASS,
1364,闇,DARK,アン*,やみ,音 | 門,sound | gate,音 | 門,闇 → 音 + 門,音 | 門,音 | 門,EARLIER_KLC_OR_PRIMITIVE_ONLY,PASS,
1365,閑,"LEISURE, QUIET",カン,,門 | 木,gate | tree,門 | 木,閑 → 門 + 木,門 | 木,門 | 木,EARLIER_KLC_OR_PRIMITIVE_ONLY,PASS,
1366,脈,"VEIN, PULSE",ミャク,,月,"moon, month, *flesh*, *body part*",月,脈 → 月,月,月,EARLIER_KLC_OR_PRIMITIVE_ONLY,PASS,
1367,派,"SECT, GROUP",ハ,,水,"water, *liquid*",水,派 → 水,水,水,EARLIER_KLC_OR_PRIMITIVE_ONLY,PASS,
1368,缶,"jar, can",,,,,,缶,缶,缶,ATOMIC_OR_ROOT_RECORD,PASS_WITH_NOTES,KLC character is represented by its shared RAD record in the component map
1369,揺,SHAKE,ヨウ,"ゆ.れる, ゆ.る, ゆ.らぐ, ゆ.るぐ, ゆ.する, ゆ.さぶる, ゆ.すぶる",手 | 爪 | 缶,"hand, performer of action | claw | jar, can",手 | 爪 | 缶,揺 → 手 + 爪 + 缶,手 | 爪 | 缶,手 | 爪 | 缶,EARLIER_KLC_OR_PRIMITIVE_ONLY,PASS,
1370,謡,"SONG, CHANTING",ヨウ,うたい  うた.う,爪 | 缶 | 言,"claw | jar, can | speech, word, say",爪 | 缶 | 言,謡 → 爪 + 缶 + 言,爪 | 缶 | 言,爪 | 缶 | 言,EARLIER_KLC_OR_PRIMITIVE_ONLY,PASS,
1371,遥,FAR,ヨウ,はる.か,爪 | 缶 | 辵,"claw | jar, can | walk, *transport*",爪 | 缶 | 辵,遥 → 爪 + 缶 + 辵,爪 | 缶 | 辵,爪 | 缶 | 辵,EARLIER_KLC_OR_PRIMITIVE_ONLY,PASS,
1372,陶,POTTERY,トウ,,阜 | 勹 | 缶,"hill [left of kanji] | wrap, *elephant* | jar, can",阜 | 勹 | 缶,陶 → 阜 + 勹 + 缶,阜 | 勹 | 缶,阜 | 勹 | 缶,EARLIER_KLC_OR_PRIMITIVE_ONLY,PASS,
1373,陳,"EXHIBIT, EXPLAIN",チン,,東 | 阜,EAST | hill [left of kanji],阜,陳 → 東 + 阜,日 | 木 | 阜,日 | 木 | 阜,EARLIER_KLC_OR_PRIMITIVE_ONLY,PASS,
1374,陣,"BATTLE FORMATION, CAMP",ジン,,車 | 阜,"car, cart | hill [left of kanji]",車 | 阜,陣 → 車 + 阜,車 | 阜,車 | 阜,EARLIER_KLC_OR_PRIMITIVE_ONLY,PASS,
1375,陥,"FALL INTO, COLLAPSE",カン,おちい.る  おとしい.れる,旧 | 阜,"FORMER, OLD | hill [left of kanji]",阜,陥 → 旧 + 阜,日 | 阜,日 | 阜,EARLIER_KLC_OR_PRIMITIVE_ONLY,PASS,
1376,隆,"PROSPER, RISE",リュウ,,夂 | 生 | 阜,"winter, go, *rooftop*, *crossed legs* | life, student, *growing plant* | hill [left of kanji]",夂 | 生 | 阜,隆 → 夂 + 生 + 阜,夂 | 生 | 阜,夂 | 生 | 阜,EARLIER_KLC_OR_PRIMITIVE_ONLY,PASS,
1377,降,"DESCEND, UNLOAD",コウ,"お.りる, お.ろす  ふ.る, ふ.り",夂 | 阜,"winter, go, *rooftop*, *crossed legs* | hill [left of kanji]",夂 | 阜,降 → 夂 + 阜,夂 | 阜,夂 | 阜,EARLIER_KLC_OR_PRIMITIVE_ONLY,PASS,
1378,峰,PEAK,ホウ,みね,山 | 夂,"mountain | winter, go, *rooftop*, *crossed legs*",山 | 夂,峰 → 山 + 夂,山 | 夂,山 | 夂,EARLIER_KLC_OR_PRIMITIVE_ONLY,PASS,
1379,逢,MEET,ホウ,あ.う,夂 | 辵,"winter, go, *rooftop*, *crossed legs* | walk, *transport*",夂 | 辵,逢 → 夂 + 辵,夂 | 辵,夂 | 辵,EARLIER_KLC_OR_PRIMITIVE_ONLY,PASS,
1380,縫,SEW,ホウ,ぬ.う,逢 | 糸,"MEET | thread, silk",糸,縫 → 逢 + 糸,夂 | 辵 | 糸,夂 | 辵 | 糸,EARLIER_KLC_OR_PRIMITIVE_ONLY,PASS,
1381,蜂,BEE,ホウ,はち,虫,"insect, worm",虫,蜂 → 虫,虫,虫,EARLIER_KLC_OR_PRIMITIVE_ONLY,PASS,
1382,蜜,"HONEY, NECTAR",ミツ,,虫 | 宀 | 必,"insect, worm | roof | CERTAIN",虫 | 宀,蜜 → 虫 + 宀 + 必,虫 | 宀 | 心,虫 | 宀 | 心,EARLIER_KLC_OR_PRIMITIVE_ONLY,PASS,
1383,密,"CLOSE, SECRET",ミツ,,宀 | 山 | 必,roof | mountain | CERTAIN,宀 | 山,密 → 宀 + 山 + 必,宀 | 山 | 心,宀 | 山 | 心,EARLIER_KLC_OR_PRIMITIVE_ONLY,PASS,
1384,秘,SECRET,ヒ,ひ.める,禾 | 必,grain | CERTAIN,禾,秘 → 禾 + 必,禾 | 心,禾 | 心,EARLIER_KLC_OR_PRIMITIVE_ONLY,PASS,
1385,欧,EUROPE,オウ,,欠 | 区,"lack, *open mouth* | DIVIDE INTO SECTIONS, DISTRICT",欠,欧 → 欠 + 区,欠 | 区,欠,EARLIER_KLC_OR_PRIMITIVE_ONLY,PASS,
1386,枢,PIVOT,スウ,,木 | 区,"tree | DIVIDE INTO SECTIONS, DISTRICT",木,枢 → 木 + 区,木 | 区,木,EARLIER_KLC_OR_PRIMITIVE_ONLY,PASS,
1387,殴,"BEAT, ASSAULT",オウ,なぐ.る,殳 | 区,"weapon | DIVIDE INTO SECTIONS, DISTRICT",殳,殴 → 殳 + 区,殳 | 区,殳,EARLIER_KLC_OR_PRIMITIVE_ONLY,PASS,
1388,駆,"DRIVE, GALLOP",ク,"か.ける, か.る",馬 | 区,"horse | DIVIDE INTO SECTIONS, DISTRICT",馬,駆 → 馬 + 区,馬 | 区,馬,EARLIER_KLC_OR_PRIMITIVE_ONLY,PASS,
1389,馳,"GALLOP, RUN",チ,は.せる,馬 | 也,horse | TO BE,馬,馳 → 馬 + 也,馬 | 也,馬,EARLIER_KLC_OR_PRIMITIVE_ONLY,PASS,
1390,騒,"CLAMOR, DISTURB",ソウ,さわ.ぐ,馬 | 虫 | 又,"horse | insect, worm | again, or, *hand*",馬 | 虫 | 又,騒 → 馬 + 虫 + 又,馬 | 虫 | 又,馬 | 虫 | 又,EARLIER_KLC_OR_PRIMITIVE_ONLY,PASS,
1391,旭,RISING SUN,キョク,あさひ,日 | 九,"sun, day | NINE",日,旭 → 日 + 九,日 | 九,日,EARLIER_KLC_OR_PRIMITIVE_ONLY,PASS,
1392,旦,DAWN,"タン, ダン",,日,"sun, day",日,旦 → 日,日,日,EARLIER_KLC_OR_PRIMITIVE_ONLY,PASS,
1393,但,"PROVIDED THAT, HOWEVER",,ただ.し,人 | 旦,"person, *roof* | DAWN",人,但 → 人 + 旦,人 | 日,人 | 日,EARLIER_KLC_OR_PRIMITIVE_ONLY,PASS,
1394,担,"[BEAR ON] SHOULDER, UNDERTAKE",タン,かつ.ぐ  にな.う,手 | 旦,"hand, performer of action | DAWN",手,担 → 手 + 旦,手 | 日,手 | 日,EARLIER_KLC_OR_PRIMITIVE_ONLY,PASS,
1395,亘,SPAN,コウ,わた.る,日,"sun, day",日,亘 → 日,日,日,EARLIER_KLC_OR_PRIMITIVE_ONLY,PASS,
1396,恒,"CONSTANT, PERMANENT",コウ,,心 | 亘,"heart, mind, spirit | SPAN",心,恒 → 心 + 亘,心 | 日,心 | 日,EARLIER_KLC_OR_PRIMITIVE_ONLY,PASS,
1397,垣,"FENCE, WALL",,かき,土 | 亘,"soil, earth | SPAN",土,垣 → 土 + 亘,土 | 日,土 | 日,EARLIER_KLC_OR_PRIMITIVE_ONLY,PASS,
1398,宣,PROCLAIM,セン,,亘 | 宀,SPAN | roof,宀,宣 → 亘 + 宀,日 | 宀,日 | 宀,EARLIER_KLC_OR_PRIMITIVE_ONLY,PASS,
1399,喧,CLAMOROUS,ケン,やかま.しい  かまびす.しい*,口 | 宣,"mouth, *opening* | PROCLAIM",口,喧 → 口 + 宣,口 | 日 | 宀,口 | 日 | 宀,EARLIER_KLC_OR_PRIMITIVE_ONLY,PASS,
1400,嘩,NOISY,カ,,口 | 華,"mouth, *opening* | FLOWER, MAGNIFICENT, CHINA",口,嘩 → 口 + 華,口 | 艸,口 | 艸,EARLIER_KLC_OR_PRIMITIVE_ONLY,PASS,
1401,唾,SALIVA,ダ,つば = つばき,垂 | 口,"DROOP, DANGLE | mouth, *opening*",口,唾 → 垂 + 口,垂 | 口,口,EARLIER_KLC_OR_PRIMITIVE_ONLY,PASS,
1402,壷,JAR,コ,つぼ,士 | 亜,"scholar, military man | SUB-, COME AFTER",士,壷 → 士 + 亜,士 | 亜,士,EARLIER_KLC_OR_PRIMITIVE_ONLY,PASS,
1403,坪,TSUBO [AREA],,つぼ,平 | 土,"FLAT, CALM | soil, earth",土,坪 → 平 + 土,干 | 土,干 | 土,EARLIER_KLC_OR_PRIMITIVE_ONLY,PASS,
1404,畔,WATERSIDE,ハン,,田 | 半,"rice field, *head* | HALF",田,畔 → 田 + 半,田 | 半,田,EARLIER_KLC_OR_PRIMITIVE_ONLY,PASS,
1405,衆,MULTITUDE,"シュウ, シュ",,血,blood,血,衆 → 血,血,血,EARLIER_KLC_OR_PRIMITIVE_ONLY,PASS,
1406,伊,PHONETIC [I],イ,,,,,伊,伊,,ATOMIC_OR_ROOT_RECORD,PASS,
1407,君,"RULER, FAMILIAR TITLE, YOU",クン,"きみ, -ぎみ",口,"mouth, *opening*",口,君 → 口,口,口,EARLIER_KLC_OR_PRIMITIVE_ONLY,PASS,
1408,群,"GROUP, FLOCK",グン,"む.れ, む.れる  むら, むら.がる",羊 | 君,"sheep | RULER, FAMILIAR TITLE, YOU",羊,群 → 羊 + 君,羊 | 口,羊 | 口,EARLIER_KLC_OR_PRIMITIVE_ONLY,PASS,
1409,郡,COUNTY,グン,こおり*,君 | 邑,"RULER, FAMILIAR TITLE, YOU | city [right of kanji]",邑,郡 → 君 + 邑,口 | 邑,口 | 邑,EARLIER_KLC_OR_PRIMITIVE_ONLY,PASS,
1410,那,PHONETIC [NA],ナ,,,,,那,那,,ATOMIC_OR_ROOT_RECORD,PASS,
1411,邦,"STATE, JAPAN",ホウ,,邑,city [right of kanji],邑,邦 → 邑,邑,邑,EARLIER_KLC_OR_PRIMITIVE_ONLY,PASS,
1412,郊,SUBURB,コウ,,交 | 邑,"MIXING, CROSS, ASSOCIATION | city [right of kanji]",邑,郊 → 交 + 邑,父 | 亠 | 邑,父 | 亠 | 邑,EARLIER_KLC_OR_PRIMITIVE_ONLY,PASS,
1413,効,"EFFECT, EFFICACY",コウ,き.く,交 | 力,"MIXING, CROSS, ASSOCIATION | power, strength",力,効 → 交 + 力,父 | 亠 | 力,父 | 亠 | 力,EARLIER_KLC_OR_PRIMITIVE_ONLY,PASS,
1414,絞,"STRANGLE, WRING",コウ,"しぼ.る  し.める, し.まる",糸 | 交,"thread, silk | MIXING, CROSS, ASSOCIATION",糸,絞 → 糸 + 交,糸 | 父 | 亠,糸 | 父 | 亠,EARLIER_KLC_OR_PRIMITIVE_ONLY,PASS,
1415,搾,"SQUEEZE, EXTRACT",サク,しぼ.る,手 | 乍 | 穴,"hand, performer of action | saw | cave, hole",手 | 穴,搾 → 手 + 乍 + 穴,手 | 乍 | 穴,手 | 穴,EARLIER_KLC_OR_PRIMITIVE_ONLY,PASS,
1416,紋,CREST,モン,,糸 | 文,"thread, silk | script, literature",糸 | 文,紋 → 糸 + 文,糸 | 文,糸 | 文,EARLIER_KLC_OR_PRIMITIVE_ONLY,PASS,
1417,菊,CHRYSANTHEMUM,キク,,艸 | 勹,"grass, vegetation | wrap, *elephant*",艸 | 勹,菊 → 艸 + 勹,艸 | 勹,艸 | 勹,EARLIER_KLC_OR_PRIMITIVE_ONLY,PASS,
1418,帝,EMPEROR [imperial],テイ,みかど,立 | 巾,"stand | cloth, towel, scarf",立 | 巾,帝 → 立 + 巾,立 | 巾,立 | 巾,EARLIER_KLC_OR_PRIMITIVE_ONLY,PASS,
1419,締,"CONCLUDE, TIGHTEN",テイ,"し.まる, し.まり, し.める, -し.め, -じ.め",糸 | 帝,"thread, silk | EMPEROR [imperial]",糸,締 → 糸 + 帝,糸 | 立 | 巾,糸 | 立 | 巾,EARLIER_KLC_OR_PRIMITIVE_ONLY,PASS,
1420,諦,GIVE UP,テイ,あきら.める,帝 | 言,"EMPEROR [imperial] | speech, word, say",言,諦 → 帝 + 言,立 | 巾 | 言,立 | 巾 | 言,EARLIER_KLC_OR_PRIMITIVE_ONLY,PASS,
1421,享,"ENJOY, RECEIVE",キョウ,,子 | 亠 | 口,"child | lid | mouth, *opening*",子 | 亠 | 口,享 → 子 + 亠 + 口,子 | 亠 | 口,子 | 亠 | 口,EARLIER_KLC_OR_PRIMITIVE_ONLY,PASS,
1422,郭,OUTER ENCLOSURE,カク,,邑 | 享,"city [right of kanji] | ENJOY, RECEIVE",邑,郭 → 邑 + 享,邑 | 子 | 亠 | 口,邑 | 子 | 亠 | 口,EARLIER_KLC_OR_PRIMITIVE_ONLY,PASS,
1423,亭,"INN, PSEUDONYM SUFFIX",テイ,,丁 | 高,"TOWN SUBSECTION, ROAD, MISCELLANEOUS COUNTER | high, amount, tall",高,亭 → 丁 + 高,丁 | 高,高,EARLIER_KLC_OR_PRIMITIVE_ONLY,PASS,
1424,停,HALT,テイ,"と.める*, と.まる*",人 | 亭,"person, *roof* | INN, PSEUDONYM SUFFIX",人,停 → 人 + 亭,人 | 丁 | 高,人 | 高,EARLIER_KLC_OR_PRIMITIVE_ONLY,PASS,
1425,昆,INSECT,コン,,日,"sun, day",日,昆 → 日,日,日,EARLIER_KLC_OR_PRIMITIVE_ONLY,PASS,
1426,混,"MIX, BLEND",コン,"ま.ざる = ま.じる, -ま.じり, ま.ぜる  こ.む",昆 | 水,"INSECT | water, *liquid*",水,混 → 昆 + 水,日 | 水,日 | 水,EARLIER_KLC_OR_PRIMITIVE_ONLY,PASS,
1427,皆,"ALL, EVERYTHING",カイ,みな = みんな*,比 | 白,"compare, contrast | white",比 | 白,皆 → 比 + 白,比 | 白,比 | 白,EARLIER_KLC_OR_PRIMITIVE_ONLY,PASS,
1428,楷,BLOCK CHARACTER STYLE,カイ,,皆 | 木,"ALL, EVERYTHING | tree",木,楷 → 皆 + 木,比 | 白 | 木,比 | 白 | 木,EARLIER_KLC_OR_PRIMITIVE_ONLY,PASS,
1429,諧,HARMONY,カイ,,言 | 皆,"speech, word, say | ALL, EVERYTHING",言,諧 → 言 + 皆,言 | 比 | 白,言 | 比 | 白,EARLIER_KLC_OR_PRIMITIVE_ONLY,PASS,
1430,階,"FLOOR, RANK [building]",カイ,,皆 | 阜,"ALL, EVERYTHING | hill [left of kanji]",阜,階 → 皆 + 阜,比 | 白 | 阜,比 | 白 | 阜,EARLIER_KLC_OR_PRIMITIVE_ONLY,PASS,
1431,陛,IMPERIAL PALACE STEPS,ヘイ,,阜 | 比 | 土,"hill [left of kanji] | compare, contrast | soil, earth",阜 | 比 | 土,陛 → 阜 + 比 + 土,阜 | 比 | 土,阜 | 比 | 土,EARLIER_KLC_OR_PRIMITIVE_ONLY,PASS,
1432,陸,LAND,リク,,先 | 土 | 阜,"AHEAD OF, PREVIOUS | soil, earth | hill [left of kanji]",土 | 阜,陸 → 先 + 土 + 阜,先 | 土 | 阜,土 | 阜,EARLIER_KLC_OR_PRIMITIVE_ONLY,PASS,
1433,睦,"FRIENDLY, INTIMATE",ボク,"むつ.まじい*, むつ.む*",目 | 坴,eye | earth's crust,目,睦 → 目 + 坴,目 | 坴,目,EARLIER_KLC_OR_PRIMITIVE_ONLY,PASS,
1434,勢,"POWER, CONDITION",セイ,いきお.い,力 | 坴 | 丸,"power, strength | earth's crust | ROUND",力,勢 → 力 + 坴 + 丸,力 | 坴 | 九,力,EARLIER_KLC_OR_PRIMITIVE_ONLY,PASS,
1435,熱,HEAT,ネツ,あつ.い,火 | 坴 | 丸,fire | earth's crust | ROUND,火,熱 → 火 + 坴 + 丸,火 | 坴 | 九,火,EARLIER_KLC_OR_PRIMITIVE_ONLY,PASS,
1436,熟,"MATURE, RIPE",ジュク,う.れる,享 | 丸 | 火,"ENJOY, RECEIVE | ROUND | fire",火,熟 → 享 + 丸 + 火,子 | 亠 | 口 | 九 | 火,子 | 亠 | 口 | 火,EARLIER_KLC_OR_PRIMITIVE_ONLY,PASS,
1437,塾,PRIVATE SCHOOL,ジュク,,土 | 享 | 丸,"soil, earth | ENJOY, RECEIVE | ROUND",土,塾 → 土 + 享 + 丸,土 | 子 | 亠 | 口 | 九,土 | 子 | 亠 | 口,EARLIER_KLC_OR_PRIMITIVE_ONLY,PASS,
1438,陵,"IMPERIAL MAUSOLEUM, HILL",リョウ,みささぎ,阜 | 夂,"hill [left of kanji] | winter, go, *rooftop*, *crossed legs*",阜 | 夂,陵 → 阜 + 夂,阜 | 夂,阜 | 夂,EARLIER_KLC_OR_PRIMITIVE_ONLY,PASS,
1439,菱,RHOMBUS,リョウ,ひし,,,,菱,菱,,ATOMIC_OR_ROOT_RECORD,PASS,
1440,俊,BRILLIANT PERSON,シュン,,人 | 夋,"person, *roof* | sharp stimulus",人,俊 → 人 + 夋,人 | 夋,人,EARLIER_KLC_OR_PRIMITIVE_ONLY,PASS,
1441,唆,"INSTIGATE, SEDUCE",サ,そそのか.す,口 | 夋,"mouth, *opening* | sharp stimulus",口,唆 → 口 + 夋,口 | 夋,口,EARLIER_KLC_OR_PRIMITIVE_ONLY,PASS,
1442,筈,TO BE EXPECTED,カツ,はず,舌 | 竹,"tongue | bamboo, counting",舌 | 竹,筈 → 舌 + 竹,舌 | 竹,舌 | 竹,EARLIER_KLC_OR_PRIMITIVE_ONLY,PASS,
1443,箸,CHOPSTICKS,チョ*,はし,竹 | 人,"bamboo, counting | person, *roof*",竹 | 人,箸 → 竹 + 人,竹 | 人,竹 | 人,EARLIER_KLC_OR_PRIMITIVE_ONLY,PASS,
1444,暑,HOT,ショ,あつ.い,日 | 人,"sun, day | person, *roof*",日 | 人,暑 → 日 + 人,日 | 人,日 | 人,EARLIER_KLC_OR_PRIMITIVE_ONLY,PASS,
1445,署,"GOVERNMENT OFFICE, SIGNATURE",ショ,,人 | 网,"person, *roof* | net, *law*",人 | 网,署 → 人 + 网,人 | 网,人 | 网,EARLIER_KLC_OR_PRIMITIVE_ONLY,PASS,
1446,曙,"DAWN, BEGINNING","ショ, ジョ",あけぼの,署 | 日,"GOVERNMENT OFFICE, SIGNATURE | sun, day",日,曙 → 署 + 日,人 | 网 | 日,人 | 网 | 日,EARLIER_KLC_OR_PRIMITIVE_ONLY,PASS,
1447,賭,WAGER,ト,か.ける,者 | 貝,"PERSON, SOMEBODY | shellfish, money, wealth",貝,賭 → 者 + 貝,老 | 日 | 貝,老 | 日 | 貝,EARLIER_KLC_OR_PRIMITIVE_ONLY,PASS,
1448,諸,VARIOUS,ショ,もろ*,言 | 者,"speech, word, say | PERSON, SOMEBODY",言,諸 → 言 + 者,言 | 老 | 日,言 | 老 | 日,EARLIER_KLC_OR_PRIMITIVE_ONLY,PASS,
1449,儲,PROFIT,チョ,"もう.ける, もう.かる  もうけ",者 | 言,"PERSON, SOMEBODY | speech, word, say",言,儲 → 者 + 言,老 | 日 | 言,老 | 日 | 言,EARLIER_KLC_OR_PRIMITIVE_ONLY,PASS,
1450,緒,"BEGINNING, LINE","ショ, チョ",お,者 | 糸,"PERSON, SOMEBODY | thread, silk",糸,緒 → 者 + 糸,老 | 日 | 糸,老 | 日 | 糸,EARLIER_KLC_OR_PRIMITIVE_ONLY,PASS,
1451,翁,OLD MAN,オウ,,羽,"feather, wing",羽,翁 → 羽,羽,羽,EARLIER_KLC_OR_PRIMITIVE_ONLY,PASS,
1452,婆,OLD WOMAN,バ,ばあ,女 | 波,woman | WAVE,女,婆 → 女 + 波,女 | 水 | 皮,女 | 水 | 皮,EARLIER_KLC_OR_PRIMITIVE_ONLY,PASS,
1453,姿,"FIGURE, POSTURE",シ,すがた,女 | 次,"woman | NEXT, SECONDARY",女,姿 → 女 + 次,女 | 欠,女 | 欠,EARLIER_KLC_OR_PRIMITIVE_ONLY,PASS,
1454,恣,ARBITRARY,シ,,心 | 次,"heart, mind, spirit | NEXT, SECONDARY",心,恣 → 心 + 次,心 | 欠,心 | 欠,EARLIER_KLC_OR_PRIMITIVE_ONLY,PASS,
1455,妄,"DELUSION, RECKLESS","モウ, ボウ",,女 | 亡,woman | DECEASED,女,妄 → 女 + 亡,女 | 亡,女,EARLIER_KLC_OR_PRIMITIVE_ONLY,PASS,
1456,萎,"WILT, WITHER",イ,"な.える  しな.びる*,  しぼ.む*  しお.れる*",委 | 艸,"COMMIT, LEAVE TO | grass, vegetation",艸,萎 → 委 + 艸,禾 | 女 | 艸,禾 | 女 | 艸,EARLIER_KLC_OR_PRIMITIVE_ONLY,PASS,
1457,妻,WIFE,サイ,つま,女 | ヨ,"woman | nails, pierce",女,妻 → 女 + ヨ,女 | ヨ,女,EARLIER_KLC_OR_PRIMITIVE_ONLY,PASS,
1458,凄,"TREMENDOUS, INCREDIBLE",セイ,"すご.い*, すご.む*  すさ.まじい*",妻 | 冫,WIFE | ice,冫,凄 → 妻 + 冫,女 | ヨ | 冫,女 | 冫,EARLIER_KLC_OR_PRIMITIVE_ONLY,PASS,
1459,章,"CHAPTER, BADGE",ショウ,,音 | 十,"sound | ten, complete, *cross*, *needle*, *plant*",音 | 十,章 → 音 + 十,音 | 十,音 | 十,EARLIER_KLC_OR_PRIMITIVE_ONLY,PASS,
1460,彰,"PROCLAIM MERITS, PATENT",ショウ,,章,"CHAPTER, BADGE",,彰 → 章,音 | 十,音 | 十,EARLIER_KLC_OR_PRIMITIVE_ONLY,PASS,
1461,障,HINDRANCE,ショウ,さわ.る,章 | 阜,"CHAPTER, BADGE | hill [left of kanji]",阜,障 → 章 + 阜,音 | 十 | 阜,音 | 十 | 阜,EARLIER_KLC_OR_PRIMITIVE_ONLY,PASS,
1462,辛,"spicy, bitter, painful",,,立 | 十,"stand | ten, complete, *cross*, *needle*, *plant*",立 | 十,辛 → 立 + 十,立 | 十,立 | 十,EARLIER_KLC_OR_PRIMITIVE_ONLY,PASS_WITH_NOTES,KLC character is represented by its shared RAD record in the component map
1463,宰,"PRESIDE, MANAGE",サイ,,宀 | 辛,"roof | spicy, bitter, painful",宀 | 辛,宰 → 宀 + 辛,宀 | 辛,宀 | 辛,EARLIER_KLC_OR_PRIMITIVE_ONLY,PASS,
1464,辣,"SHARP, SPICY",ラツ,,束 | 辛,"TIE UP, BUNDLE | spicy, bitter, painful",辛,辣 → 束 + 辛,木 | 辛,木 | 辛,EARLIER_KLC_OR_PRIMITIVE_ONLY,PASS,
1465,辞,"WORD, RESIGN",ジ,や.める,舌 | 辛,"tongue | spicy, bitter, painful",舌 | 辛,辞 → 舌 + 辛,舌 | 辛,舌 | 辛,EARLIER_KLC_OR_PRIMITIVE_ONLY,PASS,
1466,壁,WALL,ヘキ,かべ,辟 | 土,"criminal | soil, earth",土,壁 → 辟 + 土,辟 | 土,土,EARLIER_KLC_OR_PRIMITIVE_ONLY,PASS,
1467,璧,MAGNIFICENT JEWEL,ヘキ,,辟 | 玉,"criminal | jewel, spherical object",玉,璧 → 辟 + 玉,辟 | 玉,玉,EARLIER_KLC_OR_PRIMITIVE_ONLY,PASS,
1468,癖,HABIT,ヘキ,くせ,疒 | 辟,"sickness, illness | criminal",疒,癖 → 疒 + 辟,疒 | 辟,疒,EARLIER_KLC_OR_PRIMITIVE_ONLY,PASS,
1469,避,AVOID,ヒ,さ.ける,辟 | 辵,"criminal | walk, *transport*",辵,避 → 辟 + 辵,辟 | 辵,辵,EARLIER_KLC_OR_PRIMITIVE_ONLY,PASS,
1470,幸,"GOOD FORTUNE, HAPPINESS",コウ,さいわ.い  さち  しあわ.せ,辛 | 土,"spicy, bitter, painful | soil, earth",辛 | 土,幸 → 辛 + 土,辛 | 土,辛 | 土,EARLIER_KLC_OR_PRIMITIVE_ONLY,PASS,
1471,服,"CLOTHES, SUBMIT",フク,,𠬝,coat rack,,服 → 𠬝,𠬝,,EARLIER_KLC_OR_PRIMITIVE_ONLY,PASS,
1472,報,"REPORT, NEWS",ホウ,むく.いる = むく.う,幸 | 𠬝,"GOOD FORTUNE, HAPPINESS | coat rack",,報 → 幸 + 𠬝,辛 | 土 | 𠬝,辛 | 土,EARLIER_KLC_OR_PRIMITIVE_ONLY,PASS,
1473,執,"EXECUTE, SEIZE","シツ, シュウ",と.る,幸 | 丸,"GOOD FORTUNE, HAPPINESS | ROUND",,執 → 幸 + 丸,辛 | 土 | 九,辛 | 土,EARLIER_KLC_OR_PRIMITIVE_ONLY,PASS,
1474,摯,SINCERE,シ,,執 | 手,"EXECUTE, SEIZE | hand, performer of action",手,摯 → 執 + 手,辛 | 土 | 九 | 手,辛 | 土 | 手,EARLIER_KLC_OR_PRIMITIVE_ONLY,PASS,
1475,達,"ATTAIN, REACH, PLURAL SUFFIX",タツ,-たち*,辵 | 幸,"walk, *transport* | GOOD FORTUNE, HAPPINESS",辵,達 → 辵 + 幸,辵 | 辛 | 土,辵 | 辛 | 土,EARLIER_KLC_OR_PRIMITIVE_ONLY,PASS,
1476,朗,"CHEERFUL, CLEAR",ロウ,ほが.らか,良 | 月,"GOOD | moon, month, *flesh*, *body part*",月,朗 → 良 + 月,艮 | 月,艮 | 月,EARLIER_KLC_OR_PRIMITIVE_ONLY,PASS,
1477,浪,"WANDERING, WAVE",ロウ,,良 | 水,"GOOD | water, *liquid*",水,浪 → 良 + 水,艮 | 水,艮 | 水,EARLIER_KLC_OR_PRIMITIVE_ONLY,PASS,
1478,呉,"GIVE, DO SOMETHING FOR",ゴ,く.れる,,,,呉,呉,,ATOMIC_OR_ROOT_RECORD,PASS,
1479,娯,ENJOYMENT,ゴ,,女 | 呉,"woman | GIVE, DO SOMETHING FOR",女,娯 → 女 + 呉,女 | 呉,女,EARLIER_KLC_OR_PRIMITIVE_ONLY,PASS,
1480,誤,MISTAKE,ゴ,[-]あやま.る,呉 | 言,"GIVE, DO SOMETHING FOR | speech, word, say",言,誤 → 呉 + 言,呉 | 言,言,EARLIER_KLC_OR_PRIMITIVE_ONLY,PASS,
1481,富,"RICH, ABUNDANT","フ, フウ",と.む  とみ,畐 | 宀,supply shack | roof,宀,富 → 畐 + 宀,畐 | 宀,宀,EARLIER_KLC_OR_PRIMITIVE_ONLY,PASS,
1482,副,"SECONDARY, COPY",フク,,刀 | 畐,"knife, sword, *cut* | supply shack",刀,副 → 刀 + 畐,刀 | 畐,刀,EARLIER_KLC_OR_PRIMITIVE_ONLY,PASS,
1483,幅,WIDTH,フク,はば,巾 | 畐,"cloth, towel, scarf | supply shack",巾,幅 → 巾 + 畐,巾 | 畐,巾,EARLIER_KLC_OR_PRIMITIVE_ONLY,PASS,
1484,福,FORTUNE,フク,,畐 | 示,"supply shack | spirit, sign, show",示,福 → 畐 + 示,畐 | 示,示,EARLIER_KLC_OR_PRIMITIVE_ONLY,PASS,
1485,祉,"BLESSEDNESS, HAPPINESS",シ,,示 | 止,"spirit, sign, show | stop",示 | 止,祉 → 示 + 止,示 | 止,示 | 止,EARLIER_KLC_OR_PRIMITIVE_ONLY,PASS,
1486,禍,CALAMITY,カ,,示 | 冂 | 口,"spirit, sign, show | wide | mouth, *opening*",示 | 冂 | 口,禍 → 示 + 冂 + 口,示 | 冂 | 口,示 | 冂 | 口,EARLIER_KLC_OR_PRIMITIVE_ONLY,PASS,
1487,渦,WHIRLPOOL,カ,うず,冂 | 口 | 水,"wide | mouth, *opening* | water, *liquid*",冂 | 口 | 水,渦 → 冂 + 口 + 水,冂 | 口 | 水,冂 | 口 | 水,EARLIER_KLC_OR_PRIMITIVE_ONLY,PASS,
1488,鍋,"POT, PAN",カ*,なべ,金 | 冂 | 口,"metal, gold, money | wide | mouth, *opening*",金 | 冂 | 口,鍋 → 金 + 冂 + 口,金 | 冂 | 口,金 | 冂 | 口,EARLIER_KLC_OR_PRIMITIVE_ONLY,PASS,
1489,蘭,"ORCHID, HOLLAND",ラン,,艸 | 東 | 門,"grass, vegetation | EAST | gate",艸 | 門,蘭 → 艸 + 東 + 門,艸 | 日 | 木 | 門,艸 | 日 | 木 | 門,EARLIER_KLC_OR_PRIMITIVE_ONLY,PASS,
1490,欄,COLUMN,ラン,,東 | 門 | 木,EAST | gate | tree,門 | 木,欄 → 東 + 門 + 木,日 | 木 | 門,日 | 木 | 門,EARLIER_KLC_OR_PRIMITIVE_ONLY,PASS,
1491,潤,MOIST,ジュン,"うるお.う, うるお.す  うる.む",王 | 門 | 水,"KING | gate | water, *liquid*",門 | 水,潤 → 王 + 門 + 水,王 | 門 | 水,門 | 水,EARLIER_KLC_OR_PRIMITIVE_ONLY,PASS,
1492,淵,"EDGE, ABYSS",エン,ふち,𣶒 | 水,"complete | water, *liquid*",水,淵 → 𣶒 + 水,𣶒 | 水,水,EARLIER_KLC_OR_PRIMITIVE_ONLY,PASS,
1493,滑,"SLIDE, SMOOTH","カツ, コツ",すべ.る  なめ.らか,水 | 骨,"water, *liquid* | bone",水 | 骨,滑 → 水 + 骨,水 | 骨,水 | 骨,EARLIER_KLC_OR_PRIMITIVE_ONLY,PASS,
1494,稽,"PRACTICE, THINK",ケイ,,,,,稽,稽,,ATOMIC_OR_ROOT_RECORD,PASS,
1495,肩,SHOULDER,ケン,かた,,,,肩,肩,,ATOMIC_OR_ROOT_RECORD,PASS,
1496,脅,THREATEN,キョウ,"おど.かす, おど.す  おびや.かす",力 | 月,"power, strength | moon, month, *flesh*, *body part*",力 | 月,脅 → 力 + 月,力 | 月,力 | 月,EARLIER_KLC_OR_PRIMITIVE_ONLY,PASS,
1497,肯,CONSENT,コウ,,月 | 止,"moon, month, *flesh*, *body part* | stop",月 | 止,肯 → 月 + 止,月 | 止,月 | 止,EARLIER_KLC_OR_PRIMITIVE_ONLY,PASS,
1498,双,PAIR,ソウ,ふた,又,"again, or, *hand*",又,双 → 又,又,又,EARLIER_KLC_OR_PRIMITIVE_ONLY,PASS,
1499,江,"CREEK, BAY",コウ,え,水,"water, *liquid*",水,江 → 水,水,水,EARLIER_KLC_OR_PRIMITIVE_ONLY,PASS,
1500,湾,"BAY, GULF",ワン,,水 | 弓,"water, *liquid* | bow",水 | 弓,湾 → 水 + 弓,水 | 弓,水 | 弓,EARLIER_KLC_OR_PRIMITIVE_ONLY,PASS,
1501,港,PORT,コウ,みなと,共 | 水,"JOINT, TOGETHER | water, *liquid*",水,港 → 共 + 水,士 | 水,士 | 水,EARLIER_KLC_OR_PRIMITIVE_ONLY,PASS,
1502,選,"SELECT, CHOOSE",セン,えら.ぶ,己 | 共 | 辵,"oneself, *roll* | JOINT, TOGETHER | walk, *transport*",己 | 辵,選 → 己 + 共 + 辵,己 | 士 | 辵,己 | 士 | 辵,EARLIER_KLC_OR_PRIMITIVE_ONLY,PASS,
1503,択,SELECT,タク,,手 | 尺,"hand, performer of action | SHAKU [length], MEASURE",手,択 → 手 + 尺,手 | 尺,手,EARLIER_KLC_OR_PRIMITIVE_ONLY,PASS,
1504,沢,"SWAMP, ABUNDANT",タク,さわ,水 | 尺,"water, *liquid* | SHAKU [length], MEASURE",水,沢 → 水 + 尺,水 | 尺,水,EARLIER_KLC_OR_PRIMITIVE_ONLY,PASS,
1505,訳,"TRANSLATE, SENSE",ヤク,わけ,言 | 尺,"speech, word, say | SHAKU [length], MEASURE",言,訳 → 言 + 尺,言 | 尺,言,EARLIER_KLC_OR_PRIMITIVE_ONLY,PASS,
1506,釈,"ELUCIDATE, RELEASE",シャク,,釆 | 尺,"distinguish | SHAKU [length], MEASURE",釆,釈 → 釆 + 尺,釆 | 尺,釆,EARLIER_KLC_OR_PRIMITIVE_ONLY,PASS,
1507,敷,"LAY, SPREAD",フ,"し.く, -し.き",人 | 攴,"person, *roof* | hit, strike, *action*",人 | 攴,敷 → 人 + 攴,人 | 攴,人 | 攴,EARLIER_KLC_OR_PRIMITIVE_ONLY,PASS,
1508,傲,"ARROGANT, PROUD",ゴウ,,人 | 攴 | 土 | 方,"person, *roof* | hit, strike, *action* | soil, earth | direction, person, square",人 | 攴 | 土 | 方,傲 → 人 + 攴 + 土 + 方,人 | 攴 | 土 | 方,人 | 攴 | 土 | 方,EARLIER_KLC_OR_PRIMITIVE_ONLY,PASS,
1509,贅,LUXURY,ゼイ,,貝 | 傲,"shellfish, money, wealth | ARROGANT, PROUD",貝,贅 → 貝 + 傲,貝 | 人 | 攴 | 土 | 方,貝 | 人 | 攴 | 土 | 方,EARLIER_KLC_OR_PRIMITIVE_ONLY,PASS,
1510,審,"EXAMINE CAREFULLY, TRY",シン,,宀 | 番,"roof | NUMERICAL ORDER, WATCH [over]",宀,審 → 宀 + 番,宀 | 田,宀 | 田,EARLIER_KLC_OR_PRIMITIVE_ONLY,PASS,
1511,藩,FEUDAL DOMAIN,ハン,,艸 | 水 | 番,"grass, vegetation | water, *liquid* | NUMERICAL ORDER, WATCH [over]",艸 | 水,藩 → 艸 + 水 + 番,艸 | 水 | 田,艸 | 水 | 田,EARLIER_KLC_OR_PRIMITIVE_ONLY,PASS,
1512,翻,"TURN OVER, CHANGE",ホン,"ひるがえ.る, ひるがえ.す",番 | 羽,"NUMERICAL ORDER, WATCH [over] | feather, wing",羽,翻 → 番 + 羽,田 | 羽,田 | 羽,EARLIER_KLC_OR_PRIMITIVE_ONLY,PASS,
1513,翔,SOAR,ショウ,かけ.る  と.ぶ,羽 | 羊,"feather, wing | sheep",羽 | 羊,翔 → 羽 + 羊,羽 | 羊,羽 | 羊,EARLIER_KLC_OR_PRIMITIVE_ONLY,PASS,
1514,査,"LOOK INTO, INSPECT",サ,,且 | 木,"AS WELL AS, MOREOVER, *ladder* | tree",木,査 → 且 + 木,且 | 木,木,EARLIER_KLC_OR_PRIMITIVE_ONLY,PASS,
1515,租,LAND TAX,ソ,,禾 | 且,"grain | AS WELL AS, MOREOVER, *ladder*",禾,租 → 禾 + 且,禾 | 且,禾,EARLIER_KLC_OR_PRIMITIVE_ONLY,PASS,
1516,粗,COARSE,ソ,"あら.い, あら-",租,LAND TAX,,粗 → 租,禾 | 且,禾,EARLIER_KLC_OR_PRIMITIVE_ONLY,PASS,
1517,阻,"OBSTRUCT, SEPARATE FROM",ソ,はば.む,且 | 阜,"AS WELL AS, MOREOVER, *ladder* | hill [left of kanji]",阜,阻 → 且 + 阜,且 | 阜,阜,EARLIER_KLC_OR_PRIMITIVE_ONLY,PASS,
1518,狙,AIM AT,ソ,ねら.う,犬 | 且,"dog, small animal | AS WELL AS, MOREOVER, *ladder*",犬,狙 → 犬 + 且,犬 | 且,犬,EARLIER_KLC_OR_PRIMITIVE_ONLY,PASS,
1519,宜,"RIGHT, SUITABLE",ギ,"よろ.しい*, よろ.しく*",且 | 宀,"AS WELL AS, MOREOVER, *ladder* | roof",宀,宜 → 且 + 宀,且 | 宀,宀,EARLIER_KLC_OR_PRIMITIVE_ONLY,PASS,
1520,畳,"TATAMI MAT, FOLD UP",ジョウ,"たた.む, たた.み-  たたみ",且,"AS WELL AS, MOREOVER, *ladder*",,畳 → 且,且,,EARLIER_KLC_OR_PRIMITIVE_ONLY,PASS,
1521,甲,"SHELL, FIRST IN A SERIES","コウ, カン, カ*",,,,,甲,甲,,ATOMIC_OR_ROOT_RECORD,PASS,
1522,乙,"second, duplicate, fishhook",,,,,,乙,乙,乙,ATOMIC_OR_ROOT_RECORD,PASS_WITH_NOTES,KLC character is represented by its shared RAD record in the component map
1523,丙,THIRD IN A SERIES,ヘイ,,,,,丙,丙,,ATOMIC_OR_ROOT_RECORD,PASS,
1524,柄,"CHARACTER, STATUS, HANDLE",ヘイ,がら え,木 | 内,tree | INSIDE,木,柄 → 木 + 内,木 | 人 | 冂,木 | 人 | 冂,EARLIER_KLC_OR_PRIMITIVE_ONLY,PASS,
1525,押,"PUSH, PRESS DOWN",オウ,"お.す, お.し-, お.っ-, お.さえる",手 | 甲,"hand, performer of action | SHELL, FIRST IN A SERIES",手,押 → 手 + 甲,手 | 甲,手,EARLIER_KLC_OR_PRIMITIVE_ONLY,PASS,
1526,抽,"DRAW OUT, PULL",チュウ,,押,"PUSH, PRESS DOWN",,抽 → 押,手 | 甲,手,EARLIER_KLC_OR_PRIMITIVE_ONLY,PASS,
1527,捜,LOOK FOR,ソウ,さが.す,申 | 又 | 手,"REPORT, SPEAK HUMBLY, SIGN OF THE MONKEY | again, or, *hand* | hand, performer of action",又 | 手,捜 → 申 + 又 + 手,申 | 又 | 手,又 | 手,EARLIER_KLC_OR_PRIMITIVE_ONLY,PASS,
1528,届,"DELIVER, REACH",,"とど.ける, -とど.け, とど.く",戸,door,戸,届 → 戸,戸,戸,EARLIER_KLC_OR_PRIMITIVE_ONLY,PASS,
1529,宙,"SPACE, MIDAIR",チュウ,,由 | 宀,REASON [cause] | roof,宀,宙 → 由 + 宀,由 | 宀,宀,EARLIER_KLC_OR_PRIMITIVE_ONLY,PASS,
1530,笛,"FLUTE, WHISTLE",テキ,ふえ,竹,"bamboo, counting",竹,笛 → 竹,竹,竹,EARLIER_KLC_OR_PRIMITIVE_ONLY,PASS,
1531,袖,SLEEVE,シュウ,そで,衣,"clothes, garment",衣,袖 → 衣,衣,衣,EARLIER_KLC_OR_PRIMITIVE_ONLY,PASS,
1532,襟,COLLAR,キン,えり,衣 | 禁,"clothes, garment | PROHIBIT",衣,襟 → 衣 + 禁,衣 | 示 | 木,衣 | 示 | 木,EARLIER_KLC_OR_PRIMITIVE_ONLY,PASS,
1533,衿,COLLAR,キン,えり,衣 | 今,"clothes, garment | PRESENT, NOW, THIS",衣,衿 → 衣 + 今,衣 | 今,衣,EARLIER_KLC_OR_PRIMITIVE_ONLY,PASS,
1534,裾,CUFF,,すそ,衣 | 居,"clothes, garment | BE PRESENT, RESIDE",衣,裾 → 衣 + 居,衣 | 尸 | 古,衣 | 尸,EARLIER_KLC_OR_PRIMITIVE_ONLY,PASS,
1535,据,"SET UP, INSTALL",,"す.える, す.わる",手 | 居,"hand, performer of action | BE PRESENT, RESIDE",手,据 → 手 + 居,手 | 尸 | 古,手 | 尸,EARLIER_KLC_OR_PRIMITIVE_ONLY,PASS,
1536,握,"GRASP, SEIZE",アク,にぎ.る,手 | 屋,"hand, performer of action | HOUSE, SMALL SHOP",手,握 → 手 + 屋,手 | 至 | 戸,手 | 至 | 戸,EARLIER_KLC_OR_PRIMITIVE_ONLY,PASS,
1537,揃,"BE COMPLETE, UNIFORM",セン,"そろ.える, そろ.う, そろ.い, -ぞろ.い",手 | 前,"hand, performer of action | BEFORE, AHEAD",手,揃 → 手 + 前,手 | 刀 | 月,手 | 刀 | 月,EARLIER_KLC_OR_PRIMITIVE_ONLY,PASS,
1538,撫,"STROKE, SOOTHE",ブ,な.でる,手 | 無,"hand, performer of action | WITHOUT, NOTHING",手,撫 → 手 + 無,手 | 火 | 冊,手 | 火,EARLIER_KLC_OR_PRIMITIVE_ONLY,PASS,
1539,託,ENTRUST,タク,,言,"speech, word, say",言,託 → 言,言,言,EARLIER_KLC_OR_PRIMITIVE_ONLY,PASS,
1540,宅,HOME,タク,,宀,roof,宀,宅 → 宀,宀,宀,EARLIER_KLC_OR_PRIMITIVE_ONLY,PASS,
1541,詫,APOLOGIZE,タ,"わ.びる, わ.び",言 | 宅,"speech, word, say | HOME",言,詫 → 言 + 宅,言 | 宀,言 | 宀,EARLIER_KLC_OR_PRIMITIVE_ONLY,PASS,
1542,宇,UNIVERSE,ウ,,宀,roof,宀,宇 → 宀,宀,宀,EARLIER_KLC_OR_PRIMITIVE_ONLY,PASS,
1543,芋,POTATO,,いも,艸,"grass, vegetation",艸,芋 → 艸,艸,艸,EARLIER_KLC_OR_PRIMITIVE_ONLY,PASS,
1544,寿,"LONGEVITY, CONGRATULATIONS",ジュ,ことぶき,寸,"measurement, tenth of shaku, a bit of",寸,寿 → 寸,寸,寸,EARLIER_KLC_OR_PRIMITIVE_ONLY,PASS,
1545,鋳,CAST [metal],チュウ,い.る,寿 | 金,"LONGEVITY, CONGRATULATIONS | metal, gold, money",金,鋳 → 寿 + 金,寸 | 金,寸 | 金,EARLIER_KLC_OR_PRIMITIVE_ONLY,PASS,
1546,銘,INSCRIPTION,メイ,,名 | 金,"NAME, FAME | metal, gold, money",金,銘 → 名 + 金,夕 | 口 | 金,夕 | 口 | 金,EARLIER_KLC_OR_PRIMITIVE_ONLY,PASS,
1547,鏡,"MIRROR, OPTICAL INSTRUMENT",キョウ,かがみ,立 | 見 | 金,"stand | see | metal, gold, money",立 | 見 | 金,鏡 → 立 + 見 + 金,立 | 見 | 金,立 | 見 | 金,EARLIER_KLC_OR_PRIMITIVE_ONLY,PASS,
1548,境,"BOUNDARY, SITUATION","キョウ, ケイ",さかい,立 | 見 | 土,"stand | see | soil, earth",立 | 見 | 土,境 → 立 + 見 + 土,立 | 見 | 土,立 | 見 | 土,EARLIER_KLC_OR_PRIMITIVE_ONLY,PASS,
1549,環,"RING, SURROUND",カン,,玉 | 衣 | 网,"jewel, spherical object | clothes, garment | net, *law*",玉 | 衣 | 网,環 → 玉 + 衣 + 网,玉 | 衣 | 网,玉 | 衣 | 网,EARLIER_KLC_OR_PRIMITIVE_ONLY,PASS,
1550,還,RETURN,カン,,辵 | 環,"walk, *transport* | RING, SURROUND",辵,還 → 辵 + 環,辵 | 玉 | 衣 | 网,辵 | 玉 | 衣 | 网,EARLIER_KLC_OR_PRIMITIVE_ONLY,PASS,
1551,盾,SHIELD,ジュン,たて,广,"dotted cliff, *shelter*",广,盾 → 广,广,广,EARLIER_KLC_OR_PRIMITIVE_ONLY,PASS,
1552,循,CIRCULATE,ジュン,,盾 | 彳,"SHIELD | linger, stop, go",彳,循 → 盾 + 彳,广 | 彳,广 | 彳,EARLIER_KLC_OR_PRIMITIVE_ONLY,PASS,
1553,巡,"PATROL, GO AROUND",ジュン,"めぐ.る, めぐ.り",辵,"walk, *transport*",辵,巡 → 辵,辵,辵,EARLIER_KLC_OR_PRIMITIVE_ONLY,PASS,
1554,這,CRAWL,シャ,は.う,辵 | 言,"walk, *transport* | speech, word, say",辵 | 言,這 → 辵 + 言,辵 | 言,辵 | 言,EARLIER_KLC_OR_PRIMITIVE_ONLY,PASS,
1555,逓,"RELAY, SEND",テイ,,辵,"walk, *transport*",辵,逓 → 辵,辵,辵,EARLIER_KLC_OR_PRIMITIVE_ONLY,PASS,
1556,息,BREATH,ソク,いき,心 | 自,"heart, mind, spirit | self",心 | 自,息 → 心 + 自,心 | 自,心 | 自,EARLIER_KLC_OR_PRIMITIVE_ONLY,PASS,
1557,憩,TAKE A REST,ケイ,"いこ.い, いこ.う",息 | 舌,BREATH | tongue,舌,憩 → 息 + 舌,心 | 自 | 舌,心 | 自 | 舌,EARLIER_KLC_OR_PRIMITIVE_ONLY,PASS,
1558,鼻,nose,,,,,,鼻,鼻,鼻,ATOMIC_OR_ROOT_RECORD,PASS_WITH_NOTES,KLC character is represented by its shared RAD record in the component map
1559,孔,HOLE,コウ,,子 | 亅,"child | hook, barb",子 | 亅,孔 → 子 + 亅,子 | 亅,子 | 亅,EARLIER_KLC_OR_PRIMITIVE_ONLY,PASS,
1560,臭,BAD SMELL,シュウ,"[-]くさ.い  にお.う, にお.い",大 | 自,"big, university | self",大 | 自,臭 → 大 + 自,大 | 自,大 | 自,EARLIER_KLC_OR_PRIMITIVE_ONLY,PASS,
1561,嗅,"SMELL, SNIFF",キュウ,か.ぐ,臭 | 口,"BAD SMELL | mouth, *opening*",口,嗅 → 臭 + 口,大 | 自 | 口,大 | 自 | 口,EARLIER_KLC_OR_PRIMITIVE_ONLY,PASS,
1562,奥,"INTERIOR, HEART",オウ,おく,米,rice,米,奥 → 米,米,米,EARLIER_KLC_OR_PRIMITIVE_ONLY,PASS,
1563,尖,POINTY,セン,とが.る = とん.がる,大 | 小,"big, university | small",大 | 小,尖 → 大 + 小,大 | 小,大 | 小,EARLIER_KLC_OR_PRIMITIVE_ONLY,PASS,
1564,突,"THRUST, STAB",トツ,つ.く,穴,"cave, hole",穴,突 → 穴,穴,穴,EARLIER_KLC_OR_PRIMITIVE_ONLY,PASS,
1565,窒,"OBSTRUCT, NITROGEN",チツ,,至 | 穴,"arrive, utmost | cave, hole",至 | 穴,窒 → 至 + 穴,至 | 穴,至 | 穴,EARLIER_KLC_OR_PRIMITIVE_ONLY,PASS,
1566,窃,STEAL,セツ,,刀 | 穴,"knife, sword, *cut* | cave, hole",刀 | 穴,窃 → 刀 + 穴,刀 | 穴,刀 | 穴,EARLIER_KLC_OR_PRIMITIVE_ONLY,PASS,
1567,衝,COLLIDE,ショウ,つ.く*,重 | 彳,"HEAVY | linger, stop, go",彳,衝 → 重 + 彳,重 | 彳,彳,EARLIER_KLC_OR_PRIMITIVE_ONLY,PASS,
1568,契,PLEDGE,ケイ,ちぎ.る,大 | 刀 | 王,"big, university | knife, sword, *cut* | KING",大 | 刀,契 → 大 + 刀 + 王,大 | 刀 | 王,大 | 刀,EARLIER_KLC_OR_PRIMITIVE_ONLY,PASS,
1569,喫,INGEST,キツ,,契 | 口,"PLEDGE | mouth, *opening*",口,喫 → 契 + 口,大 | 刀 | 王 | 口,大 | 刀 | 口,EARLIER_KLC_OR_PRIMITIVE_ONLY,PASS,
1570,潔,IMMACULATE,ケツ,いさぎよ.い,生 | 刀 | 水 | 糸,"life, student, *growing plant* | knife, sword, *cut* | water, *liquid* | thread, silk",生 | 刀 | 水 | 糸,潔 → 生 + 刀 + 水 + 糸,生 | 刀 | 水 | 糸,生 | 刀 | 水 | 糸,EARLIER_KLC_OR_PRIMITIVE_ONLY,PASS,
1571,侮,"INSULT, DESPISE",ブ,あなど.る,毎 | 人,"EVERY, EACH | person, *roof*",人,侮 → 毎 + 人,人 | 母,人 | 母,EARLIER_KLC_OR_PRIMITIVE_ONLY,PASS,
1572,梅,JAPANESE APRICOT,バイ,うめ,木 | 毎,"tree | EVERY, EACH",木,梅 → 木 + 毎,木 | 人 | 母,木 | 人 | 母,EARLIER_KLC_OR_PRIMITIVE_ONLY,PASS,
1573,悔,"REPENT, REGRET",カイ,"く.いる, く.やむ  くや.しい",毎 | 心,"EVERY, EACH | heart, mind, spirit",心,悔 → 毎 + 心,人 | 母 | 心,人 | 母 | 心,EARLIER_KLC_OR_PRIMITIVE_ONLY,PASS,
1574,敏,"NIMBLE, ALERT",ビン,,毎 | 攴,"EVERY, EACH | hit, strike, *action*",攴,敏 → 毎 + 攴,人 | 母 | 攴,人 | 母 | 攴,EARLIER_KLC_OR_PRIMITIVE_ONLY,PASS,
1575,繁,"THRIVE, BUSY, NUMEROUS",ハン,しげ.る,敏 | 糸,"NIMBLE, ALERT | thread, silk",糸,繁 → 敏 + 糸,人 | 母 | 攴 | 糸,人 | 母 | 攴 | 糸,EARLIER_KLC_OR_PRIMITIVE_ONLY,PASS,
1576,繋,CONNECT,ケイ,"つな.ぐ, つな.がる  かか.る*",殳 | 車 | 糸,"weapon | car, cart | thread, silk",殳 | 車 | 糸,繋 → 殳 + 車 + 糸,殳 | 車 | 糸,殳 | 車 | 糸,EARLIER_KLC_OR_PRIMITIVE_ONLY,PASS,
1577,茂,GROW THICK,モ,しげ.る,艸 | 戊,"grass, vegetation | scythe",艸,茂 → 艸 + 戊,艸 | 戊,艸,EARLIER_KLC_OR_PRIMITIVE_ONLY,PASS,
1578,橋,BRIDGE,キョウ,はし,高 | 木,"high, amount, tall | tree",高 | 木,橋 → 高 + 木,高 | 木,高 | 木,EARLIER_KLC_OR_PRIMITIVE_ONLY,PASS,
1579,矯,"RECTIFY, STRAIGHTEN",キョウ,た.める,矢 | 高,"arrow, *straight* | high, amount, tall",矢 | 高,矯 → 矢 + 高,矢 | 高,矢 | 高,EARLIER_KLC_OR_PRIMITIVE_ONLY,PASS,
1580,稿,MANUSCRIPT,コウ,,高 | 禾,"high, amount, tall | grain",高 | 禾,稿 → 高 + 禾,高 | 禾,高 | 禾,EARLIER_KLC_OR_PRIMITIVE_ONLY,PASS,
1581,縞,STRIPE,コウ,しま,高 | 糸,"high, amount, tall | thread, silk",高 | 糸,縞 → 高 + 糸,高 | 糸,高 | 糸,EARLIER_KLC_OR_PRIMITIVE_ONLY,PASS,
1582,箋,"WRITING PAPER, LABEL",セン,,竹 | 戈,"bamboo, counting | halberd, spear",竹 | 戈,箋 → 竹 + 戈,竹 | 戈,竹 | 戈,EARLIER_KLC_OR_PRIMITIVE_ONLY,PASS,
1583,残,"REMAIN, LEFTOVER, RUTHLESS",ザン,"のこ.る, のこ.す",戈 | 歹,"halberd, spear | death",戈 | 歹,残 → 戈 + 歹,戈 | 歹,戈 | 歹,EARLIER_KLC_OR_PRIMITIVE_ONLY,PASS,
1584,桟,SCAFFOLD,サン,,木 | 戈,"tree | halberd, spear",木 | 戈,桟 → 木 + 戈,木 | 戈,木 | 戈,EARLIER_KLC_OR_PRIMITIVE_ONLY,PASS,
1585,銭,"COIN, SEN [0.01 yen]",セン,ぜに,金 | 戈,"metal, gold, money | halberd, spear",金 | 戈,銭 → 金 + 戈,金 | 戈,金 | 戈,EARLIER_KLC_OR_PRIMITIVE_ONLY,PASS,
1586,践,"IMPLEMENT, PRACTICE",セン,,足 | 戈,"foot, suffice | halberd, spear",足 | 戈,践 → 足 + 戈,足 | 戈,足 | 戈,EARLIER_KLC_OR_PRIMITIVE_ONLY,PASS,
1587,浅,SHALLOW,セン,あさ.い,水,"water, *liquid*",水,浅 → 水,水,水,EARLIER_KLC_OR_PRIMITIVE_ONLY,PASS,
1588,洩,"LEAK, ESCAPE","エイ, セツ","も.る, も.れる, も.らす",曳 | 水,"PULL | water, *liquid*",水,洩 → 曳 + 水,曳 | 水,水,EARLIER_KLC_OR_PRIMITIVE_ONLY,PASS,
1589,壮,"VIGOROUS, HEROIC",ソウ,,士 | 爿,"scholar, military man | split wood, *wooden tablet*",士 | 爿,壮 → 士 + 爿,士 | 爿,士 | 爿,EARLIER_KLC_OR_PRIMITIVE_ONLY,PASS,
1590,荘,"VILLA, DIGNIFIED",ソウ,,艸 | 壮,"grass, vegetation | VIGOROUS, HEROIC",艸,荘 → 艸 + 壮,艸 | 士 | 爿,艸 | 士 | 爿,EARLIER_KLC_OR_PRIMITIVE_ONLY,PASS,
1591,装,"DRESS, DISGUISE","ソウ, ショウ",よそお.う,壮 | 衣,"VIGOROUS, HEROIC | clothes, garment",衣,装 → 壮 + 衣,士 | 爿 | 衣,士 | 爿 | 衣,EARLIER_KLC_OR_PRIMITIVE_ONLY,PASS,
1592,冥,"DARK, WORLD OF THE DEAD","メイ, ミョウ",,日 | 冖 | 六,"sun, day | cloth cover | SIX",日 | 冖,冥 → 日 + 冖 + 六,日 | 冖 | 六,日 | 冖,EARLIER_KLC_OR_PRIMITIVE_ONLY,PASS,
1593,暗,"DARK, DIM",アン,くら.い,日 | 音,"sun, day | sound",日 | 音,暗 → 日 + 音,日 | 音,日 | 音,EARLIER_KLC_OR_PRIMITIVE_ONLY,PASS,
1594,韻,RHYME,イン,,音 | 員,"sound | MEMBER, PERSONNEL",音,韻 → 音 + 員,音 | 口 | 貝,音 | 口 | 貝,EARLIER_KLC_OR_PRIMITIVE_ONLY,PASS,
1595,損,"LOSS, DISADVANTAGE",ソン,[-]そこ.なう = [-]そこ.ねる,手 | 員,"hand, performer of action | MEMBER, PERSONNEL",手,損 → 手 + 員,手 | 口 | 貝,手 | 口 | 貝,EARLIER_KLC_OR_PRIMITIVE_ONLY,PASS,
1596,捕,"CATCH, SEIZE",ホ,"と.らえる, と.らわれる, と.る  つか.まえる, つか.まる",手 | 甫,"hand, performer of action | fishing net",手,捕 → 手 + 甫,手 | 甫,手,EARLIER_KLC_OR_PRIMITIVE_ONLY,PASS,
1597,挿,INSERT,ソウ,さ.す,手,"hand, performer of action",手,挿 → 手,手,手,EARLIER_KLC_OR_PRIMITIVE_ONLY,PASS,
1598,補,"SUPPLEMENT, REPLENISH",ホ,おぎな.う,甫 | 衣,"fishing net | clothes, garment",衣,補 → 甫 + 衣,甫 | 衣,衣,EARLIER_KLC_OR_PRIMITIVE_ONLY,PASS,
1599,浦,"SEASIDE, SMALL BAY",ホ*,うら,甫 | 水,"fishing net | water, *liquid*",水,浦 → 甫 + 水,甫 | 水,水,EARLIER_KLC_OR_PRIMITIVE_ONLY,PASS,
1600,哺,SUCKLE,ホ,,口,"mouth, *opening*",口,哺 → 口,口,口,EARLIER_KLC_OR_PRIMITIVE_ONLY,PASS,
1601,舗,"PAVE, SHOP",ホ,,舎 | 甫,HUT | fishing net,,舗 → 舎 + 甫,口 | 土 | 人 | 甫,口 | 土 | 人,EARLIER_KLC_OR_PRIMITIVE_ONLY,PASS,
1602,掴,GRASP,カク,"つか.む, つか.まえる, つか.まる",手 | 国,"hand, performer of action | COUNTRY",手,掴 → 手 + 国,手 | 玉 | 囗,手 | 玉 | 囗,EARLIER_KLC_OR_PRIMITIVE_ONLY,PASS,
1603,捉,"CATCH, GRASP [ideas]",ソク,とら.える,弓 | 手,"bow | hand, performer of action",弓 | 手,捉 → 弓 + 手,弓 | 手,弓 | 手,EARLIER_KLC_OR_PRIMITIVE_ONLY,PASS,
1604,促,"HASTEN, URGE",ソク,うなが.す,人 | 弓,"person, *roof* | bow",人 | 弓,促 → 人 + 弓,人 | 弓,人 | 弓,EARLIER_KLC_OR_PRIMITIVE_ONLY,PASS,
1605,筆,"BRUSH, WRITING",ヒツ,ふで,竹 | 聿,"bamboo, counting | brush",竹 | 聿,筆 → 竹 + 聿,竹 | 聿,竹 | 聿,EARLIER_KLC_OR_PRIMITIVE_ONLY,PASS,
1606,津,"HARBOR, FERRY",シン,つ,聿 | 水,"brush | water, *liquid*",聿 | 水,津 → 聿 + 水,聿 | 水,聿 | 水,EARLIER_KLC_OR_PRIMITIVE_ONLY,PASS,
1607,律,"LAW, RHYTHM","リツ, リチ",,彳 | 聿,"linger, stop, go | brush",彳 | 聿,律 → 彳 + 聿,彳 | 聿,彳 | 聿,EARLIER_KLC_OR_PRIMITIVE_ONLY,PASS,
1608,逮,CATCH A CRIMINAL,タイ,,水 | 辵,"water, *liquid* | walk, *transport*",水 | 辵,逮 → 水 + 辵,水 | 辵,水 | 辵,EARLIER_KLC_OR_PRIMITIVE_ONLY,PASS,
1609,建,BUILD,"ケン, コン","た.てる, た.て, -だ.て, た.つ",廴 | 聿,"long stride, stretch | brush",廴 | 聿,建 → 廴 + 聿,廴 | 聿,廴 | 聿,EARLIER_KLC_OR_PRIMITIVE_ONLY,PASS,
1610,健,"ROBUST, HEALTHY",ケン,すこ.やか,人 | 建,"person, *roof* | BUILD",人,健 → 人 + 建,人 | 廴 | 聿,人 | 廴 | 聿,EARLIER_KLC_OR_PRIMITIVE_ONLY,PASS,
1611,康,HEALTHY,コウ,,广 | 水,"dotted cliff, *shelter* | water, *liquid*",广 | 水,康 → 广 + 水,广 | 水,广 | 水,EARLIER_KLC_OR_PRIMITIVE_ONLY,PASS,
1612,庸,MEDIOCRE,ヨウ,,广 | 聿 | 月,"dotted cliff, *shelter* | brush | moon, month, *flesh*, *body part*",广 | 聿 | 月,庸 → 广 + 聿 + 月,广 | 聿 | 月,广 | 聿 | 月,EARLIER_KLC_OR_PRIMITIVE_ONLY,PASS,
1613,粛,"PURGE, SOFTLY",シュク,,聿 | 米,brush | rice,聿 | 米,粛 → 聿 + 米,聿 | 米,聿 | 米,EARLIER_KLC_OR_PRIMITIVE_ONLY,PASS,
1614,繍,"EMBROIDERY, SEW",シュウ,,粛 | 糸,"PURGE, SOFTLY | thread, silk",糸,繍 → 粛 + 糸,聿 | 米 | 糸,聿 | 米 | 糸,EARLIER_KLC_OR_PRIMITIVE_ONLY,PASS,
1615,唐,TANG DYNASTY,トウ,から,广 | 聿 | 口,"dotted cliff, *shelter* | brush | mouth, *opening*",广 | 聿 | 口,唐 → 广 + 聿 + 口,广 | 聿 | 口,广 | 聿 | 口,EARLIER_KLC_OR_PRIMITIVE_ONLY,PASS,
1616,糖,SUGAR,トウ,,米,rice,米,糖 → 米,米,米,EARLIER_KLC_OR_PRIMITIVE_ONLY,PASS,
1617,粧,APPLY MAKEUP,ショウ,,土 | 广 | 米,"soil, earth | dotted cliff, *shelter* | rice",土 | 广 | 米,粧 → 土 + 广 + 米,土 | 广 | 米,土 | 广 | 米,EARLIER_KLC_OR_PRIMITIVE_ONLY,PASS,
1618,糧,FOOD PROVISIONS,"リョウ, ロウ",かて,米 | 量,"rice | QUANTITY, AMOUNT, WEIGHT",米,糧 → 米 + 量,米 | 里 | 日,米 | 里 | 日,EARLIER_KLC_OR_PRIMITIVE_ONLY,PASS,
1619,粉,POWDER,フン,こ  こな,米 | 分,"rice | DIVIDE, PART, MINUTE",米,粉 → 米 + 分,米 | 刀 | 八,米 | 刀 | 八,EARLIER_KLC_OR_PRIMITIVE_ONLY,PASS,
1620,紛,CONFUSED,フン,"まぎ.れる, -まぎ.れ, まぎ.らす = まぎ.らわす, まぎ.らわしい",糸 | 分,"thread, silk | DIVIDE, PART, MINUTE",糸,紛 → 糸 + 分,糸 | 刀 | 八,糸 | 刀 | 八,EARLIER_KLC_OR_PRIMITIVE_ONLY,PASS,
1621,糾,INVESTIGATE,キュウ,,糸,"thread, silk",糸,糾 → 糸,糸,糸,EARLIER_KLC_OR_PRIMITIVE_ONLY,PASS,
1622,粋,REFINED,スイ,いき,米,rice,米,粋 → 米,米,米,EARLIER_KLC_OR_PRIMITIVE_ONLY,PASS,
1623,砕,"CRUSH, BREAK",サイ,"くだ.く, くだ.ける",石,"stone, rock",石,砕 → 石,石,石,EARLIER_KLC_OR_PRIMITIVE_ONLY,PASS,
1624,枠,FRAME,,わく,木,tree,木,枠 → 木,木,木,EARLIER_KLC_OR_PRIMITIVE_ONLY,PASS,
1625,酔,"DRUNK, INTOXICATED",スイ,"よ.う, よ.い",酉,"wine, liquor, *bottle*",酉,酔 → 酉,酉,酉,EARLIER_KLC_OR_PRIMITIVE_ONLY,PASS,
1626,醒,WAKE UP,セイ,"さ.める*, さ.ます*",酉 | 日,"wine, liquor, *bottle* | sun, day",酉 | 日,醒 → 酉 + 日,酉 | 日,酉 | 日,EARLIER_KLC_OR_PRIMITIVE_ONLY,PASS,
1627,酬,"RECIPROCATE, REWARD",シュウ,,酉 | 州,"wine, liquor, *bottle* | STATE, PROVINCE",酉,酬 → 酉 + 州,酉 | 川,酉 | 川,EARLIER_KLC_OR_PRIMITIVE_ONLY,PASS,
1628,酷,"SEVERE, CRUEL",コク,ひど.い*,酉 | 告,"wine, liquor, *bottle* | NOTIFY, ACCUSE",酉,酷 → 酉 + 告,酉 | 生 | 口,酉 | 生 | 口,EARLIER_KLC_OR_PRIMITIVE_ONLY,PASS,
1629,凡,"COMMONPLACE, ORDINARY","ボン, ハン",,几,"table, wind",几,凡 → 几,几,几,EARLIER_KLC_OR_PRIMITIVE_ONLY,PASS,
1630,凧,KITE,,たこ,几 | 巾,"table, wind | cloth, towel, scarf",几 | 巾,凧 → 几 + 巾,几 | 巾,几 | 巾,EARLIER_KLC_OR_PRIMITIVE_ONLY,PASS,
1631,帆,SAIL,ハン,ほ,凡 | 巾,"COMMONPLACE, ORDINARY | cloth, towel, scarf",巾,帆 → 凡 + 巾,几 | 巾,几 | 巾,EARLIER_KLC_OR_PRIMITIVE_ONLY,PASS,
1632,汎,PAN [all],ハン,,水 | 凡,"water, *liquid* | COMMONPLACE, ORDINARY",水,汎 → 水 + 凡,水 | 几,水 | 几,EARLIER_KLC_OR_PRIMITIVE_ONLY,PASS,
1633,恐,"FEAR, AWE",キョウ,"おそ.れる, おそ.る, おそ.ろしい",心 | 工 | 凡,"heart, mind, spirit | construction, craft, work | COMMONPLACE, ORDINARY",心 | 工,恐 → 心 + 工 + 凡,心 | 工 | 几,心 | 工 | 几,EARLIER_KLC_OR_PRIMITIVE_ONLY,PASS,
1634,怖,FEARFUL,フ,"こわ.い, こわ.がる",心 | 巾,"heart, mind, spirit | cloth, towel, scarf",心 | 巾,怖 → 心 + 巾,心 | 巾,心 | 巾,EARLIER_KLC_OR_PRIMITIVE_ONLY,PASS,
1635,築,CONSTRUCT,チク,きず.く,木 | 竹 | 工 | 凡,"tree | bamboo, counting | construction, craft, work | COMMONPLACE, ORDINARY",木 | 竹 | 工,築 → 木 + 竹 + 工 + 凡,木 | 竹 | 工 | 几,木 | 竹 | 工 | 几,EARLIER_KLC_OR_PRIMITIVE_ONLY,PASS,
1636,尋,"INQUIRE, LOOK FOR",ジン,たず.ねる,ヨ | 寸 | 口 | 工,"nails, pierce | measurement, tenth of shaku, a bit of | mouth, *opening* | construction, craft, work",寸 | 口 | 工,尋 → ヨ + 寸 + 口 + 工,ヨ | 寸 | 口 | 工,寸 | 口 | 工,EARLIER_KLC_OR_PRIMITIVE_ONLY,PASS,
1637,訊,INTERROGATE,ジン,たず.ねる  き.く,言,"speech, word, say",言,訊 → 言,言,言,EARLIER_KLC_OR_PRIMITIVE_ONLY,PASS,
1638,諮,CONSULT,シ,はか.る,口 | 次 | 言,"mouth, *opening* | NEXT, SECONDARY | speech, word, say",口 | 言,諮 → 口 + 次 + 言,口 | 欠 | 言,口 | 欠 | 言,EARLIER_KLC_OR_PRIMITIVE_ONLY,PASS,
1639,抗,RESIST,コウ,あらが.う*,手 | 亠 | 几,"hand, performer of action | lid | table, wind",手 | 亠 | 几,抗 → 手 + 亠 + 几,手 | 亠 | 几,手 | 亠 | 几,EARLIER_KLC_OR_PRIMITIVE_ONLY,PASS,
1640,航,NAVIGATE,コウ,,舟 | 几,"boat | table, wind",舟 | 几,航 → 舟 + 几,舟 | 几,舟 | 几,EARLIER_KLC_OR_PRIMITIVE_ONLY,PASS,
1641,坑,PIT [of a mine],コウ,,土 | 亠 | 几,"soil, earth | lid | table, wind",土 | 亠 | 几,坑 → 土 + 亠 + 几,土 | 亠 | 几,土 | 亠 | 几,EARLIER_KLC_OR_PRIMITIVE_ONLY,PASS,
1642,拝,"WORSHIP, HUMBLY",ハイ,おが.む,手,"hand, performer of action",手,拝 → 手,手,手,EARLIER_KLC_OR_PRIMITIVE_ONLY,PASS,
1643,耕,TILL,コウ,たがや.す,耒,"plough, *rotary tiller*",耒,耕 → 耒,耒,耒,EARLIER_KLC_OR_PRIMITIVE_ONLY,PASS,
1644,耗,"WEAR AWAY, DECREASE","モウ, コウ",,耒 | 毛,"plough, *rotary tiller* | fur, hair",耒 | 毛,耗 → 耒 + 毛,耒 | 毛,耒 | 毛,EARLIER_KLC_OR_PRIMITIVE_ONLY,PASS,
1645,崇,REVERENCE,スウ,,示 | 宀 | 山,"spirit, sign, show | roof | mountain",示 | 宀 | 山,崇 → 示 + 宀 + 山,示 | 宀 | 山,示 | 宀 | 山,EARLIER_KLC_OR_PRIMITIVE_ONLY,PASS,
1646,灰,ASH,カイ,はい,火 | 厂,fire | cliff,火 | 厂,灰 → 火 + 厂,火 | 厂,火 | 厂,EARLIER_KLC_OR_PRIMITIVE_ONLY,PASS,
1647,炭,"CHARCOAL, CARBON",タン,すみ,山 | 灰,mountain | ASH,山,炭 → 山 + 灰,山 | 火 | 厂,山 | 火 | 厂,EARLIER_KLC_OR_PRIMITIVE_ONLY,PASS,
1648,岸,"SHORE, BEACH",ガン,きし,干 | 厂 | 山,dry | cliff | mountain,干 | 厂 | 山,岸 → 干 + 厂 + 山,干 | 厂 | 山,干 | 厂 | 山,EARLIER_KLC_OR_PRIMITIVE_ONLY,PASS,
1649,岩,ROCK,ガン,いわ,石 | 山,"stone, rock | mountain",石 | 山,岩 → 石 + 山,石 | 山,石 | 山,EARLIER_KLC_OR_PRIMITIVE_ONLY,PASS,
1650,崩,CRUMBLE,ホウ,"くず.れる, -くず.れ, くず.す",山,mountain,山,崩 → 山,山,山,EARLIER_KLC_OR_PRIMITIVE_ONLY,PASS,
1651,嵐,STORM,ラン*,あらし,山 | 几,"mountain | table, wind",山 | 几,嵐 → 山 + 几,山 | 几,山 | 几,EARLIER_KLC_OR_PRIMITIVE_ONLY,PASS,
1652,崖,CLIFF,ガイ,がけ,土 | 厂 | 山,"soil, earth | cliff | mountain",土 | 厂 | 山,崖 → 土 + 厂 + 山,土 | 厂 | 山,土 | 厂 | 山,EARLIER_KLC_OR_PRIMITIVE_ONLY,PASS,
1653,催,"SPONSOR, HOLD [event]",サイ,もよお.す,人 | 隹 | 山,"person, *roof* | small bird | mountain",人 | 隹 | 山,催 → 人 + 隹 + 山,人 | 隹 | 山,人 | 隹 | 山,EARLIER_KLC_OR_PRIMITIVE_ONLY,PASS,
1654,焦,"SCORCH, IMPATIENT",ショウ,"こ.げる, こ.がす, こ.がれる  あせ.る",隹 | 火,small bird | fire,隹 | 火,焦 → 隹 + 火,隹 | 火,隹 | 火,EARLIER_KLC_OR_PRIMITIVE_ONLY,PASS,
1655,礁,REEF,ショウ,,石 | 焦,"stone, rock | SCORCH, IMPATIENT",石,礁 → 石 + 焦,石 | 隹 | 火,石 | 隹 | 火,EARLIER_KLC_OR_PRIMITIVE_ONLY,PASS,
1656,奮,"ROUSE UP, INVIGORATED",フン,ふる.う,隹 | 田 | 大,"small bird | rice field, *head* | big, university",隹 | 田 | 大,奮 → 隹 + 田 + 大,隹 | 田 | 大,隹 | 田 | 大,EARLIER_KLC_OR_PRIMITIVE_ONLY,PASS,
1657,奪,"ROB, SNATCH",ダツ,うば.う,大 | 隹 | 寸,"big, university | small bird | measurement, tenth of shaku, a bit of",大 | 隹 | 寸,奪 → 大 + 隹 + 寸,大 | 隹 | 寸,大 | 隹 | 寸,EARLIER_KLC_OR_PRIMITIVE_ONLY,PASS,
1658,隻,"ONE OF A PAIR, SHIP COUNTER",セキ,,双 | 又 | 隹,"PAIR | again, or, *hand* | small bird",又 | 隹,隻 → 双 + 又 + 隹,又 | 隹,又 | 隹,EARLIER_KLC_OR_PRIMITIVE_ONLY,PASS,
1659,獲,CATCH GAME,カク,え.る,隹 | 犬 | 艸 | 又,"small bird | dog, small animal | grass, vegetation | again, or, *hand*",隹 | 犬 | 艸 | 又,獲 → 隹 + 犬 + 艸 + 又,隹 | 犬 | 艸 | 又,隹 | 犬 | 艸 | 又,EARLIER_KLC_OR_PRIMITIVE_ONLY,PASS,
1660,穫,HARVEST,カク,,隹 | 禾 | 艸 | 又,"small bird | grain | grass, vegetation | again, or, *hand*",隹 | 禾 | 艸 | 又,穫 → 隹 + 禾 + 艸 + 又,隹 | 禾 | 艸 | 又,隹 | 禾 | 艸 | 又,EARLIER_KLC_OR_PRIMITIVE_ONLY,PASS,
1661,護,PROTECT,ゴ,まも.る*,隹 | 言 | 艸 | 又,"small bird | speech, word, say | grass, vegetation | again, or, *hand*",隹 | 言 | 艸 | 又,護 → 隹 + 言 + 艸 + 又,隹 | 言 | 艸 | 又,隹 | 言 | 艸 | 又,EARLIER_KLC_OR_PRIMITIVE_ONLY,PASS,
1662,譲,"CEDE, YIELD",ジョウ,ゆず.る,言 | 㐮,"speech, word, say | padded/repaired garment",言,譲 → 言 + 㐮,言 | 㐮,言,EARLIER_KLC_OR_PRIMITIVE_ONLY,PASS,
1663,嬢,YOUNG LADY,ジョウ,,女 | 㐮,woman | padded/repaired garment,女,嬢 → 女 + 㐮,女 | 㐮,女,EARLIER_KLC_OR_PRIMITIVE_ONLY,PASS,
1664,醸,BREW,ジョウ,かも.す,㐮 | 酉,"padded/repaired garment | wine, liquor, *bottle*",酉,醸 → 㐮 + 酉,㐮 | 酉,酉,EARLIER_KLC_OR_PRIMITIVE_ONLY,PASS,
1665,壌,ARABLE SOIL,ジョウ,,㐮 | 土,"padded/repaired garment | soil, earth",土,壌 → 㐮 + 土,㐮 | 土,土,EARLIER_KLC_OR_PRIMITIVE_ONLY,PASS,
1666,壊,BREAK DOWN,カイ,"こわ.す, こわ.れる",衣 | 土 | 网,"clothes, garment | soil, earth | net, *law*",衣 | 土 | 网,壊 → 衣 + 土 + 网,衣 | 土 | 网,衣 | 土 | 网,EARLIER_KLC_OR_PRIMITIVE_ONLY,PASS,
1667,懐,"BOSOM, YEARN",カイ,"ふところ  なつ.かしい, なつ.かしむ, なつ.く, なつ.ける",衣 | 心,"clothes, garment | heart, mind, spirit",衣 | 心,懐 → 衣 + 心,衣 | 心,衣 | 心,EARLIER_KLC_OR_PRIMITIVE_ONLY,PASS,
1668,徳,VIRTUE,トク,,直 | 心 | 彳,"DIRECT, REPAIR, STRAIGHT | heart, mind, spirit | linger, stop, go",心 | 彳,徳 → 直 + 心 + 彳,直 | 心 | 彳,心 | 彳,EARLIER_KLC_OR_PRIMITIVE_ONLY,PASS,
1669,聴,LISTEN,チョウ,き.く,直 | 心 | 耳,"DIRECT, REPAIR, STRAIGHT | heart, mind, spirit | ear, hearing",心 | 耳,聴 → 直 + 心 + 耳,直 | 心 | 耳,心 | 耳,EARLIER_KLC_OR_PRIMITIVE_ONLY,PASS,
1670,恥,SHAME,チ,"は.じる, は.じらう, は.ずかしい  はじ",耳 | 心,"ear, hearing | heart, mind, spirit",耳 | 心,恥 → 耳 + 心,耳 | 心,耳 | 心,EARLIER_KLC_OR_PRIMITIVE_ONLY,PASS,
1671,羞,SHAME,シュウ,,丑 | 羊,SIGN OF THE OX | sheep,羊,羞 → 丑 + 羊,丑 | 羊,羊,EARLIER_KLC_OR_PRIMITIVE_ONLY,PASS,
1672,爵,RANK OF NOBILITY,シャク,,寸 | 艮,"measurement, tenth of shaku, a bit of | stopping",寸 | 艮,爵 → 寸 + 艮,寸 | 艮,寸 | 艮,EARLIER_KLC_OR_PRIMITIVE_ONLY,PASS,
1673,侯,FEUDAL LORD,コウ,,矢 | 人,"arrow, *straight* | person, *roof*",矢 | 人,侯 → 矢 + 人,矢 | 人,矢 | 人,EARLIER_KLC_OR_PRIMITIVE_ONLY,PASS,
1674,喉,THROAT [choked],コウ,のど,侯 | 口,"FEUDAL LORD | mouth, *opening*",口,喉 → 侯 + 口,矢 | 人 | 口,矢 | 人 | 口,EARLIER_KLC_OR_PRIMITIVE_ONLY,PASS,
1675,候,"CLIMATE, WEATHER",コウ,そうろう,侯,FEUDAL LORD,,候 → 侯,矢 | 人,矢 | 人,EARLIER_KLC_OR_PRIMITIVE_ONLY,PASS,
1676,修,"DISCIPLINE, REPAIR, STUDY","シュウ, シュ","おさ.める, おさ.まる",人 | 攴,"person, *roof* | hit, strike, *action*",人 | 攴,修 → 人 + 攴,人 | 攴,人 | 攴,EARLIER_KLC_OR_PRIMITIVE_ONLY,PASS,
1677,悠,"LEISURELY, SERENE",ユウ,,人 | 攴 | 心,"person, *roof* | hit, strike, *action* | heart, mind, spirit",人 | 攴 | 心,悠 → 人 + 攴 + 心,人 | 攴 | 心,人 | 攴 | 心,EARLIER_KLC_OR_PRIMITIVE_ONLY,PASS,
1678,是,"RIGHT, CORRECT",ゼ,これ*,疋 | 日,"bolt of cloth | sun, day",疋 | 日,是 → 疋 + 日,疋 | 日,疋 | 日,EARLIER_KLC_OR_PRIMITIVE_ONLY,PASS,
1679,提,"PRESENT, CARRY IN HAND",テイ,さ.げる,手 | 是,"hand, performer of action | RIGHT, CORRECT",手,提 → 手 + 是,手 | 疋 | 日,手 | 疋 | 日,EARLIER_KLC_OR_PRIMITIVE_ONLY,PASS,
1680,堤,"EMBANKMENT, DIKE",テイ,つつみ,是 | 土,"RIGHT, CORRECT | soil, earth",土,堤 → 是 + 土,疋 | 日 | 土,疋 | 日 | 土,EARLIER_KLC_OR_PRIMITIVE_ONLY,PASS,
1681,題,"TOPIC, PROBLEM",ダイ,,頁 | 是,"leaf, page, *head* | RIGHT, CORRECT",頁,題 → 頁 + 是,頁 | 疋 | 日,頁 | 疋 | 日,EARLIER_KLC_OR_PRIMITIVE_ONLY,PASS,
1682,匙,SPOON,シ,さじ,是 | 匕,"RIGHT, CORRECT | spoon, *seated person*",匕,匙 → 是 + 匕,疋 | 日 | 匕,疋 | 日 | 匕,EARLIER_KLC_OR_PRIMITIVE_ONLY,PASS,
1683,冒,"RISK, DEFY",ボウ,おか.す,目 | 日,"eye | sun, day",目 | 日,冒 → 目 + 日,目 | 日,目 | 日,EARLIER_KLC_OR_PRIMITIVE_ONLY,PASS,
1684,昌,"CLEAR, BRIGHT, PROSPEROUS",ショウ,,日,"sun, day",日,昌 → 日,日,日,EARLIER_KLC_OR_PRIMITIVE_ONLY,PASS,
1685,唱,SING,ショウ,とな.える,口 | 昌,"mouth, *opening* | CLEAR, BRIGHT, PROSPEROUS",口,唱 → 口 + 昌,口 | 日,口 | 日,EARLIER_KLC_OR_PRIMITIVE_ONLY,PASS,
1686,晶,CRYSTAL,ショウ,,日,"sun, day",日,晶 → 日,日,日,EARLIER_KLC_OR_PRIMITIVE_ONLY,PASS,
1687,帽,HEADGEAR,ボウ,,巾 | 目 | 日,"cloth, towel, scarf | eye | sun, day",巾 | 目 | 日,帽 → 巾 + 目 + 日,巾 | 目 | 日,巾 | 目 | 日,EARLIER_KLC_OR_PRIMITIVE_ONLY,PASS,
1688,棟,"BUILDING, RIDGEPOLE",トウ,むね  むな-,木,tree,木,棟 → 木,木,木,EARLIER_KLC_OR_PRIMITIVE_ONLY,PASS,
1689,凍,FREEZE,トウ,こお.る  こご.える,冫 | 東,ice | EAST,冫,凍 → 冫 + 東,冫 | 日 | 木,冫 | 日 | 木,EARLIER_KLC_OR_PRIMITIVE_ONLY,PASS,
1690,氷,ICE,ヒョウ,こおり  ひ,水,"water, *liquid*",水,氷 → 水,水,水,EARLIER_KLC_OR_PRIMITIVE_ONLY,PASS,
1691,永,"ETERNAL, LONG",エイ,なが.い,,,,永,永,,ATOMIC_OR_ROOT_RECORD,PASS,
1692,泳,SWIM,エイ,およ.ぐ,水 | 永,"water, *liquid* | ETERNAL, LONG",水,泳 → 水 + 永,水 | 永,水,EARLIER_KLC_OR_PRIMITIVE_ONLY,PASS,
1693,詠,"RECITE POEM, COMPOSE",エイ,よ.む,永 | 言,"ETERNAL, LONG | speech, word, say",言,詠 → 永 + 言,永 | 言,言,EARLIER_KLC_OR_PRIMITIVE_ONLY,PASS,
1694,札,"TAG, LABEL",サツ,ふだ,木 | 亅,"tree | hook, barb",木 | 亅,札 → 木 + 亅,木 | 亅,木 | 亅,EARLIER_KLC_OR_PRIMITIVE_ONLY,PASS,
1695,枚,COUNTER FOR FLAT THINGS,マイ,,攴 | 木,"hit, strike, *action* | tree",攴 | 木,枚 → 攴 + 木,攴 | 木,攴 | 木,EARLIER_KLC_OR_PRIMITIVE_ONLY,PASS,
1696,杯,CUP,ハイ,さかずき,不 | 木,"NOT, UN- | tree",木,杯 → 不 + 木,不 | 木,木,EARLIER_KLC_OR_PRIMITIVE_ONLY,PASS,
1697,析,ANALYZE,セキ,,木 | 斤,"tree | axe, kin [600 grams]",木 | 斤,析 → 木 + 斤,木 | 斤,木 | 斤,EARLIER_KLC_OR_PRIMITIVE_ONLY,PASS,
1698,折,"BREAK, FOLD",セツ,"お.る, [-]お.り, お.れる  おり",手 | 斤,"hand, performer of action | axe, kin [600 grams]",手 | 斤,折 → 手 + 斤,手 | 斤,手 | 斤,EARLIER_KLC_OR_PRIMITIVE_ONLY,PASS,
1699,挫,"SPRAIN, BREAK",ザ,"くじ.く*, くじ.ける*",座 | 手,"SEAT, SIT | hand, performer of action",手,挫 → 座 + 手,人 | 广 | 手,人 | 广 | 手,EARLIER_KLC_OR_PRIMITIVE_ONLY,PASS,
1700,捻,TWIST,ネン,"ひね.る*, ひね.くる*",手 | 念,"hand, performer of action | THOUGHTS, MIND",手,捻 → 手 + 念,手 | 今 | 心,手 | 心,EARLIER_KLC_OR_PRIMITIVE_ONLY,PASS,
1701,誓,"SWEAR, VOW",セイ,ちか.う,言 | 折,"speech, word, say | BREAK, FOLD",言,誓 → 言 + 折,言 | 手 | 斤,言 | 手 | 斤,EARLIER_KLC_OR_PRIMITIVE_ONLY,PASS,
1702,逝,DEPART THIS LIFE,セイ,い.く = ゆ.く,辵 | 折,"walk, *transport* | BREAK, FOLD",辵,逝 → 辵 + 折,辵 | 手 | 斤,辵 | 手 | 斤,EARLIER_KLC_OR_PRIMITIVE_ONLY,PASS,
1703,哲,"SAGACIOUS, PHILOSOPHY",テツ,,折 | 口,"BREAK, FOLD | mouth, *opening*",口,哲 → 折 + 口,手 | 斤 | 口,手 | 斤 | 口,EARLIER_KLC_OR_PRIMITIVE_ONLY,PASS,
1704,斬,"KILL, CUT DOWN",ザン,き.る,斤 | 車,"axe, kin [600 grams] | car, cart",斤 | 車,斬 → 斤 + 車,斤 | 車,斤 | 車,EARLIER_KLC_OR_PRIMITIVE_ONLY,PASS,
1705,漸,GRADUALLY,ゼン,,斬 | 水,"KILL, CUT DOWN | water, *liquid*",水,漸 → 斬 + 水,斤 | 車 | 水,斤 | 車 | 水,EARLIER_KLC_OR_PRIMITIVE_ONLY,PASS,
1706,暫,"TEMPORARY, SHORT WHILE",ザン,しばら.く*,斬 | 日,"KILL, CUT DOWN | sun, day",日,暫 → 斬 + 日,斤 | 車 | 日,斤 | 車 | 日,EARLIER_KLC_OR_PRIMITIVE_ONLY,PASS,
1707,斥,"EXPEL, REJECT",セキ,,斤,"axe, kin [600 grams]",斤,斥 → 斤,斤,斤,EARLIER_KLC_OR_PRIMITIVE_ONLY,PASS,
1708,訴,"ACCUSATION, SUE",ソ,うった.える,言 | 斥,"speech, word, say | EXPEL, REJECT",言,訴 → 言 + 斥,言 | 斤,言 | 斤,EARLIER_KLC_OR_PRIMITIVE_ONLY,PASS,
1709,訟,"LITIGATE, SUE",ショウ,,言 | 公,"speech, word, say | PUBLIC",言,訟 → 言 + 公,言 | 厶,言 | 厶,EARLIER_KLC_OR_PRIMITIVE_ONLY,PASS,
1710,究,"STUDY, RESEARCH",キュウ,きわ.める,穴 | 九,"cave, hole | NINE",穴,究 → 穴 + 九,穴 | 九,穴,EARLIER_KLC_OR_PRIMITIVE_ONLY,PASS,
1711,窮,PUSHED TO THE LIMIT,キュウ,"きわ.める, きわ.まる, きわ.まり, きわ.み",身 | 弓 | 穴,"body, social position | bow | cave, hole",身 | 弓 | 穴,窮 → 身 + 弓 + 穴,身 | 弓 | 穴,身 | 弓 | 穴,EARLIER_KLC_OR_PRIMITIVE_ONLY,PASS,
1712,極,"EXTREME, POLE","キョク, ゴク","きわ.める, きわ.まる, きわ.まり, きわ.み",木,tree,木,極 → 木,木,木,EARLIER_KLC_OR_PRIMITIVE_ONLY,PASS,
1713,函,BOX,カン,はこ*,,,,函,函,,ATOMIC_OR_ROOT_RECORD,PASS,
1714,探,"PROBE, LOOK FOR",タン,さぐ.る  さが.す,穴 | 木 | 手,"cave, hole | tree | hand, performer of action",穴 | 木 | 手,探 → 穴 + 木 + 手,穴 | 木 | 手,穴 | 木 | 手,EARLIER_KLC_OR_PRIMITIVE_ONLY,PASS,
1715,深,DEEP,シン,"ふか.い, -ぶか.い, ふか.まる, ふか.める",木 | 穴 | 水,"tree | cave, hole | water, *liquid*",木 | 穴 | 水,深 → 木 + 穴 + 水,木 | 穴 | 水,木 | 穴 | 水,EARLIER_KLC_OR_PRIMITIVE_ONLY,PASS,
1716,慄,"TREMBLE, FEAR",リツ,,栗 | 心,"CHESTNUT | heart, mind, spirit",心,慄 → 栗 + 心,覀 | 木 | 心,木 | 心,EARLIER_KLC_OR_PRIMITIVE_ONLY,PASS,
1717,惧,FEAR,グ,,心 | 具,"heart, mind, spirit | TOOL",心,惧 → 心 + 具,心 | 貝,心 | 貝,EARLIER_KLC_OR_PRIMITIVE_ONLY,PASS,
1718,慎,"PRUDENT, HUMILITY",シン,つつし.む,真 | 心,"TRUE | heart, mind, spirit",心,慎 → 真 + 心,貝 | 十 | 心,貝 | 十 | 心,EARLIER_KLC_OR_PRIMITIVE_ONLY,PASS,
1719,鎮,"QUELL, TRANQUILLIZE",チン,"しず.める, しず.まる",真 | 金,"TRUE | metal, gold, money",金,鎮 → 真 + 金,貝 | 十 | 金,貝 | 十 | 金,EARLIER_KLC_OR_PRIMITIVE_ONLY,PASS,
1720,填,FILL [in],テン,,土 | 真,"soil, earth | TRUE",土,填 → 土 + 真,土 | 貝 | 十,土 | 貝 | 十,EARLIER_KLC_OR_PRIMITIVE_ONLY,PASS,
1721,婚,MARRY,コン,,女 | 氏 | 日,"woman | family, clan | sun, day",女 | 氏 | 日,婚 → 女 + 氏 + 日,女 | 氏 | 日,女 | 氏 | 日,EARLIER_KLC_OR_PRIMITIVE_ONLY,PASS,
1722,囚,PRISONER,シュウ,,人,"person, *roof*",人,囚 → 人,人,人,EARLIER_KLC_OR_PRIMITIVE_ONLY,PASS,
1723,困,"BE IN TROUBLE, DISTRESSED",コン,こま.る,木,tree,木,困 → 木,木,木,EARLIER_KLC_OR_PRIMITIVE_ONLY,PASS,
1724,梱,PACKAGE,コン,,木,tree,木,梱 → 木,木,木,EARLIER_KLC_OR_PRIMITIVE_ONLY,PASS,
1725,因,CAUSE,イン,よ.る,大 | 囗,"big, university | box enclosure, *borders*",大 | 囗,因 → 大 + 囗,大 | 囗,大 | 囗,EARLIER_KLC_OR_PRIMITIVE_ONLY,PASS,
1726,姻,MARRIAGE,イン,,女 | 因,woman | CAUSE,女,姻 → 女 + 因,女 | 大 | 囗,女 | 大 | 囗,EARLIER_KLC_OR_PRIMITIVE_ONLY,PASS,
1727,咽,THROAT,イン,,口,"mouth, *opening*",口,咽 → 口,口,口,EARLIER_KLC_OR_PRIMITIVE_ONLY,PASS,
1728,恩,"GRACE, GRATITUDE",オン,,因 | 心,"CAUSE | heart, mind, spirit",心,恩 → 因 + 心,大 | 囗 | 心,大 | 囗 | 心,EARLIER_KLC_OR_PRIMITIVE_ONLY,PASS,
1729,菌,BACTERIA,キン,,囗 | 禾,"box enclosure, *borders* | grain",囗 | 禾,菌 → 囗 + 禾,囗 | 禾,囗 | 禾,EARLIER_KLC_OR_PRIMITIVE_ONLY,PASS,
1730,漢,"[ancient] CHINESE, FELLOW",カン,,水,"water, *liquid*",水,漢 → 水,水,水,EARLIER_KLC_OR_PRIMITIVE_ONLY,PASS,
1731,嘆,"SIGH, LAMENT",タン,"なげ.く, なげ.かわしい",口,"mouth, *opening*",口,嘆 → 口,口,口,EARLIER_KLC_OR_PRIMITIVE_ONLY,PASS,
1732,勤,"SERVICE, WORK","キン, ゴン","つと.まる, つと.める, -づと.め",力,"power, strength",力,勤 → 力,力,力,EARLIER_KLC_OR_PRIMITIVE_ONLY,PASS,
1733,謹,RESPECTFULLY,キン,つつし.む,言,"speech, word, say",言,謹 → 言,言,言,EARLIER_KLC_OR_PRIMITIVE_ONLY,PASS,
1734,僅,"A LITTLE,  A FEW",キン,わず.か,人,"person, *roof*",人,僅 → 人,人,人,EARLIER_KLC_OR_PRIMITIVE_ONLY,PASS,
1735,索,SEARCH FOR,サク,,宀 | 十 | 糸,"roof | ten, complete, *cross*, *needle*, *plant* | thread, silk",宀 | 十 | 糸,索 → 宀 + 十 + 糸,宀 | 十 | 糸,宀 | 十 | 糸,EARLIER_KLC_OR_PRIMITIVE_ONLY,PASS,
1736,牽,"DRAW, PULL",ケン,ひ.く,幺 | 牛,"short thread, *child* | cow, cattle",幺 | 牛,牽 → 幺 + 牛,幺 | 牛,幺 | 牛,EARLIER_KLC_OR_PRIMITIVE_ONLY,PASS,
1737,牢,"PRISON, HARDNESS",ロウ,,牛 | 宀,"cow, cattle | roof",牛 | 宀,牢 → 牛 + 宀,牛 | 宀,牛 | 宀,EARLIER_KLC_OR_PRIMITIVE_ONLY,PASS,
1738,啓,"ENLIGHTEN, ADDRESS RESPECTFULLY",ケイ,,口 | 攴,"mouth, *opening* | hit, strike, *action*",口 | 攴,啓 → 口 + 攴,口 | 攴,口 | 攴,EARLIER_KLC_OR_PRIMITIVE_ONLY,PASS,
1739,庶,"MANIFOLD, COMMONER",ショ,,火 | 廿 | 广,"fire | stove | dotted cliff, *shelter*",火 | 广,庶 → 火 + 廿 + 广,火 | 廿 | 广,火 | 广,EARLIER_KLC_OR_PRIMITIVE_ONLY,PASS,
1740,遮,"INTERRUPT, CUT OFF",シャ,さえぎ.る,庶 | 辵,"MANIFOLD, COMMONER | walk, *transport*",辵,遮 → 庶 + 辵,火 | 廿 | 广 | 辵,火 | 广 | 辵,EARLIER_KLC_OR_PRIMITIVE_ONLY,PASS,
1741,燕,SWALLOW [bird],エン,つばめ,,,,燕,燕,,ATOMIC_OR_ROOT_RECORD,PASS,
1742,雀,"SPARROW, MAHJONG","ジャク, ジャン",すずめ,少 | 隹,"LITTLE, FEW | small bird",隹,雀 → 少 + 隹,小 | 隹,小 | 隹,EARLIER_KLC_OR_PRIMITIVE_ONLY,PASS,
1743,劣,INFERIOR,レツ,おと.る,少 | 力,"LITTLE, FEW | power, strength",力,劣 → 少 + 力,小 | 力,小 | 力,EARLIER_KLC_OR_PRIMITIVE_ONLY,PASS,
1744,抄,"EXTRACT, SELECTION",ショウ,,手 | 少,"hand, performer of action | LITTLE, FEW",手,抄 → 手 + 少,手 | 小,手 | 小,EARLIER_KLC_OR_PRIMITIVE_ONLY,PASS,
1745,秒,SECOND [time unit],ビョウ,,少 | 禾,"LITTLE, FEW | grain",禾,秒 → 少 + 禾,小 | 禾,小 | 禾,EARLIER_KLC_OR_PRIMITIVE_ONLY,PASS,
1746,妙,"MARVELOUS, STRANGE",ミョウ,たえ*,少 | 女,"LITTLE, FEW | woman",女,妙 → 少 + 女,小 | 女,小 | 女,EARLIER_KLC_OR_PRIMITIVE_ONLY,PASS,
1747,沙,SAND,サ,すな*,少 | 水,"LITTLE, FEW | water, *liquid*",水,沙 → 少 + 水,小 | 水,小 | 水,EARLIER_KLC_OR_PRIMITIVE_ONLY,PASS,
1748,汰,"WASH, FILTER",タ,,水 | 太,"water, *liquid* | FAT, THICK",水,汰 → 水 + 太,水 | 犬,水 | 犬,EARLIER_KLC_OR_PRIMITIVE_ONLY,PASS,
1749,煎,"BOIL, ROAST",セン,い.る,火 | 示,"fire | spirit, sign, show",火 | 示,煎 → 火 + 示,火 | 示,火 | 示,EARLIER_KLC_OR_PRIMITIVE_ONLY,PASS,
1750,炒,ROAST,"ショウ, ソウ",い.る  いた.める,少 | 火,"LITTLE, FEW | fire",火,炒 → 少 + 火,小 | 火,小 | 火,EARLIER_KLC_OR_PRIMITIVE_ONLY,PASS,
1751,炊,COOK,スイ,"た.く, -だ.き",欠 | 火,"lack, *open mouth* | fire",欠 | 火,炊 → 欠 + 火,欠 | 火,欠 | 火,EARLIER_KLC_OR_PRIMITIVE_ONLY,PASS,
1752,焚,"KINDLE, BURN",フン,た.く,林 | 火,FOREST | fire,火,焚 → 林 + 火,木 | 火,木 | 火,EARLIER_KLC_OR_PRIMITIVE_ONLY,PASS,
1753,薪,FIREWOOD,シン,たきぎ  まき*,新 | 艸,"NEW | grass, vegetation",艸,薪 → 新 + 艸,立 | 木 | 斤 | 艸,立 | 木 | 斤 | 艸,EARLIER_KLC_OR_PRIMITIVE_ONLY,PASS,
1754,乃,"POSSESSIVE PARTICLE, FROM","ナイ, ダイ",の  すなわ.ち,,,,乃,乃,,ATOMIC_OR_ROOT_RECORD,PASS,
1755,之,"POSSESSIVE PARTICLE, THIS",シ,の  これ,,,,之,之,,ATOMIC_OR_ROOT_RECORD,PASS,
1756,此,THIS,シ,"こ.れ, こ.の",,,,此,此,,ATOMIC_OR_ROOT_RECORD,PASS,
1757,其,"THAT, *binding*",キ,"そ.れ, そ.の",共,"JOINT, TOGETHER",,其 → 共,士,士,EARLIER_KLC_OR_PRIMITIVE_ONLY,PASS,
1758,乏,"SCARCE, POOR",ボウ,とぼ.しい,,,,乏,乏,,ATOMIC_OR_ROOT_RECORD,PASS,
1759,芝,LAWN GRASS,,しば,艸 | 乏,"grass, vegetation | SCARCE, POOR",艸,芝 → 艸 + 乏,艸 | 乏,艸,EARLIER_KLC_OR_PRIMITIVE_ONLY,PASS,
1760,及,"REACH, EXTEND, AND",キュウ,"およ.ぶ, およ.び, および, およ.ぼす",乃 | 廴,"POSSESSIVE PARTICLE, FROM | long stride, stretch",廴,及 → 乃 + 廴,乃 | 廴,廴,EARLIER_KLC_OR_PRIMITIVE_ONLY,PASS,
1761,扱,"HANDLE, TREAT",,"あつか.う, あつか.い",手 | 及,"hand, performer of action | REACH, EXTEND, AND",手,扱 → 手 + 及,手 | 乃 | 廴,手 | 廴,EARLIER_KLC_OR_PRIMITIVE_ONLY,PASS,
1762,級,"GRADE, RANK",キュウ,,糸 | 及,"thread, silk | REACH, EXTEND, AND",糸,級 → 糸 + 及,糸 | 乃 | 廴,糸 | 廴,EARLIER_KLC_OR_PRIMITIVE_ONLY,PASS,
1763,吸,"SUCK, BREATHE IN",キュウ,す.う,口 | 及,"mouth, *opening* | REACH, EXTEND, AND",口,吸 → 口 + 及,口 | 乃 | 廴,口 | 廴,EARLIER_KLC_OR_PRIMITIVE_ONLY,PASS,
1764,吹,"BLOW, BREATHE OUT",スイ,ふ.く,口 | 欠,"mouth, *opening* | lack, *open mouth*",口 | 欠,吹 → 口 + 欠,口 | 欠,口 | 欠,EARLIER_KLC_OR_PRIMITIVE_ONLY,PASS,
1765,呼,"CALL, SEND FOR",コ,よ.ぶ,口,"mouth, *opening*",口,呼 → 口,口,口,EARLIER_KLC_OR_PRIMITIVE_ONLY,PASS,
1766,吐,"SPEW, VOMIT",ト,は.く,口 | 土,"mouth, *opening* | soil, earth",口 | 土,吐 → 口 + 土,口 | 土,口 | 土,EARLIER_KLC_OR_PRIMITIVE_ONLY,PASS,
1767,叶,"GRANT, FULFILL","キョウ, ギョウ","かな.う, かな.える",口,"mouth, *opening*",口,叶 → 口,口,口,EARLIER_KLC_OR_PRIMITIVE_ONLY,PASS,
1768,𠮟,SCOLD,シツ,しか.る,口 | 七,"mouth, *opening* | SEVEN",口,𠮟 → 口 + 七,口 | 七,口,EARLIER_KLC_OR_PRIMITIVE_ONLY,PASS,
1769,叫,SHOUT,キョウ,さけ.ぶ,口,"mouth, *opening*",口,叫 → 口,口,口,EARLIER_KLC_OR_PRIMITIVE_ONLY,PASS,
1770,吟,RECITE,ギン,,口 | 今,"mouth, *opening* | PRESENT, NOW, THIS",口,吟 → 口 + 今,口 | 今,口,EARLIER_KLC_OR_PRIMITIVE_ONLY,PASS,
1771,含,"CONTAIN, INCLUDE",ガン,"ふく.む, ふく.める",今,"PRESENT, NOW, THIS",,含 → 今,今,,EARLIER_KLC_OR_PRIMITIVE_ONLY,PASS,
1772,琴,KOTO [JAPANESE HARP],キン,こと,今,"PRESENT, NOW, THIS",,琴 → 今,今,,EARLIER_KLC_OR_PRIMITIVE_ONLY,PASS,
1773,迷,"PERPLEXED, LOST",メイ,まよ.う,辵,"walk, *transport*",辵,迷 → 辵,辵,辵,EARLIER_KLC_OR_PRIMITIVE_ONLY,PASS,
1774,謎,"RIDDLE, ENIGMA",,なぞ,言 | 迷,"speech, word, say | PERPLEXED, LOST",言,謎 → 言 + 迷,言 | 辵,言 | 辵,EARLIER_KLC_OR_PRIMITIVE_ONLY,PASS,
1775,逆,"REVERSE, OPPOSITE",ギャク,"さか, さか.さ, さか.らう",辵,"walk, *transport*",辵,逆 → 辵,辵,辵,EARLIER_KLC_OR_PRIMITIVE_ONLY,PASS,
1776,遡,"GO UPSTREAM, RETRACE THE PAST",ソ,さかのぼ.る,逆 | 月,"REVERSE, OPPOSITE | moon, month, *flesh*, *body part*",月,遡 → 逆 + 月,辵 | 月,辵 | 月,EARLIER_KLC_OR_PRIMITIVE_ONLY,PASS,
1777,塑,"MODEL, MOLD",ソ,,遡 | 土,"GO UPSTREAM, RETRACE THE PAST | soil, earth",土,塑 → 遡 + 土,辵 | 月 | 土,辵 | 月 | 土,EARLIER_KLC_OR_PRIMITIVE_ONLY,PASS,
1778,勲,"MERITORIOUS SERVICE, MERIT",クン,,動 | 火,MOVE | fire,火,勲 → 動 + 火,力 | 重 | 火,力 | 火,EARLIER_KLC_OR_PRIMITIVE_ONLY,PASS,
1779,薫,"FRAGRANCE, SCENTED",クン,かお.る,艸 | 火 | 重,"grass, vegetation | fire | HEAVY",艸 | 火,薫 → 艸 + 火 + 重,艸 | 火 | 重,艸 | 火,EARLIER_KLC_OR_PRIMITIVE_ONLY,PASS,
1780,芳,"FRAGRANT, PERFUME",ホウ,かんば.しい,方 | 艸,"direction, person, square | grass, vegetation",方 | 艸,芳 → 方 + 艸,方 | 艸,方 | 艸,EARLIER_KLC_OR_PRIMITIVE_ONLY,PASS,
1781,香,"fragrant, sweet",,,禾 | 日,"grain | sun, day",禾 | 日,香 → 禾 + 日,禾 | 日,禾 | 日,EARLIER_KLC_OR_PRIMITIVE_ONLY,PASS_WITH_NOTES,KLC character is represented by its shared RAD record in the component map
1782,秀,EXCELLENT,シュウ,ひい.でる,乃 | 禾,"POSSESSIVE PARTICLE, FROM | grain",禾,秀 → 乃 + 禾,乃 | 禾,禾,EARLIER_KLC_OR_PRIMITIVE_ONLY,PASS,
1783,誘,"ENTICE, INVITE",ユウ,さそ.う,秀 | 禾,EXCELLENT | grain,禾,誘 → 秀 + 禾,乃 | 禾,禾,EARLIER_KLC_OR_PRIMITIVE_ONLY,PASS,
1784,拐,KIDNAP,カイ,,招,INVITE,,拐 → 招,手 | 口 | 刀,手 | 口 | 刀,EARLIER_KLC_OR_PRIMITIVE_ONLY,PASS,
1785,透,"PASS THROUGH, TRANSPARENT",トウ,"とお.る*  す.く, す.かす, す.ける",辵 | 秀,"walk, *transport* | EXCELLENT",辵,透 → 辵 + 秀,辵 | 乃 | 禾,辵 | 禾,EARLIER_KLC_OR_PRIMITIVE_ONLY,PASS,
1786,携,"CARRY IN HAND, PORTABLE",ケイ,"たずさ.える, たずさ.わる",手 | 乃 | 隹,"hand, performer of action | POSSESSIVE PARTICLE, FROM | small bird",手 | 隹,携 → 手 + 乃 + 隹,手 | 乃 | 隹,手 | 隹,EARLIER_KLC_OR_PRIMITIVE_ONLY,PASS,
1787,雄,"MALE, HEROIC",ユウ,お-  おす,隹,small bird,隹,雄 → 隹,隹,隹,EARLIER_KLC_OR_PRIMITIVE_ONLY,PASS,
1788,雌,FEMALE,シ,め-  めす,隹,small bird,隹,雌 → 隹,隹,隹,EARLIER_KLC_OR_PRIMITIVE_ONLY,PASS,
1789,些,A BIT,サ,いささ.か*  ち.と  ちっ.と,,,,些,些,,ATOMIC_OR_ROOT_RECORD,PASS,
1790,柴,FIREWOOD,サイ,しば,木,tree,木,柴 → 木,木,木,EARLIER_KLC_OR_PRIMITIVE_ONLY,PASS,
1791,紫,PURPLE,シ,むらさき,此 | 糸,"THIS | thread, silk",糸,紫 → 此 + 糸,此 | 糸,糸,EARLIER_KLC_OR_PRIMITIVE_ONLY,PASS,
1792,髪,HAIR,ハツ,かみ,友 | 髟,FRIEND | hair,髟,髪 → 友 + 髟,𠂇 | 又 | 髟,又 | 髟,EARLIER_KLC_OR_PRIMITIVE_ONLY,PASS,
1793,髭,"BEARD, MUSTACHE",シ,ひげ,髪,HAIR,,髭 → 髪,𠂇 | 又 | 髟,又 | 髟,EARLIER_KLC_OR_PRIMITIVE_ONLY,PASS,
1794,詐,"DECEIVE, SWINDLE",サ,,言 | 乍,"speech, word, say | saw",言,詐 → 言 + 乍,言 | 乍,言,EARLIER_KLC_OR_PRIMITIVE_ONLY,PASS,
1795,欺,DECEIVE,ギ,あざむ.く,欠 | 其,"lack, *open mouth* | THAT, *binding*",欠,欺 → 欠 + 其,欠 | 士,欠 | 士,EARLIER_KLC_OR_PRIMITIVE_ONLY,PASS,
1796,棋,SHOGI [JAPANESE CHESS],キ,,木,tree,木,棋 → 木,木,木,EARLIER_KLC_OR_PRIMITIVE_ONLY,PASS,
1797,碁,GO [JAPANESE CHECKERS],ゴ,,石,"stone, rock",石,碁 → 石,石,石,EARLIER_KLC_OR_PRIMITIVE_ONLY,PASS,
1798,甚,"EXTREMELY, VERY, GREAT",ジン,"はなは.だ, はなは.だしい",匹 | 且,"COUNTER FOR ANIMALS | AS WELL AS, MOREOVER, *ladder*",,甚 → 匹 + 且,儿 | 匚 | 且,儿 | 匚,HAS_LATER_KLC_REFERENCE,PASS_WITH_NOTES,Third-party visual mnemonic contains a later KLC reference; it is not treated as a canonical prerequisite
1799,勘,"CHECK, INTUITION",カン,,甚 | 力,"EXTREMELY, VERY, GREAT | power, strength",力,勘 → 甚 + 力,儿 | 匚 | 且 | 力,儿 | 匚 | 力,EARLIER_KLC_OR_PRIMITIVE_ONLY,PASS,
1800,堪,"ENDURE, TOLERATE",カン,た.える  たま.る*,土 | 甚,"soil, earth | EXTREMELY, VERY, GREAT",土,堪 → 土 + 甚,土 | 儿 | 匚 | 且,土 | 儿 | 匚,EARLIER_KLC_OR_PRIMITIVE_ONLY,PASS,
1801,匹,COUNTER FOR ANIMALS,ヒツ,ひき,儿 | 匚,"son, legs | box",儿 | 匚,匹 → 儿 + 匚,儿 | 匚,儿 | 匚,EARLIER_KLC_OR_PRIMITIVE_ONLY,PASS,
1802,匠,CRAFTSMAN,ショウ,たくみ*,斤 | 匚,"axe, kin [600 grams] | box",斤 | 匚,匠 → 斤 + 匚,斤 | 匚,斤 | 匚,EARLIER_KLC_OR_PRIMITIVE_ONLY,PASS,
1803,匿,CONCEAL,トク,かくま.う*,匚 | 若,box | YOUNG,匚,匿 → 匚 + 若,匚 | 口 | 艸,匚 | 口 | 艸,EARLIER_KLC_OR_PRIMITIVE_ONLY,PASS,
1804,諾,CONSENT,ダク,,若 | 言,"YOUNG | speech, word, say",言,諾 → 若 + 言,口 | 艸 | 言,口 | 艸 | 言,EARLIER_KLC_OR_PRIMITIVE_ONLY,PASS,
1805,乞,BEG,,こ.う,,,,乞,乞,,ATOMIC_OR_ROOT_RECORD,PASS,
1806,迄,"UP TO, AS FAR AS",キツ,まで,乞 | 辵,"BEG | walk, *transport*",辵,迄 → 乞 + 辵,乞 | 辵,辵,EARLIER_KLC_OR_PRIMITIVE_ONLY,PASS,
1807,乾,"DRY, DESICCATE",カン,"かわ.く, かわ.かす  いぬい*",日 | 十 | 乞,"sun, day | ten, complete, *cross*, *needle*, *plant* | BEG",日 | 十,乾 → 日 + 十 + 乞,日 | 十 | 乞,日 | 十,EARLIER_KLC_OR_PRIMITIVE_ONLY,PASS,
1808,幹,TRUNK,カン,みき,日 | 十,"sun, day | ten, complete, *cross*, *needle*, *plant*",日 | 十,幹 → 日 + 十,日 | 十,日 | 十,EARLIER_KLC_OR_PRIMITIVE_ONLY,PASS,
1809,操,"MANIPULATE, FIDELITY",ソウ,みさお  あやつ.る,喿 | 手,"fruit tree | hand, performer of action",手,操 → 喿 + 手,喿 | 手,手,EARLIER_KLC_OR_PRIMITIVE_ONLY,PASS,
1810,燥,DRY OUT,ソウ,,火 | 喿,fire | fruit tree,火,燥 → 火 + 喿,火 | 喿,火,EARLIER_KLC_OR_PRIMITIVE_ONLY,PASS,
1811,繰,"REEL, WINDING",,く.る,木 | 品 | 糸,"tree | ARTICLE, CLASSIFICATION, GRADE OF EXCELLENCE | thread, silk",木 | 糸,繰 → 木 + 品 + 糸,木 | 品 | 糸,木 | 糸,EARLIER_KLC_OR_PRIMITIVE_ONLY,PASS,
1812,藻,"SEAWEED, ALGAE",ソウ,も,喿 | 艸 | 水,"fruit tree | grass, vegetation | water, *liquid*",艸 | 水,藻 → 喿 + 艸 + 水,喿 | 艸 | 水,艸 | 水,EARLIER_KLC_OR_PRIMITIVE_ONLY,PASS,
1813,噴,"ERUPT, SPOUT",フン,ふ.く,口 | 賁,"mouth, *opening* | swollen",口,噴 → 口 + 賁,口 | 賁,口,EARLIER_KLC_OR_PRIMITIVE_ONLY,PASS,
1814,墳,"TUMULUS, MOUND",フン,,土 | 賁,"soil, earth | swollen",土,墳 → 土 + 賁,土 | 賁,土,EARLIER_KLC_OR_PRIMITIVE_ONLY,PASS,
1815,憤,"INDIGNATION, RESENT",フン,いきどお.る,心 | 賁,"heart, mind, spirit | swollen",心,憤 → 心 + 賁,心 | 賁,心,EARLIER_KLC_OR_PRIMITIVE_ONLY,PASS,
1816,牙,fang,,,,,,牙,牙,牙,ATOMIC_OR_ROOT_RECORD,PASS_WITH_NOTES,KLC character is represented by its shared RAD record in the component map
1817,芽,BUD,ガ,め,牙 | 艸,"fang | grass, vegetation",牙 | 艸,芽 → 牙 + 艸,牙 | 艸,牙 | 艸,EARLIER_KLC_OR_PRIMITIVE_ONLY,PASS,
1818,雅,ELEGANT,ガ,みや.び*,隹 | 牙,small bird | fang,隹 | 牙,雅 → 隹 + 牙,隹 | 牙,隹 | 牙,EARLIER_KLC_OR_PRIMITIVE_ONLY,PASS,
1819,邪,EVIL,ジャ,よこしま,牙 | 邑,fang | city [right of kanji],牙 | 邑,邪 → 牙 + 邑,牙 | 邑,牙 | 邑,EARLIER_KLC_OR_PRIMITIVE_ONLY,PASS,
1820,既,"ALREADY, PREVIOUSLY",キ,すで.に,牙 | 艮,fang | stopping,牙 | 艮,既 → 牙 + 艮,牙 | 艮,牙 | 艮,EARLIER_KLC_OR_PRIMITIVE_ONLY,PASS,
1821,概,"APPROXIMATION, GENERALLY",ガイ,,木 | 既,"tree | ALREADY, PREVIOUSLY",木,概 → 木 + 既,木 | 牙 | 艮,木 | 牙 | 艮,EARLIER_KLC_OR_PRIMITIVE_ONLY,PASS,
1822,慨,"DEPLORE, LAMENT",ガイ,,心 | 既,"heart, mind, spirit | ALREADY, PREVIOUSLY",心,慨 → 心 + 既,心 | 牙 | 艮,心 | 牙 | 艮,EARLIER_KLC_OR_PRIMITIVE_ONLY,PASS,
1823,苗,SEEDLING,"ビョウ, ミョウ*",なえ  なわ-,艸 | 田,"grass, vegetation | rice field, *head*",艸 | 田,苗 → 艸 + 田,艸 | 田,艸 | 田,EARLIER_KLC_OR_PRIMITIVE_ONLY,PASS,
1824,描,DEPICT,ビョウ,えが.く  　か.く,手 | 苗,"hand, performer of action | SEEDLING",手,描 → 手 + 苗,手 | 艸 | 田,手 | 艸 | 田,EARLIER_KLC_OR_PRIMITIVE_ONLY,PASS,
1825,猫,CAT,ビョウ,ねこ,犬 | 苗,"dog, small animal | SEEDLING",犬,猫 → 犬 + 苗,犬 | 艸 | 田,犬 | 艸 | 田,EARLIER_KLC_OR_PRIMITIVE_ONLY,PASS,
1826,萌,"GERMINATE, SPROUT","ホウ, ボウ",も.える  きざ.す,艸 | 明,"grass, vegetation | BRIGHT, CLEAR, CHEERFUL",艸,萌 → 艸 + 明,艸 | 日 | 月,艸 | 日 | 月,EARLIER_KLC_OR_PRIMITIVE_ONLY,PASS,
1827,兆,"SIGN [omen], TRILLION",チョウ,"きざ.す, きざ.し",,,,兆,兆,,ATOMIC_OR_ROOT_RECORD,PASS,
1828,眺,GAZE,チョウ,なが.める,兆 | 目,"SIGN [omen], TRILLION | eye",目,眺 → 兆 + 目,兆 | 目,目,EARLIER_KLC_OR_PRIMITIVE_ONLY,PASS,
1829,逃,ESCAPE,トウ,"に.げる, に.がす = のが.す, のが.れる",兆 | 辵,"SIGN [omen], TRILLION | walk, *transport*",辵,逃 → 兆 + 辵,兆 | 辵,辵,EARLIER_KLC_OR_PRIMITIVE_ONLY,PASS,
1830,桃,PEACH,トウ,もも,木,tree,木,桃 → 木,木,木,EARLIER_KLC_OR_PRIMITIVE_ONLY,PASS,
1831,跳,"JUMP, LEAP",チョウ,"は.ねる  と.ぶ, -と.び",足 | 兆,"foot, suffice | SIGN [omen], TRILLION",足,跳 → 足 + 兆,足 | 兆,足,EARLIER_KLC_OR_PRIMITIVE_ONLY,PASS,
1832,挑,"PROVOKE, CHALLENGE",チョウ,いど.む,兆 | 手,"SIGN [omen], TRILLION | hand, performer of action",手,挑 → 兆 + 手,兆 | 手,手,EARLIER_KLC_OR_PRIMITIVE_ONLY,PASS,
1833,拙,CLUMSY,セツ,つたな.い,手 | 出,"hand, performer of action | EXIT, GO OUT, PUT OUT",手,拙 → 手 + 出,手 | 山,手 | 山,EARLIER_KLC_OR_PRIMITIVE_ONLY,PASS,
1834,屈,"BEND, YIELD",クツ,"かが.む*, かが.める*",出 | 尸,"EXIT, GO OUT, PUT OUT | corpse, *flag*",尸,屈 → 出 + 尸,山 | 尸,山 | 尸,EARLIER_KLC_OR_PRIMITIVE_ONLY,PASS,
1835,掘,DIG,クツ,ほ.る,屈 | 手,"BEND, YIELD | hand, performer of action",手,掘 → 屈 + 手,山 | 尸 | 手,山 | 尸 | 手,EARLIER_KLC_OR_PRIMITIVE_ONLY,PASS,
1836,堀,"MOAT, CANAL",,ほり,屈 | 土,"BEND, YIELD | soil, earth",土,堀 → 屈 + 土,山 | 尸 | 土,山 | 尸 | 土,EARLIER_KLC_OR_PRIMITIVE_ONLY,PASS,
1837,封,SEAL,"フウ, ホウ",,寸 | 土,"measurement, tenth of shaku, a bit of | soil, earth",寸 | 土,封 → 寸 + 土,寸 | 土,寸 | 土,EARLIER_KLC_OR_PRIMITIVE_ONLY,PASS,
1838,筒,"TUBE, CYLINDER",トウ,つつ,竹,"bamboo, counting",竹,筒 → 竹,竹,竹,EARLIER_KLC_OR_PRIMITIVE_ONLY,PASS,
1839,管,"PIPE, EXERCISE CONTROL",カン,くだ,竹 | 官,"bamboo, counting | GOVERNMENT, GOVERNMENT OFFICIAL",竹,管 → 竹 + 官,竹 | 宀,竹 | 宀,EARLIER_KLC_OR_PRIMITIVE_ONLY,PASS,
1840,棺,COFFIN,カン,ひつぎ,官 | 国,"GOVERNMENT, GOVERNMENT OFFICIAL | COUNTRY",,棺 → 官 + 国,宀 | 玉 | 囗,宀 | 玉 | 囗,EARLIER_KLC_OR_PRIMITIVE_ONLY,PASS,
1841,轄,"EXERCISE JURISDICTION, CONTROL",カツ,,車 | 害,"car, cart | HARM",車,轄 → 車 + 害,車 | 口 | 生,車 | 口 | 生,EARLIER_KLC_OR_PRIMITIVE_ONLY,PASS,
1842,洞,CAVE,ドウ,ほら,水,"water, *liquid*",水,洞 → 水,水,水,EARLIER_KLC_OR_PRIMITIVE_ONLY,PASS,
1843,窟,CAVE,クツ,,穴 | 屈,"cave, hole | BEND, YIELD",穴,窟 → 穴 + 屈,穴 | 山 | 尸,穴 | 山 | 尸,EARLIER_KLC_OR_PRIMITIVE_ONLY,PASS,
1844,淫,LEWD,イン,みだ.ら,王 | 爪 | 水,"KING | claw | water, *liquid*",爪 | 水,淫 → 王 + 爪 + 水,王 | 爪 | 水,爪 | 水,EARLIER_KLC_OR_PRIMITIVE_ONLY,PASS,
1845,妊,BECOME PREGNANT,ニン,,王 | 女,KING | woman,女,妊 → 王 + 女,王 | 女,女,EARLIER_KLC_OR_PRIMITIVE_ONLY,PASS,
1846,娠,CONCEIVE [pregnancy],シン,,女 | 辰,"woman | morning, sign of the dragon",女 | 辰,娠 → 女 + 辰,女 | 辰,女 | 辰,EARLIER_KLC_OR_PRIMITIVE_ONLY,PASS,
1847,唇,LIP,シン,くちびる,口 | 辰,"mouth, *opening* | morning, sign of the dragon",口 | 辰,唇 → 口 + 辰,口 | 辰,口 | 辰,EARLIER_KLC_OR_PRIMITIVE_ONLY,PASS,
1848,辱,HUMILIATE,ジョク,はずかし.める,辰 | 寸,"morning, sign of the dragon | measurement, tenth of shaku, a bit of",辰 | 寸,辱 → 辰 + 寸,辰 | 寸,辰 | 寸,EARLIER_KLC_OR_PRIMITIVE_ONLY,PASS,
1849,襲,"RAID, INHERIT",シュウ,おそ.う,,,,襲,襲,,ATOMIC_OR_ROOT_RECORD,PASS,
1850,伏,PROSTRATE,フク,"ふ.す, ふ.せる",人 | 犬,"person, *roof* | dog, small animal",人 | 犬,伏 → 人 + 犬,人 | 犬,人 | 犬,EARLIER_KLC_OR_PRIMITIVE_ONLY,PASS,
1851,吠,"HOWL, BARK","ベイ, ハイ",ほ.える,口 | 犬,"mouth, *opening* | dog, small animal",口 | 犬,吠 → 口 + 犬,口 | 犬,口 | 犬,EARLIER_KLC_OR_PRIMITIVE_ONLY,PASS,
1852,噛,"BITE, CHEW","ゴウ, コウ",か.む,口 | 歯,"mouth, *opening* | TOOTH",口,噛 → 口 + 歯,口 | 止 | 米,口 | 止 | 米,EARLIER_KLC_OR_PRIMITIVE_ONLY,PASS,
1853,班,SQUAD,ハン,,歯 | 王,TOOTH | KING,,班 → 歯 + 王,止 | 米 | 王,止 | 米,EARLIER_KLC_OR_PRIMITIVE_ONLY,PASS,
1854,斑,"SPOT, SPECK",ハン,,文 | 王,"script, literature | KING",文,斑 → 文 + 王,文 | 王,文,EARLIER_KLC_OR_PRIMITIVE_ONLY,PASS,
1855,輩,FELLOW,ハイ,,文,"script, literature",文,輩 → 文,文,文,EARLIER_KLC_OR_PRIMITIVE_ONLY,PASS,
1856,悲,SAD,ヒ,"かな.しい, かな.しむ",非 | 心,"wrong, mistake, negative | heart, mind, spirit",非 | 心,悲 → 非 + 心,非 | 心,非 | 心,EARLIER_KLC_OR_PRIMITIVE_ONLY,PASS,
1857,忽,"SUDDENLY, CARELESS",コツ,たちま.ち  ゆるが.せ,勿 | 心,"NOT, DO NOT | heart, mind, spirit",心,忽 → 勿 + 心,勹 | 心,勹 | 心,EARLIER_KLC_OR_PRIMITIVE_ONLY,PASS,
1858,惚,"FALL IN LOVE WITH, GROW SENILE",コツ,ほ.れる  ぼ.ける,心 | 忽,"heart, mind, spirit | SUDDENLY, CARELESS",心,惚 → 心 + 忽,心 | 勹,心 | 勹,EARLIER_KLC_OR_PRIMITIVE_ONLY,PASS,
1859,猿,MONKEY,エン,さる,犬 | 口 | 土,"dog, small animal | mouth, *opening* | soil, earth",犬 | 口 | 土,猿 → 犬 + 口 + 土,犬 | 口 | 土,犬 | 口 | 土,EARLIER_KLC_OR_PRIMITIVE_ONLY,PASS,
1860,哀,"SORROW, PITY",アイ,"あわ.れ, あわ.れむ  かな.しい*",衣 | 口,"clothes, garment | mouth, *opening*",衣 | 口,哀 → 衣 + 口,衣 | 口,衣 | 口,EARLIER_KLC_OR_PRIMITIVE_ONLY,PASS,
1861,衰,"DECLINE [diminish], WEAKEN",スイ,おとろ.える,哀,"SORROW, PITY",,衰 → 哀,衣 | 口,衣 | 口,EARLIER_KLC_OR_PRIMITIVE_ONLY,PASS,
1862,衷,"INNER HEART, INSIDE",チュウ,,哀,"SORROW, PITY",,衷 → 哀,衣 | 口,衣 | 口,EARLIER_KLC_OR_PRIMITIVE_ONLY,PASS,
1863,喪,"LOSS, MOURNING",ソウ,も,衣,"clothes, garment",衣,喪 → 衣,衣,衣,EARLIER_KLC_OR_PRIMITIVE_ONLY,PASS,
1864,忌,"ABHOR, MOURNING",キ,"い.む, い.み, い.まわしい",己 | 心,"oneself, *roll* | heart, mind, spirit",己 | 心,忌 → 己 + 心,己 | 心,己 | 心,EARLIER_KLC_OR_PRIMITIVE_ONLY,PASS,
1865,卓,"TABLE, PROMINENT",タク,,,,,卓,卓,,ATOMIC_OR_ROOT_RECORD,PASS,
1866,悼,GRIEVE,トウ,いた.む,心 | 卓,"heart, mind, spirit | TABLE, PROMINENT",心,悼 → 心 + 卓,心 | 卓,心,EARLIER_KLC_OR_PRIMITIVE_ONLY,PASS,
1867,貞,CHASTE,テイ,,貝,"shellfish, money, wealth",貝,貞 → 貝,貝,貝,EARLIER_KLC_OR_PRIMITIVE_ONLY,PASS,
1868,偵,SPY,テイ,,人 | 貞,"person, *roof* | CHASTE",人,偵 → 人 + 貞,人 | 貝,人 | 貝,EARLIER_KLC_OR_PRIMITIVE_ONLY,PASS,
1869,覇,"SUPREMACY, DOMINATION",ハ,,覀 | 革 | 月,"basket, box | leather, reform | moon, month, *flesh*, *body part*",革 | 月,覇 → 覀 + 革 + 月,覀 | 革 | 月,革 | 月,EARLIER_KLC_OR_PRIMITIVE_ONLY,PASS,
1870,覆,"COVER, OVERTURN",フク,"おお.う  くつがえ.す, くつがえ.る",復 | 覀,"RETURN, RESTORE | basket, box",,覆 → 復 + 覀,彳 | 复 | 覀,彳,EARLIER_KLC_OR_PRIMITIVE_ONLY,PASS,
1871,履,"FULFILL, FOOTGEAR",リ,は.く,復 | 尸,"RETURN, RESTORE | corpse, *flag*",尸,履 → 復 + 尸,彳 | 复 | 尸,彳 | 尸,EARLIER_KLC_OR_PRIMITIVE_ONLY,PASS,
1872,属,"BELONG TO, SUBORDINATE",ゾク,,戸,door,戸,属 → 戸,戸,戸,EARLIER_KLC_OR_PRIMITIVE_ONLY,PASS,
1873,嘱,"CHARGE WITH, ENTRUST",ショク,,口 | 属,"mouth, *opening* | BELONG TO, SUBORDINATE",口,嘱 → 口 + 属,口 | 戸,口 | 戸,EARLIER_KLC_OR_PRIMITIVE_ONLY,PASS,
1874,偶,"BY CHANCE, COUPLE",グウ,,人 | 禺,"person, *roof* | monkey",人,偶 → 人 + 禺,人 | 禺,人,EARLIER_KLC_OR_PRIMITIVE_ONLY,PASS,
1875,隅,"NOOK, CORNER",グウ,すみ,禺 | 阜,monkey | hill [left of kanji],阜,隅 → 禺 + 阜,禺 | 阜,阜,EARLIER_KLC_OR_PRIMITIVE_ONLY,PASS,
1876,隙,"CREVICE, FISSURE",ゲキ,すき,阜 | 小 | 日,"hill [left of kanji] | small | sun, day",阜 | 小 | 日,隙 → 阜 + 小 + 日,阜 | 小 | 日,阜 | 小 | 日,EARLIER_KLC_OR_PRIMITIVE_ONLY,PASS,
1877,遇,"TREAT, ENCOUNTER",グウ,あ.う*,禺 | 辵,"monkey | walk, *transport*",辵,遇 → 禺 + 辵,禺 | 辵,辵,EARLIER_KLC_OR_PRIMITIVE_ONLY,PASS,
1878,愚,FOOLISH,グ,おろ.か,禺 | 心,"monkey | heart, mind, spirit",心,愚 → 禺 + 心,禺 | 心,心,EARLIER_KLC_OR_PRIMITIVE_ONLY,PASS,
1879,曹,SERGEANT,ソウ,,,,,曹,曹,,ATOMIC_OR_ROOT_RECORD,PASS,
1880,遭,"MEET WITH, COME UPON",ソウ,"あ.う, あ.わせる",辵 | 曹,"walk, *transport* | SERGEANT",辵,遭 → 辵 + 曹,辵 | 曹,辵,EARLIER_KLC_OR_PRIMITIVE_ONLY,PASS,
1881,槽,TUB,ソウ,,曹 | 木,SERGEANT | tree,木,槽 → 曹 + 木,曹 | 木,木,EARLIER_KLC_OR_PRIMITIVE_ONLY,PASS,
1882,妨,"HINDER, OBSTRUCT",ボウ,さまた.げる,女 | 方,"woman | direction, person, square",女 | 方,妨 → 女 + 方,女 | 方,女 | 方,EARLIER_KLC_OR_PRIMITIVE_ONLY,PASS,
1883,坊,"BOY, COLLOQUIAL PERSON SUFFIX","ボウ, ボッ-",,方 | 土,"direction, person, square | soil, earth",方 | 土,坊 → 方 + 土,方 | 土,方 | 土,EARLIER_KLC_OR_PRIMITIVE_ONLY,PASS,
1884,傍,"BESIDE, BYSTANDER",ボウ,かたわ.ら  そば*,,,,傍,傍,,ATOMIC_OR_ROOT_RECORD,PASS,
1885,於,"AT, IN",オ,お.ける  おい.て,方,"direction, person, square",方,於 → 方,方,方,EARLIER_KLC_OR_PRIMITIVE_ONLY,PASS,
1886,房,"CHAMBER, TUFT",ボウ,ふさ,方 | 戸,"direction, person, square | door",方 | 戸,房 → 方 + 戸,方 | 戸,方 | 戸,EARLIER_KLC_OR_PRIMITIVE_ONLY,PASS,
1887,扇,FAN,セン,おうぎ,戸 | 羽,"door | feather, wing",戸 | 羽,扇 → 戸 + 羽,戸 | 羽,戸 | 羽,EARLIER_KLC_OR_PRIMITIVE_ONLY,PASS,
1888,扉,HINGED DOOR,ヒ,とびら,戸,door,戸,扉 → 戸,戸,戸,EARLIER_KLC_OR_PRIMITIVE_ONLY,PASS,
1889,雇,"EMPLOY, HIRE",コ,やと.う,隹 | 戸,small bird | door,隹 | 戸,雇 → 隹 + 戸,隹 | 戸,隹 | 戸,EARLIER_KLC_OR_PRIMITIVE_ONLY,PASS,
1890,顧,"LOOK BACK, EXAMINE",コ,かえり.みる,頁 | 雇,"leaf, page, *head* | EMPLOY, HIRE",頁,顧 → 頁 + 雇,頁 | 隹 | 戸,頁 | 隹 | 戸,EARLIER_KLC_OR_PRIMITIVE_ONLY,PASS,
1891,屑,"SCRAPS, WASTE",セツ,くず,尸 | 肖,"corpse, *flag* | RESEMBLANCE",尸,屑 → 尸 + 肖,尸 | 月,尸 | 月,EARLIER_KLC_OR_PRIMITIVE_ONLY,PASS,
1892,糞,"SHIT, FECES",フン,くそ,米 | 異,rice | DIFFERENT,米,糞 → 米 + 異,米 | 田 | 士,米 | 田 | 士,EARLIER_KLC_OR_PRIMITIVE_ONLY,PASS,
1893,尿,URINE,ニョウ,,戸 | 水,"door | water, *liquid*",戸 | 水,尿 → 戸 + 水,戸 | 水,戸 | 水,EARLIER_KLC_OR_PRIMITIVE_ONLY,PASS,
1894,泌,SECRETE,"ヒツ, ヒ",,水 | 必,"water, *liquid* | CERTAIN",水,泌 → 水 + 必,水 | 心,水 | 心,EARLIER_KLC_OR_PRIMITIVE_ONLY,PASS,
1895,尻,BUTTOCKS,,しり,戸 | 九,door | NINE,戸,尻 → 戸 + 九,戸 | 九,戸,EARLIER_KLC_OR_PRIMITIVE_ONLY,PASS,
1896,炉,FURNACE,ロ,,火 | 戸,fire | door,火 | 戸,炉 → 火 + 戸,火 | 戸,火 | 戸,EARLIER_KLC_OR_PRIMITIVE_ONLY,PASS,
1897,窯,"KILN, FURNACE",ヨウ,かま,火 | 穴,"fire | cave, hole",火 | 穴,窯 → 火 + 穴,火 | 穴,火 | 穴,EARLIER_KLC_OR_PRIMITIVE_ONLY,PASS,
1898,釜,"IRON POT, CAULDRON",フ*,かま,金,"metal, gold, money",金,釜 → 金,金,金,EARLIER_KLC_OR_PRIMITIVE_ONLY,PASS,
1899,爺,"OLD MAN, GRANDPA",ヤ,じい  じじ  じじい  おやじ,父 | 那,father | PHONETIC [NA],父,爺 → 父 + 那,父 | 那,父,EARLIER_KLC_OR_PRIMITIVE_ONLY,PASS,
1900,窪,"HOLLOW, CAVITY",ワ,"くぼ, くぼ.む, くぼ.まる",水 | 穴 | 土,"water, *liquid* | cave, hole | soil, earth",水 | 穴 | 土,窪 → 水 + 穴 + 土,水 | 穴 | 土,水 | 穴 | 土,EARLIER_KLC_OR_PRIMITIVE_ONLY,PASS,
1901,佳,"FINE, BEAUTIFUL",カ,,人 | 土,"person, *roof* | soil, earth",人 | 土,佳 → 人 + 土,人 | 土,人 | 土,EARLIER_KLC_OR_PRIMITIVE_ONLY,PASS,
1902,涯,"FAR END, LIMITS",ガイ,,水 | 厂 | 土,"water, *liquid* | cliff | soil, earth",水 | 厂 | 土,涯 → 水 + 厂 + 土,水 | 厂 | 土,水 | 厂 | 土,EARLIER_KLC_OR_PRIMITIVE_ONLY,PASS,
1903,暇,"FREE TIME, REST",カ,ひま,土,"soil, earth",土,暇 → 土,土,土,EARLIER_KLC_OR_PRIMITIVE_ONLY,PASS,
1904,霞,MIST,カ,かすみ  かす.む,雨 | 暇,"rain | FREE TIME, REST",雨,霞 → 雨 + 暇,雨 | 土,雨 | 土,EARLIER_KLC_OR_PRIMITIVE_ONLY,PASS,
1905,雰,ATMOSPHERE,フン,,雨 | 分,"rain | DIVIDE, PART, MINUTE",雨,雰 → 雨 + 分,雨 | 刀 | 八,雨 | 刀 | 八,EARLIER_KLC_OR_PRIMITIVE_ONLY,PASS,
1906,霧,FOG,ム,きり,雨 | 務,rain | DUTY,雨,霧 → 雨 + 務,雨 | 攴 | 力 | 矛,雨 | 攴 | 力 | 矛,EARLIER_KLC_OR_PRIMITIVE_ONLY,PASS,
1907,露,"DEW, EXPOSE","ロ, ロウ",つゆ,雨 | 路,rain | ROAD,雨,露 → 雨 + 路,雨 | 夂 | 口 | 足,雨 | 夂 | 口 | 足,EARLIER_KLC_OR_PRIMITIVE_ONLY,PASS,
1908,霜,FROST,ソウ,しも,雨 | 相,"rain | ASPECT, MINISTER [of state], MUTUAL",雨,霜 → 雨 + 相,雨 | 目 | 木,雨 | 目 | 木,EARLIER_KLC_OR_PRIMITIVE_ONLY,PASS,
1909,箱,"BOX, CHEST",,はこ,国 | 竹,"COUNTRY | bamboo, counting",竹,箱 → 国 + 竹,玉 | 囗 | 竹,玉 | 囗 | 竹,EARLIER_KLC_OR_PRIMITIVE_ONLY,PASS,
1910,籍,"REGISTER, MEMBERSHIP",セキ,,竹 | 昔 | 耒,"bamboo, counting | ANCIENT, FORMER TIMES | plough, *rotary tiller*",竹 | 耒,籍 → 竹 + 昔 + 耒,竹 | 日 | 士 | 耒,竹 | 日 | 士 | 耒,EARLIER_KLC_OR_PRIMITIVE_ONLY,PASS,
1911,貫,"PENETRATE, PIERCE",カン,つらぬ.く  　　ぬき*,田 | 貝,"rice field, *head* | shellfish, money, wealth",田 | 貝,貫 → 田 + 貝,田 | 貝,田 | 貝,EARLIER_KLC_OR_PRIMITIVE_ONLY,PASS,
1912,慣,HABITUAL PRACTICE,カン,"な.れる, な.らす",貫 | 心,"PENETRATE, PIERCE | heart, mind, spirit",心,慣 → 貫 + 心,田 | 貝 | 心,田 | 貝 | 心,EARLIER_KLC_OR_PRIMITIVE_ONLY,PASS,
1913,頂,"SUMMIT, RECEIVE HUMBLY",チョウ,いただ.く  いただき,丁 | 頁,"TOWN SUBSECTION, ROAD, MISCELLANEOUS COUNTER | leaf, page, *head*",頁,頂 → 丁 + 頁,丁 | 頁,頁,EARLIER_KLC_OR_PRIMITIVE_ONLY,PASS,
1914,戴,"RECEIVE HUMBLY, BE CROWNED WITH",タイ,いただ.く*,戈,"halberd, spear",戈,戴 → 戈,戈,戈,EARLIER_KLC_OR_PRIMITIVE_ONLY,PASS,
1915,項,CLAUSE,コウ,,頁 | 工,"leaf, page, *head* | construction, craft, work",頁 | 工,項 → 頁 + 工,頁 | 工,頁 | 工,EARLIER_KLC_OR_PRIMITIVE_ONLY,PASS,
1916,頃,"TIME, ABOUT",,"ころ, [-]ごろ",匕 | 頁,"spoon, *seated person* | leaf, page, *head*",匕 | 頁,頃 → 匕 + 頁,匕 | 頁,匕 | 頁,EARLIER_KLC_OR_PRIMITIVE_ONLY,PASS,
1917,傾,"INCLINE, LEAN",ケイ,"かたむ.く, かたむ.ける  かし.げる*",人 | 頃,"person, *roof* | TIME, ABOUT",人,傾 → 人 + 頃,人 | 匕 | 頁,人 | 匕 | 頁,EARLIER_KLC_OR_PRIMITIVE_ONLY,PASS,
1918,頑,STUBBORN,ガン,かたく.な*,頁 | 元,"leaf, page, *head* | ORIGIN",頁,頑 → 頁 + 元,頁 | 元,頁,EARLIER_KLC_OR_PRIMITIVE_ONLY,PASS,
1919,頒,DISTRIBUTE WIDELY,ハン,,分 | 頁,"DIVIDE, PART, MINUTE | leaf, page, *head*",頁,頒 → 分 + 頁,刀 | 八 | 頁,刀 | 八 | 頁,EARLIER_KLC_OR_PRIMITIVE_ONLY,PASS,
1920,頓,SUDDENLY,トン,とみ*,屯 | 頁,"CAMP, POLICE STATION | leaf, page, *head*",頁,頓 → 屯 + 頁,人 | 山 | 頁,人 | 山 | 頁,EARLIER_KLC_OR_PRIMITIVE_ONLY,PASS,
1921,顕,"MANIFEST, APPEAR",ケン,,日 | 頁,"sun, day | leaf, page, *head*",日 | 頁,顕 → 日 + 頁,日 | 頁,日 | 頁,EARLIER_KLC_OR_PRIMITIVE_ONLY,PASS,
1922,領,DOMINION,リョウ,,頁 | 令,"leaf, page, *head* | COMMAND",頁,領 → 頁 + 令,頁 | 今,頁,EARLIER_KLC_OR_PRIMITIVE_ONLY,PASS,
1923,頻,"REPEATEDLY, FREQUENTLY",ヒン,しき.り*,頁 | 歩,"leaf, page, *head* | WALK",頁,頻 → 頁 + 歩,頁 | 小 | 止,頁 | 小 | 止,EARLIER_KLC_OR_PRIMITIVE_ONLY,PASS,
1924,捗,MAKE PROGRESS,チョク,はかど.る*,手 | 歩,"hand, performer of action | WALK",手,捗 → 手 + 歩,手 | 小 | 止,手 | 小 | 止,EARLIER_KLC_OR_PRIMITIVE_ONLY,PASS,
1925,順,"ORDER, OBEY",ジュン,,川 | 頁,"river | leaf, page, *head*",川 | 頁,順 → 川 + 頁,川 | 頁,川 | 頁,EARLIER_KLC_OR_PRIMITIVE_ONLY,PASS,
1926,馴,"TAME, GET USED TO",ジュン,"な.れる, な.らす",馬 | 川,horse | river,馬 | 川,馴 → 馬 + 川,馬 | 川,馬 | 川,EARLIER_KLC_OR_PRIMITIVE_ONLY,PASS,
1927,訓,"INSTRUCT, ADMONISH",クン,,言 | 川,"speech, word, say | river",言 | 川,訓 → 言 + 川,言 | 川,言 | 川,EARLIER_KLC_OR_PRIMITIVE_ONLY,PASS,
1928,須,"MUST, NECESSARY","ス, シュ*",,頁,"leaf, page, *head*",頁,須 → 頁,頁,頁,EARLIER_KLC_OR_PRIMITIVE_ONLY,PASS,
1929,額,"AMOUNT, PICTURE FRAME, FOREHEAD",ガク,ひたい,頁 | 客,"leaf, page, *head* | VISITOR, CUSTOMER",頁,額 → 頁 + 客,頁 | 夂 | 口 | 宀,頁 | 夂 | 口 | 宀,EARLIER_KLC_OR_PRIMITIVE_ONLY,PASS,
1930,頼,"RELY ON, ASK",ライ,"たの.む, たの.もしい  たよ.る",束 | 頁,"TIE UP, BUNDLE | leaf, page, *head*",頁,頼 → 束 + 頁,木 | 頁,木 | 頁,EARLIER_KLC_OR_PRIMITIVE_ONLY,PASS,
1931,瀬,"RAPIDS, CURRENT",,せ,頼 | 水,"RELY ON, ASK | water, *liquid*",水,瀬 → 頼 + 水,木 | 頁 | 水,木 | 頁 | 水,EARLIER_KLC_OR_PRIMITIVE_ONLY,PASS,
1932,峡,"GORGE, RAVINE",キョウ,,夹 | 山,"pinch, between | mountain",山,峡 → 夹 + 山,夹 | 山,山,EARLIER_KLC_OR_PRIMITIVE_ONLY,PASS,
1933,狭,NARROW,キョウ,"せま.い  せば.める, せば.まる",夹 | 犬,"pinch, between | dog, small animal",犬,狭 → 夹 + 犬,夹 | 犬,犬,EARLIER_KLC_OR_PRIMITIVE_ONLY,PASS,
1934,挟,"HOLD BETWEEN, PINCH",キョウ,"はさ.まる, はさ.む",手 | 夹,"hand, performer of action | pinch, between",手,挟 → 手 + 夹,手 | 夹,手,EARLIER_KLC_OR_PRIMITIVE_ONLY,PASS,
1935,頰,CHEEKS,キョウ*,ほお = ほほ,夹 | 頁,"pinch, between | leaf, page, *head*",頁,頰 → 夹 + 頁,夹 | 頁,頁,EARLIER_KLC_OR_PRIMITIVE_ONLY,PASS,
1936,顎,"JAW, CHIN",ガク,あご,頁,"leaf, page, *head*",頁,顎 → 頁,頁,頁,EARLIER_KLC_OR_PRIMITIVE_ONLY,PASS,
1937,煩,"ANXIETY, VEXING","ハン, ボン","わずら.う, わずら.わす",火 | 頁,"fire | leaf, page, *head*",火 | 頁,煩 → 火 + 頁,火 | 頁,火 | 頁,EARLIER_KLC_OR_PRIMITIVE_ONLY,PASS,
1938,串,SKEWER,,くし,,,,串,串,,ATOMIC_OR_ROOT_RECORD,PASS,
1939,患,AFFECTED BY DISEASE,カン,わずら.う,串 | 心,"SKEWER | heart, mind, spirit",心,患 → 串 + 心,串 | 心,心,EARLIER_KLC_OR_PRIMITIVE_ONLY,PASS,
1940,疾,"DISEASE, FAST",シツ,,疒 | 矢,"sickness, illness | arrow, *straight*",疒 | 矢,疾 → 疒 + 矢,疒 | 矢,疒 | 矢,EARLIER_KLC_OR_PRIMITIVE_ONLY,PASS,
1941,痴,"STUPID, INFATUATED",チ,,疒 | 知,"sickness, illness | KNOW",疒,痴 → 疒 + 知,疒 | 口 | 矢,疒 | 口 | 矢,EARLIER_KLC_OR_PRIMITIVE_ONLY,PASS,
1942,疫,EPIDEMIC,"エキ, ヤク",,疒 | 殳,"sickness, illness | weapon",疒 | 殳,疫 → 疒 + 殳,疒 | 殳,疒 | 殳,EARLIER_KLC_OR_PRIMITIVE_ONLY,PASS,
1943,痢,DIARRHEA,リ,,利 | 疒,"ADVANTAGE, PROFIT | sickness, illness",疒,痢 → 利 + 疒,刀 | 禾 | 疒,刀 | 禾 | 疒,EARLIER_KLC_OR_PRIMITIVE_ONLY,PASS,
1944,痘,SMALLPOX,トウ,,疒 | 豆,"sickness, illness | bean, pea, small thing",疒 | 豆,痘 → 疒 + 豆,疒 | 豆,疒 | 豆,EARLIER_KLC_OR_PRIMITIVE_ONLY,PASS,
1945,瘍,"ULCER, TUMOR, BOIL",ヨウ,,疒 | 昜,"sickness, illness | difficult",疒,瘍 → 疒 + 昜,疒 | 昜,疒,EARLIER_KLC_OR_PRIMITIVE_ONLY,PASS,
1946,癌,CANCER,ガン,,疒 | 山,"sickness, illness | mountain",疒 | 山,癌 → 疒 + 山,疒 | 山,疒 | 山,EARLIER_KLC_OR_PRIMITIVE_ONLY,PASS,
1947,痩,BECOME THIN,ソウ,や.せる,疒,"sickness, illness",疒,痩 → 疒,疒,疒,EARLIER_KLC_OR_PRIMITIVE_ONLY,PASS,
1948,疲,TIRED,ヒ,"つか.れる, -づか.れ",疒 | 皮,"sickness, illness | skin",疒 | 皮,疲 → 疒 + 皮,疒 | 皮,疒 | 皮,EARLIER_KLC_OR_PRIMITIVE_ONLY,PASS,
1949,被,"INCUR, COVER",ヒ,"こうむ.る,  かぶ.る",皮 | 衣,"skin | clothes, garment",皮 | 衣,被 → 皮 + 衣,皮 | 衣,皮 | 衣,EARLIER_KLC_OR_PRIMITIVE_ONLY,PASS,
1950,披,"EXPOSE, OPEN",ヒ,,手 | 皮,"hand, performer of action | skin",手 | 皮,披 → 手 + 皮,手 | 皮,手 | 皮,EARLIER_KLC_OR_PRIMITIVE_ONLY,PASS,
1951,抜,"PULL OUT, EXTRACT",バツ,"[-]ぬ.く, ぬ.き, ぬ.ける, ぬ.かす, ぬ.かる",友 | 手,"FRIEND | hand, performer of action",手,抜 → 友 + 手,𠂇 | 又 | 手,又 | 手,EARLIER_KLC_OR_PRIMITIVE_ONLY,PASS,
1952,控,"HOLD BACK, WITHDRAW",コウ,"ひか.える, ひか.え",手 | 空,"hand, performer of action | SKY, AIR, EMPTY",手,控 → 手 + 空,手 | 工 | 穴,手 | 工 | 穴,EARLIER_KLC_OR_PRIMITIVE_ONLY,PASS,
1953,扶,LEND SUPPORT TO,フ,,夫 | 手,"HUSBAND, MAN LABORER | hand, performer of action",手,扶 → 夫 + 手,人 | 手,人 | 手,EARLIER_KLC_OR_PRIMITIVE_ONLY,PASS,
1954,抹,"WIPE, ERASE",マツ,,手 | 末,"hand, performer of action | LAST PART, END",手,抹 → 手 + 末,手 | 木,手 | 木,EARLIER_KLC_OR_PRIMITIVE_ONLY,PASS,
1955,拓,"OPEN UP, CLEAR [land]",タク,,手 | 石,"hand, performer of action | stone, rock",手 | 石,拓 → 手 + 石,手 | 石,手 | 石,EARLIER_KLC_OR_PRIMITIVE_ONLY,PASS,
1956,拷,TORTURE,ゴウ,,手 | 考,"hand, performer of action | THINK",手,拷 → 手 + 考,手 | 老,手 | 老,EARLIER_KLC_OR_PRIMITIVE_ONLY,PASS,
1957,楼,TALL BUILDING,ロウ,,女 | 米 | 木,woman | rice | tree,女 | 米 | 木,楼 → 女 + 米 + 木,女 | 米 | 木,女 | 米 | 木,EARLIER_KLC_OR_PRIMITIVE_ONLY,PASS,
1958,壇,"PLATFORM, PODIUM","ダン, タン",,土,"soil, earth",土,壇 → 土,土,土,EARLIER_KLC_OR_PRIMITIVE_ONLY,PASS,
1959,塔,TOWER,トウ,,土 | 艸,"soil, earth | grass, vegetation",土 | 艸,塔 → 土 + 艸,土 | 艸,土 | 艸,EARLIER_KLC_OR_PRIMITIVE_ONLY,PASS,
1960,搭,"BOARD, LOAD [on vehicle]",トウ,,手 | 合 | 艸,"hand, performer of action | COMBINE, FIT | grass, vegetation",手 | 艸,搭 → 手 + 合 + 艸,手 | 合 | 艸,手 | 艸,EARLIER_KLC_OR_PRIMITIVE_ONLY,PASS,
1961,寡,"MINORITY, WIDOW",カ,,百 | 宀 | 分,"HUNDRED | roof | DIVIDE, PART, MINUTE",宀,寡 → 百 + 宀 + 分,百 | 宀 | 刀 | 八,宀 | 刀 | 八,EARLIER_KLC_OR_PRIMITIVE_ONLY,PASS,
1962,賓,GUEST,ヒン,,貝 | 歩 | 宀,"shellfish, money, wealth | WALK | roof",貝 | 宀,賓 → 貝 + 歩 + 宀,貝 | 小 | 止 | 宀,貝 | 小 | 止 | 宀,EARLIER_KLC_OR_PRIMITIVE_ONLY,PASS,
1963,飾,DECORATE,ショク,"かざ.る, かざ.り",宀 | 食,roof | eat,宀 | 食,飾 → 宀 + 食,宀 | 食,宀 | 食,EARLIER_KLC_OR_PRIMITIVE_ONLY,PASS,
1964,飽,"SATIATED, TIRED OF",ホウ,"あ.きる, あ.かす",包 | 食,"WRAP, ENCOMPASS | eat",食,飽 → 包 + 食,包 | 食,食,EARLIER_KLC_OR_PRIMITIVE_ONLY,PASS,
1965,餓,"STARVED, HUNGRY",ガ,,食 | 我,eat | SELF,食,餓 → 食 + 我,食 | 戈 | 手,食 | 戈 | 手,EARLIER_KLC_OR_PRIMITIVE_ONLY,PASS,
1966,飢,STARVE,キ,う.える,食 | 几,"eat | table, wind",食 | 几,飢 → 食 + 几,食 | 几,食 | 几,EARLIER_KLC_OR_PRIMITIVE_ONLY,PASS,
1967,机,DESK,キ,つくえ,木 | 几,"tree | table, wind",木 | 几,机 → 木 + 几,木 | 几,木 | 几,EARLIER_KLC_OR_PRIMITIVE_ONLY,PASS,
1968,冗,REDUNDANT,ジョウ,,冖 | 几,"cloth cover | table, wind",冖 | 几,冗 → 冖 + 几,冖 | 几,冖 | 几,EARLIER_KLC_OR_PRIMITIVE_ONLY,PASS,
1969,冠,CROWN,カン,かんむり,元 | 冖 | 寸,"ORIGIN | cloth cover | measurement, tenth of shaku, a bit of",冖 | 寸,冠 → 元 + 冖 + 寸,元 | 冖 | 寸,冖 | 寸,EARLIER_KLC_OR_PRIMITIVE_ONLY,PASS,
1970,離,SEPARATE,リ,"はな.れる, はな.す",禸 | 凶 | 隹,"track | BAD LUCK, EVIL | small bird",禸 | 隹,離 → 禸 + 凶 + 隹,禸 | 凶 | 隹,禸 | 隹,EARLIER_KLC_OR_PRIMITIVE_ONLY,PASS,
1971,胸,"CHEST, BREAST",キョウ,むね  むな-,月,"moon, month, *flesh*, *body part*",月,胸 → 月,月,月,EARLIER_KLC_OR_PRIMITIVE_ONLY,PASS,
1972,悩,"SUFFER, TROUBLE",ノウ,"なや.む, なや.ます",凶 | 心,"BAD LUCK, EVIL | heart, mind, spirit",心,悩 → 凶 + 心,凶 | 心,心,EARLIER_KLC_OR_PRIMITIVE_ONLY,PASS,
1973,脳,BRAIN,ノウ,,月 | 凶,"moon, month, *flesh*, *body part* | BAD LUCK, EVIL",月,脳 → 月 + 凶,月 | 凶,月,EARLIER_KLC_OR_PRIMITIVE_ONLY,PASS,
1974,臓,INTERNAL ORGAN,ゾウ,,月 | 蔵,"moon, month, *flesh*, *body part* | STOREHOUSE, POSSESS",月,臓 → 月 + 蔵,月 | 臣 | 戊 | 艸,月 | 臣 | 艸,EARLIER_KLC_OR_PRIMITIVE_ONLY,PASS,
1975,胃,STOMACH,イ,,月,"moon, month, *flesh*, *body part*",月,胃 → 月,月,月,EARLIER_KLC_OR_PRIMITIVE_ONLY,PASS,
1976,炎,"FLAME, INFLAMMATION [-itis]",エン,ほのお,火,fire,火,炎 → 火,火,火,EARLIER_KLC_OR_PRIMITIVE_ONLY,PASS,
1977,談,"TALK, CONVERSE",ダン,,言 | 炎,"speech, word, say | FLAME, INFLAMMATION [-itis]",言,談 → 言 + 炎,言 | 火,言 | 火,EARLIER_KLC_OR_PRIMITIVE_ONLY,PASS,
1978,淡,"LIGHT, FAINT",タン,あわ.い,火 | 炎,"fire | FLAME, INFLAMMATION [-itis]",火,淡 → 火 + 炎,火,火,EARLIER_KLC_OR_PRIMITIVE_ONLY,PASS,
1979,災,NATURAL CALAMITY,サイ,わざわ.い,火,fire,火,災 → 火,火,火,EARLIER_KLC_OR_PRIMITIVE_ONLY,PASS,
1980,肝,LIVER,カン,きも,月 | 干,"moon, month, *flesh*, *body part* | dry",月 | 干,肝 → 月 + 干,月 | 干,月 | 干,EARLIER_KLC_OR_PRIMITIVE_ONLY,PASS,
1981,肺,LUNG,ハイ,,月,"moon, month, *flesh*, *body part*",月,肺 → 月,月,月,EARLIER_KLC_OR_PRIMITIVE_ONLY,PASS,
1982,胆,"GALLBLADDER, COURAGE",タン,,月 | 旦,"moon, month, *flesh*, *body part* | DAWN",月,胆 → 月 + 旦,月 | 日,月 | 日,EARLIER_KLC_OR_PRIMITIVE_ONLY,PASS,
1983,腺,GLAND,セン,,月 | 泉,"moon, month, *flesh*, *body part* | SPRING [fountain]",月,腺 → 月 + 泉,月 | 白 | 水,月 | 白 | 水,EARLIER_KLC_OR_PRIMITIVE_ONLY,PASS,
1984,胞,MEMBRANOUS SAC,ホウ,,月 | 包,"moon, month, *flesh*, *body part* | WRAP, ENCOMPASS",月,胞 → 月 + 包,月 | 包,月,EARLIER_KLC_OR_PRIMITIVE_ONLY,PASS,
1985,腸,INTESTINES,チョウ,,月 | 昜,"moon, month, *flesh*, *body part* | difficult",月,腸 → 月 + 昜,月 | 昜,月,EARLIER_KLC_OR_PRIMITIVE_ONLY,PASS,
1986,胎,"WOMB, FETUS",タイ,,月 | 台,"moon, month, *flesh*, *body part* | PLATFORM, VEHICLES COUNTER, TAIWAN",月,胎 → 月 + 台,月 | 台,月,EARLIER_KLC_OR_PRIMITIVE_ONLY,PASS,
1987,腰,WAIST,ヨウ,こし,月 | 要,"moon, month, *flesh*, *body part* | REQUIRE, IMPORTANT, SUMMARIZE",月,腰 → 月 + 要,月 | 覀 | 女,月 | 女,EARLIER_KLC_OR_PRIMITIVE_ONLY,PASS,
1988,肘,ELBOW,チュウ*,ひじ,月,"moon, month, *flesh*, *body part*",月,肘 → 月,月,月,EARLIER_KLC_OR_PRIMITIVE_ONLY,PASS,
1989,膝,KNEE,シツ*,ひざ,月,"moon, month, *flesh*, *body part*",月,膝 → 月,月,月,EARLIER_KLC_OR_PRIMITIVE_ONLY,PASS,
1990,股,"CROTCH, THIGH",コ,また  もも*,月 | 殳,"moon, month, *flesh*, *body part* | weapon",月 | 殳,股 → 月 + 殳,月 | 殳,月 | 殳,EARLIER_KLC_OR_PRIMITIVE_ONLY,PASS,
1991,肢,LIMB,シ,,月 | 支,"moon, month, *flesh*, *body part* | branch, support",月 | 支,肢 → 月 + 支,月 | 支,月 | 支,EARLIER_KLC_OR_PRIMITIVE_ONLY,PASS,
1992,胴,"TRUNK, TORSO",ドウ,,月,"moon, month, *flesh*, *body part*",月,胴 → 月,月,月,EARLIER_KLC_OR_PRIMITIVE_ONLY,PASS,
1993,脇,"ARMPIT, ASIDE",キョウ*,わき  わけ,月 | 力,"moon, month, *flesh*, *body part* | power, strength",月 | 力,脇 → 月 + 力,月 | 力,月 | 力,EARLIER_KLC_OR_PRIMITIVE_ONLY,PASS,
1994,脂,FAT,シ,あぶら,旨 | 月,"DELICIOUS, POINT [gist] | moon, month, *flesh*, *body part*",月,脂 → 旨 + 月,匕 | 日 | 月,匕 | 日 | 月,EARLIER_KLC_OR_PRIMITIVE_ONLY,PASS,
1995,詣,"VISIT A TEMPLE, ARRIVE",ケイ,"もう.で, もう.でる  もうで",旨 | 言,"DELICIOUS, POINT [gist] | speech, word, say",言,詣 → 旨 + 言,匕 | 日 | 言,匕 | 日 | 言,EARLIER_KLC_OR_PRIMITIVE_ONLY,PASS,
1996,肪,ANIMAL FAT,ボウ,,月 | 方,"moon, month, *flesh*, *body part* | direction, person, square",月 | 方,肪 → 月 + 方,月 | 方,月 | 方,EARLIER_KLC_OR_PRIMITIVE_ONLY,PASS,
1997,肌,"SKIN, SURFACE",,はだ,几 | 月,"table, wind | moon, month, *flesh*, *body part*",几 | 月,肌 → 几 + 月,几 | 月,几 | 月,EARLIER_KLC_OR_PRIMITIVE_ONLY,PASS,
1998,膚,SKIN,フ,,胃 | 虍,STOMACH | tiger,虍,膚 → 胃 + 虍,月 | 虍,月 | 虍,EARLIER_KLC_OR_PRIMITIVE_ONLY,PASS,
1999,慮,CONSIDER,リョ,,虍 | 思,"tiger | THINK, WISH",虍,慮 → 虍 + 思,虍 | 田 | 心,虍 | 田 | 心,EARLIER_KLC_OR_PRIMITIVE_ONLY,PASS,
2000,虐,"CRUEL, TYRANNIZE",ギャク,しいた.げる,虍 | ヨ,"tiger | nails, pierce",虍,虐 → 虍 + ヨ,虍 | ヨ,虍,EARLIER_KLC_OR_PRIMITIVE_ONLY,PASS,
2001,虞,"RISK, FEAR",,おそれ,虍 | 呉,"tiger | GIVE, DO SOMETHING FOR",虍,虞 → 虍 + 呉,虍 | 呉,虍,EARLIER_KLC_OR_PRIMITIVE_ONLY,PASS,
2002,劇,DRAMA,ゲキ,,刀 | 虍 | 豕,"knife, sword, *cut* | tiger | pig",刀 | 虍 | 豕,劇 → 刀 + 虍 + 豕,刀 | 虍 | 豕,刀 | 虍 | 豕,EARLIER_KLC_OR_PRIMITIVE_ONLY,PASS,
2003,虚,"EMPTY, FALSE","キョ, コ",,虍 | 並,tiger | LINE UP,虍,虚 → 虍 + 並,虍 | 並,虍,EARLIER_KLC_OR_PRIMITIVE_ONLY,PASS,
2004,虜,CAPTIVE,リョ,とりこ,虍 | 男,tiger | MAN,虍,虜 → 虍 + 男,虍 | 力 | 田,虍 | 力 | 田,EARLIER_KLC_OR_PRIMITIVE_ONLY,PASS,
2005,勇,"COURAGE, CHEER",ユウ,いさ.む,男,MAN,,勇 → 男,力 | 田,力 | 田,EARLIER_KLC_OR_PRIMITIVE_ONLY,PASS,
2006,湧,"BOIL, FERMENT",ユウ,わ.く,勇 | 水,"COURAGE, CHEER | water, *liquid*",水,湧 → 勇 + 水,力 | 田 | 水,力 | 田 | 水,EARLIER_KLC_OR_PRIMITIVE_ONLY,PASS,
2007,戯,"SPORT, PLAY",ギ,たわむ.れる,虚 | 戈,"EMPTY, FALSE | halberd, spear",戈,戯 → 虚 + 戈,虍 | 並 | 戈,虍 | 戈,EARLIER_KLC_OR_PRIMITIVE_ONLY,PASS,
2008,繊,"FINE, FIBER",セン,,戈 | 糸 | 並,"halberd, spear | thread, silk | LINE UP",戈 | 糸,繊 → 戈 + 糸 + 並,戈 | 糸 | 並,戈 | 糸,EARLIER_KLC_OR_PRIMITIVE_ONLY,PASS,
2009,緻,FINE [not rough],チ,,糸 | 致,"thread, silk | BRING ABOUT, DO HUMBLY",糸,緻 → 糸 + 致,糸 | 攴 | 至,糸 | 攴 | 至,EARLIER_KLC_OR_PRIMITIVE_ONLY,PASS,
2010,嘘,LIE,キョ,うそ,口 | 虚,"mouth, *opening* | EMPTY, FALSE",口,嘘 → 口 + 虚,口 | 虍 | 並,口 | 虍,EARLIER_KLC_OR_PRIMITIVE_ONLY,PASS,
2011,噂,"RUMOR, GOSSIP",ソン,うわさ,尊 | 口,"HONOR, NOBLE | mouth, *opening*",口,噂 → 尊 + 口,寸 | 酉 | 口,寸 | 酉 | 口,EARLIER_KLC_OR_PRIMITIVE_ONLY,PASS,
2012,樽,BARREL,ソン,たる,尊 | 木,"HONOR, NOBLE | tree",木,樽 → 尊 + 木,寸 | 酉 | 木,寸 | 酉 | 木,EARLIER_KLC_OR_PRIMITIVE_ONLY,PASS,
2013,距,DISTANCE,キョ,,足 | 巨,"foot, suffice | GIANT",足,距 → 足 + 巨,足 | 巨,足,EARLIER_KLC_OR_PRIMITIVE_ONLY,PASS,
2014,拒,"REFUSE, REJECT",キョ,こば.む,手 | 巨,"hand, performer of action | GIANT",手,拒 → 手 + 巨,手 | 巨,手,EARLIER_KLC_OR_PRIMITIVE_ONLY,PASS,
2015,嬉,GLAD,キ,うれ.しい,女 | 喜,"woman | HAPPY, PLEASURE",女,嬉 → 女 + 喜,女 | 士 | 口,女 | 士 | 口,EARLIER_KLC_OR_PRIMITIVE_ONLY,PASS,
2016,鼓,drum,,,又,"again, or, *hand*",又,鼓 → 又,又,又,EARLIER_KLC_OR_PRIMITIVE_ONLY,PASS_WITH_NOTES,KLC character is represented by its shared RAD record in the component map
2017,樹,STANDING TREE,ジュ,き*,喜 | 木,"HAPPY, PLEASURE | tree",木,樹 → 喜 + 木,士 | 口 | 木,士 | 口 | 木,EARLIER_KLC_OR_PRIMITIVE_ONLY,PASS,
2018,膨,"EXPAND, SWELL",ボウ,"ふく.らむ, ふく.れる",月 | 喜,"moon, month, *flesh*, *body part* | HAPPY, PLEASURE",月,膨 → 月 + 喜,月 | 士 | 口,月 | 士 | 口,EARLIER_KLC_OR_PRIMITIVE_ONLY,PASS,
2019,脹,SWELL,チョウ,"ふく.らむ, ふく.れる",月 | 長,"moon, month, *flesh*, *body part* | long, leader",月 | 長,脹 → 月 + 長,月 | 長,月 | 長,EARLIER_KLC_OR_PRIMITIVE_ONLY,PASS,
2020,張,"SPREAD [out], STRETCH",チョウ,"は.る, -は.り, -ば.り",弓 | 長,"bow | long, leader",弓 | 長,張 → 弓 + 長,弓 | 長,弓 | 長,EARLIER_KLC_OR_PRIMITIVE_ONLY,PASS,
2021,帳,"NOTEBOOK, CURTAIN",チョウ,,長 | 巾,"long, leader | cloth, towel, scarf",長 | 巾,帳 → 長 + 巾,長 | 巾,長 | 巾,EARLIER_KLC_OR_PRIMITIVE_ONLY,PASS,
2022,腫,"TUMOR, SWELLING",シュ,"は.れる, は.らす",月 | 重,"moon, month, *flesh*, *body part* | HEAVY",月,腫 → 月 + 重,月 | 重,月,EARLIER_KLC_OR_PRIMITIVE_ONLY,PASS,
2023,肥,FATTEN,ヒ,"こ.える, こ.やす, こ.やし  こえ",,,,肥,肥,,ATOMIC_OR_ROOT_RECORD,PASS,
2024,把,GRIP,"ハ, ワ",,手,"hand, performer of action",手,把 → 手,手,手,EARLIER_KLC_OR_PRIMITIVE_ONLY,PASS,
2025,誇,BOAST,コ,ほこ.る,言 | 大,"speech, word, say | big, university",言 | 大,誇 → 言 + 大,言 | 大,言 | 大,EARLIER_KLC_OR_PRIMITIVE_ONLY,PASS,
2026,覧,"LOOK OVER, SEE",ラン,,大 | 見 | 𠂉,"big, university | see | resting person, rod",大 | 見,覧 → 大 + 見 + 𠂉,大 | 見 | 𠂉,大 | 見,EARLIER_KLC_OR_PRIMITIVE_ONLY,PASS,
2027,監,OVERSEE,カン,,大 | 皿,"big, university | plate, dish",大 | 皿,監 → 大 + 皿,大 | 皿,大 | 皿,EARLIER_KLC_OR_PRIMITIVE_ONLY,PASS,
2028,鑑,"APPRAISE, REFER TO",カン,かんが.みる,監 | 金,"OVERSEE | metal, gold, money",金,鑑 → 監 + 金,大 | 皿 | 金,大 | 皿 | 金,EARLIER_KLC_OR_PRIMITIVE_ONLY,PASS,
2029,艦,WARSHIP,カン,,監 | 舟,OVERSEE | boat,舟,艦 → 監 + 舟,大 | 皿 | 舟,大 | 皿 | 舟,EARLIER_KLC_OR_PRIMITIVE_ONLY,PASS,
2030,濫,EXCESSIVE,ラン,,監 | 水,"OVERSEE | water, *liquid*",水,濫 → 監 + 水,大 | 皿 | 水,大 | 皿 | 水,EARLIER_KLC_OR_PRIMITIVE_ONLY,PASS,
2031,藍,INDIGO,ラン,あい,監 | 艸,"OVERSEE | grass, vegetation",艸,藍 → 監 + 艸,大 | 皿 | 艸,大 | 皿 | 艸,EARLIER_KLC_OR_PRIMITIVE_ONLY,PASS,
2032,賢,WISE,ケン,かしこ.い,臣 | 又 | 貝,"minister, subject, servant | again, or, *hand* | shellfish, money, wealth",臣 | 又 | 貝,賢 → 臣 + 又 + 貝,臣 | 又 | 貝,臣 | 又 | 貝,EARLIER_KLC_OR_PRIMITIVE_ONLY,PASS,
2033,腎,KIDNEY,ジン,,臣 | 又 | 月,"minister, subject, servant | again, or, *hand* | moon, month, *flesh*, *body part*",臣 | 又 | 月,腎 → 臣 + 又 + 月,臣 | 又 | 月,臣 | 又 | 月,EARLIER_KLC_OR_PRIMITIVE_ONLY,PASS,
2034,堅,"FIRM, SOLID",ケン,"かた.い, -がた.い",臣 | 又 | 土,"minister, subject, servant | again, or, *hand* | soil, earth",臣 | 又 | 土,堅 → 臣 + 又 + 土,臣 | 又 | 土,臣 | 又 | 土,EARLIER_KLC_OR_PRIMITIVE_ONLY,PASS,
2035,緊,"TIGHT, TENSE",キン,,臣 | 又 | 糸,"minister, subject, servant | again, or, *hand* | thread, silk",臣 | 又 | 糸,緊 → 臣 + 又 + 糸,臣 | 又 | 糸,臣 | 又 | 糸,EARLIER_KLC_OR_PRIMITIVE_ONLY,PASS,
2036,勃,SUDDENLY RISING,ボツ,,子 | 土 | 力,"child | soil, earth | power, strength",子 | 土 | 力,勃 → 子 + 土 + 力,子 | 土 | 力,子 | 土 | 力,EARLIER_KLC_OR_PRIMITIVE_ONLY,PASS,
2037,励,"WORK HARD, ENCOURAGE",レイ,"はげ.む, はげ.ます",万 | 厂 | 力,"TEN THOUSAND | cliff | power, strength",厂 | 力,励 → 万 + 厂 + 力,万 | 厂 | 力,厂 | 力,EARLIER_KLC_OR_PRIMITIVE_ONLY,PASS,
2038,栃,HORSE CHESTNUT [tree],,とち,,,,栃,栃,,ATOMIC_OR_ROOT_RECORD,PASS,
2039,茨,"BRIAR, THORN",,いばら,,,,茨,茨,,ATOMIC_OR_ROOT_RECORD,PASS,
2040,羨,ENVIOUS,セン,"うらや.む, うらや.ましい",羊 | 次,"sheep | NEXT, SECONDARY",羊,羨 → 羊 + 次,羊 | 欠,羊 | 欠,EARLIER_KLC_OR_PRIMITIVE_ONLY,PASS,
2041,歳,"YEAR, -YEARS OLD","サイ, セイ",,小 | 成 | 止,"small | BECOME, ACHIEVE | stop",小 | 止,歳 → 小 + 成 + 止,小 | 刀 | 戈 | 止,小 | 刀 | 戈 | 止,EARLIER_KLC_OR_PRIMITIVE_ONLY,PASS,
2042,戚,"KIN, RELATIVES, GRIEVE",セキ,,廴 | 戊,"long stride, stretch | scythe",廴,戚 → 廴 + 戊,廴 | 戊,廴,EARLIER_KLC_OR_PRIMITIVE_ONLY,PASS,
2043,叔,UNCLE [younger than parent],シュク,,廴 | 又,"long stride, stretch | again, or, *hand*",廴 | 又,叔 → 廴 + 又,廴 | 又,廴 | 又,EARLIER_KLC_OR_PRIMITIVE_ONLY,PASS,
2044,淑,"GRACEFUL, REFINED",シュク,,水 | 叔,"water, *liquid* | UNCLE [younger than parent]",水,淑 → 水 + 叔,水 | 廴 | 又,水 | 廴 | 又,EARLIER_KLC_OR_PRIMITIVE_ONLY,PASS,
2045,寂,"LONESOME, DESOLATE","ジャク, セキ","さび, さび.しい, さび.れる",叔 | 宀,UNCLE [younger than parent] | roof,宀,寂 → 叔 + 宀,廴 | 又 | 宀,廴 | 又 | 宀,EARLIER_KLC_OR_PRIMITIVE_ONLY,PASS,
2046,督,"SUPERVISE, COMMANDER",トク,,叔 | 目,UNCLE [younger than parent] | eye,目,督 → 叔 + 目,廴 | 又 | 目,廴 | 又 | 目,EARLIER_KLC_OR_PRIMITIVE_ONLY,PASS,
2047,奴,"SLAVE, GUY",ド,やつ*,女 | 又,"woman | again, or, *hand*",女 | 又,奴 → 女 + 又,女 | 又,女 | 又,EARLIER_KLC_OR_PRIMITIVE_ONLY,PASS,
2048,努,EXERT,ド,つと.める,力 | 奴,"power, strength | SLAVE, GUY",力,努 → 力 + 奴,力 | 女 | 又,力 | 女 | 又,EARLIER_KLC_OR_PRIMITIVE_ONLY,PASS,
2049,怒,GET ANGRY,ド,いか.る  おこ.る,奴 | 心,"SLAVE, GUY | heart, mind, spirit",心,怒 → 奴 + 心,女 | 又 | 心,女 | 又 | 心,EARLIER_KLC_OR_PRIMITIVE_ONLY,PASS,
2050,隷,"UNDERLING, FOLLOWER",レイ,,士 | 示 | 水,"scholar, military man | spirit, sign, show | water, *liquid*",士 | 示 | 水,隷 → 士 + 示 + 水,士 | 示 | 水,士 | 示 | 水,EARLIER_KLC_OR_PRIMITIVE_ONLY,PASS,
2051,款,"ARTICLE, FRIENDLY RELATION",カン,,士 | 示 | 欠,"scholar, military man | spirit, sign, show | lack, *open mouth*",士 | 示 | 欠,款 → 士 + 示 + 欠,士 | 示 | 欠,士 | 示 | 欠,EARLIER_KLC_OR_PRIMITIVE_ONLY,PASS,
2052,殻,"HUSK, SHELL",カク,"から, がら",穀,"GRAIN, CEREAL",,殻 → 穀,禾 | 穀,禾,HAS_LATER_KLC_REFERENCE,PASS_WITH_NOTES,Third-party visual mnemonic contains a later KLC reference; it is not treated as a canonical prerequisite; Cycle is reachable in the third-party KLC-linked graph
2053,穀,"GRAIN, CEREAL",コク,,禾 | 殻,"grain | HUSK, SHELL",禾,穀 → 禾 + 殻,禾 | 殻,禾,EARLIER_KLC_OR_PRIMITIVE_ONLY,PASS_WITH_NOTES,Cycle is reachable in the third-party KLC-linked graph
2054,臼,mortar,,,,,,臼,臼,臼,ATOMIC_OR_ROOT_RECORD,PASS_WITH_NOTES,KLC character is represented by its shared RAD record in the component map
2055,毀,"BREAK, DESTROY",キ,こぼ.れる*  こわ.れる*,土 | 殳,"soil, earth | weapon",土 | 殳,毀 → 土 + 殳,土 | 殳,土 | 殳,EARLIER_KLC_OR_PRIMITIVE_ONLY,PASS,
2056,廉,"HONEST, CHEAP",レン,,兼 | 广,"CONCURRENTLY, COMBINE, CANNOT [difficult to] | dotted cliff, *shelter*",广,廉 → 兼 + 广,聿 | 曰 | 广,聿 | 曰 | 广,EARLIER_KLC_OR_PRIMITIVE_ONLY,PASS,
2057,鎌,SICKLE,,かま,兼 | 金,"CONCURRENTLY, COMBINE, CANNOT [difficult to] | metal, gold, money",金,鎌 → 兼 + 金,聿 | 曰 | 金,聿 | 曰 | 金,EARLIER_KLC_OR_PRIMITIVE_ONLY,PASS,
2058,嫌,DISLIKE,"ケン, ゲン","きら.う, きら.い  いや",女 | 兼,"woman | CONCURRENTLY, COMBINE, CANNOT [difficult to]",女,嫌 → 女 + 兼,女 | 聿 | 曰,女 | 聿 | 曰,EARLIER_KLC_OR_PRIMITIVE_ONLY,PASS,
2059,謙,"HUMBLE, MODEST",ケン,,兼 | 言,"CONCURRENTLY, COMBINE, CANNOT [difficult to] | speech, word, say",言,謙 → 兼 + 言,聿 | 曰 | 言,聿 | 曰 | 言,EARLIER_KLC_OR_PRIMITIVE_ONLY,PASS,
2060,遜,"HUMBLE, MODEST",ソン,,孫 | 辵,"GRANDCHILD | walk, *transport*",辵,遜 → 孫 + 辵,子 | 糸 | 辵,子 | 糸 | 辵,EARLIER_KLC_OR_PRIMITIVE_ONLY,PASS,
2061,亀,TURTLE,キ,かめ,,,,亀,亀,,ATOMIC_OR_ROOT_RECORD,PASS,
2062,練,"TRAIN, PRACTICE",レン,"ね.る, ね.り-",糸 | 東,"thread, silk | EAST",糸,練 → 糸 + 東,糸 | 日 | 木,糸 | 日 | 木,EARLIER_KLC_OR_PRIMITIVE_ONLY,PASS,
2063,錬,"REFINE, POLISH",レン,,東 | 金,"EAST | metal, gold, money",金,錬 → 東 + 金,日 | 木 | 金,日 | 木 | 金,EARLIER_KLC_OR_PRIMITIVE_ONLY,PASS,
2064,鍛,"FORGE, DISCIPLINE",タン,きた.える,金 | 段,"metal, gold, money | STEP",金,鍛 → 金 + 段,金 | 殳,金 | 殳,EARLIER_KLC_OR_PRIMITIVE_ONLY,PASS,
2065,鉱,"ORE, MINE",コウ,,金 | 広,"metal, gold, money | WIDE",金,鉱 → 金 + 広,金 | 厶 | 广,金 | 厶 | 广,EARLIER_KLC_OR_PRIMITIVE_ONLY,PASS,
2066,銅,"COPPER, BRONZE",ドウ,,金,"metal, gold, money",金,銅 → 金,金,金,EARLIER_KLC_OR_PRIMITIVE_ONLY,PASS,
2067,鉛,LEAD [metal],エン,なまり,金,"metal, gold, money",金,鉛 → 金,金,金,EARLIER_KLC_OR_PRIMITIVE_ONLY,PASS,
2068,銑,PIG IRON,セン,,金 | 先,"metal, gold, money | AHEAD OF, PREVIOUS",金,銑 → 金 + 先,金 | 先,金,EARLIER_KLC_OR_PRIMITIVE_ONLY,PASS,
2069,鋼,STEEL,コウ,はがね,金 | 岡,"metal, gold, money | HILL",金,鋼 → 金 + 岡,金 | 冂 | 山,金 | 冂 | 山,EARLIER_KLC_OR_PRIMITIVE_ONLY,PASS,
2070,剛,"TOUGH, STRENGTH",ゴウ,,刀 | 岡,"knife, sword, *cut* | HILL",刀,剛 → 刀 + 岡,刀 | 冂 | 山,刀 | 冂 | 山,EARLIER_KLC_OR_PRIMITIVE_ONLY,PASS,
2071,綱,"ROPE, MAIN POINTS",コウ,つな,糸 | 岡,"thread, silk | HILL",糸,綱 → 糸 + 岡,糸 | 冂 | 山,糸 | 冂 | 山,EARLIER_KLC_OR_PRIMITIVE_ONLY,PASS,
2072,網,NET,モウ,あみ,糸 | 亡,"thread, silk | DECEASED",糸,網 → 糸 + 亡,糸 | 亡,糸,EARLIER_KLC_OR_PRIMITIVE_ONLY,PASS,
2073,縄,ROPE,ジョウ,なわ,糸 | 亀,"thread, silk | TURTLE",糸,縄 → 糸 + 亀,糸 | 亀,糸,EARLIER_KLC_OR_PRIMITIVE_ONLY,PASS,
2074,鉢,BOWL,"ハチ, ハツ",,金 | 本,"metal, gold, money | BOOK, ORIGIN, THIS",金,鉢 → 金 + 本,金 | 木,金 | 木,EARLIER_KLC_OR_PRIMITIVE_ONLY,PASS,
2075,鎖,CHAIN,サ,くさり,金 | 貝,"metal, gold, money | shellfish, money, wealth",金 | 貝,鎖 → 金 + 貝,金 | 貝,金 | 貝,EARLIER_KLC_OR_PRIMITIVE_ONLY,PASS,
2076,絆,BONDS,"ハン, バン",きずな,糸,"thread, silk",糸,絆 → 糸,糸,糸,EARLIER_KLC_OR_PRIMITIVE_ONLY,PASS,
2077,鍵,KEY,ケン,かぎ,金 | 建,"metal, gold, money | BUILD",金,鍵 → 金 + 建,金 | 廴 | 聿,金 | 廴 | 聿,EARLIER_KLC_OR_PRIMITIVE_ONLY,PASS,
2078,釘,NAIL [spike],テイ,くぎ,金,"metal, gold, money",金,釘 → 金,金,金,EARLIER_KLC_OR_PRIMITIVE_ONLY,PASS,
2079,錮,LOCK DOWN,コ,,固 | 金,"SOLID, FIRM | metal, gold, money",金,錮 → 固 + 金,古 | 金,金,EARLIER_KLC_OR_PRIMITIVE_ONLY,PASS,
2080,錠,"LOCK, PILL",ジョウ,,金 | 定,"metal, gold, money | FIX, DETERMINE",金,錠 → 金 + 定,金 | 宀 | 疋,金 | 宀 | 疋,EARLIER_KLC_OR_PRIMITIVE_ONLY,PASS,
2081,綻,"UNRAVEL, RIP",タン,ほころ.びる = ほころ.ぶ,定 | 糸,"FIX, DETERMINE | thread, silk",糸,綻 → 定 + 糸,宀 | 疋 | 糸,宀 | 疋 | 糸,EARLIER_KLC_OR_PRIMITIVE_ONLY,PASS,
2082,鈴,SMALL BELL,"レイ, リン",すず,金 | 令,"metal, gold, money | COMMAND",金,鈴 → 金 + 令,金 | 今,金,EARLIER_KLC_OR_PRIMITIVE_ONLY,PASS,
2083,鐘,"BIG BELL, GONG",ショウ,かね,童 | 金,"CHILD | metal, gold, money",金,鐘 → 童 + 金,立 | 金,立 | 金,EARLIER_KLC_OR_PRIMITIVE_ONLY,PASS,
2084,瞳,PUPIL [eye],ドウ,ひとみ,童,CHILD,,瞳 → 童,立,立,EARLIER_KLC_OR_PRIMITIVE_ONLY,PASS,
2085,憧,"YEARN AFTER, ADORE","ショウ, ドウ*",あこが.れる,心 | 童,"heart, mind, spirit | CHILD",心,憧 → 心 + 童,心 | 立,心 | 立,EARLIER_KLC_OR_PRIMITIVE_ONLY,PASS,
2086,憬,"YEARN AFTER, LONG FOR",ケイ,,景 | 心,"SCENE, VIEW | heart, mind, spirit",心,憬 → 景 + 心,京 | 日 | 心,日 | 心,EARLIER_KLC_OR_PRIMITIVE_ONLY,PASS,
2087,卑,"MEAN, DESPICABLE",ヒ,"いや.しい, いや.しむ, いや.しめる",,,,卑,卑,,ATOMIC_OR_ROOT_RECORD,PASS,
2088,碑,MONUMENT,ヒ,,卑 | 石,"MEAN, DESPICABLE | stone, rock",石,碑 → 卑 + 石,卑 | 石,石,EARLIER_KLC_OR_PRIMITIVE_ONLY,PASS,
2089,痺,PARALYSIS,ヒ,しび.れる,疒 | 卑,"sickness, illness | MEAN, DESPICABLE",疒,痺 → 疒 + 卑,疒 | 卑,疒,EARLIER_KLC_OR_PRIMITIVE_ONLY,PASS,
2090,鬼,"ghost, demon",,,,,,鬼,鬼,鬼,ATOMIC_OR_ROOT_RECORD,PASS_WITH_NOTES,KLC character is represented by its shared RAD record in the component map
2091,塊,"LUMP, CHUNK",カイ,かたまり,鬼 | 土,"ghost, demon | soil, earth",鬼 | 土,塊 → 鬼 + 土,鬼 | 土,鬼 | 土,EARLIER_KLC_OR_PRIMITIVE_ONLY,PASS,
2092,醜,UGLY,シュウ,みにく.い,酒 | 鬼,"ALCOHOLIC DRINK | ghost, demon",鬼,醜 → 酒 + 鬼,水 | 鬼,水 | 鬼,EARLIER_KLC_OR_PRIMITIVE_ONLY,PASS,
2093,魂,"SOUL, SPIRIT",コン,たましい,云 | 鬼,"cloud | ghost, demon",鬼,魂 → 云 + 鬼,云 | 鬼,鬼,EARLIER_KLC_OR_PRIMITIVE_ONLY,PASS,
2094,魅,CHARM,ミ,,鬼 | 未,"ghost, demon | NOT YET",鬼,魅 → 鬼 + 未,鬼 | 木,鬼 | 木,EARLIER_KLC_OR_PRIMITIVE_ONLY,PASS,
2095,魔,DEMON,マ,,鬼 | 麻,"ghost, demon | hemp, numb",鬼 | 麻,魔 → 鬼 + 麻,鬼 | 麻,鬼 | 麻,EARLIER_KLC_OR_PRIMITIVE_ONLY,PASS,
2096,畏,FEAR,イ,"おそ.れ, おそ.れる",衣 | 鬼,"clothes, garment | ghost, demon",衣 | 鬼,畏 → 衣 + 鬼,衣 | 鬼,衣 | 鬼,EARLIER_KLC_OR_PRIMITIVE_ONLY,PASS,
2097,刷,PRINT,サツ,"す.る, -ず.り,  -ずり",刀 | 巾 | 戸,"knife, sword, *cut* | cloth, towel, scarf | door",刀 | 巾 | 戸,刷 → 刀 + 巾 + 戸,刀 | 巾 | 戸,刀 | 巾 | 戸,EARLIER_KLC_OR_PRIMITIVE_ONLY,PASS,
2098,擦,RUB,サツ,"す.る, す.れる, -ず.れ",察 | 手,"INSPECT, GUESS | hand, performer of action",手,擦 → 察 + 手,宀 | 示 | 手,宀 | 示 | 手,EARLIER_KLC_OR_PRIMITIVE_ONLY,PASS,
2099,摩,RUB AGAINST,マ,,手,"hand, performer of action",手,摩 → 手,手,手,EARLIER_KLC_OR_PRIMITIVE_ONLY,PASS,
2100,磨,POLISH,マ,みが.く,石,"stone, rock",石,磨 → 石,石,石,EARLIER_KLC_OR_PRIMITIVE_ONLY,PASS,
2101,凹,CONCAVE,オウ,へこ.む  ぼこ,,,,凹,凹,,ATOMIC_OR_ROOT_RECORD,PASS,
2102,凸,CONVEX,トツ,でこ*,,,,凸,凸,,ATOMIC_OR_ROOT_RECORD,PASS,
2103,奉,"DEDICATE, OFFER","ホウ, ブ",たてまつ.る,,,,奉,奉,,ATOMIC_OR_ROOT_RECORD,PASS,
2104,奏,PLAY MUSIC,ソウ,かな.でる,,,,奏,奏,,ATOMIC_OR_ROOT_RECORD,PASS,
2105,泰,TRANQUIL,タイ,,水,"water, *liquid*",水,泰 → 水,水,水,EARLIER_KLC_OR_PRIMITIVE_ONLY,PASS,
2106,俸,SALARY,ホウ,,人 | 奉,"person, *roof* | DEDICATE, OFFER",人,俸 → 人 + 奉,人 | 奉,人,EARLIER_KLC_OR_PRIMITIVE_ONLY,PASS,
2107,棒,"ROD, STICK",ボウ,,奉 | 木,"DEDICATE, OFFER | tree",木,棒 → 奉 + 木,奉 | 木,木,EARLIER_KLC_OR_PRIMITIVE_ONLY,PASS,
2108,捧,OFFER RESPECTFULLY,ホウ,ささ.げる = ささ.ぐ,奉 | 手,"DEDICATE, OFFER | hand, performer of action",手,捧 → 奉 + 手,奉 | 手,手,EARLIER_KLC_OR_PRIMITIVE_ONLY,PASS,
2109,耐,"WITHSTAND, ENDURE",タイ,た.える,而 | 寸,"roots | measurement, tenth of shaku, a bit of",寸,耐 → 而 + 寸,而 | 寸,寸,EARLIER_KLC_OR_PRIMITIVE_ONLY,PASS,
2110,霊,SPIRIT,"レイ, リョウ",たま,並 | 雨,LINE UP | rain,雨,霊 → 並 + 雨,並 | 雨,雨,EARLIER_KLC_OR_PRIMITIVE_ONLY,PASS,
2111,需,"DEMAND, NEED",ジュ,,而 | 雨,roots | rain,雨,需 → 而 + 雨,而 | 雨,雨,EARLIER_KLC_OR_PRIMITIVE_ONLY,PASS,
2112,濡,WET,ジュ*,"ぬ.れる, ぬ.らす",需 | 水,"DEMAND, NEED | water, *liquid*",水,濡 → 需 + 水,而 | 雨 | 水,雨 | 水,EARLIER_KLC_OR_PRIMITIVE_ONLY,PASS,
2113,儒,CONFUCIANISM,ジュ,,需 | 人,"DEMAND, NEED | person, *roof*",人,儒 → 需 + 人,而 | 雨 | 人,雨 | 人,EARLIER_KLC_OR_PRIMITIVE_ONLY,PASS,
2114,端,"EDGE, EXTREMITY",タン,"は  はし  はた, -ばた",立 | 山 | 而,stand | mountain | roots,立 | 山,端 → 立 + 山 + 而,立 | 山 | 而,立 | 山,EARLIER_KLC_OR_PRIMITIVE_ONLY,PASS,
2115,壱,ONE [in legal documents],イチ,,士 | 匕 | 冖,"scholar, military man | spoon, *seated person* | cloth cover",士 | 匕 | 冖,壱 → 士 + 匕 + 冖,士 | 匕 | 冖,士 | 匕 | 冖,EARLIER_KLC_OR_PRIMITIVE_ONLY,PASS,
2116,尼,NUN,ニ,あま,戸 | 匕,"door | spoon, *seated person*",戸 | 匕,尼 → 戸 + 匕,戸 | 匕,戸 | 匕,EARLIER_KLC_OR_PRIMITIVE_ONLY,PASS,
2117,泥,MUD,デイ,どろ,尼 | 水,"NUN | water, *liquid*",水,泥 → 尼 + 水,戸 | 匕 | 水,戸 | 匕 | 水,EARLIER_KLC_OR_PRIMITIVE_ONLY,PASS,
2118,漏,LEAK,ロウ,"も.る, も.れる, も.らす",雨 | 水 | 戸,"rain | water, *liquid* | door",雨 | 水 | 戸,漏 → 雨 + 水 + 戸,雨 | 水 | 戸,雨 | 水 | 戸,EARLIER_KLC_OR_PRIMITIVE_ONLY,PASS,
2119,氾,"FLOOD, SPREAD OUT",ハン,,水 | 卩,"water, *liquid* | seal [device]",水 | 卩,氾 → 水 + 卩,水 | 卩,水 | 卩,EARLIER_KLC_OR_PRIMITIVE_ONLY,PASS,
2120,彙,CATALOG,イ,,果,"FRUIT, ACCOMPLISH, RESULT",,彙 → 果,木,木,EARLIER_KLC_OR_PRIMITIVE_ONLY,PASS,
2121,某,"A CERTAIN, ONE",ボウ,,木 | 甘,tree | sweet,木 | 甘,某 → 木 + 甘,木 | 甘,木 | 甘,EARLIER_KLC_OR_PRIMITIVE_ONLY,PASS,
2122,謀,SCHEME,"ボウ, ム",はか.る,言 | 某,"speech, word, say | A CERTAIN, ONE",言,謀 → 言 + 某,言 | 木 | 甘,言 | 木 | 甘,EARLIER_KLC_OR_PRIMITIVE_ONLY,PASS,
2123,媒,MEDIATE,バイ,,女 | 某,"woman | A CERTAIN, ONE",女,媒 → 女 + 某,女 | 木 | 甘,女 | 木 | 甘,EARLIER_KLC_OR_PRIMITIVE_ONLY,PASS,
2124,尉,OFFICER,イ,,尸 | 示 | 寸,"corpse, *flag* | spirit, sign, show | measurement, tenth of shaku, a bit of",尸 | 示 | 寸,尉 → 尸 + 示 + 寸,尸 | 示 | 寸,尸 | 示 | 寸,EARLIER_KLC_OR_PRIMITIVE_ONLY,PASS,
2125,慰,"CONSOLATION, CHEER",イ,"なぐさ.める, なぐさ.む",尉 | 心,"OFFICER | heart, mind, spirit",心,慰 → 尉 + 心,尸 | 示 | 寸 | 心,尸 | 示 | 寸 | 心,EARLIER_KLC_OR_PRIMITIVE_ONLY,PASS,
2126,酪,DAIRY PRODUCTS,ラク,,酉 | 各,"wine, liquor, *bottle* | EACH, *cabin*",酉,酪 → 酉 + 各,酉 | 夂 | 口,酉 | 夂 | 口,EARLIER_KLC_OR_PRIMITIVE_ONLY,PASS,
2127,酵,FERMENT,コウ,,酉 | 孝,"wine, liquor, *bottle* | FILIAL PIETY",酉,酵 → 酉 + 孝,酉 | 子 | 老,酉 | 子 | 老,EARLIER_KLC_OR_PRIMITIVE_ONLY,PASS,
2128,醤,"SOY SAUCE, FERMENTED FOOD",ショウ,,将 | 酉,"GENERAL OFFICER | wine, liquor, *bottle*",酉,醤 → 将 + 酉,爪 | 爿 | 寸 | 酉,爪 | 爿 | 寸 | 酉,EARLIER_KLC_OR_PRIMITIVE_ONLY,PASS,
2129,酢,VINEGAR,サク,す,酉 | 乍,"wine, liquor, *bottle* | saw",酉,酢 → 酉 + 乍,酉 | 乍,酉,EARLIER_KLC_OR_PRIMITIVE_ONLY,PASS,
2130,酎,JAPANESE DISTILLED LIQUOR [shōchū],チュウ,,寸 | 酉,"measurement, tenth of shaku, a bit of | wine, liquor, *bottle*",寸 | 酉,酎 → 寸 + 酉,寸 | 酉,寸 | 酉,EARLIER_KLC_OR_PRIMITIVE_ONLY,PASS,
2131,酌,POUR SAKE,シャク,く.む,酉,"wine, liquor, *bottle*",酉,酌 → 酉,酉,酉,EARLIER_KLC_OR_PRIMITIVE_ONLY,PASS,
2132,釣,"ANGLE, FISHING",チョウ*,"つ.る, つ.り[-]",金,"metal, gold, money",金,釣 → 金,金,金,EARLIER_KLC_OR_PRIMITIVE_ONLY,PASS,
2133,畜,LIVESTOCK,チク,,幺 | 田,"short thread, *child* | rice field, *head*",幺 | 田,畜 → 幺 + 田,幺 | 田,幺 | 田,EARLIER_KLC_OR_PRIMITIVE_ONLY,PASS,
2134,蓄,STORE UP,チク,たくわ.える,艸 | 畜,"grass, vegetation | LIVESTOCK",艸,蓄 → 艸 + 畜,艸 | 幺 | 田,艸 | 幺 | 田,EARLIER_KLC_OR_PRIMITIVE_ONLY,PASS,
2135,玄,"profound, occult",,,幺 | 亠,"short thread, *child* | lid",幺 | 亠,玄 → 幺 + 亠,幺 | 亠,幺 | 亠,EARLIER_KLC_OR_PRIMITIVE_ONLY,PASS_WITH_NOTES,KLC character is represented by its shared RAD record in the component map
2136,眩,"DAZZLING, DIZZY",ゲン,まぶ.しい  まばゆ.い  くるめ.く,目 | 玄,"eye | profound, occult",目 | 玄,眩 → 目 + 玄,目 | 玄,目 | 玄,EARLIER_KLC_OR_PRIMITIVE_ONLY,PASS,
2137,呟,"MUTTER, GRUMBLE",ゲン*,つぶや.く,口 | 玄,"mouth, *opening* | profound, occult",口 | 玄,呟 → 口 + 玄,口 | 玄,口 | 玄,EARLIER_KLC_OR_PRIMITIVE_ONLY,PASS,
2138,囁,WHISPER,,ささや.く,耳 | 口,"ear, hearing | mouth, *opening*",耳 | 口,囁 → 耳 + 口,耳 | 口,耳 | 口,EARLIER_KLC_OR_PRIMITIVE_ONLY,PASS,
2139,喋,"SPEAK, CHAT",チョウ*,しゃべ.る,口 | 葉,"mouth, *opening* | LEAF",口,喋 → 口 + 葉,口 | 艸 | 木 | 世,口 | 艸 | 木,EARLIER_KLC_OR_PRIMITIVE_ONLY,PASS,
2140,喩,"METAPHOR, COMPARE",ユ,たと.える*,口 | 俞,"mouth, *opening* | butcher shop, sliced meat",口,喩 → 口 + 俞,口 | 俞,口,EARLIER_KLC_OR_PRIMITIVE_ONLY,PASS,
2141,鬱,"DEPRESSION, CONGESTED",ウツ,,鬯 | 缶,"sacrificial wine, spiced liquor | jar, can",鬯 | 缶,鬱 → 鬯 + 缶,鬯 | 缶,鬯 | 缶,EARLIER_KLC_OR_PRIMITIVE_ONLY,PASS,
2142,弦,STRING [of musical instrument],ゲン,つる,弓 | 玄,"bow | profound, occult",弓 | 玄,弦 → 弓 + 玄,弓 | 玄,弓 | 玄,EARLIER_KLC_OR_PRIMITIVE_ONLY,PASS,
2143,舷,GUNWALE [side of boat],ゲン,,舟,boat,舟,舷 → 舟,舟,舟,EARLIER_KLC_OR_PRIMITIVE_ONLY,PASS,
2144,舵,"RUDDER, HELM [boat]",ダ,かじ,舟,boat,舟,舵 → 舟,舟,舟,EARLIER_KLC_OR_PRIMITIVE_ONLY,PASS,
2145,幻,"PHANTOM, ILLUSION",ゲン,まぼろし,幺,"short thread, *child*",幺,幻 → 幺,幺,幺,EARLIER_KLC_OR_PRIMITIVE_ONLY,PASS,
2146,幽,"SECLUDED, DEEP",ユウ,,幺 | 山,"short thread, *child* | mountain",幺 | 山,幽 → 幺 + 山,幺 | 山,幺 | 山,EARLIER_KLC_OR_PRIMITIVE_ONLY,PASS,
2147,幼,VERY YOUNG,ヨウ,おさな.い,力 | 幺,"power, strength | short thread, *child*",力 | 幺,幼 → 力 + 幺,力 | 幺,力 | 幺,EARLIER_KLC_OR_PRIMITIVE_ONLY,PASS,
2148,稚,"IMMATURE, YOUNG",チ,,隹 | 禾,small bird | grain,隹 | 禾,稚 → 隹 + 禾,隹 | 禾,隹 | 禾,EARLIER_KLC_OR_PRIMITIVE_ONLY,PASS,
2149,維,FIBER,イ,,隹 | 糸,"small bird | thread, silk",隹 | 糸,維 → 隹 + 糸,隹 | 糸,隹 | 糸,EARLIER_KLC_OR_PRIMITIVE_ONLY,PASS,
2150,推,"CONJECTURE, PUSH FORWARD",スイ,お.す,手 | 隹,"hand, performer of action | small bird",手 | 隹,推 → 手 + 隹,手 | 隹,手 | 隹,EARLIER_KLC_OR_PRIMITIVE_ONLY,PASS,
2151,堆,PILE UP,タイ,うずたか.い*,隹 | 土,"small bird | soil, earth",隹 | 土,堆 → 隹 + 土,隹 | 土,隹 | 土,EARLIER_KLC_OR_PRIMITIVE_ONLY,PASS,
2152,椎,"CHINQUAPIN [chestnut], SPINE",ツイ,しい*,隹 | 木,small bird | tree,隹 | 木,椎 → 隹 + 木,隹 | 木,隹 | 木,EARLIER_KLC_OR_PRIMITIVE_ONLY,PASS,
2153,脊,SPINE,セキ,,月,"moon, month, *flesh*, *body part*",月,脊 → 月,月,月,EARLIER_KLC_OR_PRIMITIVE_ONLY,PASS,
2154,雛,CHICK,"スウ, ジュ*",ひな  ひよこ,隹,small bird,隹,雛 → 隹,隹,隹,EARLIER_KLC_OR_PRIMITIVE_ONLY,PASS,
2155,誰,WHO,スイ*,だれ,隹 | 言,"small bird | speech, word, say",隹 | 言,誰 → 隹 + 言,隹 | 言,隹 | 言,EARLIER_KLC_OR_PRIMITIVE_ONLY,PASS,
2156,唯,"MERELY, ONLY","ユイ, イ",,隹 | 口,"small bird | mouth, *opening*",隹 | 口,唯 → 隹 + 口,隹 | 口,隹 | 口,EARLIER_KLC_OR_PRIMITIVE_ONLY,PASS,
2157,鳴,"CRY, SOUND, CHIRP",メイ,"な.く, な.る, な.らす",鳥 | 口,"bird | mouth, *opening*",鳥 | 口,鳴 → 鳥 + 口,鳥 | 口,鳥 | 口,EARLIER_KLC_OR_PRIMITIVE_ONLY,PASS,
2158,亥,SIGN OF THE BOAR,ガイ,い,,,,亥,亥,,ATOMIC_OR_ROOT_RECORD,PASS,
2159,刻,"CARVE, POINT IN TIME",コク,"きざ.む, きざ.み",刀 | 亥,"knife, sword, *cut* | SIGN OF THE BOAR",刀,刻 → 刀 + 亥,刀 | 亥,刀,EARLIER_KLC_OR_PRIMITIVE_ONLY,PASS,
2160,劾,EXPOSE CRIMES,ガイ,,力 | 亥,"power, strength | SIGN OF THE BOAR",力,劾 → 力 + 亥,力 | 亥,力,EARLIER_KLC_OR_PRIMITIVE_ONLY,PASS,
2161,核,"NUCLEUS, CORE",カク,,亥 | 木,SIGN OF THE BOAR | tree,木,核 → 亥 + 木,亥 | 木,木,EARLIER_KLC_OR_PRIMITIVE_ONLY,PASS,
2162,骸,"BODY, SKELETON",ガイ,,骨 | 亥,bone | SIGN OF THE BOAR,骨,骸 → 骨 + 亥,骨 | 亥,骨,EARLIER_KLC_OR_PRIMITIVE_ONLY,PASS,
2163,咳,COUGH,ガイ,せき  せ.く,口 | 亥,"mouth, *opening* | SIGN OF THE BOAR",口,咳 → 口 + 亥,口 | 亥,口,EARLIER_KLC_OR_PRIMITIVE_ONLY,PASS,
2164,該,"ABOVE-STATED, CORRESPONDING",ガイ,,,,,該,該,,ATOMIC_OR_ROOT_RECORD,PASS,
2165,診,EXAMINE A PATIENT,シン,み.る,言 | 彡,"speech, word, say | hair, fur, *chisel*",言 | 彡,診 → 言 + 彡,言 | 彡,言 | 彡,EARLIER_KLC_OR_PRIMITIVE_ONLY,PASS,
2166,珍,RARE,チン,めずら.しい,玉,"jewel, spherical object",玉,珍 → 玉,玉,玉,EARLIER_KLC_OR_PRIMITIVE_ONLY,PASS,
2167,瓦,tile,,,,,,瓦,瓦,瓦,ATOMIC_OR_ROOT_RECORD,PASS_WITH_NOTES,KLC character is represented by its shared RAD record in the component map
2168,併,PUT TOGETHER,ヘイ,あわ.せる,人 | 开,"person, *roof* | torii gate",人,併 → 人 + 开,人 | 开,人,EARLIER_KLC_OR_PRIMITIVE_ONLY,PASS,
2169,瓶,BOTTLE,ビン,,,,,瓶,瓶,,ATOMIC_OR_ROOT_RECORD,PASS,
2170,屏,"FENCE, WALL","ビョウ, ヘイ",,戸,door,戸,屏 → 戸,戸,戸,EARLIER_KLC_OR_PRIMITIVE_ONLY,PASS,
2171,塀,"WALL, FENCE",ヘイ,,屏 | 土,"FENCE, WALL | soil, earth",土,塀 → 屏 + 土,戸 | 土,戸 | 土,EARLIER_KLC_OR_PRIMITIVE_ONLY,PASS,
2172,餅,"RICE CAKE, MOCHI",ヘイ,もち,食 | 开,eat | torii gate,食,餅 → 食 + 开,食 | 开,食,EARLIER_KLC_OR_PRIMITIVE_ONLY,PASS,
2173,餌,"FEED, BAIT",ジ,え  えさ,耳 | 食,"ear, hearing | eat",耳 | 食,餌 → 耳 + 食,耳 | 食,耳 | 食,EARLIER_KLC_OR_PRIMITIVE_ONLY,PASS,
2174,呑,"SWALLOW, GULP",ドン,の.む,口,"mouth, *opening*",口,呑 → 口,口,口,EARLIER_KLC_OR_PRIMITIVE_ONLY,PASS,
2175,沃,FERTILITY,ヨク,,水,"water, *liquid*",水,沃 → 水,水,水,EARLIER_KLC_OR_PRIMITIVE_ONLY,PASS,
2176,妖,BEWITCHING,ヨウ,あや.しい,女,woman,女,妖 → 女,女,女,EARLIER_KLC_OR_PRIMITIVE_ONLY,PASS,
2177,呪,"CHARM, CURSE",ジュ,のろ.う  まじな.う*,兄 | 口,"OLDER BROTHER | mouth, *opening*",口,呪 → 兄 + 口,口 | 儿,口 | 儿,EARLIER_KLC_OR_PRIMITIVE_ONLY,PASS,
2178,艶,"CHARMING, ROMANCE, GLOSSY",エン,つや  なま.めかしい*  あで.やか*,豊 | 色,ABUNDANT [bountiful] | color,色,艶 → 豊 + 色,豆 | 色,豆 | 色,EARLIER_KLC_OR_PRIMITIVE_ONLY,PASS,
2179,慈,"AFFECTIONATE, MERCY",ジ,いつく.しむ,幺 | 心,"short thread, *child* | heart, mind, spirit",幺 | 心,慈 → 幺 + 心,幺 | 心,幺 | 心,EARLIER_KLC_OR_PRIMITIVE_ONLY,PASS,
2180,滋,NOURISH,ジ,,水 | 幺,"water, *liquid* | short thread, *child*",水 | 幺,滋 → 水 + 幺,水 | 幺,水 | 幺,EARLIER_KLC_OR_PRIMITIVE_ONLY,PASS,
2181,磁,MAGNETISM,ジ,,幺 | 石,"short thread, *child* | stone, rock",幺 | 石,磁 → 幺 + 石,幺 | 石,幺 | 石,EARLIER_KLC_OR_PRIMITIVE_ONLY,PASS,
2182,擁,"EMBRACE, PROTECT",ヨウ,,手 | 亠 | 幺 | 隹,"hand, performer of action | lid | short thread, *child* | small bird",手 | 亠 | 幺 | 隹,擁 → 手 + 亠 + 幺 + 隹,手 | 亠 | 幺 | 隹,手 | 亠 | 幺 | 隹,EARLIER_KLC_OR_PRIMITIVE_ONLY,PASS,
2183,腐,"ROT, DECAY",フ,"[-]くさ.る, くさ.れる, くさ.れ, くさ.らす",肉 | 府,meat | GOVERNMENT OFFICE,肉,腐 → 肉 + 府,肉 | 广 | 人 | 寸,肉 | 广 | 人 | 寸,EARLIER_KLC_OR_PRIMITIVE_ONLY,PASS,
2184,芯,"CORE, WICK [candle]",シン,,心 | 艸,"heart, mind, spirit | grass, vegetation",心 | 艸,芯 → 心 + 艸,心 | 艸,心 | 艸,EARLIER_KLC_OR_PRIMITIVE_ONLY,PASS,
2185,蒔,"SOW, SCATTER","ジ, シ",ま.く,艸 | 時,"grass, vegetation | TIME",艸,蒔 → 艸 + 時,艸 | 日 | 寸 | 土,艸 | 日 | 寸 | 土,EARLIER_KLC_OR_PRIMITIVE_ONLY,PASS,
2186,撒,"SCATTER, SPILL","サン, サツ",ま.く,手 | 散,"hand, performer of action | SCATTER, DISPERSE",手,撒 → 手 + 散,手 | 攴 | 月 | 士,手 | 攴 | 月 | 士,EARLIER_KLC_OR_PRIMITIVE_ONLY,PASS,
2187,撤,"WITHDRAW, REMOVE",テツ,,育 | 手 | 攴,"RAISE [bring up] | hand, performer of action | hit, strike, *action*",手 | 攴,撤 → 育 + 手 + 攴,月 | 手 | 攴,月 | 手 | 攴,EARLIER_KLC_OR_PRIMITIVE_ONLY,PASS,
2188,徹,"GO THROUGH, PENETRATE",テツ,,育 | 彳 | 攴,"RAISE [bring up] | linger, stop, go | hit, strike, *action*",彳 | 攴,徹 → 育 + 彳 + 攴,月 | 彳 | 攴,月 | 彳 | 攴,EARLIER_KLC_OR_PRIMITIVE_ONLY,PASS,
2189,微,"DELICATE, MINUTE",ビ,かす.か*,,,,微,微,,ATOMIC_OR_ROOT_RECORD,PASS,
2190,徴,"IMPOSE, SIGN",チョウ,,玉 | 山,"jewel, spherical object | mountain",玉 | 山,徴 → 玉 + 山,玉 | 山,玉 | 山,EARLIER_KLC_OR_PRIMITIVE_ONLY,PASS,
2191,懲,"CHASTISE, PUNISH",チョウ,"こ.りる, こ.らす = こ.らしめる",徴 | 心,"IMPOSE, SIGN | heart, mind, spirit",心,懲 → 徴 + 心,玉 | 山 | 心,玉 | 山 | 心,EARLIER_KLC_OR_PRIMITIVE_ONLY,PASS,
2192,殆,"ALMOST, QUITE","タイ, ダイ",ほとん.ど  ほとほと,台 | 歹,"PLATFORM, VEHICLES COUNTER, TAIWAN | death",歹,殆 → 台 + 歹,台 | 歹,歹,EARLIER_KLC_OR_PRIMITIVE_ONLY,PASS,
2193,后,EMPRESS,コウ,,口,"mouth, *opening*",口,后 → 口,口,口,EARLIER_KLC_OR_PRIMITIVE_ONLY,PASS,
2194,垢,DIRT,"コウ, ク",あか,后 | 土,"EMPRESS | soil, earth",土,垢 → 后 + 土,口 | 土,口 | 土,EARLIER_KLC_OR_PRIMITIVE_ONLY,PASS,
2195,妃,"PRINCESS, CONSORT",ヒ,,女 | 己,"woman | oneself, *roll*",女 | 己,妃 → 女 + 己,女 | 己,女 | 己,EARLIER_KLC_OR_PRIMITIVE_ONLY,PASS,
2196,姫,PRINCESS,,ひめ[-],女 | 臣,"woman | minister, subject, servant",女 | 臣,姫 → 女 + 臣,女 | 臣,女 | 臣,EARLIER_KLC_OR_PRIMITIVE_ONLY,PASS,
2197,如,"AS IF, LIKENESS","ジョ, ニョ",ごと.し*,女 | 口,"woman | mouth, *opening*",女 | 口,如 → 女 + 口,女 | 口,女 | 口,EARLIER_KLC_OR_PRIMITIVE_ONLY,PASS,
2198,茹,"BOIL, SEETHE",ジョ,ゆ.でる  う.でる,艸 | 如,"grass, vegetation | AS IF, LIKENESS",艸,茹 → 艸 + 如,艸 | 女 | 口,艸 | 女 | 口,EARLIER_KLC_OR_PRIMITIVE_ONLY,PASS,
2199,婿,SON-IN-LAW,セイ,むこ,女 | 月 | 疋,"woman | moon, month, *flesh*, *body part* | bolt of cloth",女 | 月 | 疋,婿 → 女 + 月 + 疋,女 | 月 | 疋,女 | 月 | 疋,EARLIER_KLC_OR_PRIMITIVE_ONLY,PASS,
2200,娘,"DAUGHTER, GIRL",,むすめ,良 | 女,GOOD | woman,女,娘 → 良 + 女,艮 | 女,艮 | 女,EARLIER_KLC_OR_PRIMITIVE_ONLY,PASS,
2201,嫁,"WED A MAN, BRIDE",カ,よめ  とつ.ぐ,女 | 家,"woman | HOUSE, FAMILY",女,嫁 → 女 + 家,女 | 豕 | 宀,女 | 豕 | 宀,EARLIER_KLC_OR_PRIMITIVE_ONLY,PASS,
2202,稼,"WORK, EARNINGS",カ,かせ.ぐ,禾 | 家,"grain | HOUSE, FAMILY",禾,稼 → 禾 + 家,禾 | 豕 | 宀,禾 | 豕 | 宀,EARLIER_KLC_OR_PRIMITIVE_ONLY,PASS,
2203,塚,"MOUND, HILLOCK",,"つか, -づか",家 | 土,"HOUSE, FAMILY | soil, earth",土,塚 → 家 + 土,豕 | 宀 | 土,豕 | 宀 | 土,EARLIER_KLC_OR_PRIMITIVE_ONLY,PASS,
2204,豪,"GREAT, MAGNIFICENT",ゴウ,,高 | 家,"high, amount, tall | HOUSE, FAMILY",高,豪 → 高 + 家,高 | 豕 | 宀,高 | 豕 | 宀,EARLIER_KLC_OR_PRIMITIVE_ONLY,PASS,
2205,蒙,"IGNORANCE, DARKNESS, PHONETIC [MŌ]",モウ,,家 | 艸,"HOUSE, FAMILY | grass, vegetation",艸,蒙 → 家 + 艸,豕 | 宀 | 艸,豕 | 宀 | 艸,EARLIER_KLC_OR_PRIMITIVE_ONLY,PASS,
2206,墾,CLEAR FARMING LAND,コン,,家 | 艮 | 豸,"HOUSE, FAMILY | stopping | badger",艮 | 豸,墾 → 家 + 艮 + 豸,豕 | 宀 | 艮 | 豸,豕 | 宀 | 艮 | 豸,EARLIER_KLC_OR_PRIMITIVE_ONLY,PASS,
2207,懇,"FAMILIAR, EARNEST, INTIMATE",コン,ねんご.ろ,艮 | 豸 | 心,"stopping | badger | heart, mind, spirit",艮 | 豸 | 心,懇 → 艮 + 豸 + 心,艮 | 豸 | 心,艮 | 豸 | 心,EARLIER_KLC_OR_PRIMITIVE_ONLY,PASS,
2208,貌,"APPEARANCE, FORM",ボウ,,豸 | 白 | 儿,"badger | white | son, legs",豸 | 白 | 儿,貌 → 豸 + 白 + 儿,豸 | 白 | 儿,豸 | 白 | 儿,EARLIER_KLC_OR_PRIMITIVE_ONLY,PASS,
2209,逐,"PURSUE, ONE BY ONE",チク,,辵 | 豕,"walk, *transport* | pig",辵 | 豕,逐 → 辵 + 豕,辵 | 豕,辵 | 豕,EARLIER_KLC_OR_PRIMITIVE_ONLY,PASS,
2210,遂,"ACCOMPLISH, COMMIT",スイ,と.げる  つい.に*,逐,"PURSUE, ONE BY ONE",,遂 → 逐,辵 | 豕,辵 | 豕,EARLIER_KLC_OR_PRIMITIVE_ONLY,PASS,
2211,墜,DROP DOWN,ツイ,,豕 | 阜 | 土,"pig | hill [left of kanji] | soil, earth",豕 | 阜 | 土,墜 → 豕 + 阜 + 土,豕 | 阜 | 土,豕 | 阜 | 土,EARLIER_KLC_OR_PRIMITIVE_ONLY,PASS,
2212,堕,"DEGENERATE, DESCEND",ダ,,有 | 阜 | 土,"HAVE, EXIST | hill [left of kanji] | soil, earth",阜 | 土,堕 → 有 + 阜 + 土,月 | 又 | 阜 | 土,月 | 又 | 阜 | 土,EARLIER_KLC_OR_PRIMITIVE_ONLY,PASS,
2213,随,FOLLOW,ズイ,,辵 | 有 | 阜,"walk, *transport* | HAVE, EXIST | hill [left of kanji]",辵 | 阜,随 → 辵 + 有 + 阜,辵 | 月 | 又 | 阜,辵 | 月 | 又 | 阜,EARLIER_KLC_OR_PRIMITIVE_ONLY,PASS,
2214,附,BE ATTACHED,フ,,,,,附,附,,ATOMIC_OR_ROOT_RECORD,PASS,
2215,髄,MARROW,ズイ,,有 | 辵 | 骨,"HAVE, EXIST | walk, *transport* | bone",辵 | 骨,髄 → 有 + 辵 + 骨,月 | 又 | 辵 | 骨,月 | 又 | 辵 | 骨,EARLIER_KLC_OR_PRIMITIVE_ONLY,PASS,
2216,怠,"NEGLECT, LAZINESS",タイ,なま.ける  おこた.る,心 | 台,"heart, mind, spirit | PLATFORM, VEHICLES COUNTER, TAIWAN",心,怠 → 心 + 台,心 | 台,心,EARLIER_KLC_OR_PRIMITIVE_ONLY,PASS,
2217,惰,LAZY,ダ,,心 | 左,"heart, mind, spirit | LEFT",心,惰 → 心 + 左,心 | 工,心 | 工,EARLIER_KLC_OR_PRIMITIVE_ONLY,PASS,
2218,佐,"ASSIST, FIELD OFFICER",サ,,左 | 人,"LEFT | person, *roof*",人,佐 → 左 + 人,工 | 人,工 | 人,EARLIER_KLC_OR_PRIMITIVE_ONLY,PASS,
2219,玩,"PLAY, JOKE",ガン,もてあそ.ぶ*,玉 | 元,"jewel, spherical object | ORIGIN",玉,玩 → 玉 + 元,玉 | 元,玉,EARLIER_KLC_OR_PRIMITIVE_ONLY,PASS,
2220,弄,"PLAY WITH, TAMPER",ロウ,もてあそ.ぶ,廾 | 玉,"arch, *two hands* | jewel, spherical object",廾 | 玉,弄 → 廾 + 玉,廾 | 玉,廾 | 玉,EARLIER_KLC_OR_PRIMITIVE_ONLY,PASS,
2221,嘲,RIDICULE,チョウ,あざけ.る,口 | 朝,"mouth, *opening* | MORNING, DYNASTY",口,嘲 → 口 + 朝,口 | 日 | 十 | 月,口 | 日 | 十 | 月,EARLIER_KLC_OR_PRIMITIVE_ONLY,PASS,
2222,奔,"RUSH, RUN",ホン,,大 | 廾,"big, university | arch, *two hands*",大 | 廾,奔 → 大 + 廾,大 | 廾,大 | 廾,EARLIER_KLC_OR_PRIMITIVE_ONLY,PASS,
2223,弊,"EVIL PRACTICE, ABUSE",ヘイ,,敝 | 廾,"dry | arch, *two hands*",廾,弊 → 敝 + 廾,敝 | 廾,廾,EARLIER_KLC_OR_PRIMITIVE_ONLY,PASS,
2224,幣,"CURRENCY, SHINTŌ PAPER OFFERING",ヘイ,,敝 | 巾,"dry | cloth, towel, scarf",巾,幣 → 敝 + 巾,敝 | 巾,巾,EARLIER_KLC_OR_PRIMITIVE_ONLY,PASS,
2225,蔽,"COVER, CONCEAL",ヘイ,,敝 | 艸,"dry | grass, vegetation",艸,蔽 → 敝 + 艸,敝 | 艸,艸,EARLIER_KLC_OR_PRIMITIVE_ONLY,PASS,
2226,朋,COMRADE,ホウ,とも,,,,朋,朋,,ATOMIC_OR_ROOT_RECORD,PASS,
2227,棚,SHELF,,"たな, -だな",木,tree,木,棚 → 木,木,木,EARLIER_KLC_OR_PRIMITIVE_ONLY,PASS,
2228,柵,FENCE,サク,,木,tree,木,柵 → 木,木,木,EARLIER_KLC_OR_PRIMITIVE_ONLY,PASS,
2229,桁,"GIRDER, DIGIT [abacus]",,けた,行 | 木,"go, act | tree",行 | 木,桁 → 行 + 木,行 | 木,行 | 木,EARLIER_KLC_OR_PRIMITIVE_ONLY,PASS,
2230,栓,"STOPPER, SPIGOT, CORK",セン,,木 | 全,tree | WHOLE,木,栓 → 木 + 全,木 | 王 | 人,木 | 人,EARLIER_KLC_OR_PRIMITIVE_ONLY,PASS,
2231,詮,"INQUIRY, DISCUSSION",セン,,言 | 全,"speech, word, say | WHOLE",言,詮 → 言 + 全,言 | 王 | 人,言 | 人,EARLIER_KLC_OR_PRIMITIVE_ONLY,PASS,
2232,塞,"OBSTRUCT, SHUT, CLOSE","ソク, サイ","ふさ.ぐ, ふさ.がる",基 | 宀,"BASE, FOUNDATION | roof",宀,塞 → 基 + 宀,士 | 土 | 宀,士 | 土 | 宀,EARLIER_KLC_OR_PRIMITIVE_ONLY,PASS,
2233,梗,BLOCK,コウ,,木 | 更,"tree | RENEW, FURTHERMORE, GROW LATE",木,梗 → 木 + 更,木 | 田 | 中,木 | 田,EARLIER_KLC_OR_PRIMITIVE_ONLY,PASS,
2234,柿,PERSIMMON,シ*,かき,木 | 市,"tree | CITY, MARKET",木,柿 → 木 + 市,木 | 巾 | 亠,木 | 巾 | 亠,EARLIER_KLC_OR_PRIMITIVE_ONLY,PASS,
2235,藤,WISTERIA,トウ,ふじ,艸,"grass, vegetation",艸,藤 → 艸,艸,艸,EARLIER_KLC_OR_PRIMITIVE_ONLY,PASS,
2236,騰,"RISE, JUMP UP",トウ,,馬 | 龹,horse | chinese tally stick,馬,騰 → 馬 + 龹,馬 | 龹,馬,EARLIER_KLC_OR_PRIMITIVE_ONLY,PASS,
2237,謄,"TRANSCRIBE, COPY",トウ,,言 | 龹,"speech, word, say | chinese tally stick",言,謄 → 言 + 龹,言 | 龹,言,EARLIER_KLC_OR_PRIMITIVE_ONLY,PASS,
2238,麺,NOODLES,メン,,麦 | 面,"WHEAT | face, surface",面,麺 → 麦 + 面,生 | 夂 | 面,生 | 夂 | 面,EARLIER_KLC_OR_PRIMITIVE_ONLY,PASS,
2239,拉,"ABDUCT, KIDNAP",ラ,,手 | 立,"hand, performer of action | stand",手 | 立,拉 → 手 + 立,手 | 立,手 | 立,EARLIER_KLC_OR_PRIMITIVE_ONLY,PASS,
2240,晃,DAZZLING,コウ,,光 | 日,"LIGHT, GLOW | sun, day",日,晃 → 光 + 日,光 | 日,日,EARLIER_KLC_OR_PRIMITIVE_ONLY,PASS,
2241,幌,"AWNING, CANOPY",コウ,ほろ,巾 | 晃,"cloth, towel, scarf | DAZZLING",巾,幌 → 巾 + 晃,巾 | 光 | 日,巾 | 日,EARLIER_KLC_OR_PRIMITIVE_ONLY,PASS,
2242,厘,RIN [0.001 yen],リン,,里 | 厂,village | cliff,里 | 厂,厘 → 里 + 厂,里 | 厂,里 | 厂,EARLIER_KLC_OR_PRIMITIVE_ONLY,PASS,
2243,畝,"RIDGE [farm], ~100 m² UNIT",ホ*,せ* うね・うね.る*,久 | 田,"LONG DURATION | rice field, *head*",田,畝 → 久 + 田,久 | 田,田,EARLIER_KLC_OR_PRIMITIVE_ONLY,PASS,
2244,匁,MONME [weight],,もんめ,力,"power, strength",力,匁 → 力,力,力,EARLIER_KLC_OR_PRIMITIVE_ONLY,PASS,
2245,匂,"SMELL, FRAGRANCE",,"にお.う, にお.い, にお.わせる",,,,匂,匂,,ATOMIC_OR_ROOT_RECORD,PASS,
2246,勾,BENT,コウ,,,,,勾,勾,,ATOMIC_OR_ROOT_RECORD,PASS,
2247,挨,GREET,アイ,,手,"hand, performer of action",手,挨 → 手,手,手,EARLIER_KLC_OR_PRIMITIVE_ONLY,PASS,
2248,拶,GREET,サツ,,手,"hand, performer of action",手,拶 → 手,手,手,EARLIER_KLC_OR_PRIMITIVE_ONLY,PASS,
2249,曖,UNCLEAR,アイ,,日,"sun, day",日,曖 → 日,日,日,EARLIER_KLC_OR_PRIMITIVE_ONLY,PASS,
2250,昧,DARK,マイ,,日,"sun, day",日,昧 → 日,日,日,EARLIER_KLC_OR_PRIMITIVE_ONLY,PASS,
2251,瑠,LAPIS LAZULI,ル,,玉,"jewel, spherical object",玉,瑠 → 玉,玉,玉,EARLIER_KLC_OR_PRIMITIVE_ONLY,PASS,
2252,璃,GLASSY SUBSTANCE,リ,,玉,"jewel, spherical object",玉,璃 → 玉,玉,玉,EARLIER_KLC_OR_PRIMITIVE_ONLY,PASS,
2253,嫉,BE JEALOUS,シツ,,女 | 石,"woman | stone, rock",女 | 石,嫉 → 女 + 石,女 | 石,女 | 石,EARLIER_KLC_OR_PRIMITIVE_ONLY,PASS,
2254,妬,ENVY,ト,ねた.む,女 | 石,"woman | stone, rock",女 | 石,妬 → 女 + 石,女 | 石,女 | 石,EARLIER_KLC_OR_PRIMITIVE_ONLY,PASS,
2255,鹿,deer,,,广,"dotted cliff, *shelter*",广,鹿 → 广,广,广,EARLIER_KLC_OR_PRIMITIVE_ONLY,PASS_WITH_NOTES,KLC character is represented by its shared RAD record in the component map
2256,塵,"DUST, TRASH",ジン,ちり  ごみ,土 | 鹿,"soil, earth | deer",土 | 鹿,塵 → 土 + 鹿,土 | 鹿,土 | 鹿,EARLIER_KLC_OR_PRIMITIVE_ONLY,PASS,
2257,麓,FOOT OF A MOUNTAIN,ロク,ふもと,鹿 | 林,deer | FOREST,鹿,麓 → 鹿 + 林,鹿 | 木,鹿 | 木,EARLIER_KLC_OR_PRIMITIVE_ONLY,PASS,
2258,麗,BEAUTIFUL,レイ,うるわ.しい,鹿,deer,鹿,麗 → 鹿,鹿,鹿,EARLIER_KLC_OR_PRIMITIVE_ONLY,PASS,
2259,薦,RECOMMEND,セン,すす.める,鹿 | 鳥 | 艸,"deer | bird | grass, vegetation",鹿 | 鳥 | 艸,薦 → 鹿 + 鳥 + 艸,鹿 | 鳥 | 艸,鹿 | 鳥 | 艸,EARLIER_KLC_OR_PRIMITIVE_ONLY,PASS,
2260,慶,"FELICITATION, REJOICE, JOY",ケイ,,鹿 | 愛,deer | LOVE,鹿,慶 → 鹿 + 愛,鹿 | 爪 | 冖 | 心 | 夂,鹿 | 爪 | 冖 | 心 | 夂,EARLIER_KLC_OR_PRIMITIVE_ONLY,PASS,
2261,兜,HELMET,"トウ, ト",かぶと,白 | 儿,"white | son, legs",白 | 儿,兜 → 白 + 儿,白 | 儿,白 | 儿,EARLIER_KLC_OR_PRIMITIVE_ONLY,PASS,
2262,睨,GLARE AT,ゲイ,にら.む,目,eye,目,睨 → 目,目,目,EARLIER_KLC_OR_PRIMITIVE_ONLY,PASS,
2263,鼠,rat,,,,,,鼠,鼠,鼠,ATOMIC_OR_ROOT_RECORD,PASS_WITH_NOTES,KLC character is represented by its shared RAD record in the component map
2264,溺,"DROWN, INDULGE",デキ,おぼ.れる,弱 | 水,"WEAK | water, *liquid*",水,溺 → 弱 + 水,羽 | 水,羽 | 水,EARLIER_KLC_OR_PRIMITIVE_ONLY,PASS,
2265,潟,LAGOON,,"かた, -がた",水 | 鳥,"water, *liquid* | bird",水 | 鳥,潟 → 水 + 鳥,水 | 鳥,水 | 鳥,EARLIER_KLC_OR_PRIMITIVE_ONLY,PASS,
2266,濁,TURBID,ダク,"にご.る, にご.す",网 | 水 | 虫,"net, *law* | water, *liquid* | insect, worm",网 | 水 | 虫,濁 → 网 + 水 + 虫,网 | 水 | 虫,网 | 水 | 虫,EARLIER_KLC_OR_PRIMITIVE_ONLY,PASS,
2267,渇,"RUN DRY, THIRST",カツ,かわ.く,曷 | 水,"worn out, tired | water, *liquid*",水,渇 → 曷 + 水,曷 | 水,水,EARLIER_KLC_OR_PRIMITIVE_ONLY,PASS,
2268,褐,BROWN,カツ,,衣 | 曷,"clothes, garment | worn out, tired",衣,褐 → 衣 + 曷,衣 | 曷,衣,EARLIER_KLC_OR_PRIMITIVE_ONLY,PASS,
2269,葛,ARROWROOT,カツ,くず,艸 | 曷,"grass, vegetation | worn out, tired",艸,葛 → 艸 + 曷,艸 | 曷,艸,EARLIER_KLC_OR_PRIMITIVE_ONLY,PASS,
2270,喝,SHOUT AT,カツ,,曷 | 口,"worn out, tired | mouth, *opening*",口,喝 → 曷 + 口,曷 | 口,口,EARLIER_KLC_OR_PRIMITIVE_ONLY,PASS,
2271,謁,BE GRANTED AN AUDIENCE,エツ,,曷 | 言,"worn out, tired | speech, word, say",言,謁 → 曷 + 言,曷 | 言,言,EARLIER_KLC_OR_PRIMITIVE_ONLY,PASS,
2272,掲,"PUT UP [notice], DISPLAY",ケイ,かか.げる,手 | 曷,"hand, performer of action | worn out, tired",手,掲 → 手 + 曷,手 | 曷,手,EARLIER_KLC_OR_PRIMITIVE_ONLY,PASS,
2273,戌,SIGN OF THE DOG,ジュツ,いぬ,戊,scythe,,戌 → 戊,戊,,EARLIER_KLC_OR_PRIMITIVE_ONLY,PASS,
2274,尤,"REASONABLE, PLAUSIBLE",ユウ,もっと.も,尢,lame,尢,尤 → 尢,尢,尢,EARLIER_KLC_OR_PRIMITIVE_ONLY,PASS,
2275,駄,"GOOD FOR NOTHING, BURDENSOME","ダ, タ*",,太 | 馬,"FAT, THICK | horse",馬,駄 → 太 + 馬,犬 | 馬,犬 | 馬,EARLIER_KLC_OR_PRIMITIVE_ONLY,PASS,
2276,駒,"HORSE, CHESS/SHOGI PIECE",,こま,馬 | 勹,"horse | wrap, *elephant*",馬 | 勹,駒 → 馬 + 勹,馬 | 勹,馬 | 勹,EARLIER_KLC_OR_PRIMITIVE_ONLY,PASS,
2277,篤,"SERIOUS, KIND",トク,,馬 | 竹,"horse | bamboo, counting",馬 | 竹,篤 → 馬 + 竹,馬 | 竹,馬 | 竹,EARLIER_KLC_OR_PRIMITIVE_ONLY,PASS,
2278,罵,"INSULT, SPEAK ILL OF",バ,ののし.る,馬,horse,馬,罵 → 馬,馬,馬,EARLIER_KLC_OR_PRIMITIVE_ONLY,PASS,
2279,蔑,"SCORN, DESPISE",ベツ,さげす.む  ないがし.ろ*,馬 | 戌,horse | SIGN OF THE DOG,馬,蔑 → 馬 + 戌,馬 | 戊,馬,EARLIER_KLC_OR_PRIMITIVE_ONLY,PASS,
2280,罠,TRAP,,わな,网 | 民,"net, *law* | PEOPLE, RACE",网,罠 → 网 + 民,网 | 氏,网 | 氏,EARLIER_KLC_OR_PRIMITIVE_ONLY,PASS,
2281,烏,"RAVEN, CROW","ウ, オ",からす,鳥 | 白,bird | white,鳥 | 白,烏 → 鳥 + 白,鳥 | 白,鳥 | 白,EARLIER_KLC_OR_PRIMITIVE_ONLY,PASS,
2282,鴨,DUCK,オウ,かも,鳥,bird,鳥,鴨 → 鳥,鳥,鳥,EARLIER_KLC_OR_PRIMITIVE_ONLY,PASS,
2283,鳩,PIGEON,キュウ,はと,九 | 鳥,NINE | bird,鳥,鳩 → 九 + 鳥,九 | 鳥,鳥,EARLIER_KLC_OR_PRIMITIVE_ONLY,PASS,
2284,鶏,CHICKEN,ケイ,にわとり,夫 | 鳥 | 爪,"HUSBAND, MAN LABORER | bird | claw",鳥 | 爪,鶏 → 夫 + 鳥 + 爪,人 | 鳥 | 爪,人 | 鳥 | 爪,EARLIER_KLC_OR_PRIMITIVE_ONLY,PASS,
2285,渓,RAVINE,ケイ,,爪,claw,爪,渓 → 爪,爪,爪,EARLIER_KLC_OR_PRIMITIVE_ONLY,PASS,
2286,鷹,HAWK,"ヨウ, オウ",たか,人 | 广 | 鳥 | 隹,"person, *roof* | dotted cliff, *shelter* | bird | small bird",人 | 广 | 鳥 | 隹,鷹 → 人 + 广 + 鳥 + 隹,人 | 广 | 鳥 | 隹,人 | 广 | 鳥 | 隹,EARLIER_KLC_OR_PRIMITIVE_ONLY,PASS,
2287,鷲,EAGLE,シュウ,わし,鳥 | 就,"bird | TAKE POSITION, DEPART",鳥,鷲 → 鳥 + 就,鳥 | 水 | 京,鳥 | 水,EARLIER_KLC_OR_PRIMITIVE_ONLY,PASS,
2288,璽,IMPERIAL SEAL,ジ,,,,,璽,璽,,ATOMIC_OR_ROOT_RECORD,PASS,
2289,爽,"REFRESHING, CLEAR",ソウ,さわ.やか,人,"person, *roof*",人,爽 → 人,人,人,EARLIER_KLC_OR_PRIMITIVE_ONLY,PASS,
2290,綴,"STITCH TOGETHER, COMPOSE","テイ, テツ",と.じる  つづ.る,糸,"thread, silk",糸,綴 → 糸,糸,糸,EARLIER_KLC_OR_PRIMITIVE_ONLY,PASS,
2291,桑,MULBERRY,ソウ,くわ,木,tree,木,桑 → 木,木,木,EARLIER_KLC_OR_PRIMITIVE_ONLY,PASS,
2292,蚕,SILKWORM,サン,かいこ,天 | 虫,"HEAVEN, WEATHER | insect, worm",虫,蚕 → 天 + 虫,大 | 虫,大 | 虫,EARLIER_KLC_OR_PRIMITIVE_ONLY,PASS,
2293,蛋,EGG,タン,,虫 | 疋,"insect, worm | bolt of cloth",虫 | 疋,蛋 → 虫 + 疋,虫 | 疋,虫 | 疋,EARLIER_KLC_OR_PRIMITIVE_ONLY,PASS,
2294,蟹,CRAB,カイ,かに,虫 | 解,"insect, worm | TAKE APART, DISSOLVE, CLARIFY",虫,蟹 → 虫 + 解,虫 | 牛 | 刀 | 角,虫 | 牛 | 刀 | 角,EARLIER_KLC_OR_PRIMITIVE_ONLY,PASS,
2295,蚊,MOSQUITO,,か,虫,"insect, worm",虫,蚊 → 虫,虫,虫,EARLIER_KLC_OR_PRIMITIVE_ONLY,PASS,
2296,巳,SIGN OF THE SERPENT,シ,み,,,,巳,巳,,ATOMIC_OR_ROOT_RECORD,PASS,
2297,蛇,SNAKE,"ジャ, ダ",へび,虫,"insect, worm",虫,蛇 → 虫,虫,虫,EARLIER_KLC_OR_PRIMITIVE_ONLY,PASS,
2298,繭,COCOON,ケン,まゆ,虫 | 艸 | 糸,"insect, worm | grass, vegetation | thread, silk",虫 | 艸 | 糸,繭 → 虫 + 艸 + 糸,虫 | 艸 | 糸,虫 | 艸 | 糸,EARLIER_KLC_OR_PRIMITIVE_ONLY,PASS,
2299,蝶,BUTTERFLY,チョウ,,虫 | 葉,"insect, worm | LEAF",虫,蝶 → 虫 + 葉,虫 | 艸 | 木 | 世,虫 | 艸 | 木,EARLIER_KLC_OR_PRIMITIVE_ONLY,PASS,
2300,虹,RAINBOW,コウ*,にじ,工 | 葉,"construction, craft, work | LEAF",工,虹 → 工 + 葉,工 | 艸 | 木 | 世,工 | 艸 | 木,EARLIER_KLC_OR_PRIMITIVE_ONLY,PASS,
